001 731 0.2505
001 207 0.1730
001 978 0.1709
001 947 0.1684
001 504 0.1644
001 66 0.1580
001 341 0.1544
001 163 0.1410
001 562 0.1395
001 1458 0.1359
001 1192 0.1332
001 85 0.1275
001 885 0.1274
001 835 0.1246
001 959 0.1245
001 709 0.1218
001 932 0.1175
001 393 0.1160
001 1561 0.1151
001 1291 0.1139
001 9 0.1134
001 558 0.1133
001 33 0.1132
001 695 0.1130
001 1123 0.1106
001 519 0.1101
001 661 0.1071
001 470 0.1057
001 196 0.1046
001 774 0.1038
001 563 0.1035
001 550 0.1031
001 503 0.1023
001 491 0.0980
001 41 0.0975
001 1016 0.0968
001 987 0.0950
001 945 0.0936
001 1154 0.0936
001 1089 0.0914
001 578 0.0905
001 487 0.0895
001 122 0.0893
001 588 0.0887
001 317 0.0883
001 576 0.0879
001 1019 0.0847
001 979 0.0846
001 315 0.0828
001 62 0.0827
001 268 0.0824
001 335 0.0824
001 175 0.0823
001 589 0.0819
001 1355 0.0817
001 963 0.0809
001 874 0.0800
001 1084 0.0797
001 244 0.0788
001 1110 0.0785
001 1569 0.0776
001 524 0.0772
001 1065 0.0763
001 1441 0.0756
001 267 0.0750
001 1358 0.0749
001 417 0.0748
001 1120 0.0747
001 64 0.0744
001 970 0.0744
001 538 0.0741
001 630 0.0731
001 469 0.0721
001 923 0.0721
001 125 0.0711
001 1501 0.0707
001 581 0.0698
001 891 0.0695
001 14 0.0693
001 668 0.0691
001 312 0.0690
001 948 0.0689
001 54 0.0686
001 670 0.0675
001 251 0.0671
001 858 0.0668
001 462 0.0666
001 246 0.0662
001 907 0.0658
001 702 0.0658
001 1536 0.0652
001 510 0.0651
001 1285 0.0648
001 377 0.0645
001 1357 0.0643
001 704 0.0639
001 1387 0.0637
001 290 0.0634
001 1348 0.0633
001 190 0.0627
001 1417 0.0626
001 485 0.0620
001 526 0.0618
001 1242 0.0617
001 954 0.0614
001 344 0.0614
001 1457 0.0611
001 721 0.0610
001 1583 0.0606
001 507 0.0605
001 715 0.0604
001 784 0.0602
001 1227 0.0600
001 555 0.0598
001 19 0.0598
001 318 0.0593
001 638 0.0593
001 69 0.0592
001 781 0.0592
001 615 0.0587
001 130 0.0584
001 257 0.0577
001 1165 0.0573
001 1116 0.0572
001 477 0.0571
001 348 0.0570
001 61 0.0570
001 1087 0.0569
001 1453 0.0567
001 986 0.0566
001 1466 0.0566
001 663 0.0565
001 1115 0.0563
001 539 0.0562
001 1475 0.0558
001 1550 0.0557
001 430 0.0549
001 1119 0.0548
001 518 0.0545
001 1221 0.0543
001 797 0.0540
001 742 0.0539
001 1465 0.0537
001 1494 0.0537
001 631 0.0534
001 369 0.0532
001 941 0.0530
001 1539 0.0529
001 164 0.0529
001 1247 0.0526
001 414 0.0525
001 1513 0.0523
001 738 0.0522
001 82 0.0519
001 391 0.0517
001 256 0.0515
001 1260 0.0515
001 1181 0.0514
001 247 0.0512
001 233 0.0510
001 34 0.0510
001 657 0.0509
001 379 0.0505
001 583 0.0504
001 566 0.0502
001 1337 0.0500
001 818 0.0500
001 93 0.0499
001 1050 0.0497
001 1327 0.0489
001 127 0.0487
001 1058 0.0486
001 1419 0.0484
001 1522 0.0482
001 1056 0.0475
001 283 0.0474
001 1480 0.0473
001 736 0.0471
001 744 0.0470
001 278 0.0467
001 399 0.0466
001 776 0.0463
001 349 0.0463
001 439 0.0463
001 886 0.0462
001 700 0.0462
001 1334 0.0448
001 1062 0.0447
001 1118 0.0447
001 652 0.0446
001 962 0.0445
001 1527 0.0444
001 438 0.0440
001 509 0.0438
001 862 0.0436
001 44 0.0435
001 1140 0.0434
001 89 0.0434
001 342 0.0429
001 1074 0.0429
001 618 0.0427
001 1015 0.0427
001 279 0.0426
001 1354 0.0424
001 1514 0.0424
001 1009 0.0423
001 395 0.0423
001 249 0.0422
001 1117 0.0422
001 605 0.0422
001 432 0.0421
001 900 0.0420
001 870 0.0419
001 1555 0.0419
001 1352 0.0416
001 977 0.0416
001 1067 0.0412
001 87 0.0412
001 424 0.0407
001 1386 0.0406
001 820 0.0403
001 799 0.0402
001 101 0.0400
001 1194 0.0400
001 669 0.0397
001 861 0.0396
001 303 0.0396
001 446 0.0395
001 284 0.0391
001 573 0.0391
001 1478 0.0390
001 473 0.0389
001 624 0.0389
001 63 0.0388
001 83 0.0385
001 240 0.0384
001 1163 0.0384
001 326 0.0382
001 1406 0.0382
001 751 0.0381
001 1215 0.0381
001 1535 0.0378
001 311 0.0377
001 1069 0.0375
001 1476 0.0374
001 1346 0.0374
001 805 0.0374
001 490 0.0373
001 1552 0.0373
001 362 0.0372
001 502 0.0370
001 688 0.0369
001 213 0.0366
001 1537 0.0364
001 1277 0.0362
001 1139 0.0362
001 288 0.0358
001 741 0.0357
001 846 0.0354
001 480 0.0349
001 211 0.0349
001 452 0.0349
001 428 0.0347
001 191 0.0345
001 1209 0.0345
001 1368 0.0343
001 355 0.0342
001 1049 0.0341
001 1523 0.0339
001 380 0.0339
001 1382 0.0339
001 215 0.0336
001 479 0.0335
001 848 0.0334
001 253 0.0332
001 961 0.0332
001 1464 0.0331
001 816 0.0328
001 786 0.0327
001 628 0.0325
001 1546 0.0324
001 88 0.0324
001 674 0.0322
001 1282 0.0321
001 1112 0.0321
001 794 0.0318
001 1077 0.0317
001 1430 0.0317
001 210 0.0316
001 623 0.0316
001 1054 0.0316
001 29 0.0315
001 293 0.0315
001 444 0.0314
001 307 0.0313
001 106 0.0312
001 617 0.0310
001 1111 0.0308
001 837 0.0308
001 1483 0.0307
001 269 0.0305
001 1195 0.0305
001 81 0.0303
001 350 0.0303
001 333 0.0302
001 783 0.0300
001 109 0.0299
001 154 0.0299
001 1580 0.0299
001 18 0.0298
001 641 0.0298
001 217 0.0297
001 1324 0.0294
001 946 0.0294
001 325 0.0292
001 939 0.0292
001 1407 0.0292
001 402 0.0292
001 847 0.0291
001 39 0.0290
001 694 0.0288
001 1278 0.0282
001 1226 0.0282
001 1198 0.0282
001 536 0.0281
001 597 0.0281
001 1351 0.0281
001 1168 0.0281
001 1495 0.0281
001 969 0.0280
001 1440 0.0280
001 1079 0.0278
001 296 0.0277
001 304 0.0277
001 1162 0.0277
001 1432 0.0276
001 529 0.0276
001 601 0.0275
001 1288 0.0275
001 612 0.0273
001 1461 0.0273
001 549 0.0272
001 1340 0.0271
001 1246 0.0270
001 472 0.0269
001 730 0.0269
001 1286 0.0268
001 656 0.0268
001 451 0.0268
001 336 0.0267
001 1263 0.0266
001 626 0.0266
001 1262 0.0265
001 532 0.0265
001 449 0.0265
001 982 0.0264
001 1147 0.0264
001 172 0.0263
001 824 0.0263
001 975 0.0263
001 625 0.0261
001 1021 0.0261
001 1243 0.0258
001 1353 0.0256
001 1376 0.0256
001 609 0.0256
001 459 0.0253
001 435 0.0252
001 1045 0.0251
001 995 0.0250
001 1492 0.0250
001 1541 0.0250
001 193 0.0250
001 222 0.0249
001 996 0.0248
001 1545 0.0247
001 821 0.0245
001 1100 0.0244
001 591 0.0243
001 448 0.0242
001 1144 0.0242
001 1070 0.0241
001 166 0.0241
001 1082 0.0240
001 985 0.0239
001 195 0.0238
001 1093 0.0236
001 1028 0.0236
001 1012 0.0236
001 492 0.0234
001 872 0.0234
001 811 0.0233
001 729 0.0232
001 59 0.0232
001 632 0.0232
001 1383 0.0232
001 787 0.0232
001 365 0.0232
001 795 0.0231
001 226 0.0231
001 749 0.0229
001 1094 0.0229
001 1179 0.0229
001 559 0.0228
001 681 0.0228
001 1196 0.0227
001 1517 0.0227
001 869 0.0227
001 1130 0.0226
001 592 0.0224
001 1384 0.0224
001 868 0.0223
001 1331 0.0223
001 1071 0.0223
001 1360 0.0222
001 764 0.0221
001 1097 0.0221
001 1297 0.0220
001 873 0.0219
001 329 0.0218
001 1024 0.0218
001 1132 0.0218
001 1420 0.0217
001 852 0.0217
001 788 0.0216
001 468 0.0216
001 299 0.0216
001 25 0.0215
001 802 0.0215
001 1329 0.0214
001 813 0.0213
001 301 0.0213
001 1581 0.0212
001 187 0.0212
001 782 0.0212
001 906 0.0212
001 331 0.0212
001 1256 0.0210
001 925 0.0209
001 949 0.0207
001 11 0.0207
001 789 0.0207
001 673 0.0207
001 1459 0.0207
001 94 0.0206
001 705 0.0206
001 461 0.0206
001 486 0.0206
001 292 0.0205
001 1208 0.0205
001 1109 0.0205
001 1022 0.0205
001 937 0.0204
001 1398 0.0204
001 1030 0.0203
001 972 0.0203
001 898 0.0203
001 1365 0.0203
001 732 0.0200
001 914 0.0200
001 291 0.0200
001 1113 0.0200
001 1477 0.0199
001 205 0.0199
001 771 0.0199
001 259 0.0198
001 47 0.0198
001 1443 0.0197
001 465 0.0197
001 790 0.0197
001 1533 0.0196
001 1479 0.0196
001 212 0.0196
001 1138 0.0195
001 737 0.0195
001 517 0.0194
001 1048 0.0193
001 1463 0.0193
001 1558 0.0193
001 1361 0.0192
001 1330 0.0192
001 717 0.0192
001 660 0.0191
001 1180 0.0191
001 1474 0.0190
001 124 0.0190
001 1240 0.0190
001 373 0.0189
001 418 0.0189
001 1471 0.0188
001 91 0.0187
001 602 0.0183
001 711 0.0183
001 1270 0.0182
001 942 0.0182
001 137 0.0181
001 760 0.0181
001 1467 0.0180
001 810 0.0179
001 1469 0.0178
001 635 0.0177
001 1273 0.0177
001 600 0.0177
001 1128 0.0176
001 1520 0.0175
001 508 0.0175
001 1066 0.0175
001 1439 0.0174
001 1425 0.0174
001 713 0.0174
001 458 0.0174
001 178 0.0173
001 992 0.0173
001 1244 0.0172
001 571 0.0172
001 1146 0.0171
001 1234 0.0171
001 117 0.0171
001 878 0.0171
001 1499 0.0170
001 1033 0.0169
001 271 0.0168
001 277 0.0167
001 1142 0.0166
001 1304 0.0166
001 724 0.0165
001 173 0.0165
001 527 0.0165
001 1182 0.0164
001 542 0.0164
001 1202 0.0164
001 43 0.0164
001 1396 0.0163
001 1158 0.0162
001 26 0.0162
001 4 0.0161
001 484 0.0160
001 1302 0.0160
001 1339 0.0159
001 107 0.0159
001 1319 0.0159
001 834 0.0159
001 1401 0.0158
001 1245 0.0157
001 1005 0.0157
001 255 0.0157
001 1393 0.0157
001 392 0.0157
001 46 0.0156
001 1544 0.0156
001 1408 0.0156
001 739 0.0156
001 1390 0.0156
001 896 0.0153
001 915 0.0152
001 1220 0.0152
001 1137 0.0151
001 1063 0.0151
001 118 0.0151
001 579 0.0150
001 990 0.0150
001 1454 0.0150
001 38 0.0149
001 20 0.0149
001 817 0.0148
001 119 0.0148
001 980 0.0147
001 767 0.0146
001 1178 0.0146
001 1187 0.0146
001 1294 0.0145
001 1217 0.0144
001 1175 0.0144
001 266 0.0144
001 1057 0.0142
001 1153 0.0142
001 577 0.0142
001 3 0.0142
001 98 0.0142
001 575 0.0141
001 735 0.0141
001 798 0.0141
001 1418 0.0139
001 360 0.0139
001 1303 0.0139
001 1036 0.0138
001 586 0.0138
001 366 0.0138
001 1064 0.0137
001 567 0.0137
001 1442 0.0137
001 746 0.0137
001 1104 0.0135
001 1101 0.0135
001 867 0.0135
001 157 0.0134
001 407 0.0134
001 149 0.0134
001 1496 0.0134
001 1530 0.0133
001 467 0.0133
001 691 0.0133
001 1409 0.0133
001 1318 0.0133
001 1410 0.0132
001 1560 0.0132
001 189 0.0131
001 759 0.0131
001 1141 0.0131
001 627 0.0131
001 636 0.0131
001 1359 0.0130
001 1211 0.0129
001 1309 0.0129
001 1317 0.0128
001 42 0.0128
001 27 0.0128
001 1298 0.0128
001 860 0.0127
001 1323 0.0127
001 806 0.0127
001 1034 0.0127
001 1001 0.0126
001 1083 0.0126
001 1000 0.0125
001 587 0.0125
001 983 0.0124
001 785 0.0123
001 1239 0.0123
001 1200 0.0123
001 1371 0.0122
001 138 0.0122
001 280 0.0122
001 49 0.0122
001 108 0.0122
001 893 0.0122
001 761 0.0122
001 973 0.0122
001 1512 0.0121
001 1267 0.0121
001 129 0.0121
001 1032 0.0121
001 506 0.0120
001 134 0.0119
001 65 0.0119
001 1272 0.0119
001 1207 0.0118
001 590 0.0118
001 747 0.0117
001 622 0.0116
001 953 0.0115
001 8 0.0115
001 1508 0.0115
001 1375 0.0115
001 531 0.0114
001 551 0.0114
001 15 0.0113
001 221 0.0113
001 214 0.0113
001 305 0.0113
001 1574 0.0113
001 752 0.0112
001 1007 0.0112
001 981 0.0112
001 844 0.0112
001 464 0.0112
001 60 0.0112
001 696 0.0112
001 964 0.0112
001 1515 0.0111
001 1222 0.0111
001 1176 0.0111
001 851 0.0111
001 32 0.0110
001 397 0.0110
001 1548 0.0110
001 200 0.0109
001 90 0.0109
001 658 0.0109
001 390 0.0108
001 162 0.0108
001 1203 0.0108
001 120 0.0108
001 272 0.0107
001 701 0.0107
001 1185 0.0107
001 1184 0.0107
001 1510 0.0107
001 887 0.0106
001 440 0.0106
001 768 0.0106
001 876 0.0106
001 208 0.0106
001 443 0.0106
001 842 0.0105
001 1395 0.0105
001 287 0.0105
001 1040 0.0104
001 1436 0.0104
001 1261 0.0104
001 52 0.0103
001 1506 0.0103
001 1397 0.0103
001 330 0.0103
001 141 0.0103
001 1287 0.0102
001 371 0.0102
001 84 0.0102
001 999 0.0101
001 1449 0.0101
001 161 0.0100
001 1557 0.0100
001 483 0.0100
001 2 0.0100
001 227 0.0100
001 1438 0.0100
001 1061 0.0099
001 57 0.0099
001 714 0.0099
001 412 0.0098
001 614 0.0098
001 174 0.0098
001 918 0.0098
001 772 0.0098
001 201 0.0097
001 340 0.0097
001 1214 0.0097
001 537 0.0097
001 265 0.0097
001 374 0.0096
001 1554 0.0096
001 968 0.0095
001 28 0.0095
001 1223 0.0095
001 854 0.0094
001 754 0.0094
001 387 0.0093
001 936 0.0093
001 1266 0.0093
001 516 0.0092
001 1502 0.0092
001 310 0.0092
001 554 0.0092
001 1448 0.0091
001 346 0.0091
001 67 0.0090
001 411 0.0090
001 1534 0.0090
001 564 0.0089
001 720 0.0089
001 1125 0.0089
001 1422 0.0089
001 919 0.0089
001 1051 0.0089
001 734 0.0088
001 944 0.0088
001 1372 0.0088
001 1507 0.0088
001 1164 0.0088
001 1252 0.0088
001 179 0.0087
001 194 0.0087
001 546 0.0086
001 672 0.0086
001 1008 0.0085
001 565 0.0085
001 675 0.0085
001 1307 0.0085
001 1275 0.0084
001 136 0.0084
001 1091 0.0084
001 1237 0.0083
001 68 0.0083
001 826 0.0083
001 1308 0.0083
001 1484 0.0083
001 35 0.0083
001 1456 0.0083
001 921 0.0083
001 716 0.0082
001 553 0.0082
001 1166 0.0082
001 1498 0.0082
001 1563 0.0082
001 1151 0.0082
001 406 0.0082
001 815 0.0082
001 1096 0.0082
001 262 0.0081
001 560 0.0081
001 561 0.0081
001 1511 0.0080
001 1183 0.0080
001 184 0.0080
001 1486 0.0080
001 825 0.0079
001 924 0.0079
001 155 0.0079
001 1206 0.0079
001 1037 0.0079
001 243 0.0078
001 1150 0.0078
001 1300 0.0078
001 619 0.0078
001 991 0.0078
001 648 0.0077
001 1562 0.0077
001 547 0.0077
001 931 0.0077
001 1389 0.0077
001 740 0.0077
001 1568 0.0076
001 1424 0.0076
001 142 0.0076
001 1338 0.0076
001 823 0.0076
001 1524 0.0075
001 460 0.0075
001 339 0.0075
001 866 0.0075
001 804 0.0075
001 541 0.0075
001 719 0.0074
001 1481 0.0074
001 647 0.0074
001 651 0.0074
001 512 0.0073
001 728 0.0073
001 420 0.0073
001 1092 0.0073
001 1156 0.0073
001 309 0.0073
001 148 0.0073
001 940 0.0073
001 1224 0.0073
001 1046 0.0072
001 548 0.0072
001 328 0.0072
001 582 0.0072
001 1131 0.0072
001 528 0.0072
001 880 0.0072
001 1402 0.0072
001 950 0.0071
001 640 0.0071
001 912 0.0071
001 151 0.0071
001 1421 0.0070
001 322 0.0070
001 521 0.0070
001 167 0.0069
001 169 0.0069
001 684 0.0069
001 857 0.0069
001 367 0.0069
001 1503 0.0069
001 514 0.0068
001 394 0.0068
001 496 0.0068
001 1374 0.0068
001 748 0.0068
001 152 0.0068
001 680 0.0067
001 1078 0.0067
001 971 0.0066
001 1333 0.0066
001 629 0.0066
001 1255 0.0065
001 463 0.0065
001 1219 0.0065
001 1516 0.0065
001 396 0.0065
001 139 0.0065
001 1280 0.0065
001 1284 0.0064
001 1053 0.0064
001 361 0.0064
001 574 0.0064
001 1426 0.0064
001 897 0.0064
001 1362 0.0063
001 1451 0.0063
001 1549 0.0063
001 1470 0.0063
001 974 0.0063
001 382 0.0063
001 773 0.0063
001 1216 0.0062
001 416 0.0062
001 763 0.0061
001 5 0.0061
001 1129 0.0061
001 316 0.0061
001 1199 0.0060
001 853 0.0060
001 1343 0.0060
001 525 0.0060
001 1173 0.0060
001 710 0.0059
001 540 0.0059
001 890 0.0059
001 1133 0.0059
001 607 0.0059
001 1349 0.0059
001 289 0.0059
001 1578 0.0058
001 1388 0.0058
001 552 0.0057
001 692 0.0056
001 585 0.0056
001 1413 0.0056
001 1341 0.0055
001 662 0.0055
001 1411 0.0055
001 814 0.0055
001 314 0.0055
001 523 0.0054
001 1108 0.0054
001 273 0.0054
001 1370 0.0054
001 1052 0.0054
001 965 0.0054
001 650 0.0054
001 232 0.0054
001 181 0.0054
001 1122 0.0054
001 427 0.0054
001 769 0.0053
001 654 0.0053
001 671 0.0053
001 489 0.0053
001 938 0.0053
001 431 0.0053
001 1289 0.0053
001 1314 0.0053
001 422 0.0052
001 750 0.0052
001 879 0.0052
001 722 0.0052
001 112 0.0052
001 951 0.0052
001 261 0.0052
001 434 0.0052
001 1027 0.0052
001 436 0.0052
001 1575 0.0051
001 1114 0.0051
001 121 0.0050
001 584 0.0050
001 655 0.0050
001 863 0.0050
001 1313 0.0050
001 216 0.0050
001 1170 0.0050
001 219 0.0049
001 664 0.0049
001 599 0.0049
001 836 0.0049
001 1023 0.0049
001 447 0.0049
001 667 0.0049
001 370 0.0048
001 1225 0.0048
001 1161 0.0048
001 1193 0.0048
001 1576 0.0048
001 856 0.0048
001 727 0.0048
001 832 0.0048
001 77 0.0048
001 830 0.0047
001 58 0.0047
001 984 0.0047
001 282 0.0047
001 147 0.0047
001 920 0.0047
001 1172 0.0047
001 895 0.0047
001 933 0.0047
001 989 0.0047
001 1253 0.0047
001 1347 0.0046
001 819 0.0046
001 426 0.0046
001 1380 0.0046
001 466 0.0046
001 642 0.0045
001 1103 0.0045
001 1335 0.0045
001 1020 0.0045
001 321 0.0045
001 598 0.0045
001 1296 0.0045
001 909 0.0045
001 572 0.0044
001 421 0.0044
001 351 0.0044
001 128 0.0044
001 40 0.0044
001 372 0.0044
001 359 0.0044
001 1075 0.0043
001 1299 0.0043
001 1460 0.0043
001 1292 0.0043
001 1127 0.0042
001 1344 0.0042
001 482 0.0042
001 1279 0.0042
001 1528 0.0041
001 1212 0.0041
001 1350 0.0041
001 997 0.0041
001 1434 0.0040
001 1210 0.0040
001 1405 0.0040
001 960 0.0040
001 1233 0.0040
001 755 0.0040
001 911 0.0040
001 620 0.0040
001 904 0.0040
001 1415 0.0039
001 1076 0.0039
001 822 0.0039
001 1428 0.0039
001 928 0.0039
001 1241 0.0039
001 1047 0.0038
001 1444 0.0038
001 1336 0.0038
001 699 0.0038
001 1373 0.0038
001 1328 0.0037
001 1068 0.0037
001 958 0.0037
001 425 0.0037
001 99 0.0037
001 1429 0.0036
001 1356 0.0036
001 1283 0.0036
001 1485 0.0036
001 871 0.0036
001 829 0.0036
001 613 0.0035
001 454 0.0035
001 753 0.0035
001 6 0.0034
001 1235 0.0034
001 845 0.0034
001 988 0.0034
001 1342 0.0034
001 1148 0.0034
001 97 0.0033
001 1238 0.0033
001 888 0.0032
001 1026 0.0032
001 967 0.0032
001 337 0.0032
001 493 0.0032
001 1205 0.0032
001 177 0.0031
001 338 0.0031
001 580 0.0031
001 242 0.0031
001 533 0.0031
001 1249 0.0031
001 238 0.0031
001 634 0.0031
001 1190 0.0031
001 1399 0.0030
001 1379 0.0029
001 1088 0.0029
001 653 0.0029
001 248 0.0029
001 1271 0.0029
001 176 0.0029
001 209 0.0029
001 1542 0.0029
001 1044 0.0029
001 1248 0.0028
001 1363 0.0028
001 160 0.0028
001 294 0.0028
001 171 0.0028
001 36 0.0028
001 1367 0.0028
001 188 0.0028
001 557 0.0027
001 706 0.0027
001 24 0.0027
001 633 0.0027
001 1268 0.0027
001 31 0.0027
001 13 0.0026
001 849 0.0026
001 70 0.0026
001 415 0.0026
001 934 0.0026
001 676 0.0026
001 131 0.0025
001 726 0.0025
001 494 0.0025
001 74 0.0025
001 1310 0.0025
001 7 0.0025
001 1431 0.0025
001 606 0.0024
001 1564 0.0024
001 225 0.0024
001 1543 0.0024
001 437 0.0024
001 1571 0.0024
001 78 0.0024
001 645 0.0024
001 445 0.0024
001 685 0.0023
001 1572 0.0023
001 966 0.0023
001 1416 0.0023
001 604 0.0023
001 1126 0.0023
001 114 0.0023
001 21 0.0023
001 930 0.0022
001 497 0.0022
001 327 0.0022
001 252 0.0022
001 423 0.0022
001 239 0.0022
001 264 0.0022
001 1326 0.0021
001 408 0.0021
001 1099 0.0021
001 334 0.0021
001 456 0.0021
001 115 0.0021
001 1072 0.0020
001 302 0.0020
001 1017 0.0020
001 1236 0.0019
001 250 0.0019
001 687 0.0018
001 1392 0.0018
001 218 0.0018
001 1204 0.0018
001 223 0.0018
001 180 0.0018
001 1055 0.0018
001 1086 0.0018
001 901 0.0018
001 363 0.0018
001 50 0.0017
001 345 0.0017
001 522 0.0017
001 733 0.0017
001 793 0.0017
001 1377 0.0017
001 126 0.0017
001 22 0.0017
001 475 0.0016
001 511 0.0016
001 905 0.0016
001 150 0.0016
001 300 0.0016
001 73 0.0016
001 894 0.0016
001 803 0.0016
001 916 0.0015
001 1526 0.0015
001 229 0.0015
001 683 0.0015
001 1230 0.0015
001 1455 0.0015
001 12 0.0015
001 1121 0.0015
001 791 0.0014
001 595 0.0014
001 17 0.0014
001 368 0.0014
001 1290 0.0014
001 441 0.0014
001 1171 0.0014
001 1264 0.0013
001 144 0.0013
001 1446 0.0013
001 1579 0.0013
001 1540 0.0013
001 917 0.0013
001 48 0.0013
001 165 0.0013
001 86 0.0013
001 935 0.0013
001 1325 0.0013
001 1095 0.0012
001 1473 0.0012
001 450 0.0012
001 515 0.0012
001 186 0.0012
001 1107 0.0012
001 922 0.0012
001 1229 0.0011
001 910 0.0011
001 1135 0.0011
001 666 0.0011
001 498 0.0011
001 593 0.0011
001 1538 0.0011
001 765 0.0010
001 994 0.0010
001 1090 0.0010
001 75 0.0010
001 882 0.0010
001 230 0.0009
001 1487 0.0009
001 1369 0.0009
001 308 0.0009
001 1381 0.0009
001 1505 0.0008
001 883 0.0008
001 520 0.0007
001 707 0.0007
001 1155 0.0003
002 261 0.1741
002 346 0.1660
002 132 0.1632
002 196 0.1590
002 945 0.1451
002 85 0.1432
002 163 0.1347
002 1016 0.1296
002 932 0.1258
002 558 0.1243
002 33 0.1231
002 383 0.1151
002 1291 0.1128
002 1581 0.1077
002 1154 0.1051
002 934 0.1033
002 341 0.0997
002 1469 0.0997
002 731 0.0978
002 535 0.0946
002 278 0.0939
002 88 0.0934
002 315 0.0931
002 360 0.0877
002 251 0.0872
002 533 0.0819
002 1128 0.0819
002 1561 0.0815
002 997 0.0811
002 61 0.0782
002 1236 0.0769
002 682 0.0769
002 1232 0.0758
002 327 0.0750
002 732 0.0746
002 233 0.0745
002 369 0.0723
002 891 0.0721
002 518 0.0717
002 528 0.0714
002 181 0.0712
002 1534 0.0712
002 66 0.0712
002 1271 0.0709
002 456 0.0706
002 312 0.0695
002 1089 0.0690
002 416 0.0687
002 279 0.0680
002 417 0.0676
002 1583 0.0670
002 781 0.0665
002 439 0.0661
002 594 0.0656
002 403 0.0653
002 73 0.0636
002 117 0.0636
002 54 0.0631
002 1284 0.0624
002 184 0.0624
002 1568 0.0623
002 719 0.0622
002 933 0.0618
002 763 0.0609
002 470 0.0596
002 1057 0.0596
002 489 0.0592
002 639 0.0591
002 40 0.0582
002 154 0.0565
002 510 0.0564
002 680 0.0546
002 514 0.0543
002 1513 0.0534
002 1580 0.0533
002 968 0.0532
002 162 0.0530
002 155 0.0525
002 1324 0.0519
002 1160 0.0517
002 1150 0.0517
002 448 0.0516
002 1345 0.0512
002 342 0.0503
002 37 0.0501
002 621 0.0500
002 349 0.0497
002 69 0.0494
002 547 0.0486
002 515 0.0484
002 377 0.0483
002 1465 0.0479
002 1578 0.0471
002 226 0.0463
002 244 0.0461
002 1350 0.0455
002 674 0.0454
002 737 0.0454
002 333 0.0445
002 637 0.0444
002 1034 0.0442
002 1119 0.0432
002 436 0.0432
002 432 0.0426
002 240 0.0425
002 1401 0.0421
002 1138 0.0411
002 1025 0.0404
002 576 0.0394
002 367 0.0391
002 435 0.0390
002 566 0.0388
002 459 0.0387
002 389 0.0385
002 904 0.0383
002 988 0.0379
002 1240 0.0374
002 572 0.0372
002 77 0.0370
002 999 0.0364
002 496 0.0360
002 806 0.0360
002 567 0.0353
002 406 0.0342
002 1029 0.0329
002 53 0.0316
002 46 0.0316
002 485 0.0312
002 565 0.0307
002 114 0.0300
002 830 0.0299
002 1191 0.0296
002 307 0.0295
002 216 0.0284
002 1544 0.0281
002 799 0.0273
002 803 0.0266
002 619 0.0261
002 657 0.0260
002 1347 0.0245
002 895 0.0215
002 884 0.0214
002 759 0.0209
002 1466 0.0205
003 229 0.3023
003 454 0.2002
003 563 0.1746
003 30 0.1667
003 281 0.1656
003 1134 0.1654
003 326 0.1632
003 1374 0.1523
003 126 0.1446
003 649 0.1399
003 908 0.1390
003 1568 0.1385
003 1504 0.1363
003 428 0.1222
003 245 0.1198
003 39 0.1195
003 1035 0.1180
003 388 0.1155
003 239 0.1144
003 1008 0.1137
003 228 0.1120
003 555 0.1113
003 373 0.1110
003 752 0.1101
003 879 0.1101
003 644 0.1084
003 241 0.1079
003 41 0.1062
003 1166 0.1058
003 585 0.1052
003 659 0.1013
003 423 0.0969
003 1530 0.0964
003 1128 0.0960
003 648 0.0960
003 665 0.0938
003 1509 0.0934
003 1289 0.0930
003 902 0.0927
003 204 0.0924
003 96 0.0884
003 378 0.0880
003 798 0.0878
003 351 0.0877
003 11 0.0874
003 1277 0.0873
003 1064 0.0868
003 265 0.0862
003 279 0.0848
003 332 0.0846
003 1577 0.0845
003 186 0.0845
003 381 0.0838
003 1564 0.0835
003 944 0.0834
003 637 0.0830
003 991 0.0830
003 816 0.0829
003 328 0.0821
003 225 0.0793
003 897 0.0792
003 1000 0.0773
003 1102 0.0763
003 1074 0.0761
003 401 0.0745
003 1188 0.0745
003 362 0.0744
003 170 0.0733
003 93 0.0730
003 593 0.0727
003 572 0.0726
003 436 0.0718
003 297 0.0716
003 679 0.0713
003 47 0.0712
003 445 0.0709
003 609 0.0704
003 1133 0.0704
003 1290 0.0704
003 783 0.0703
003 447 0.0694
003 24 0.0690
003 1264 0.0687
003 215 0.0686
003 484 0.0681
003 1528 0.0680
003 230 0.0680
003 53 0.0679
003 785 0.0669
003 1120 0.0666
003 257 0.0665
003 739 0.0664
003 85 0.0660
003 1516 0.0658
003 410 0.0643
003 855 0.0640
003 636 0.0635
003 1310 0.0634
003 1221 0.0632
003 349 0.0631
003 938 0.0627
003 1537 0.0622
003 497 0.0618
003 787 0.0617
003 525 0.0609
003 791 0.0608
003 1469 0.0606
003 1222 0.0606
003 452 0.0603
003 1336 0.0600
003 523 0.0593
003 10 0.0593
003 485 0.0591
003 854 0.0588
003 824 0.0587
003 95 0.0582
003 1055 0.0582
003 162 0.0574
003 1193 0.0573
003 786 0.0562
003 617 0.0561
003 1069 0.0558
003 102 0.0557
003 672 0.0547
003 945 0.0547
003 1364 0.0544
003 1312 0.0543
003 320 0.0543
003 432 0.0539
003 1189 0.0534
003 446 0.0531
003 94 0.0527
003 1345 0.0521
003 1347 0.0517
003 1177 0.0515
003 1536 0.0513
003 433 0.0508
003 101 0.0504
003 1476 0.0500
003 741 0.0496
003 685 0.0496
003 1154 0.0495
003 261 0.0493
003 1348 0.0491
003 1321 0.0490
003 424 0.0482
003 372 0.0475
003 128 0.0473
003 1127 0.0473
003 438 0.0472
003 334 0.0472
003 716 0.0467
003 1351 0.0466
003 653 0.0462
003 578 0.0461
003 859 0.0460
003 1010 0.0460
003 1534 0.0458
003 1334 0.0456
003 554 0.0456
003 103 0.0452
003 658 0.0452
003 13 0.0451
003 891 0.0448
003 292 0.0447
003 70 0.0447
003 434 0.0440
003 491 0.0439
003 892 0.0435
003 291 0.0432
003 869 0.0429
003 1423 0.0429
003 1089 0.0428
003 760 0.0426
003 788 0.0425
003 889 0.0425
003 119 0.0420
003 618 0.0418
003 288 0.0418
003 1123 0.0417
003 893 0.0416
003 680 0.0416
003 49 0.0416
003 1313 0.0415
003 1388 0.0413
003 1199 0.0413
003 1187 0.0413
003 437 0.0413
003 904 0.0410
003 1494 0.0404
003 40 0.0402
003 88 0.0400
003 719 0.0400
003 450 0.0400
003 958 0.0400
003 210 0.0399
003 1365 0.0398
003 933 0.0397
003 1567 0.0395
003 1025 0.0394
003 1340 0.0393
003 1466 0.0393
003 366 0.0390
003 256 0.0389
003 516 0.0389
003 595 0.0387
003 1285 0.0385
003 507 0.0383
003 1257 0.0381
003 1063 0.0379
003 1396 0.0378
003 156 0.0377
003 1056 0.0376
003 6 0.0371
003 1016 0.0367
003 1491 0.0364
003 111 0.0364
003 1148 0.0362
003 588 0.0361
003 535 0.0361
003 948 0.0357
003 909 0.0356
003 1490 0.0355
003 355 0.0352
003 457 0.0352
003 1350 0.0347
003 477 0.0344
003 286 0.0342
003 1539 0.0342
003 952 0.0342
003 280 0.0341
003 66 0.0340
003 1009 0.0340
003 63 0.0340
003 596 0.0337
003 1258 0.0336
003 817 0.0336
003 1421 0.0332
003 1160 0.0332
003 250 0.0324
003 1033 0.0324
003 1242 0.0323
003 15 0.0323
003 140 0.0322
003 759 0.0322
003 1165 0.0321
003 1288 0.0318
003 319 0.0318
003 500 0.0316
003 175 0.0316
003 335 0.0315
003 1121 0.0314
003 118 0.0311
003 327 0.0308
003 1327 0.0306
003 1052 0.0305
003 730 0.0305
003 427 0.0303
003 1175 0.0303
003 148 0.0301
003 375 0.0301
003 1225 0.0300
003 623 0.0299
003 258 0.0298
003 32 0.0298
003 1467 0.0298
003 526 0.0297
003 753 0.0296
003 674 0.0292
003 1488 0.0290
003 1492 0.0289
003 1139 0.0286
003 169 0.0286
003 1151 0.0286
003 243 0.0285
003 155 0.0285
003 481 0.0283
003 28 0.0281
003 769 0.0281
003 1331 0.0280
003 577 0.0277
003 1132 0.0276
003 726 0.0274
003 300 0.0274
003 329 0.0274
003 646 0.0274
003 574 0.0273
003 806 0.0272
003 193 0.0272
003 305 0.0271
003 172 0.0271
003 1580 0.0271
003 179 0.0265
003 1558 0.0264
003 448 0.0262
003 1418 0.0262
003 1130 0.0262
003 426 0.0259
003 331 0.0257
003 460 0.0257
003 392 0.0254
003 870 0.0253
003 1552 0.0252
003 789 0.0251
003 1194 0.0250
003 592 0.0250
003 661 0.0246
003 62 0.0244
003 1511 0.0244
003 249 0.0241
003 1301 0.0240
003 356 0.0237
003 735 0.0234
003 1441 0.0232
003 510 0.0231
003 705 0.0231
003 192 0.0228
003 1070 0.0228
003 246 0.0227
003 567 0.0227
003 1346 0.0226
003 422 0.0223
003 1371 0.0223
003 576 0.0223
003 251 0.0222
003 1150 0.0221
003 559 0.0221
003 1053 0.0220
003 866 0.0220
003 211 0.0218
003 749 0.0217
003 539 0.0216
003 112 0.0213
003 1029 0.0212
003 508 0.0212
003 1379 0.0211
003 846 0.0210
003 1573 0.0210
003 1018 0.0209
003 864 0.0209
003 425 0.0209
003 1583 0.0209
003 1080 0.0205
003 581 0.0205
003 587 0.0205
003 183 0.0205
003 479 0.0204
003 1164 0.0204
003 299 0.0202
003 298 0.0200
003 99 0.0197
003 478 0.0196
003 1524 0.0196
003 123 0.0192
003 1413 0.0190
003 1320 0.0190
003 1059 0.0189
003 474 0.0188
003 1566 0.0187
003 470 0.0186
003 676 0.0182
003 1265 0.0182
003 839 0.0180
003 873 0.0179
003 841 0.0179
003 376 0.0173
003 1041 0.0172
003 942 0.0172
003 293 0.0171
003 1239 0.0171
003 312 0.0170
003 4 0.0168
003 1207 0.0167
003 1349 0.0167
003 960 0.0166
003 848 0.0164
003 1483 0.0164
003 242 0.0163
003 1073 0.0161
003 536 0.0160
003 449 0.0160
003 1352 0.0159
003 556 0.0158
003 532 0.0154
003 1452 0.0153
003 196 0.0152
003 1057 0.0152
003 1305 0.0151
003 489 0.0150
003 173 0.0150
003 431 0.0150
003 729 0.0149
003 50 0.0149
003 1159 0.0149
003 833 0.0148
003 793 0.0147
003 482 0.0145
003 502 0.0145
003 1342 0.0144
003 524 0.0144
003 1565 0.0142
003 1360 0.0141
003 1436 0.0140
003 599 0.0140
003 799 0.0139
003 1078 0.0138
003 1291 0.0138
003 895 0.0138
003 1246 0.0137
003 1140 0.0137
003 262 0.0136
003 1513 0.0136
003 493 0.0135
003 784 0.0135
003 887 0.0134
003 361 0.0134
003 52 0.0133
003 504 0.0133
003 863 0.0133
003 603 0.0132
003 1362 0.0132
003 823 0.0132
003 517 0.0131
003 492 0.0131
003 1526 0.0131
003 1223 0.0129
003 642 0.0128
003 1067 0.0128
003 703 0.0128
003 740 0.0128
003 774 0.0128
003 712 0.0125
003 811 0.0125
003 1247 0.0123
003 812 0.0122
003 810 0.0121
003 469 0.0119
003 1083 0.0119
003 747 0.0117
003 780 0.0117
003 1096 0.0116
003 695 0.0115
003 1171 0.0115
003 1210 0.0115
003 1446 0.0114
003 591 0.0113
003 429 0.0112
003 1302 0.0111
003 979 0.0110
003 838 0.0110
003 190 0.0109
003 1401 0.0107
003 795 0.0107
003 796 0.0107
003 1354 0.0106
003 804 0.0106
003 836 0.0105
003 638 0.0104
003 26 0.0103
003 696 0.0103
003 858 0.0102
003 1031 0.0100
003 625 0.0100
003 330 0.0097
003 1101 0.0097
003 1419 0.0096
003 542 0.0095
003 566 0.0095
003 1240 0.0095
003 929 0.0093
003 189 0.0093
003 684 0.0093
003 397 0.0092
003 1370 0.0092
003 496 0.0092
003 1111 0.0091
003 1028 0.0091
003 533 0.0088
003 357 0.0087
003 1224 0.0087
003 233 0.0087
003 1531 0.0087
003 994 0.0085
003 106 0.0083
003 1271 0.0082
003 383 0.0082
003 781 0.0082
003 486 0.0079
003 308 0.0075
003 266 0.0075
003 365 0.0072
003 1394 0.0071
003 1332 0.0070
003 404 0.0070
003 1333 0.0068
003 549 0.0067
003 114 0.0064
003 1363 0.0059
003 333 0.0057
004 1514 0.2481
004 983 0.2226
004 416 0.2099
004 1490 0.2071
004 1347 0.2010
004 737 0.1796
004 978 0.1718
004 1179 0.1652
004 1534 0.1531
004 1500 0.1524
004 162 0.1510
004 845 0.1442
004 984 0.1438
004 1436 0.1426
004 1117 0.1384
004 1028 0.1378
004 518 0.1361
004 443 0.1306
004 572 0.1299
004 961 0.1295
004 1492 0.1262
004 72 0.1253
004 515 0.1252
004 1057 0.1248
004 1355 0.1217
004 88 0.1178
004 623 0.1164
004 230 0.1155
004 949 0.1135
004 1364 0.1124
004 1065 0.1119
004 591 0.1089
004 945 0.1079
004 1352 0.1046
004 1016 0.1043
004 1324 0.1038
004 1458 0.1034
004 562 0.1029
004 1527 0.1025
004 281 0.1021
004 1270 0.1020
004 1326 0.1012
004 383 0.1009
004 217 0.0995
004 578 0.0989
004 212 0.0974
004 321 0.0962
004 514 0.0940
004 1462 0.0922
004 1288 0.0917
004 76 0.0890
004 1123 0.0888
004 934 0.0874
004 334 0.0873
004 66 0.0860
004 1150 0.0839
004 1342 0.0835
004 917 0.0834
004 1421 0.0829
004 942 0.0826
004 1489 0.0826
004 579 0.0821
004 63 0.0815
004 1067 0.0807
004 1348 0.0805
004 50 0.0801
004 181 0.0801
004 621 0.0797
004 1015 0.0791
004 330 0.0791
004 533 0.0789
004 1424 0.0788
004 1019 0.0786
004 121 0.0785
004 997 0.0780
004 610 0.0769
004 1109 0.0768
004 346 0.0762
004 1192 0.0761
004 468 0.0760
004 1069 0.0760
004 1170 0.0757
004 446 0.0753
004 1513 0.0751
004 340 0.0750
004 357 0.0749
004 1080 0.0748
004 360 0.0742
004 270 0.0739
004 577 0.0735
004 849 0.0733
004 164 0.0730
004 935 0.0729
004 393 0.0723
004 638 0.0721
004 167 0.0713
004 1310 0.0708
004 1469 0.0706
004 905 0.0701
004 1050 0.0699
004 1131 0.0698
004 73 0.0697
004 233 0.0696
004 1509 0.0695
004 794 0.0693
004 439 0.0691
004 1236 0.0686
004 89 0.0678
004 1272 0.0673
004 668 0.0673
004 1149 0.0672
004 547 0.0672
004 336 0.0667
004 631 0.0666
004 447 0.0665
004 1343 0.0664
004 980 0.0662
004 155 0.0657
004 834 0.0657
004 595 0.0656
004 293 0.0654
004 1577 0.0653
004 682 0.0650
004 282 0.0646
004 1284 0.0642
004 1232 0.0641
004 1136 0.0640
004 1098 0.0638
004 918 0.0633
004 448 0.0629
004 163 0.0618
004 835 0.0615
004 1580 0.0615
004 369 0.0612
004 679 0.0612
004 764 0.0611
004 626 0.0609
004 1160 0.0607
004 822 0.0604
004 528 0.0604
004 312 0.0603
004 1357 0.0603
004 574 0.0603
004 960 0.0598
004 786 0.0598
004 490 0.0597
004 656 0.0597
004 128 0.0591
004 627 0.0590
004 34 0.0589
004 1176 0.0588
004 184 0.0586
004 836 0.0586
004 480 0.0585
004 487 0.0583
004 1532 0.0582
004 771 0.0578
004 721 0.0576
004 437 0.0575
004 639 0.0573
004 417 0.0572
004 763 0.0571
004 797 0.0566
004 54 0.0563
004 178 0.0563
004 716 0.0563
004 1140 0.0562
004 848 0.0560
004 525 0.0558
004 179 0.0557
004 462 0.0555
004 431 0.0549
004 1494 0.0545
004 774 0.0544
004 586 0.0541
004 117 0.0538
004 1262 0.0538
004 435 0.0532
004 904 0.0529
004 108 0.0528
004 1415 0.0525
004 933 0.0523
004 1058 0.0521
004 427 0.0520
004 1122 0.0515
004 663 0.0514
004 1320 0.0509
004 824 0.0507
004 924 0.0506
004 1293 0.0502
004 1442 0.0501
004 1138 0.0501
004 767 0.0499
004 40 0.0492
004 1363 0.0490
004 196 0.0490
004 1008 0.0486
004 1164 0.0483
004 216 0.0480
004 887 0.0477
004 629 0.0474
004 428 0.0473
004 1523 0.0471
004 805 0.0470
004 517 0.0469
004 998 0.0468
004 637 0.0468
004 5 0.0467
004 342 0.0466
004 594 0.0463
004 1564 0.0458
004 1287 0.0454
004 838 0.0453
004 238 0.0451
004 68 0.0451
004 1023 0.0448
004 898 0.0446
004 813 0.0445
004 69 0.0441
004 77 0.0439
004 1396 0.0436
004 288 0.0436
004 1356 0.0435
004 397 0.0435
004 114 0.0434
004 172 0.0432
004 434 0.0432
004 1162 0.0431
004 706 0.0430
004 1282 0.0424
004 55 0.0424
004 37 0.0424
004 895 0.0421
004 1196 0.0418
004 999 0.0414
004 790 0.0413
004 344 0.0413
004 883 0.0413
004 507 0.0413
004 84 0.0410
004 169 0.0409
004 103 0.0403
004 1093 0.0403
004 1301 0.0403
004 1583 0.0401
004 1283 0.0400
004 1271 0.0399
004 36 0.0398
004 554 0.0398
004 495 0.0397
004 477 0.0396
004 107 0.0395
004 762 0.0394
004 1432 0.0394
004 1471 0.0390
004 806 0.0390
004 126 0.0390
004 213 0.0390
004 1066 0.0385
004 1128 0.0384
004 94 0.0383
004 1011 0.0383
004 1508 0.0381
004 450 0.0381
004 1032 0.0379
004 605 0.0377
004 958 0.0377
004 23 0.0376
004 1305 0.0376
004 381 0.0373
004 683 0.0371
004 715 0.0370
004 847 0.0370
004 183 0.0369
004 1183 0.0369
004 1473 0.0369
004 173 0.0365
004 968 0.0364
004 1349 0.0363
004 1034 0.0363
004 732 0.0361
004 565 0.0361
004 1572 0.0360
004 858 0.0357
004 1152 0.0355
004 1399 0.0355
004 1413 0.0353
004 830 0.0351
004 1181 0.0350
004 1475 0.0348
004 670 0.0347
004 1456 0.0347
004 1007 0.0345
004 1269 0.0343
004 273 0.0336
004 1555 0.0336
004 664 0.0335
004 461 0.0334
004 1340 0.0332
004 367 0.0331
004 463 0.0331
004 894 0.0330
004 1207 0.0330
004 268 0.0328
004 290 0.0327
004 1470 0.0325
004 1026 0.0325
004 194 0.0325
004 465 0.0323
004 257 0.0322
004 258 0.0322
004 1095 0.0320
004 1476 0.0320
004 1332 0.0320
004 522 0.0319
004 422 0.0316
004 536 0.0315
004 761 0.0315
004 32 0.0314
004 803 0.0313
004 1220 0.0313
004 1013 0.0311
004 868 0.0310
004 1576 0.0307
004 751 0.0307
004 882 0.0307
004 852 0.0306
004 795 0.0305
004 599 0.0305
004 464 0.0305
004 474 0.0303
004 190 0.0302
004 315 0.0300
004 1434 0.0300
004 576 0.0298
004 1400 0.0298
004 1337 0.0297
004 1252 0.0297
004 1240 0.0296
004 1543 0.0296
004 1071 0.0295
004 9 0.0295
004 657 0.0294
004 799 0.0294
004 61 0.0293
004 566 0.0291
004 1307 0.0290
004 1166 0.0290
004 275 0.0290
004 625 0.0289
004 285 0.0286
004 201 0.0284
004 1290 0.0284
004 1520 0.0284
004 1068 0.0282
004 250 0.0282
004 359 0.0282
004 1001 0.0282
004 661 0.0282
004 1395 0.0281
004 452 0.0280
004 1353 0.0279
004 727 0.0278
004 366 0.0278
004 655 0.0278
004 139 0.0277
004 1202 0.0277
004 1070 0.0277
004 1243 0.0276
004 1132 0.0276
004 1460 0.0276
004 1105 0.0275
004 1330 0.0274
004 862 0.0274
004 82 0.0273
004 559 0.0272
004 297 0.0272
004 1392 0.0272
004 826 0.0270
004 673 0.0269
004 580 0.0269
004 1163 0.0269
004 380 0.0266
004 994 0.0265
004 12 0.0265
004 952 0.0265
004 1191 0.0265
004 624 0.0263
004 499 0.0262
004 653 0.0262
004 1154 0.0262
004 971 0.0261
004 1014 0.0261
004 501 0.0261
004 1276 0.0259
004 445 0.0258
004 828 0.0257
004 1104 0.0257
004 699 0.0255
004 1461 0.0255
004 916 0.0254
004 846 0.0254
004 267 0.0253
004 896 0.0253
004 1519 0.0253
004 1431 0.0252
004 534 0.0251
004 421 0.0250
004 286 0.0249
004 26 0.0249
004 1060 0.0248
004 385 0.0248
004 329 0.0246
004 377 0.0246
004 113 0.0244
004 1372 0.0243
004 1083 0.0243
004 352 0.0242
004 612 0.0242
004 199 0.0241
004 1171 0.0241
004 1375 0.0240
004 770 0.0240
004 1182 0.0240
004 486 0.0240
004 59 0.0239
004 788 0.0238
004 175 0.0238
004 1496 0.0238
004 1303 0.0238
004 296 0.0238
004 703 0.0236
004 97 0.0236
004 364 0.0235
004 672 0.0234
004 140 0.0234
004 414 0.0234
004 1257 0.0234
004 1323 0.0234
004 568 0.0234
004 1536 0.0233
004 400 0.0233
004 308 0.0232
004 177 0.0232
004 1315 0.0232
004 909 0.0230
004 1397 0.0230
004 127 0.0229
004 1223 0.0228
004 590 0.0228
004 1229 0.0228
004 793 0.0227
004 1064 0.0226
004 630 0.0226
004 247 0.0225
004 197 0.0225
004 349 0.0225
004 424 0.0225
004 345 0.0224
004 70 0.0224
004 458 0.0223
004 160 0.0223
004 266 0.0222
004 1533 0.0222
004 489 0.0222
004 1063 0.0221
004 1100 0.0219
004 784 0.0218
004 709 0.0218
004 264 0.0217
004 1318 0.0217
004 702 0.0217
004 46 0.0216
004 1379 0.0215
004 616 0.0215
004 964 0.0214
004 287 0.0213
004 1052 0.0213
004 526 0.0212
004 243 0.0212
004 885 0.0211
004 449 0.0211
004 1468 0.0210
004 691 0.0209
004 1335 0.0207
004 356 0.0207
004 684 0.0206
004 1246 0.0205
004 1185 0.0205
004 1383 0.0204
004 889 0.0203
004 1539 0.0203
004 22 0.0203
004 712 0.0203
004 1096 0.0203
004 168 0.0202
004 328 0.0202
004 137 0.0201
004 801 0.0201
004 1212 0.0201
004 81 0.0201
004 1074 0.0200
004 392 0.0200
004 240 0.0200
004 138 0.0199
004 1333 0.0198
004 821 0.0198
004 1180 0.0197
004 222 0.0196
004 1000 0.0196
004 1371 0.0196
004 80 0.0195
004 1446 0.0195
004 1099 0.0194
004 1199 0.0194
004 148 0.0194
004 1190 0.0193
004 675 0.0193
004 1103 0.0193
004 436 0.0192
004 719 0.0192
004 116 0.0191
004 426 0.0191
004 1086 0.0190
004 467 0.0189
004 335 0.0189
004 957 0.0189
004 617 0.0189
004 122 0.0189
004 1359 0.0189
004 1042 0.0188
004 44 0.0187
004 796 0.0187
004 502 0.0187
004 558 0.0186
004 535 0.0185
004 305 0.0185
004 316 0.0185
004 569 0.0185
004 306 0.0184
004 563 0.0184
004 154 0.0182
004 854 0.0182
004 378 0.0182
004 695 0.0181
004 674 0.0181
004 71 0.0181
004 865 0.0180
004 451 0.0180
004 606 0.0180
004 823 0.0180
004 1409 0.0180
004 1501 0.0179
004 772 0.0178
004 482 0.0178
004 773 0.0178
004 1463 0.0177
004 798 0.0177
004 1345 0.0177
004 1281 0.0177
004 1374 0.0176
004 649 0.0176
004 320 0.0176
004 1579 0.0176
004 995 0.0176
004 394 0.0174
004 549 0.0174
004 74 0.0172
004 844 0.0171
004 1445 0.0171
004 1517 0.0170
004 1242 0.0170
004 1081 0.0169
004 583 0.0168
004 587 0.0168
004 875 0.0167
004 1021 0.0167
004 937 0.0166
004 1410 0.0166
004 930 0.0165
004 119 0.0165
004 1205 0.0165
004 25 0.0164
004 473 0.0164
004 1175 0.0163
004 1373 0.0163
004 412 0.0162
004 1414 0.0161
004 1325 0.0161
004 1493 0.0161
004 742 0.0160
004 20 0.0160
004 372 0.0159
004 575 0.0159
004 1020 0.0158
004 884 0.0157
004 1484 0.0157
004 235 0.0156
004 878 0.0156
004 1167 0.0155
004 325 0.0155
004 754 0.0155
004 432 0.0155
004 860 0.0155
004 136 0.0155
004 743 0.0154
004 839 0.0154
004 557 0.0154
004 618 0.0153
004 2 0.0153
004 922 0.0152
004 1464 0.0152
004 1328 0.0152
004 374 0.0152
004 52 0.0152
004 1504 0.0151
004 350 0.0151
004 1499 0.0151
004 540 0.0151
004 1024 0.0150
004 1452 0.0150
004 425 0.0149
004 1072 0.0148
004 926 0.0148
004 843 0.0148
004 1524 0.0148
004 1230 0.0147
004 870 0.0147
004 454 0.0146
004 911 0.0146
004 302 0.0146
004 542 0.0145
004 311 0.0145
004 818 0.0145
004 303 0.0144
004 309 0.0144
004 965 0.0144
004 908 0.0143
004 1331 0.0143
004 249 0.0143
004 3 0.0143
004 725 0.0143
004 189 0.0142
004 319 0.0142
004 215 0.0142
004 802 0.0142
004 1401 0.0141
004 825 0.0141
004 686 0.0141
004 1189 0.0140
004 1529 0.0140
004 1247 0.0140
004 375 0.0139
004 506 0.0139
004 927 0.0139
004 985 0.0138
004 789 0.0138
004 1073 0.0138
004 471 0.0138
004 171 0.0138
004 143 0.0138
004 1344 0.0138
004 1120 0.0138
004 744 0.0137
004 648 0.0137
004 987 0.0137
004 255 0.0136
004 643 0.0136
004 455 0.0136
004 1338 0.0135
004 291 0.0135
004 1268 0.0135
004 867 0.0134
004 1210 0.0134
004 1486 0.0134
004 614 0.0134
004 209 0.0133
004 1224 0.0133
004 850 0.0131
004 1092 0.0131
004 1188 0.0131
004 920 0.0131
004 1386 0.0131
004 133 0.0131
004 1055 0.0131
004 1217 0.0131
004 1264 0.0130
004 484 0.0130
004 1010 0.0130
004 713 0.0130
004 1084 0.0129
004 48 0.0129
004 1380 0.0129
004 1049 0.0129
004 841 0.0128
004 634 0.0128
004 263 0.0127
004 1126 0.0127
004 750 0.0127
004 519 0.0127
004 753 0.0127
004 757 0.0127
004 351 0.0126
004 1557 0.0126
004 665 0.0126
004 851 0.0125
004 988 0.0125
004 571 0.0125
004 592 0.0124
004 1321 0.0124
004 650 0.0124
004 1292 0.0124
004 1139 0.0123
004 1300 0.0123
004 662 0.0123
004 907 0.0123
004 992 0.0122
004 760 0.0122
004 1226 0.0121
004 622 0.0121
004 1195 0.0121
004 481 0.0121
004 1143 0.0120
004 252 0.0120
004 652 0.0119
004 888 0.0119
004 925 0.0119
004 261 0.0119
004 444 0.0118
004 912 0.0118
004 1085 0.0117
004 1 0.0117
004 861 0.0117
004 1420 0.0116
004 1215 0.0116
004 1582 0.0115
004 708 0.0115
004 1156 0.0114
004 1561 0.0114
004 1172 0.0114
004 411 0.0114
004 1423 0.0113
004 485 0.0113
004 1365 0.0113
004 969 0.0113
004 1053 0.0112
004 337 0.0112
004 1118 0.0112
004 420 0.0112
004 1521 0.0111
004 855 0.0111
004 1449 0.0111
004 1438 0.0111
004 981 0.0111
004 1366 0.0111
004 1477 0.0110
004 741 0.0110
004 433 0.0109
004 696 0.0109
004 470 0.0108
004 441 0.0108
004 1552 0.0108
004 1006 0.0108
004 1213 0.0107
004 902 0.0107
004 1398 0.0106
004 521 0.0106
004 149 0.0106
004 1329 0.0105
004 669 0.0105
004 792 0.0105
004 537 0.0105
004 203 0.0104
004 102 0.0103
004 64 0.0103
004 1157 0.0103
004 1558 0.0103
004 1538 0.0102
004 977 0.0102
004 815 0.0102
004 722 0.0102
004 57 0.0102
004 597 0.0101
004 295 0.0101
004 373 0.0101
004 886 0.0101
004 75 0.0101
004 531 0.0101
004 1255 0.0100
004 1435 0.0100
004 1036 0.0100
004 1106 0.0099
004 300 0.0098
004 280 0.0098
004 200 0.0097
004 620 0.0097
004 277 0.0097
004 873 0.0096
004 567 0.0096
004 1505 0.0096
004 362 0.0096
004 646 0.0096
004 768 0.0095
004 403 0.0095
004 581 0.0095
004 979 0.0095
004 389 0.0095
004 1556 0.0094
004 1378 0.0094
004 1077 0.0094
004 1467 0.0093
004 384 0.0093
004 1487 0.0093
004 1308 0.0093
004 948 0.0092
004 812 0.0092
004 974 0.0092
004 1573 0.0092
004 863 0.0091
004 1495 0.0091
004 640 0.0091
004 49 0.0091
004 1227 0.0090
004 1385 0.0090
004 269 0.0090
004 4 0.0090
004 1428 0.0089
004 635 0.0088
004 1076 0.0088
004 1129 0.0088
004 1280 0.0088
004 1322 0.0087
004 866 0.0087
004 198 0.0087
004 659 0.0086
004 1201 0.0085
004 1547 0.0085
004 1194 0.0085
004 496 0.0085
004 1418 0.0085
004 1144 0.0084
004 310 0.0084
004 186 0.0084
004 231 0.0084
004 666 0.0084
004 1033 0.0084
004 532 0.0083
004 14 0.0083
004 39 0.0083
004 245 0.0083
004 1178 0.0083
004 65 0.0082
004 1030 0.0082
004 354 0.0082
004 1029 0.0082
004 1119 0.0082
004 735 0.0082
004 429 0.0081
004 1298 0.0081
004 996 0.0081
004 239 0.0081
004 358 0.0081
004 401 0.0080
004 1334 0.0079
004 1133 0.0079
004 746 0.0079
004 210 0.0078
004 93 0.0078
004 967 0.0078
004 1412 0.0078
004 265 0.0077
004 207 0.0077
004 1198 0.0077
004 1297 0.0077
004 1433 0.0077
004 588 0.0077
004 1174 0.0077
004 1354 0.0076
004 1295 0.0076
004 1253 0.0076
004 1048 0.0076
004 1510 0.0076
004 555 0.0075
004 1526 0.0075
004 1488 0.0075
004 187 0.0075
004 1237 0.0075
004 658 0.0074
004 1402 0.0073
004 83 0.0073
004 99 0.0073
004 1370 0.0073
004 991 0.0072
004 759 0.0072
004 165 0.0072
004 1110 0.0071
004 603 0.0071
004 704 0.0071
004 641 0.0071
004 1087 0.0071
004 718 0.0071
004 700 0.0071
004 1388 0.0070
004 504 0.0070
004 1047 0.0070
004 8 0.0069
004 1101 0.0069
004 423 0.0069
004 314 0.0068
004 1530 0.0068
004 242 0.0067
004 1168 0.0067
004 1203 0.0067
004 90 0.0067
004 1046 0.0066
004 1304 0.0066
004 1483 0.0066
004 975 0.0066
004 1285 0.0065
004 1045 0.0065
004 271 0.0065
004 475 0.0065
004 791 0.0065
004 1578 0.0064
004 129 0.0064
004 1112 0.0064
004 134 0.0064
004 1116 0.0064
004 516 0.0064
004 1465 0.0064
004 17 0.0064
004 892 0.0063
004 600 0.0063
004 1115 0.0063
004 676 0.0063
004 585 0.0063
004 787 0.0062
004 584 0.0062
004 800 0.0062
004 1531 0.0062
004 1299 0.0062
004 976 0.0062
004 47 0.0061
004 498 0.0061
004 241 0.0061
004 734 0.0061
004 404 0.0061
004 877 0.0060
004 1339 0.0060
004 236 0.0060
004 1546 0.0059
004 244 0.0059
004 1267 0.0059
004 1035 0.0059
004 1549 0.0059
004 1137 0.0059
004 1037 0.0058
004 147 0.0058
004 91 0.0058
004 1286 0.0058
004 299 0.0058
004 1559 0.0058
004 1417 0.0057
004 729 0.0057
004 897 0.0057
004 220 0.0056
004 785 0.0056
004 598 0.0056
004 395 0.0055
004 1390 0.0055
004 118 0.0055
004 556 0.0055
004 371 0.0055
004 497 0.0055
004 1317 0.0055
004 1351 0.0054
004 899 0.0054
004 546 0.0053
004 1560 0.0053
004 294 0.0053
004 51 0.0052
004 278 0.0052
004 1525 0.0052
004 456 0.0052
004 318 0.0051
004 1260 0.0051
004 1108 0.0050
004 205 0.0050
004 929 0.0050
004 284 0.0050
004 1393 0.0050
004 246 0.0050
004 1147 0.0049
004 1425 0.0049
004 749 0.0049
004 415 0.0049
004 871 0.0048
004 1387 0.0048
004 1540 0.0048
004 87 0.0048
004 1208 0.0048
004 890 0.0048
004 361 0.0048
004 1451 0.0047
004 1506 0.0047
004 906 0.0047
004 1447 0.0047
004 831 0.0047
004 1453 0.0047
004 492 0.0046
004 1027 0.0046
004 1481 0.0046
004 225 0.0046
004 438 0.0045
004 104 0.0045
004 1429 0.0044
004 390 0.0044
004 956 0.0044
004 582 0.0044
004 880 0.0044
004 654 0.0044
004 180 0.0044
004 989 0.0043
004 387 0.0043
004 1275 0.0043
004 1478 0.0043
004 966 0.0042
004 21 0.0042
004 660 0.0042
004 123 0.0042
004 941 0.0041
004 972 0.0041
004 1419 0.0041
004 276 0.0041
004 1443 0.0041
004 135 0.0040
004 1427 0.0040
004 1078 0.0040
004 1291 0.0040
004 408 0.0040
004 503 0.0040
004 150 0.0040
004 509 0.0039
004 1441 0.0039
004 78 0.0039
004 1361 0.0039
004 1515 0.0039
004 982 0.0039
004 619 0.0038
004 254 0.0038
004 1091 0.0038
004 442 0.0038
004 739 0.0038
004 283 0.0037
004 1018 0.0037
004 1177 0.0037
004 331 0.0037
004 1455 0.0036
004 347 0.0036
004 1089 0.0036
004 510 0.0036
004 92 0.0036
004 1448 0.0035
004 157 0.0035
004 1537 0.0035
004 1193 0.0035
004 53 0.0035
004 398 0.0035
004 636 0.0035
004 1221 0.0034
004 1336 0.0034
004 1022 0.0034
004 1503 0.0034
004 1039 0.0034
004 469 0.0034
004 1222 0.0034
004 1244 0.0034
004 780 0.0034
004 379 0.0034
004 955 0.0033
004 756 0.0033
004 19 0.0033
004 970 0.0033
004 1259 0.0033
004 144 0.0033
004 363 0.0033
004 936 0.0033
004 1277 0.0032
004 1056 0.0032
004 1406 0.0032
004 28 0.0032
004 783 0.0032
004 365 0.0032
004 1038 0.0032
004 86 0.0031
004 876 0.0031
004 1155 0.0031
004 632 0.0031
004 1206 0.0031
004 511 0.0031
004 219 0.0031
004 840 0.0031
004 333 0.0030
004 921 0.0030
004 1571 0.0030
004 106 0.0030
004 689 0.0029
004 832 0.0029
004 1404 0.0029
004 1258 0.0029
004 1031 0.0029
004 1362 0.0029
004 191 0.0029
004 229 0.0028
004 440 0.0028
004 1466 0.0028
004 67 0.0028
004 413 0.0028
004 391 0.0028
004 914 0.0028
004 120 0.0027
004 736 0.0027
004 208 0.0027
004 301 0.0027
004 1274 0.0026
004 418 0.0026
004 430 0.0026
004 1548 0.0026
004 1507 0.0026
004 1153 0.0026
004 292 0.0025
004 476 0.0025
004 1528 0.0025
004 560 0.0025
004 1358 0.0025
004 1480 0.0025
004 1233 0.0025
004 1289 0.0024
004 1368 0.0024
004 817 0.0024
004 928 0.0024
004 726 0.0024
004 781 0.0023
004 79 0.0023
004 1313 0.0023
004 1107 0.0022
004 1512 0.0022
004 307 0.0022
004 459 0.0021
004 1059 0.0021
004 1377 0.0021
004 1294 0.0021
004 1135 0.0021
004 671 0.0021
004 963 0.0020
004 698 0.0020
004 1142 0.0020
004 1403 0.0019
004 376 0.0019
004 776 0.0018
004 1485 0.0016
004 1544 0.0016
004 1113 0.0015
004 472 0.0015
004 962 0.0014
004 707 0.0012
005 949 0.2756
005 1176 0.2664
005 760 0.1944
005 1120 0.1820
005 716 0.1777
005 663 0.1683
005 312 0.1598
005 773 0.1587
005 1406 0.1460
005 392 0.1444
005 686 0.1277
005 1530 0.1264
005 1175 0.1260
005 38 0.1252
005 1513 0.1244
005 806 0.1219
005 751 0.1213
005 805 0.1188
005 938 0.1175
005 1240 0.1129
005 927 0.1101
005 517 0.1096
005 744 0.1084
005 329 0.1055
005 503 0.1053
005 742 0.1050
005 1533 0.1045
005 996 0.1037
005 1074 0.1028
005 164 0.1003
005 1096 0.0989
005 1354 0.0988
005 1523 0.0974
005 1070 0.0972
005 969 0.0963
005 942 0.0960
005 1492 0.0959
005 571 0.0952
005 1222 0.0952
005 414 0.0947
005 578 0.0932
005 292 0.0907
005 265 0.0898
005 774 0.0892
005 1020 0.0891
005 362 0.0879
005 620 0.0875
005 848 0.0849
005 1187 0.0833
005 1379 0.0829
005 857 0.0826
005 977 0.0821
005 1117 0.0815
005 1178 0.0805
005 730 0.0801
005 148 0.0789
005 567 0.0785
005 787 0.0783
005 458 0.0775
005 994 0.0766
005 902 0.0764
005 679 0.0760
005 1155 0.0758
005 318 0.0751
005 1016 0.0749
005 485 0.0728
005 212 0.0722
005 1069 0.0714
005 519 0.0700
005 1133 0.0696
005 1058 0.0684
005 846 0.0683
005 1128 0.0681
005 1446 0.0677
005 939 0.0675
005 1192 0.0675
005 381 0.0670
005 504 0.0667
005 1035 0.0665
005 1424 0.0665
005 1205 0.0664
005 1113 0.0663
005 870 0.0661
005 998 0.0645
005 986 0.0642
005 1201 0.0638
005 673 0.0637
005 284 0.0637
005 892 0.0637
005 898 0.0633
005 452 0.0632
005 824 0.0627
005 950 0.0624
005 1271 0.0618
005 378 0.0618
005 1064 0.0613
005 656 0.0612
005 1246 0.0611
005 14 0.0610
005 1263 0.0608
005 1279 0.0605
005 706 0.0605
005 1150 0.0604
005 860 0.0597
005 480 0.0597
005 1188 0.0593
005 627 0.0593
005 397 0.0590
005 741 0.0585
005 461 0.0583
005 1041 0.0579
005 1423 0.0578
005 1089 0.0578
005 489 0.0574
005 861 0.0572
005 997 0.0571
005 423 0.0569
005 445 0.0568
005 331 0.0567
005 1132 0.0559
005 838 0.0552
005 936 0.0550
005 203 0.0550
005 792 0.0548
005 830 0.0548
005 952 0.0547
005 1421 0.0546
005 868 0.0545
005 332 0.0544
005 115 0.0541
005 1383 0.0541
005 558 0.0540
005 1143 0.0538
005 493 0.0537
005 1165 0.0535
005 752 0.0535
005 624 0.0534
005 897 0.0530
005 1357 0.0526
005 559 0.0525
005 839 0.0524
005 437 0.0520
005 1170 0.0518
005 296 0.0517
005 459 0.0516
005 554 0.0516
005 672 0.0516
005 448 0.0513
005 835 0.0509
005 190 0.0509
005 433 0.0507
005 102 0.0506
005 1290 0.0505
005 469 0.0504
005 1528 0.0504
005 970 0.0501
005 1481 0.0498
005 608 0.0497
005 310 0.0496
005 1400 0.0496
005 740 0.0495
005 1030 0.0493
005 577 0.0493
005 1136 0.0489
005 947 0.0489
005 470 0.0488
005 1428 0.0488
005 280 0.0488
005 731 0.0487
005 562 0.0482
005 288 0.0479
005 114 0.0478
005 1476 0.0477
005 735 0.0474
005 412 0.0472
005 1015 0.0471
005 161 0.0465
005 446 0.0465
005 628 0.0460
005 395 0.0460
005 599 0.0458
005 862 0.0458
005 833 0.0457
005 1273 0.0452
005 1443 0.0450
005 1223 0.0450
005 89 0.0449
005 987 0.0440
005 1555 0.0438
005 1550 0.0438
005 1389 0.0438
005 125 0.0437
005 1422 0.0437
005 44 0.0434
005 1378 0.0434
005 229 0.0433
005 1380 0.0432
005 703 0.0430
005 241 0.0430
005 1351 0.0429
005 1419 0.0428
005 701 0.0427
005 1052 0.0426
005 878 0.0424
005 974 0.0423
005 1462 0.0422
005 908 0.0420
005 178 0.0420
005 1193 0.0419
005 484 0.0418
005 54 0.0417
005 477 0.0417
005 281 0.0415
005 1491 0.0415
005 1142 0.0413
005 985 0.0413
005 1285 0.0412
005 193 0.0411
005 1093 0.0407
005 438 0.0406
005 382 0.0405
005 344 0.0402
005 449 0.0401
005 616 0.0401
005 1139 0.0398
005 865 0.0397
005 630 0.0395
005 533 0.0393
005 772 0.0392
005 709 0.0391
005 1407 0.0388
005 1208 0.0388
005 1580 0.0387
005 1582 0.0387
005 842 0.0386
005 668 0.0385
005 633 0.0385
005 1103 0.0384
005 126 0.0384
005 1027 0.0383
005 1036 0.0382
005 988 0.0382
005 591 0.0382
005 646 0.0379
005 973 0.0378
005 1353 0.0378
005 1049 0.0378
005 1532 0.0378
005 1084 0.0377
005 841 0.0376
005 576 0.0376
005 129 0.0375
005 1526 0.0373
005 518 0.0371
005 1508 0.0371
005 1573 0.0370
005 1442 0.0370
005 538 0.0369
005 638 0.0365
005 1401 0.0365
005 695 0.0364
005 816 0.0364
005 930 0.0364
005 1417 0.0363
005 328 0.0362
005 719 0.0360
005 1297 0.0360
005 885 0.0356
005 1294 0.0354
005 595 0.0354
005 501 0.0352
005 864 0.0351
005 80 0.0351
005 1348 0.0350
005 112 0.0350
005 813 0.0350
005 330 0.0350
005 612 0.0350
005 1286 0.0348
005 524 0.0348
005 242 0.0348
005 784 0.0348
005 1551 0.0347
005 953 0.0347
005 1418 0.0347
005 1034 0.0346
005 535 0.0346
005 797 0.0345
005 1023 0.0345
005 1540 0.0341
005 818 0.0340
005 1010 0.0339
005 1224 0.0339
005 1050 0.0339
005 1065 0.0336
005 625 0.0336
005 1365 0.0332
005 836 0.0331
005 1543 0.0330
005 391 0.0330
005 205 0.0330
005 918 0.0329
005 661 0.0327
005 789 0.0327
005 1194 0.0327
005 113 0.0326
005 473 0.0324
005 7 0.0324
005 516 0.0323
005 1177 0.0322
005 1398 0.0320
005 486 0.0320
005 984 0.0319
005 759 0.0317
005 1302 0.0314
005 1325 0.0312
005 825 0.0311
005 1386 0.0308
005 665 0.0308
005 369 0.0307
005 49 0.0307
005 63 0.0307
005 436 0.0307
005 798 0.0306
005 1151 0.0306
005 1196 0.0305
005 1388 0.0305
005 1073 0.0304
005 43 0.0304
005 1095 0.0304
005 1461 0.0303
005 1358 0.0303
005 590 0.0302
005 1362 0.0300
005 1254 0.0299
005 683 0.0298
005 1242 0.0297
005 1257 0.0296
005 427 0.0295
005 228 0.0294
005 88 0.0294
005 972 0.0294
005 357 0.0294
005 426 0.0292
005 465 0.0292
005 66 0.0291
005 979 0.0290
005 721 0.0288
005 992 0.0287
005 631 0.0287
005 614 0.0286
005 1255 0.0285
005 380 0.0284
005 923 0.0283
005 1144 0.0281
005 408 0.0281
005 965 0.0281
005 1565 0.0281
005 746 0.0280
005 1349 0.0280
005 36 0.0279
005 1221 0.0279
005 117 0.0279
005 268 0.0279
005 1203 0.0278
005 536 0.0278
005 136 0.0277
005 854 0.0277
005 1248 0.0277
005 1149 0.0276
005 610 0.0275
005 1460 0.0274
005 932 0.0273
005 924 0.0272
005 581 0.0269
005 1527 0.0269
005 1452 0.0269
005 183 0.0269
005 1179 0.0268
005 1146 0.0267
005 65 0.0267
005 622 0.0265
005 299 0.0265
005 353 0.0265
005 98 0.0263
005 626 0.0263
005 187 0.0263
005 649 0.0262
005 872 0.0261
005 1066 0.0259
005 1333 0.0257
005 905 0.0256
005 177 0.0253
005 967 0.0253
005 1292 0.0252
005 1031 0.0250
005 127 0.0250
005 537 0.0249
005 92 0.0248
005 632 0.0248
005 1455 0.0248
005 776 0.0248
005 141 0.0248
005 502 0.0246
005 1088 0.0245
005 916 0.0243
005 1270 0.0242
005 172 0.0242
005 804 0.0241
005 1515 0.0239
005 1063 0.0238
005 1009 0.0238
005 555 0.0238
005 1552 0.0237
005 194 0.0237
005 210 0.0236
005 1344 0.0235
005 1245 0.0234
005 539 0.0231
005 300 0.0231
005 963 0.0231
005 1307 0.0230
005 243 0.0230
005 451 0.0230
005 1114 0.0230
005 1202 0.0229
005 366 0.0229
005 1071 0.0229
005 1101 0.0229
005 1364 0.0227
005 1116 0.0227
005 3 0.0226
005 587 0.0226
005 266 0.0226
005 1048 0.0225
005 111 0.0224
005 393 0.0224
005 522 0.0224
005 462 0.0224
005 995 0.0224
005 1583 0.0223
005 941 0.0223
005 629 0.0223
005 800 0.0223
005 768 0.0223
005 383 0.0222
005 466 0.0222
005 904 0.0222
005 68 0.0222
005 763 0.0222
005 407 0.0220
005 1134 0.0219
005 937 0.0219
005 962 0.0219
005 1355 0.0219
005 1374 0.0217
005 1077 0.0217
005 24 0.0215
005 837 0.0215
005 200 0.0214
005 648 0.0214
005 1562 0.0214
005 1184 0.0213
005 975 0.0213
005 230 0.0213
005 207 0.0213
005 1531 0.0212
005 277 0.0212
005 435 0.0211
005 729 0.0211
005 1363 0.0210
005 69 0.0210
005 1199 0.0210
005 398 0.0210
005 307 0.0210
005 636 0.0208
005 1558 0.0208
005 189 0.0208
005 1105 0.0207
005 1019 0.0207
005 1441 0.0207
005 714 0.0205
005 1115 0.0204
005 1100 0.0203
005 11 0.0203
005 85 0.0203
005 886 0.0202
005 1312 0.0201
005 321 0.0201
005 764 0.0201
005 181 0.0200
005 720 0.0200
005 1086 0.0199
005 375 0.0198
005 884 0.0198
005 1514 0.0198
005 542 0.0197
005 355 0.0197
005 853 0.0196
005 272 0.0196
005 1396 0.0196
005 1159 0.0195
005 165 0.0194
005 1000 0.0193
005 404 0.0193
005 1336 0.0192
005 875 0.0192
005 1123 0.0191
005 948 0.0191
005 754 0.0191
005 1021 0.0191
005 866 0.0191
005 84 0.0190
005 370 0.0190
005 372 0.0188
005 1519 0.0186
005 1331 0.0185
005 1289 0.0184
005 1092 0.0182
005 1571 0.0182
005 1369 0.0181
005 276 0.0181
005 1516 0.0181
005 882 0.0180
005 858 0.0180
005 4 0.0180
005 1252 0.0180
005 602 0.0180
005 575 0.0179
005 217 0.0179
005 532 0.0178
005 565 0.0177
005 1218 0.0177
005 139 0.0176
005 1563 0.0176
005 290 0.0175
005 463 0.0175
005 515 0.0174
005 651 0.0173
005 1427 0.0173
005 191 0.0172
005 1130 0.0172
005 1054 0.0172
005 53 0.0171
005 1410 0.0171
005 713 0.0170
005 1230 0.0169
005 1472 0.0169
005 1001 0.0169
005 1347 0.0169
005 1334 0.0168
005 1503 0.0168
005 1382 0.0168
005 1318 0.0168
005 196 0.0167
005 1244 0.0167
005 1097 0.0167
005 1295 0.0167
005 1445 0.0166
005 297 0.0166
005 1147 0.0166
005 308 0.0165
005 233 0.0164
005 1256 0.0164
005 724 0.0163
005 1524 0.0162
005 301 0.0162
005 699 0.0162
005 1431 0.0162
005 1545 0.0162
005 914 0.0161
005 1469 0.0161
005 377 0.0161
005 1162 0.0161
005 257 0.0160
005 935 0.0160
005 802 0.0159
005 1345 0.0157
005 338 0.0157
005 87 0.0156
005 255 0.0156
005 641 0.0156
005 580 0.0156
005 1204 0.0156
005 231 0.0155
005 1033 0.0154
005 1032 0.0154
005 244 0.0154
005 256 0.0154
005 1506 0.0153
005 20 0.0153
005 971 0.0152
005 1371 0.0152
005 903 0.0152
005 658 0.0152
005 739 0.0152
005 669 0.0152
005 273 0.0152
005 352 0.0151
005 790 0.0151
005 650 0.0150
005 767 0.0149
005 213 0.0149
005 1282 0.0149
005 964 0.0149
005 389 0.0149
005 551 0.0149
005 1269 0.0148
005 647 0.0148
005 1459 0.0148
005 1501 0.0147
005 410 0.0147
005 1356 0.0146
005 1166 0.0146
005 1385 0.0146
005 1259 0.0145
005 653 0.0145
005 25 0.0145
005 450 0.0145
005 303 0.0144
005 1373 0.0144
005 401 0.0144
005 1477 0.0144
005 1451 0.0143
005 1426 0.0143
005 623 0.0142
005 1483 0.0142
005 29 0.0141
005 1520 0.0141
005 441 0.0141
005 757 0.0141
005 1274 0.0140
005 1040 0.0140
005 1125 0.0140
005 134 0.0140
005 810 0.0139
005 1288 0.0139
005 828 0.0139
005 108 0.0138
005 1458 0.0137
005 1171 0.0137
005 1299 0.0136
005 431 0.0135
005 1323 0.0135
005 652 0.0135
005 655 0.0135
005 593 0.0134
005 597 0.0134
005 137 0.0134
005 643 0.0134
005 1420 0.0134
005 1078 0.0134
005 287 0.0134
005 980 0.0133
005 915 0.0131
005 258 0.0131
005 723 0.0130
005 347 0.0130
005 1381 0.0129
005 385 0.0128
005 817 0.0127
005 966 0.0127
005 615 0.0127
005 1169 0.0126
005 479 0.0126
005 1157 0.0125
005 447 0.0125
005 1154 0.0125
005 635 0.0124
005 468 0.0124
005 475 0.0124
005 1267 0.0124
005 443 0.0123
005 888 0.0123
005 128 0.0123
005 761 0.0122
005 1330 0.0121
005 556 0.0121
005 702 0.0121
005 208 0.0120
005 429 0.0120
005 1475 0.0119
005 617 0.0119
005 1220 0.0118
005 1509 0.0118
005 557 0.0118
005 224 0.0118
005 1214 0.0118
005 843 0.0117
005 1560 0.0117
005 1153 0.0117
005 743 0.0117
005 247 0.0116
005 808 0.0116
005 1484 0.0115
005 1403 0.0115
005 62 0.0115
005 611 0.0115
005 1057 0.0115
005 1529 0.0114
005 529 0.0114
005 351 0.0113
005 691 0.0113
005 324 0.0113
005 777 0.0112
005 1056 0.0112
005 1547 0.0112
005 81 0.0112
005 1083 0.0112
005 12 0.0112
005 482 0.0111
005 152 0.0111
005 1118 0.0111
005 1486 0.0110
005 550 0.0110
005 1301 0.0110
005 795 0.0110
005 750 0.0110
005 1342 0.0110
005 1182 0.0109
005 1499 0.0109
005 674 0.0109
005 294 0.0109
005 859 0.0108
005 1300 0.0108
005 586 0.0108
005 1122 0.0107
005 216 0.0107
005 944 0.0107
005 1467 0.0106
005 1298 0.0105
005 10 0.0105
005 717 0.0104
005 1447 0.0104
005 1538 0.0104
005 1556 0.0104
005 240 0.0103
005 97 0.0103
005 1264 0.0103
005 305 0.0103
005 680 0.0103
005 869 0.0102
005 1047 0.0102
005 201 0.0102
005 373 0.0101
005 1275 0.0101
005 826 0.0101
005 849 0.0101
005 422 0.0100
005 1068 0.0100
005 749 0.0100
005 1387 0.0099
005 21 0.0099
005 316 0.0099
005 1525 0.0099
005 1164 0.0099
005 1546 0.0099
005 832 0.0098
005 1470 0.0098
005 1429 0.0098
005 1281 0.0097
005 1397 0.0097
005 1006 0.0097
005 1561 0.0097
005 413 0.0096
005 894 0.0096
005 880 0.0096
005 803 0.0096
005 472 0.0096
005 326 0.0096
005 195 0.0095
005 563 0.0095
005 289 0.0095
005 704 0.0094
005 1098 0.0094
005 946 0.0094
005 753 0.0093
005 227 0.0093
005 873 0.0092
005 40 0.0092
005 1309 0.0090
005 1440 0.0090
005 566 0.0090
005 637 0.0090
005 1567 0.0089
005 734 0.0089
005 82 0.0089
005 771 0.0088
005 478 0.0088
005 167 0.0088
005 1250 0.0088
005 1112 0.0088
005 684 0.0088
005 1126 0.0087
005 1189 0.0087
005 901 0.0087
005 619 0.0087
005 454 0.0086
005 1361 0.0086
005 891 0.0086
005 345 0.0085
005 1517 0.0085
005 982 0.0085
005 1046 0.0085
005 831 0.0084
005 929 0.0084
005 1091 0.0083
005 1453 0.0082
005 1060 0.0082
005 41 0.0082
005 1465 0.0082
005 334 0.0081
005 56 0.0081
005 823 0.0081
005 135 0.0081
005 491 0.0080
005 432 0.0080
005 855 0.0079
005 1190 0.0079
005 405 0.0079
005 779 0.0079
005 960 0.0078
005 508 0.0078
005 350 0.0078
005 304 0.0078
005 981 0.0078
005 60 0.0077
005 467 0.0077
005 603 0.0077
005 657 0.0076
005 1090 0.0076
005 75 0.0076
005 794 0.0076
005 676 0.0076
005 1207 0.0075
005 283 0.0075
005 358 0.0074
005 1329 0.0074
005 906 0.0074
005 1394 0.0073
005 1328 0.0073
005 1232 0.0073
005 1079 0.0073
005 847 0.0073
005 1156 0.0072
005 1376 0.0072
005 171 0.0072
005 1554 0.0072
005 234 0.0072
005 737 0.0072
005 490 0.0072
005 844 0.0071
005 1425 0.0071
005 747 0.0070
005 163 0.0070
005 871 0.0070
005 99 0.0070
005 1411 0.0070
005 430 0.0070
005 1370 0.0070
005 783 0.0070
005 1272 0.0069
005 1051 0.0069
005 320 0.0069
005 1168 0.0069
005 528 0.0069
005 1327 0.0069
005 133 0.0069
005 1534 0.0069
005 1102 0.0069
005 654 0.0068
005 1055 0.0068
005 1433 0.0068
005 496 0.0068
005 1238 0.0068
005 1231 0.0067
005 363 0.0067
005 1539 0.0067
005 1217 0.0067
005 50 0.0067
005 585 0.0067
005 1265 0.0067
005 138 0.0067
005 1249 0.0067
005 1495 0.0066
005 733 0.0066
005 660 0.0066
005 6 0.0066
005 852 0.0066
005 1493 0.0065
005 39 0.0065
005 600 0.0064
005 1106 0.0064
005 317 0.0064
005 732 0.0064
005 1081 0.0064
005 1315 0.0064
005 917 0.0064
005 640 0.0063
005 664 0.0063
005 549 0.0063
005 1436 0.0063
005 293 0.0063
005 1293 0.0062
005 245 0.0062
005 1375 0.0062
005 492 0.0062
005 1026 0.0061
005 73 0.0061
005 248 0.0061
005 1482 0.0061
005 968 0.0061
005 896 0.0060
005 488 0.0060
005 1384 0.0060
005 573 0.0060
005 801 0.0060
005 93 0.0059
005 1559 0.0059
005 999 0.0059
005 811 0.0059
005 1352 0.0058
005 440 0.0058
005 271 0.0058
005 1536 0.0058
005 1308 0.0057
005 1335 0.0057
005 1463 0.0057
005 1391 0.0057
005 712 0.0056
005 1180 0.0056
005 1229 0.0056
005 1287 0.0056
005 1366 0.0056
005 176 0.0056
005 199 0.0056
005 1276 0.0056
005 157 0.0055
005 1111 0.0055
005 1135 0.0055
005 471 0.0054
005 1022 0.0054
005 1507 0.0053
005 1075 0.0053
005 1490 0.0053
005 877 0.0053
005 1127 0.0053
005 1479 0.0053
005 510 0.0053
005 605 0.0053
005 322 0.0053
005 799 0.0053
005 955 0.0052
005 1268 0.0052
005 722 0.0052
005 1260 0.0052
005 1239 0.0051
005 1197 0.0051
005 1518 0.0051
005 1510 0.0051
005 820 0.0051
005 155 0.0051
005 1474 0.0051
005 1456 0.0050
005 70 0.0050
005 1119 0.0050
005 1160 0.0050
005 361 0.0049
005 696 0.0049
005 1043 0.0048
005 840 0.0048
005 1067 0.0047
005 1278 0.0047
005 1313 0.0047
005 1008 0.0047
005 309 0.0046
005 1129 0.0046
005 1283 0.0046
005 1186 0.0046
005 143 0.0046
005 460 0.0046
005 850 0.0046
005 1494 0.0045
005 71 0.0045
005 1500 0.0045
005 1450 0.0044
005 1024 0.0044
005 1414 0.0044
005 845 0.0043
005 1181 0.0043
005 1317 0.0043
005 327 0.0043
005 707 0.0043
005 336 0.0042
005 671 0.0042
005 145 0.0041
005 409 0.0041
005 1028 0.0041
005 1553 0.0041
005 1314 0.0040
005 1014 0.0040
005 1174 0.0040
005 396 0.0040
005 1466 0.0039
005 925 0.0039
005 367 0.0038
005 179 0.0037
005 893 0.0037
005 1243 0.0036
005 46 0.0036
005 77 0.0036
005 1085 0.0035
005 91 0.0035
005 961 0.0034
005 909 0.0034
005 851 0.0034
005 1377 0.0033
005 976 0.0032
005 1544 0.0032
005 1505 0.0032
005 1332 0.0032
005 1434 0.0032
005 455 0.0031
005 1449 0.0031
005 106 0.0031
005 1444 0.0030
005 863 0.0030
005 1409 0.0030
005 1253 0.0030
005 1061 0.0029
005 693 0.0029
005 1191 0.0029
005 474 0.0028
005 1304 0.0028
005 61 0.0027
005 1228 0.0027
005 613 0.0016
006 486 0.2053
006 1250 0.1897
006 177 0.1443
006 1252 0.1301
006 934 0.1146
006 892 0.1081
006 1232 0.1056
006 288 0.1044
006 196 0.1026
006 264 0.1008
006 35 0.0979
006 467 0.0974
006 86 0.0944
006 383 0.0942
006 361 0.0942
006 106 0.0938
006 494 0.0924
006 945 0.0836
006 793 0.0834
006 1168 0.0824
006 565 0.0820
006 163 0.0811
006 1290 0.0811
006 222 0.0806
006 1534 0.0791
006 1428 0.0785
006 85 0.0782
006 88 0.0765
006 933 0.0757
006 346 0.0737
006 360 0.0718
006 852 0.0706
006 932 0.0687
006 1222 0.0680
006 558 0.0678
006 33 0.0672
006 533 0.0670
006 997 0.0664
006 1173 0.0664
006 639 0.0656
006 1205 0.0637
006 1236 0.0629
006 682 0.0629
006 991 0.0629
006 1291 0.0616
006 213 0.0601
006 484 0.0592
006 369 0.0592
006 518 0.0587
006 528 0.0584
006 181 0.0583
006 66 0.0583
006 236 0.0576
006 1154 0.0574
006 1012 0.0556
006 417 0.0553
006 341 0.0544
006 43 0.0542
006 439 0.0541
006 1567 0.0538
006 731 0.0534
006 293 0.0523
006 73 0.0520
006 904 0.0518
006 54 0.0517
006 1284 0.0511
006 184 0.0511
006 315 0.0508
006 61 0.0505
006 1009 0.0502
006 763 0.0499
006 40 0.0476
006 873 0.0465
006 732 0.0449
006 841 0.0448
006 1561 0.0445
006 514 0.0445
006 1469 0.0443
006 162 0.0434
006 155 0.0430
006 1147 0.0428
006 1052 0.0423
006 1160 0.0423
006 1150 0.0423
006 1181 0.0421
006 37 0.0410
006 621 0.0410
006 861 0.0409
006 69 0.0405
006 935 0.0404
006 363 0.0403
006 547 0.0398
006 515 0.0396
006 885 0.0396
006 891 0.0394
006 1159 0.0388
006 312 0.0379
006 1089 0.0376
006 737 0.0371
006 275 0.0368
006 637 0.0364
006 781 0.0363
006 1258 0.0357
006 766 0.0356
006 632 0.0352
006 216 0.0348
006 1553 0.0344
006 1138 0.0336
006 981 0.0335
006 736 0.0334
006 1426 0.0332
006 233 0.0331
006 367 0.0320
006 1433 0.0315
006 1271 0.0315
006 695 0.0314
006 371 0.0312
006 1140 0.0310
006 77 0.0303
006 1166 0.0302
006 65 0.0301
006 999 0.0298
006 806 0.0295
006 277 0.0281
006 818 0.0279
006 1342 0.0278
006 718 0.0272
006 412 0.0271
006 1521 0.0264
006 1000 0.0263
006 1465 0.0261
006 503 0.0261
006 996 0.0256
006 1075 0.0256
006 114 0.0246
006 830 0.0245
006 210 0.0244
006 1191 0.0243
006 1317 0.0238
006 1119 0.0236
006 1403 0.0235
006 240 0.0232
006 145 0.0230
006 628 0.0222
006 531 0.0221
006 380 0.0221
006 1358 0.0218
006 171 0.0218
006 707 0.0214
006 68 0.0214
006 566 0.0212
006 75 0.0210
006 794 0.0210
006 1506 0.0209
006 704 0.0203
006 1396 0.0203
006 1056 0.0202
006 1413 0.0202
006 742 0.0199
006 1034 0.0196
006 350 0.0195
006 1037 0.0182
006 969 0.0179
006 1087 0.0175
006 642 0.0175
006 631 0.0175
006 842 0.0170
006 947 0.0169
006 1344 0.0160
006 626 0.0158
006 11 0.0156
006 1036 0.0156
006 1502 0.0155
006 1195 0.0153
006 97 0.0152
006 1208 0.0152
006 1040 0.0151
006 36 0.0151
006 1540 0.0150
006 1099 0.0150
006 52 0.0148
006 482 0.0147
006 675 0.0143
006 1323 0.0143
006 425 0.0142
006 309 0.0140
006 629 0.0140
006 204 0.0139
006 1371 0.0136
006 823 0.0134
006 492 0.0133
006 764 0.0133
006 988 0.0131
006 1067 0.0130
006 1129 0.0129
006 472 0.0128
006 894 0.0126
006 1275 0.0123
006 330 0.0121
006 580 0.0120
006 396 0.0119
006 942 0.0117
006 925 0.0117
006 817 0.0114
006 776 0.0114
006 1015 0.0114
006 1361 0.0113
006 698 0.0113
006 390 0.0112
006 1461 0.0110
006 721 0.0110
006 230 0.0109
006 215 0.0107
006 611 0.0106
006 590 0.0104
006 700 0.0103
006 1301 0.0101
006 1334 0.0100
006 896 0.0100
006 1335 0.0096
006 799 0.0094
006 1298 0.0093
006 1113 0.0092
006 984 0.0091
006 886 0.0080
006 1048 0.0079
006 1470 0.0073
006 767 0.0069
007 1436 0.2904
007 983 0.2672
007 737 0.2543
007 1534 0.2531
007 1326 0.2429
007 354 0.2274
007 917 0.2030
007 1471 0.1976
007 1324 0.1948
007 1280 0.1798
007 945 0.1750
007 1514 0.1745
007 1131 0.1669
007 518 0.1654
007 1527 0.1613
007 775 0.1572
007 1141 0.1549
007 978 0.1494
007 662 0.1487
007 572 0.1427
007 34 0.1407
007 446 0.1320
007 1353 0.1308
007 493 0.1283
007 771 0.1275
007 717 0.1267
007 383 0.1248
007 281 0.1232
007 934 0.1223
007 270 0.1177
007 905 0.1168
007 88 0.1154
007 1493 0.1151
007 674 0.1150
007 1523 0.1130
007 1078 0.1120
007 393 0.1108
007 1067 0.1102
007 883 0.1101
007 1551 0.1098
007 1458 0.1072
007 1210 0.1065
007 1023 0.1061
007 888 0.1053
007 73 0.1024
007 1508 0.1011
007 66 0.1010
007 533 0.1007
007 1136 0.1002
007 1152 0.1002
007 1270 0.0970
007 1140 0.0961
007 949 0.0961
007 184 0.0952
007 346 0.0932
007 1311 0.0919
007 1032 0.0915
007 1469 0.0902
007 682 0.0898
007 367 0.0889
007 360 0.0886
007 155 0.0884
007 623 0.0881
007 1473 0.0881
007 1463 0.0878
007 1009 0.0875
007 638 0.0873
007 36 0.0858
007 1500 0.0857
007 1191 0.0853
007 1057 0.0851
007 238 0.0836
007 233 0.0825
007 173 0.0823
007 997 0.0820
007 514 0.0812
007 163 0.0808
007 1344 0.0808
007 1207 0.0801
007 1355 0.0786
007 1236 0.0777
007 417 0.0772
007 525 0.0772
007 394 0.0771
007 1232 0.0766
007 921 0.0759
007 1077 0.0759
007 515 0.0757
007 528 0.0755
007 637 0.0750
007 1069 0.0740
007 162 0.0738
007 181 0.0737
007 1356 0.0732
007 369 0.0731
007 1065 0.0725
007 1007 0.0721
007 1337 0.0711
007 763 0.0710
007 1109 0.0702
007 933 0.0698
007 811 0.0695
007 677 0.0685
007 639 0.0684
007 877 0.0682
007 1284 0.0680
007 1012 0.0679
007 610 0.0676
007 810 0.0675
007 999 0.0674
007 1160 0.0672
007 614 0.0670
007 439 0.0669
007 54 0.0668
007 1462 0.0666
007 621 0.0660
007 1549 0.0655
007 980 0.0648
007 1402 0.0640
007 1357 0.0639
007 1409 0.0638
007 1122 0.0638
007 1319 0.0636
007 1138 0.0629
007 1415 0.0627
007 1174 0.0623
007 1301 0.0620
007 1317 0.0618
007 961 0.0616
007 1441 0.0605
007 1540 0.0604
007 1318 0.0603
007 1495 0.0599
007 196 0.0599
007 907 0.0599
007 973 0.0596
007 372 0.0593
007 340 0.0592
007 464 0.0592
007 46 0.0591
007 40 0.0588
007 839 0.0587
007 948 0.0587
007 1509 0.0582
007 1283 0.0576
007 1162 0.0576
007 770 0.0574
007 1271 0.0572
007 852 0.0571
007 860 0.0568
007 831 0.0564
007 563 0.0559
007 1190 0.0559
007 1022 0.0552
007 321 0.0551
007 769 0.0551
007 69 0.0550
007 397 0.0550
007 806 0.0545
007 37 0.0542
007 801 0.0540
007 172 0.0539
007 994 0.0539
007 1460 0.0538
007 28 0.0536
007 1150 0.0535
007 4 0.0534
007 768 0.0533
007 889 0.0531
007 683 0.0530
007 547 0.0527
007 761 0.0525
007 919 0.0523
007 1100 0.0521
007 214 0.0520
007 1323 0.0519
007 164 0.0514
007 914 0.0512
007 1468 0.0509
007 436 0.0509
007 1360 0.0508
007 862 0.0508
007 1105 0.0507
007 1274 0.0506
007 1328 0.0504
007 672 0.0504
007 422 0.0503
007 1518 0.0501
007 29 0.0498
007 1132 0.0498
007 1513 0.0497
007 460 0.0494
007 443 0.0493
007 1040 0.0492
007 1517 0.0486
007 197 0.0486
007 1432 0.0485
007 895 0.0482
007 1103 0.0480
007 956 0.0476
007 102 0.0476
007 720 0.0475
007 1536 0.0475
007 47 0.0471
007 412 0.0468
007 138 0.0467
007 1396 0.0467
007 1299 0.0467
007 668 0.0467
007 1430 0.0462
007 1145 0.0462
007 1144 0.0460
007 734 0.0458
007 859 0.0456
007 751 0.0453
007 1243 0.0452
007 605 0.0451
007 716 0.0448
007 263 0.0447
007 887 0.0447
007 324 0.0442
007 878 0.0442
007 1289 0.0441
007 381 0.0440
007 1199 0.0439
007 483 0.0439
007 1342 0.0438
007 1576 0.0438
007 732 0.0438
007 954 0.0435
007 491 0.0435
007 1564 0.0433
007 61 0.0432
007 1566 0.0430
007 1212 0.0429
007 322 0.0422
007 711 0.0421
007 1281 0.0419
007 1035 0.0418
007 489 0.0418
007 651 0.0417
007 942 0.0416
007 904 0.0415
007 1521 0.0413
007 920 0.0413
007 257 0.0412
007 1528 0.0412
007 402 0.0411
007 990 0.0410
007 743 0.0410
007 909 0.0409
007 991 0.0408
007 554 0.0408
007 351 0.0407
007 25 0.0407
007 1547 0.0407
007 565 0.0403
007 821 0.0403
007 1121 0.0402
007 77 0.0402
007 1101 0.0401
007 208 0.0401
007 1305 0.0400
007 736 0.0399
007 564 0.0398
007 1464 0.0396
007 1014 0.0395
007 207 0.0395
007 243 0.0395
007 794 0.0394
007 1194 0.0394
007 1376 0.0390
007 194 0.0389
007 1051 0.0388
007 1548 0.0387
007 986 0.0386
007 1099 0.0385
007 1346 0.0385
007 963 0.0383
007 216 0.0383
007 1386 0.0382
007 297 0.0379
007 1272 0.0378
007 1310 0.0377
007 1258 0.0375
007 535 0.0374
007 536 0.0371
007 616 0.0369
007 916 0.0369
007 830 0.0369
007 255 0.0368
007 1176 0.0366
007 221 0.0366
007 1259 0.0366
007 1313 0.0366
007 834 0.0365
007 1268 0.0364
007 293 0.0364
007 818 0.0363
007 1503 0.0363
007 145 0.0362
007 1015 0.0362
007 953 0.0361
007 1368 0.0361
007 329 0.0357
007 721 0.0356
007 1245 0.0352
007 1295 0.0352
007 1229 0.0351
007 505 0.0351
007 178 0.0351
007 347 0.0350
007 627 0.0350
007 114 0.0348
007 1253 0.0345
007 378 0.0344
007 575 0.0342
007 653 0.0341
007 1537 0.0341
007 212 0.0340
007 625 0.0340
007 1461 0.0340
007 1143 0.0339
007 1028 0.0339
007 802 0.0339
007 1325 0.0338
007 1546 0.0338
007 1034 0.0337
007 1206 0.0335
007 71 0.0335
007 143 0.0334
007 63 0.0333
007 1159 0.0332
007 657 0.0331
007 125 0.0331
007 1370 0.0330
007 1076 0.0328
007 1134 0.0328
007 455 0.0327
007 1209 0.0325
007 685 0.0324
007 1410 0.0324
007 205 0.0321
007 1260 0.0321
007 48 0.0320
007 856 0.0320
007 1481 0.0319
007 1225 0.0317
007 355 0.0317
007 126 0.0315
007 955 0.0312
007 1484 0.0311
007 868 0.0311
007 1185 0.0310
007 32 0.0309
007 1074 0.0309
007 502 0.0309
007 1180 0.0308
007 1098 0.0307
007 1569 0.0306
007 1128 0.0304
007 586 0.0302
007 838 0.0302
007 1411 0.0301
007 1219 0.0300
007 269 0.0298
007 1454 0.0298
007 796 0.0297
007 1340 0.0296
007 1046 0.0296
007 1300 0.0295
007 421 0.0294
007 787 0.0294
007 1030 0.0293
007 576 0.0293
007 1424 0.0293
007 1336 0.0291
007 379 0.0291
007 1016 0.0291
007 1375 0.0291
007 1335 0.0290
007 1226 0.0289
007 5 0.0289
007 640 0.0288
007 660 0.0288
007 1198 0.0286
007 117 0.0286
007 1447 0.0285
007 714 0.0282
007 754 0.0282
007 513 0.0280
007 943 0.0279
007 1352 0.0279
007 400 0.0278
007 925 0.0278
007 733 0.0278
007 911 0.0275
007 1398 0.0274
007 1129 0.0274
007 924 0.0274
007 1474 0.0273
007 783 0.0272
007 406 0.0272
007 215 0.0271
007 695 0.0271
007 559 0.0271
007 1545 0.0271
007 1000 0.0270
007 108 0.0270
007 696 0.0268
007 1230 0.0268
007 952 0.0268
007 1223 0.0268
007 702 0.0268
007 867 0.0267
007 532 0.0266
007 1254 0.0266
007 1577 0.0264
007 252 0.0264
007 486 0.0264
007 1120 0.0264
007 517 0.0262
007 679 0.0260
007 841 0.0259
007 1282 0.0259
007 140 0.0258
007 1393 0.0258
007 1008 0.0258
007 654 0.0257
007 1302 0.0257
007 687 0.0256
007 247 0.0255
007 60 0.0254
007 630 0.0252
007 1083 0.0252
007 523 0.0250
007 230 0.0250
007 998 0.0250
007 453 0.0250
007 670 0.0249
007 335 0.0249
007 700 0.0249
007 1427 0.0249
007 1204 0.0249
007 227 0.0248
007 273 0.0248
007 1367 0.0247
007 1277 0.0247
007 846 0.0247
007 588 0.0247
007 228 0.0247
007 646 0.0246
007 437 0.0245
007 826 0.0244
007 416 0.0244
007 1413 0.0244
007 1037 0.0244
007 157 0.0242
007 1364 0.0241
007 774 0.0241
007 609 0.0241
007 1330 0.0241
007 1182 0.0240
007 1308 0.0240
007 1164 0.0240
007 655 0.0239
007 1241 0.0239
007 534 0.0238
007 1320 0.0238
007 876 0.0237
007 745 0.0237
007 822 0.0236
007 797 0.0236
007 1541 0.0236
007 1085 0.0236
007 1431 0.0236
007 910 0.0235
007 762 0.0235
007 1372 0.0235
007 1279 0.0234
007 456 0.0233
007 1487 0.0231
007 1104 0.0231
007 254 0.0231
007 573 0.0231
007 435 0.0230
007 1256 0.0230
007 1446 0.0229
007 603 0.0229
007 81 0.0229
007 1156 0.0228
007 622 0.0228
007 574 0.0228
007 748 0.0228
007 871 0.0227
007 1114 0.0226
007 1003 0.0226
007 344 0.0225
007 23 0.0225
007 1094 0.0225
007 546 0.0223
007 1553 0.0220
007 1385 0.0219
007 602 0.0219
007 808 0.0219
007 312 0.0219
007 326 0.0219
007 315 0.0219
007 1382 0.0218
007 213 0.0218
007 1303 0.0217
007 1332 0.0216
007 843 0.0216
007 1183 0.0216
007 1529 0.0216
007 652 0.0214
007 150 0.0214
007 1434 0.0213
007 823 0.0213
007 793 0.0213
007 434 0.0211
007 691 0.0209
007 1287 0.0209
007 1161 0.0209
007 977 0.0209
007 929 0.0209
007 1516 0.0208
007 507 0.0207
007 742 0.0207
007 410 0.0206
007 529 0.0205
007 110 0.0202
007 912 0.0202
007 476 0.0201
007 583 0.0201
007 1173 0.0200
007 741 0.0200
007 83 0.0200
007 671 0.0200
007 1501 0.0199
007 1097 0.0199
007 937 0.0199
007 1520 0.0198
007 598 0.0197
007 413 0.0197
007 386 0.0197
007 1425 0.0196
007 1414 0.0193
007 1087 0.0193
007 959 0.0192
007 1507 0.0192
007 200 0.0192
007 1395 0.0192
007 886 0.0191
007 1574 0.0191
007 675 0.0190
007 170 0.0190
007 577 0.0189
007 103 0.0189
007 1018 0.0188
007 1480 0.0187
007 267 0.0187
007 414 0.0187
007 719 0.0186
007 1168 0.0186
007 785 0.0186
007 984 0.0186
007 795 0.0185
007 935 0.0185
007 1512 0.0185
007 1252 0.0185
007 1426 0.0184
007 968 0.0183
007 361 0.0182
007 496 0.0182
007 426 0.0181
007 511 0.0181
007 780 0.0180
007 1467 0.0180
007 624 0.0179
007 348 0.0179
007 1024 0.0178
007 612 0.0178
007 142 0.0178
007 718 0.0178
007 144 0.0177
007 884 0.0177
007 641 0.0176
007 813 0.0176
007 1047 0.0176
007 433 0.0176
007 509 0.0176
007 738 0.0175
007 1539 0.0175
007 908 0.0174
007 1570 0.0174
007 1307 0.0173
007 330 0.0173
007 766 0.0173
007 1095 0.0173
007 1005 0.0172
007 1251 0.0172
007 828 0.0172
007 1246 0.0171
007 665 0.0170
007 190 0.0170
007 232 0.0169
007 1384 0.0169
007 420 0.0168
007 703 0.0168
007 1429 0.0168
007 135 0.0167
007 1423 0.0167
007 1220 0.0166
007 506 0.0166
007 727 0.0166
007 1203 0.0165
007 1119 0.0165
007 815 0.0165
007 913 0.0165
007 938 0.0165
007 472 0.0164
007 850 0.0164
007 468 0.0164
007 993 0.0164
007 444 0.0164
007 1221 0.0163
007 1019 0.0163
007 590 0.0163
007 39 0.0162
007 1371 0.0162
007 790 0.0162
007 1090 0.0162
007 53 0.0162
007 158 0.0161
007 62 0.0161
007 1524 0.0161
007 44 0.0160
007 626 0.0160
007 1532 0.0160
007 183 0.0159
007 1058 0.0158
007 604 0.0158
007 300 0.0158
007 242 0.0158
007 676 0.0157
007 1149 0.0157
007 928 0.0157
007 337 0.0156
007 484 0.0156
007 264 0.0154
007 829 0.0154
007 154 0.0153
007 1349 0.0153
007 531 0.0153
007 666 0.0153
007 875 0.0152
007 149 0.0152
007 427 0.0152
007 319 0.0152
007 1063 0.0152
007 739 0.0151
007 1118 0.0151
007 777 0.0151
007 136 0.0151
007 508 0.0150
007 474 0.0150
007 104 0.0150
007 1543 0.0150
007 746 0.0150
007 26 0.0149
007 1211 0.0149
007 384 0.0149
007 1218 0.0148
007 694 0.0148
007 786 0.0148
007 408 0.0147
007 1526 0.0147
007 521 0.0147
007 752 0.0147
007 191 0.0145
007 824 0.0143
007 896 0.0143
007 519 0.0143
007 1126 0.0143
007 291 0.0143
007 1020 0.0142
007 1359 0.0142
007 1478 0.0142
007 566 0.0142
007 111 0.0142
007 1492 0.0141
007 827 0.0141
007 1240 0.0141
007 975 0.0141
007 697 0.0141
007 750 0.0140
007 283 0.0140
007 985 0.0140
007 471 0.0140
007 11 0.0139
007 447 0.0139
007 1538 0.0139
007 836 0.0139
007 308 0.0139
007 632 0.0139
007 1214 0.0139
007 451 0.0138
007 220 0.0138
007 1557 0.0138
007 1422 0.0137
007 1511 0.0137
007 159 0.0137
007 1070 0.0137
007 1010 0.0137
007 280 0.0136
007 879 0.0136
007 1483 0.0135
007 222 0.0135
007 594 0.0135
007 1374 0.0135
007 906 0.0134
007 865 0.0134
007 1075 0.0134
007 1456 0.0134
007 449 0.0133
007 524 0.0133
007 403 0.0132
007 853 0.0132
007 1079 0.0131
007 1155 0.0131
007 1489 0.0131
007 389 0.0131
007 1073 0.0131
007 1341 0.0131
007 1571 0.0131
007 567 0.0130
007 193 0.0130
007 648 0.0130
007 617 0.0130
007 1026 0.0129
007 982 0.0129
007 722 0.0128
007 504 0.0128
007 784 0.0128
007 1327 0.0128
007 726 0.0128
007 1400 0.0128
007 485 0.0127
007 279 0.0127
007 814 0.0126
007 550 0.0126
007 1257 0.0126
007 129 0.0126
007 268 0.0125
007 224 0.0125
007 130 0.0125
007 180 0.0125
007 773 0.0124
007 1197 0.0124
007 658 0.0124
007 1053 0.0124
007 284 0.0124
007 22 0.0123
007 869 0.0123
007 64 0.0123
007 217 0.0123
007 1175 0.0123
007 78 0.0122
007 1081 0.0122
007 527 0.0121
007 607 0.0121
007 295 0.0121
007 706 0.0121
007 1466 0.0121
007 1552 0.0120
007 1309 0.0120
007 241 0.0120
007 357 0.0120
007 481 0.0119
007 951 0.0119
007 15 0.0119
007 526 0.0118
007 123 0.0118
007 20 0.0118
007 1419 0.0118
007 1579 0.0117
007 107 0.0116
007 782 0.0116
007 235 0.0116
007 431 0.0116
007 101 0.0116
007 1060 0.0115
007 1502 0.0115
007 292 0.0115
007 1056 0.0115
007 469 0.0114
007 855 0.0114
007 1331 0.0114
007 457 0.0113
007 962 0.0111
007 8 0.0109
007 705 0.0109
007 582 0.0109
007 1048 0.0109
007 595 0.0109
007 1421 0.0108
007 401 0.0108
007 1265 0.0108
007 182 0.0108
007 1486 0.0107
007 1550 0.0107
007 1262 0.0107
007 490 0.0107
007 1072 0.0107
007 885 0.0106
007 294 0.0106
007 258 0.0106
007 673 0.0106
007 55 0.0106
007 438 0.0106
007 395 0.0106
007 569 0.0105
007 1373 0.0105
007 805 0.0105
007 307 0.0105
007 338 0.0104
007 1338 0.0104
007 179 0.0104
007 799 0.0104
007 903 0.0104
007 941 0.0103
007 286 0.0103
007 1391 0.0102
007 287 0.0102
007 1378 0.0102
007 629 0.0101
007 43 0.0101
007 1275 0.0101
007 1440 0.0101
007 259 0.0101
007 289 0.0101
007 1 0.0101
007 1068 0.0101
007 452 0.0100
007 1031 0.0100
007 510 0.0100
007 772 0.0099
007 237 0.0099
007 341 0.0099
007 1455 0.0099
007 488 0.0098
007 664 0.0098
007 240 0.0098
007 844 0.0098
007 1321 0.0098
007 113 0.0098
007 791 0.0097
007 585 0.0097
007 1006 0.0097
007 1418 0.0097
007 1476 0.0097
007 59 0.0097
007 1470 0.0096
007 166 0.0096
007 631 0.0096
007 561 0.0096
007 1433 0.0095
007 186 0.0095
007 3 0.0095
007 619 0.0094
007 659 0.0094
007 781 0.0094
007 1583 0.0094
007 442 0.0093
007 600 0.0093
007 185 0.0093
007 1142 0.0093
007 915 0.0092
007 820 0.0092
007 299 0.0091
007 132 0.0091
007 199 0.0091
007 580 0.0091
007 345 0.0091
007 922 0.0091
007 432 0.0090
007 1050 0.0090
007 1442 0.0090
007 342 0.0089
007 1350 0.0089
007 1133 0.0089
007 1381 0.0088
007 1448 0.0088
007 127 0.0088
007 1315 0.0087
007 1278 0.0087
007 1379 0.0087
007 663 0.0087
007 371 0.0087
007 1531 0.0087
007 497 0.0087
007 226 0.0087
007 537 0.0086
007 231 0.0086
007 599 0.0086
007 310 0.0086
007 1127 0.0086
007 1166 0.0086
007 1153 0.0085
007 374 0.0085
007 134 0.0085
007 423 0.0085
007 424 0.0084
007 100 0.0084
007 246 0.0084
007 349 0.0083
007 1339 0.0083
007 849 0.0082
007 1322 0.0082
007 198 0.0082
007 124 0.0081
007 723 0.0081
007 969 0.0081
007 988 0.0081
007 290 0.0080
007 80 0.0080
007 1348 0.0080
007 90 0.0080
007 1001 0.0079
007 119 0.0079
007 960 0.0079
007 494 0.0079
007 740 0.0079
007 699 0.0079
007 1235 0.0078
007 1525 0.0078
007 854 0.0078
007 1117 0.0078
007 1276 0.0078
007 845 0.0078
007 684 0.0078
007 86 0.0078
007 89 0.0078
007 712 0.0077
007 19 0.0077
007 1575 0.0077
007 1108 0.0076
007 728 0.0076
007 1347 0.0076
007 661 0.0076
007 1451 0.0076
007 578 0.0076
007 1154 0.0076
007 459 0.0076
007 265 0.0076
007 1533 0.0076
007 1255 0.0075
007 1170 0.0075
007 709 0.0075
007 1351 0.0074
007 613 0.0074
007 168 0.0074
007 1250 0.0074
007 1361 0.0074
007 967 0.0074
007 1578 0.0074
007 649 0.0073
007 366 0.0073
007 387 0.0073
007 261 0.0073
007 866 0.0073
007 1055 0.0072
007 1572 0.0072
007 1345 0.0072
007 425 0.0072
007 1217 0.0071
007 236 0.0071
007 121 0.0071
007 1171 0.0071
007 555 0.0071
007 1224 0.0070
007 112 0.0070
007 1137 0.0070
007 9 0.0070
007 256 0.0070
007 106 0.0070
007 964 0.0070
007 591 0.0069
007 817 0.0069
007 276 0.0069
007 204 0.0069
007 1298 0.0068
007 76 0.0068
007 1459 0.0068
007 1380 0.0067
007 171 0.0067
007 1123 0.0067
007 715 0.0067
007 893 0.0067
007 1163 0.0067
007 68 0.0066
007 244 0.0066
007 1021 0.0066
007 296 0.0066
007 987 0.0065
007 744 0.0065
007 589 0.0064
007 139 0.0064
007 1179 0.0064
007 558 0.0064
007 309 0.0064
007 593 0.0063
007 1445 0.0063
007 1488 0.0063
007 467 0.0063
007 161 0.0063
007 669 0.0063
007 332 0.0062
007 1089 0.0062
007 1369 0.0062
007 305 0.0061
007 318 0.0061
007 981 0.0061
007 153 0.0061
007 825 0.0061
007 304 0.0061
007 882 0.0060
007 1556 0.0059
007 1181 0.0059
007 398 0.0059
007 1147 0.0059
007 1177 0.0058
007 115 0.0058
007 587 0.0058
007 1505 0.0057
007 890 0.0057
007 832 0.0057
007 482 0.0056
007 499 0.0056
007 512 0.0056
007 562 0.0056
007 847 0.0056
007 1071 0.0055
007 1029 0.0055
007 1449 0.0055
007 1297 0.0055
007 1312 0.0054
007 693 0.0054
007 1115 0.0054
007 91 0.0054
007 1059 0.0053
007 1333 0.0053
007 487 0.0053
007 320 0.0053
007 584 0.0052
007 206 0.0052
007 965 0.0052
007 608 0.0052
007 462 0.0052
007 470 0.0052
007 1169 0.0052
007 1261 0.0051
007 223 0.0051
007 187 0.0051
007 1042 0.0051
007 1178 0.0051
007 1052 0.0050
007 461 0.0050
007 58 0.0049
007 1113 0.0049
007 1188 0.0049
007 1510 0.0049
007 1049 0.0048
007 633 0.0048
007 122 0.0048
007 1291 0.0047
007 503 0.0047
007 1401 0.0047
007 1033 0.0047
007 804 0.0047
007 1515 0.0046
007 1438 0.0046
007 874 0.0046
007 1293 0.0046
007 450 0.0046
007 1216 0.0046
007 176 0.0046
007 1013 0.0045
007 1195 0.0045
007 480 0.0045
007 1064 0.0045
007 971 0.0045
007 288 0.0045
007 253 0.0044
007 160 0.0044
007 331 0.0044
007 147 0.0044
007 271 0.0044
007 1453 0.0044
007 448 0.0043
007 475 0.0043
007 441 0.0043
007 95 0.0043
007 92 0.0043
007 863 0.0043
007 12 0.0043
007 1269 0.0042
007 542 0.0042
007 735 0.0042
007 428 0.0042
007 592 0.0042
007 996 0.0042
007 93 0.0041
007 902 0.0041
007 1366 0.0041
007 1334 0.0040
007 1491 0.0040
007 1314 0.0040
007 1273 0.0039
007 936 0.0039
007 201 0.0039
007 539 0.0039
007 85 0.0039
007 97 0.0038
007 1558 0.0038
007 79 0.0038
007 1389 0.0038
007 42 0.0038
007 1264 0.0038
007 549 0.0038
007 1227 0.0038
007 245 0.0037
007 894 0.0037
007 840 0.0036
007 1354 0.0036
007 195 0.0036
007 1450 0.0036
007 686 0.0036
007 250 0.0036
007 927 0.0036
007 1092 0.0035
007 1568 0.0035
007 958 0.0035
007 65 0.0034
007 1025 0.0034
007 14 0.0034
007 570 0.0034
007 1066 0.0034
007 835 0.0033
007 707 0.0033
007 375 0.0033
007 1477 0.0033
007 109 0.0032
007 336 0.0032
007 473 0.0032
007 747 0.0031
007 1565 0.0031
007 1205 0.0030
007 1187 0.0030
007 82 0.0030
007 1358 0.0030
007 689 0.0030
007 760 0.0029
007 1365 0.0029
007 325 0.0029
007 1036 0.0028
007 1399 0.0028
007 38 0.0028
007 1390 0.0028
007 118 0.0028
007 1530 0.0028
007 1292 0.0027
007 362 0.0027
007 1542 0.0027
007 203 0.0027
007 99 0.0027
007 1184 0.0027
007 944 0.0026
007 1490 0.0026
007 1582 0.0026
007 1093 0.0026
007 597 0.0026
007 1377 0.0025
007 1294 0.0025
007 251 0.0024
007 1387 0.0024
007 1192 0.0024
007 146 0.0024
007 764 0.0023
007 1573 0.0023
007 864 0.0023
007 606 0.0023
007 49 0.0023
007 370 0.0023
007 1080 0.0023
007 581 0.0023
007 858 0.0022
007 1567 0.0022
007 152 0.0021
007 327 0.0021
007 972 0.0021
007 156 0.0021
007 429 0.0020
007 41 0.0020
007 399 0.0020
007 873 0.0020
007 210 0.0020
007 382 0.0020
007 1249 0.0019
007 376 0.0019
007 477 0.0019
007 333 0.0019
007 75 0.0019
007 248 0.0018
007 618 0.0018
007 390 0.0018
007 656 0.0018
007 704 0.0018
007 249 0.0018
007 1554 0.0018
007 692 0.0018
007 1496 0.0017
007 353 0.0017
007 1452 0.0017
007 1189 0.0017
007 363 0.0017
007 833 0.0016
007 116 0.0016
007 458 0.0016
007 1394 0.0016
007 1581 0.0015
007 1482 0.0015
007 1580 0.0015
007 538 0.0015
007 803 0.0015
007 1417 0.0015
007 229 0.0014
007 202 0.0014
007 642 0.0014
007 1288 0.0014
007 301 0.0014
007 377 0.0014
007 1247 0.0013
007 1290 0.0013
007 24 0.0013
007 380 0.0013
007 1457 0.0013
007 650 0.0013
007 713 0.0013
007 70 0.0012
007 1106 0.0012
007 211 0.0012
007 52 0.0012
007 74 0.0012
007 1499 0.0012
007 94 0.0012
007 1439 0.0011
007 1494 0.0011
007 724 0.0011
007 516 0.0011
007 1148 0.0010
007 128 0.0010
007 1111 0.0010
007 842 0.0010
007 98 0.0009
007 870 0.0009
007 776 0.0009
007 1193 0.0009
007 1444 0.0009
007 1222 0.0009
007 681 0.0009
007 557 0.0009
007 970 0.0008
007 137 0.0008
007 1116 0.0008
007 1363 0.0006
007 759 0.0006
008 581 0.3998
008 1358 0.3972
008 978 0.3965
008 1116 0.3801
008 1216 0.3621
008 461 0.3294
008 587 0.3197
008 73 0.3129
008 523 0.3115
008 304 0.3006
008 869 0.2905
008 1048 0.2803
008 1049 0.2762
008 1372 0.2723
008 1277 0.2600
008 1519 0.2403
008 1356 0.2244
008 68 0.2181
008 131 0.2107
008 1053 0.2103
008 630 0.2102
008 866 0.2090
008 609 0.2020
008 753 0.1925
008 808 0.1842
008 1173 0.1840
008 721 0.1585
008 87 0.1562
008 1033 0.1520
008 1543 0.1515
008 915 0.1499
008 691 0.1488
008 15 0.1484
008 1425 0.1449
008 731 0.1432
008 576 0.1376
008 1036 0.1374
008 1069 0.1362
008 1023 0.1355
008 631 0.1355
008 58 0.1320
008 337 0.1294
008 684 0.1283
008 767 0.1268
008 629 0.1247
008 818 0.1233
008 1307 0.1199
008 1305 0.1158
008 874 0.1149
008 1433 0.1137
008 886 0.1129
008 391 0.1098
008 1279 0.1097
008 794 0.1076
008 903 0.1047
008 1461 0.1043
008 948 0.1022
008 742 0.1019
008 1431 0.1014
008 670 0.1005
008 700 0.0993
008 536 0.0978
008 1004 0.0964
008 1389 0.0956
008 195 0.0953
008 1100 0.0948
008 890 0.0942
008 44 0.0933
008 705 0.0928
008 1211 0.0911
008 1270 0.0897
008 1255 0.0886
008 1019 0.0870
008 1200 0.0863
008 11 0.0830
008 1513 0.0828
008 1014 0.0822
008 42 0.0813
008 1123 0.0813
008 1481 0.0796
008 249 0.0795
008 1554 0.0794
008 1349 0.0787
008 873 0.0770
008 148 0.0763
008 3 0.0758
008 1058 0.0757
008 621 0.0756
008 1472 0.0756
008 191 0.0752
008 311 0.0751
008 1085 0.0749
008 532 0.0745
008 1401 0.0743
008 1331 0.0732
008 756 0.0716
008 1113 0.0715
008 785 0.0713
008 431 0.0711
008 1421 0.0706
008 901 0.0694
008 275 0.0694
008 1315 0.0687
008 32 0.0685
008 1436 0.0678
008 355 0.0674
008 1050 0.0665
008 510 0.0665
008 827 0.0660
008 784 0.0649
008 740 0.0647
008 56 0.0646
008 462 0.0644
008 1482 0.0638
008 1309 0.0625
008 987 0.0623
008 1506 0.0621
008 1242 0.0620
008 1476 0.0612
008 62 0.0611
008 674 0.0600
008 683 0.0597
008 342 0.0595
008 1386 0.0586
008 1068 0.0586
008 628 0.0583
008 1441 0.0577
008 585 0.0576
008 1477 0.0543
008 96 0.0541
008 813 0.0535
008 573 0.0533
008 1459 0.0528
008 192 0.0524
008 699 0.0524
008 925 0.0515
008 211 0.0514
008 387 0.0494
008 1080 0.0482
008 1380 0.0480
008 984 0.0475
008 467 0.0467
008 870 0.0465
008 1329 0.0461
008 463 0.0460
008 1422 0.0460
008 470 0.0457
008 998 0.0456
008 125 0.0456
008 776 0.0448
008 668 0.0444
008 681 0.0444
008 809 0.0442
008 276 0.0439
008 1091 0.0439
008 1553 0.0439
008 835 0.0436
008 1370 0.0435
008 269 0.0432
008 773 0.0432
008 153 0.0431
008 970 0.0431
008 112 0.0430
008 967 0.0427
008 786 0.0426
008 1538 0.0423
008 318 0.0419
008 1316 0.0416
008 994 0.0413
008 1377 0.0404
008 615 0.0402
008 749 0.0399
008 1445 0.0394
008 1226 0.0386
008 1428 0.0380
008 1205 0.0379
008 1052 0.0379
008 802 0.0376
008 1555 0.0373
008 778 0.0370
008 640 0.0370
008 262 0.0369
008 857 0.0368
008 487 0.0367
008 325 0.0362
008 657 0.0355
008 1301 0.0350
008 1320 0.0345
008 966 0.0344
008 745 0.0343
008 88 0.0342
008 947 0.0341
008 1453 0.0337
008 235 0.0337
008 1251 0.0332
008 1169 0.0330
008 1357 0.0327
008 1308 0.0316
008 689 0.0316
008 549 0.0315
008 1451 0.0313
008 962 0.0313
008 1460 0.0302
008 1351 0.0297
008 693 0.0294
008 918 0.0293
008 924 0.0284
008 986 0.0283
008 1148 0.0275
008 26 0.0271
008 435 0.0259
008 1558 0.0259
008 430 0.0255
008 1020 0.0254
008 1043 0.0253
008 708 0.0251
008 290 0.0248
008 79 0.0245
008 1457 0.0244
008 1450 0.0231
008 1077 0.0229
008 21 0.0227
008 988 0.0227
008 1194 0.0222
008 190 0.0220
008 929 0.0219
008 1120 0.0209
008 692 0.0209
008 19 0.0208
008 1403 0.0206
008 233 0.0204
008 871 0.0202
008 608 0.0199
008 480 0.0198
008 1044 0.0192
008 676 0.0186
008 469 0.0181
008 1470 0.0179
008 284 0.0179
008 816 0.0174
008 1556 0.0172
008 1285 0.0171
008 54 0.0170
008 976 0.0168
008 945 0.0166
008 164 0.0163
008 996 0.0162
008 82 0.0160
008 1523 0.0160
008 455 0.0160
008 293 0.0157
008 795 0.0155
008 1286 0.0149
008 479 0.0149
008 837 0.0144
008 246 0.0143
008 446 0.0141
008 439 0.0140
008 29 0.0140
008 251 0.0139
008 805 0.0135
008 379 0.0135
008 1009 0.0133
008 1478 0.0132
008 335 0.0132
008 217 0.0132
008 1093 0.0131
008 1046 0.0131
008 799 0.0131
008 1147 0.0130
008 207 0.0128
008 895 0.0128
008 1195 0.0126
008 307 0.0124
008 824 0.0124
008 267 0.0123
008 1109 0.0122
008 1319 0.0120
008 635 0.0119
008 1382 0.0118
008 969 0.0118
008 1262 0.0118
008 1581 0.0117
008 1408 0.0117
008 212 0.0116
008 789 0.0115
008 979 0.0113
008 1384 0.0113
008 579 0.0113
008 661 0.0113
008 1419 0.0111
008 985 0.0110
008 559 0.0110
008 39 0.0110
008 444 0.0109
008 1217 0.0109
008 555 0.0108
008 526 0.0108
008 695 0.0107
008 432 0.0107
008 589 0.0107
008 600 0.0106
008 256 0.0105
008 1028 0.0105
008 862 0.0104
008 1407 0.0103
008 939 0.0101
008 730 0.0101
008 122 0.0101
008 562 0.0101
008 299 0.0100
008 1115 0.0097
008 1066 0.0097
008 1278 0.0097
008 14 0.0097
008 344 0.0096
008 210 0.0095
008 673 0.0094
008 972 0.0094
008 605 0.0093
008 1398 0.0093
008 348 0.0092
008 660 0.0092
008 458 0.0092
008 1063 0.0092
008 503 0.0091
008 1420 0.0091
008 1070 0.0091
008 977 0.0090
008 89 0.0090
008 149 0.0090
008 626 0.0089
008 1012 0.0089
008 995 0.0088
008 1469 0.0088
008 1016 0.0087
008 790 0.0087
008 504 0.0087
008 669 0.0086
008 1030 0.0085
008 43 0.0085
008 1536 0.0085
008 963 0.0085
008 1140 0.0085
008 1330 0.0085
008 326 0.0085
008 1495 0.0083
008 1245 0.0083
008 946 0.0083
008 1297 0.0083
008 1355 0.0082
008 578 0.0082
008 739 0.0082
008 519 0.0082
008 200 0.0082
008 1479 0.0082
008 1162 0.0082
008 283 0.0082
008 1158 0.0082
008 129 0.0081
008 508 0.0081
008 1501 0.0080
008 118 0.0080
008 885 0.0079
008 717 0.0079
008 438 0.0078
008 1082 0.0078
008 811 0.0078
008 292 0.0077
008 377 0.0077
008 592 0.0077
008 84 0.0077
008 1260 0.0076
008 1178 0.0076
008 1175 0.0075
008 227 0.0075
008 632 0.0075
008 47 0.0075
008 253 0.0074
008 737 0.0074
008 107 0.0073
008 741 0.0073
008 1361 0.0072
008 1179 0.0072
008 502 0.0072
008 1383 0.0071
008 1054 0.0071
008 373 0.0071
008 854 0.0071
008 1539 0.0071
008 1443 0.0071
008 1365 0.0070
008 656 0.0070
008 577 0.0070
008 1360 0.0070
008 1097 0.0069
008 507 0.0069
008 711 0.0069
008 1517 0.0069
008 942 0.0069
008 1132 0.0068
008 1375 0.0068
008 566 0.0068
008 1263 0.0067
008 919 0.0067
008 1393 0.0067
008 981 0.0067
008 1548 0.0066
008 1084 0.0066
008 1520 0.0066
008 641 0.0066
008 178 0.0066
008 983 0.0066
008 848 0.0065
008 194 0.0065
008 906 0.0065
008 867 0.0065
008 1065 0.0065
008 98 0.0065
008 1214 0.0065
008 760 0.0065
008 257 0.0065
008 1185 0.0065
008 847 0.0065
008 1234 0.0064
008 858 0.0064
008 271 0.0064
008 1141 0.0063
008 1237 0.0063
008 268 0.0063
008 266 0.0063
008 280 0.0062
008 1498 0.0062
008 66 0.0061
008 106 0.0061
008 713 0.0060
008 486 0.0060
008 1183 0.0060
008 484 0.0060
008 591 0.0060
008 612 0.0060
008 825 0.0060
008 390 0.0060
008 1442 0.0059
008 451 0.0059
008 1104 0.0059
008 1522 0.0059
008 949 0.0059
008 623 0.0058
008 614 0.0058
008 1192 0.0058
008 648 0.0058
008 397 0.0058
008 1021 0.0058
008 380 0.0058
008 296 0.0058
008 1062 0.0057
008 1568 0.0057
008 93 0.0057
008 1354 0.0056
008 162 0.0056
008 817 0.0056
008 119 0.0056
008 465 0.0056
008 647 0.0055
008 187 0.0055
008 1339 0.0055
008 512 0.0055
008 1187 0.0055
008 4 0.0055
008 272 0.0054
008 1131 0.0054
008 52 0.0054
008 751 0.0054
008 625 0.0053
008 1418 0.0053
008 205 0.0053
008 1303 0.0052
008 443 0.0052
008 154 0.0052
008 169 0.0052
008 366 0.0052
008 1128 0.0052
008 331 0.0051
008 748 0.0051
008 333 0.0051
008 601 0.0051
008 1240 0.0050
008 1546 0.0050
008 20 0.0050
008 680 0.0050
008 1078 0.0050
008 898 0.0050
008 1494 0.0050
008 709 0.0050
008 921 0.0050
008 1530 0.0050
008 1560 0.0050
008 189 0.0049
008 759 0.0049
008 196 0.0049
008 852 0.0049
008 627 0.0049
008 305 0.0049
008 1580 0.0049
008 139 0.0049
008 1417 0.0049
008 329 0.0049
008 1284 0.0048
008 184 0.0048
008 878 0.0048
008 1294 0.0048
008 590 0.0048
008 1432 0.0048
008 897 0.0048
008 1362 0.0048
008 744 0.0048
008 1511 0.0048
008 567 0.0048
008 1001 0.0048
008 64 0.0048
008 961 0.0048
008 1083 0.0047
008 1273 0.0047
008 1353 0.0047
008 1467 0.0047
008 1410 0.0047
008 108 0.0046
008 393 0.0046
008 1239 0.0046
008 138 0.0046
008 339 0.0045
008 81 0.0045
008 992 0.0045
008 525 0.0045
008 1454 0.0044
008 1207 0.0044
008 1133 0.0044
008 8 0.0044
008 1578 0.0043
008 704 0.0043
008 1508 0.0043
008 1456 0.0043
008 1224 0.0043
008 117 0.0043
008 395 0.0043
008 226 0.0043
008 1146 0.0043
008 214 0.0043
008 322 0.0042
008 1402 0.0042
008 752 0.0042
008 1074 0.0042
008 636 0.0042
008 844 0.0042
008 464 0.0042
008 964 0.0042
008 1222 0.0042
008 1514 0.0042
008 1471 0.0042
008 163 0.0042
008 806 0.0041
008 1474 0.0041
008 1203 0.0041
008 63 0.0040
008 137 0.0040
008 1057 0.0040
008 769 0.0040
008 1561 0.0040
008 449 0.0040
008 287 0.0039
008 879 0.0039
008 1318 0.0039
008 1348 0.0039
008 1465 0.0039
008 1027 0.0039
008 937 0.0038
008 1000 0.0038
008 1575 0.0038
008 575 0.0038
008 91 0.0038
008 407 0.0038
008 2 0.0038
008 1313 0.0038
008 1170 0.0038
008 622 0.0037
008 663 0.0037
008 174 0.0037
008 336 0.0037
008 702 0.0037
008 468 0.0037
008 340 0.0036
008 1371 0.0036
008 1209 0.0036
008 1225 0.0036
008 509 0.0036
008 1515 0.0036
008 968 0.0036
008 540 0.0036
008 1463 0.0036
008 289 0.0035
008 1180 0.0035
008 516 0.0035
008 127 0.0035
008 914 0.0035
008 1266 0.0035
008 371 0.0035
008 1317 0.0035
008 747 0.0035
008 1061 0.0035
008 440 0.0034
008 1533 0.0034
008 67 0.0034
008 38 0.0034
008 411 0.0034
008 414 0.0034
008 602 0.0034
008 846 0.0033
008 1287 0.0033
008 1176 0.0033
008 265 0.0033
008 1466 0.0033
008 247 0.0033
008 179 0.0033
008 546 0.0032
008 891 0.0032
008 418 0.0032
008 651 0.0032
008 896 0.0032
008 485 0.0032
008 537 0.0031
008 215 0.0031
008 374 0.0031
008 244 0.0031
008 716 0.0031
008 312 0.0031
008 872 0.0031
008 597 0.0031
008 90 0.0031
008 1563 0.0031
008 560 0.0031
008 1492 0.0030
008 960 0.0030
008 1406 0.0030
008 155 0.0030
008 904 0.0030
008 1395 0.0030
008 1246 0.0030
008 1150 0.0029
008 1076 0.0029
008 77 0.0029
008 1336 0.0029
008 823 0.0028
008 492 0.0028
008 1328 0.0028
008 804 0.0028
008 1202 0.0028
008 772 0.0028
008 49 0.0028
008 728 0.0028
008 420 0.0028
008 1008 0.0028
008 1092 0.0027
008 309 0.0027
008 136 0.0027
008 1485 0.0027
008 909 0.0027
008 1483 0.0027
008 565 0.0026
008 1299 0.0026
008 724 0.0026
008 863 0.0026
008 953 0.0026
008 167 0.0026
008 330 0.0026
008 346 0.0026
008 243 0.0025
008 1125 0.0025
008 428 0.0025
008 1288 0.0025
008 1562 0.0025
008 65 0.0025
008 1409 0.0024
008 923 0.0024
008 672 0.0024
008 982 0.0024
008 842 0.0024
008 382 0.0024
008 35 0.0023
008 416 0.0023
008 406 0.0023
008 316 0.0023
008 161 0.0023
008 1583 0.0023
008 1304 0.0022
008 607 0.0022
008 991 0.0022
008 618 0.0022
008 259 0.0022
008 1388 0.0022
008 142 0.0021
008 1363 0.0021
008 541 0.0021
008 213 0.0021
008 719 0.0021
008 1244 0.0021
008 310 0.0021
008 999 0.0021
008 662 0.0021
008 1411 0.0021
008 814 0.0021
008 314 0.0021
008 518 0.0020
008 528 0.0020
008 1534 0.0020
008 965 0.0020
008 720 0.0020
008 427 0.0020
008 658 0.0020
008 489 0.0020
008 1444 0.0020
008 1396 0.0020
008 750 0.0020
008 951 0.0020
008 434 0.0019
008 941 0.0019
008 109 0.0019
008 473 0.0019
008 1114 0.0019
008 584 0.0019
008 797 0.0019
008 1087 0.0019
008 219 0.0019
008 599 0.0019
008 447 0.0018
008 1161 0.0018
008 193 0.0018
008 1037 0.0018
008 147 0.0018
008 619 0.0018
008 933 0.0018
008 448 0.0017
008 763 0.0017
008 426 0.0017
008 761 0.0017
008 642 0.0017
008 1103 0.0017
008 774 0.0017
008 321 0.0017
008 1117 0.0017
008 349 0.0017
008 736 0.0017
008 372 0.0016
008 1247 0.0016
008 1292 0.0016
008 912 0.0016
008 173 0.0016
008 1112 0.0016
008 1127 0.0016
008 1344 0.0016
008 798 0.0015
008 1096 0.0015
008 1350 0.0015
008 1210 0.0015
008 650 0.0015
008 1122 0.0015
008 936 0.0015
008 820 0.0015
008 1233 0.0015
008 1346 0.0015
008 755 0.0015
008 1289 0.0015
008 1208 0.0015
008 422 0.0015
008 1415 0.0015
008 1387 0.0015
008 436 0.0015
008 361 0.0014
008 1047 0.0014
008 1373 0.0014
008 764 0.0014
008 836 0.0014
008 425 0.0014
008 1129 0.0014
008 350 0.0014
008 1283 0.0014
008 60 0.0014
008 880 0.0014
008 392 0.0013
008 1172 0.0013
008 1032 0.0013
008 768 0.0013
008 466 0.0013
008 1235 0.0013
008 1374 0.0013
008 845 0.0013
008 572 0.0013
008 1397 0.0013
008 734 0.0012
008 1118 0.0012
008 1142 0.0012
008 580 0.0012
008 1510 0.0012
008 1528 0.0012
008 533 0.0012
008 732 0.0012
008 317 0.0011
008 1089 0.0011
008 696 0.0011
008 1379 0.0011
008 1088 0.0011
008 248 0.0011
008 1271 0.0011
008 1193 0.0011
008 222 0.0011
008 701 0.0011
008 46 0.0011
008 36 0.0011
008 99 0.0010
008 1335 0.0010
008 558 0.0010
008 1282 0.0010
008 1045 0.0010
008 437 0.0009
008 78 0.0009
008 472 0.0009
008 1267 0.0009
008 1253 0.0009
008 1252 0.0009
008 114 0.0009
008 1007 0.0008
008 1542 0.0008
008 61 0.0008
008 216 0.0008
008 971 0.0008
008 1099 0.0008
008 97 0.0007
009 581 0.5074
009 1216 0.4779
009 1543 0.4243
009 587 0.4054
009 978 0.4014
009 1358 0.3835
009 304 0.3811
009 869 0.3665
009 1457 0.3517
009 1372 0.3444
009 1282 0.3261
009 979 0.3254
009 1288 0.3202
009 523 0.2877
009 1287 0.2837
009 68 0.2759
009 1519 0.2710
009 131 0.2664
009 1053 0.2660
009 1356 0.2581
009 609 0.2555
009 1023 0.2473
009 1092 0.2468
009 1555 0.2456
009 753 0.2443
009 1173 0.2313
009 1500 0.2231
009 1352 0.2175
009 721 0.2019
009 1270 0.1947
009 915 0.1929
009 58 0.1681
009 1307 0.1536
009 1305 0.1464
009 1433 0.1439
009 1436 0.1412
009 1308 0.1297
009 670 0.1296
009 1431 0.1283
009 1093 0.1259
009 1425 0.1243
009 1558 0.1190
009 1406 0.1110
009 1513 0.1061
009 823 0.1055
009 1028 0.1017
009 700 0.1011
009 191 0.0980
009 1326 0.0963
009 1085 0.0947
009 532 0.0942
009 1386 0.0917
009 1380 0.0917
009 1157 0.0892
009 1319 0.0883
009 737 0.0876
009 917 0.0873
009 785 0.0873
009 1315 0.0868
009 1123 0.0864
009 355 0.0852
009 654 0.0848
009 1131 0.0838
009 337 0.0831
009 1476 0.0821
009 987 0.0821
009 1309 0.0811
009 230 0.0750
009 1355 0.0736
009 623 0.0728
009 1523 0.0715
009 180 0.0709
009 668 0.0708
009 981 0.0707
009 1112 0.0691
009 1459 0.0689
009 1038 0.0676
009 34 0.0663
009 699 0.0663
009 1415 0.0649
009 1122 0.0648
009 1534 0.0642
009 677 0.0628
009 870 0.0624
009 54 0.0607
009 1354 0.0603
009 848 0.0583
009 998 0.0577
009 1562 0.0570
009 1140 0.0564
009 776 0.0564
009 657 0.0559
009 559 0.0556
009 862 0.0556
009 1553 0.0555
009 905 0.0551
009 393 0.0548
009 994 0.0522
009 825 0.0517
009 281 0.0516
009 1508 0.0511
009 861 0.0504
009 1471 0.0493
009 779 0.0489
009 4 0.0487
009 213 0.0482
009 332 0.0474
009 314 0.0472
009 77 0.0470
009 883 0.0465
009 1176 0.0454
009 506 0.0451
009 252 0.0444
009 518 0.0444
009 196 0.0440
009 1078 0.0434
009 1257 0.0433
009 947 0.0433
009 1094 0.0432
009 217 0.0431
009 1168 0.0428
009 1327 0.0427
009 219 0.0426
009 593 0.0424
009 67 0.0421
009 1071 0.0421
009 1417 0.0421
009 1032 0.0420
009 949 0.0419
009 1467 0.0417
009 851 0.0417
009 1473 0.0415
009 628 0.0415
009 1451 0.0411
009 673 0.0405
009 811 0.0397
009 986 0.0392
009 1323 0.0386
009 751 0.0385
009 767 0.0372
009 242 0.0370
009 603 0.0370
009 1152 0.0366
009 510 0.0364
009 1127 0.0360
009 464 0.0359
009 1561 0.0354
009 189 0.0354
009 924 0.0352
009 576 0.0348
009 238 0.0348
009 1272 0.0344
009 1226 0.0338
009 970 0.0337
009 1337 0.0335
009 1547 0.0332
009 531 0.0326
009 1373 0.0326
009 430 0.0318
009 201 0.0317
009 852 0.0316
009 1333 0.0316
009 290 0.0309
009 895 0.0305
009 190 0.0304
009 1120 0.0302
009 914 0.0302
009 342 0.0296
009 802 0.0293
009 610 0.0292
009 1158 0.0291
009 1571 0.0289
009 734 0.0287
009 1194 0.0286
009 645 0.0282
009 284 0.0279
009 459 0.0274
009 770 0.0270
009 215 0.0269
009 446 0.0267
009 1398 0.0265
009 173 0.0265
009 980 0.0262
009 469 0.0262
009 1069 0.0258
009 248 0.0252
009 1461 0.0250
009 480 0.0249
009 402 0.0246
009 566 0.0245
009 1403 0.0244
009 676 0.0242
009 945 0.0241
009 1396 0.0235
009 816 0.0234
009 565 0.0234
009 794 0.0227
009 479 0.0225
009 1382 0.0224
009 1064 0.0223
009 1285 0.0220
009 1517 0.0218
009 1190 0.0218
009 1077 0.0218
009 1514 0.0218
009 611 0.0217
009 379 0.0217
009 742 0.0215
009 164 0.0213
009 1243 0.0213
009 29 0.0212
009 805 0.0212
009 731 0.0211
009 321 0.0210
009 82 0.0210
009 444 0.0207
009 155 0.0205
009 197 0.0204
009 695 0.0204
009 837 0.0202
009 293 0.0202
009 1184 0.0201
009 1000 0.0200
009 1478 0.0200
009 256 0.0200
009 857 0.0198
009 1195 0.0197
009 19 0.0197
009 1407 0.0195
009 207 0.0194
009 246 0.0193
009 939 0.0192
009 730 0.0192
009 1286 0.0192
009 470 0.0191
009 562 0.0191
009 1147 0.0188
009 251 0.0188
009 824 0.0188
009 1542 0.0186
009 267 0.0186
009 1344 0.0185
009 1115 0.0185
009 307 0.0184
009 1278 0.0184
009 344 0.0183
009 1410 0.0181
009 210 0.0181
009 661 0.0181
009 1210 0.0180
009 73 0.0180
009 969 0.0178
009 1262 0.0178
009 335 0.0178
009 605 0.0177
009 1419 0.0177
009 996 0.0177
009 799 0.0176
009 487 0.0176
009 348 0.0175
009 916 0.0174
009 1100 0.0174
009 1099 0.0174
009 503 0.0173
009 1070 0.0172
009 89 0.0171
009 195 0.0170
009 439 0.0169
009 555 0.0169
009 1012 0.0168
009 589 0.0167
009 995 0.0167
009 1016 0.0166
009 925 0.0164
009 504 0.0164
009 1180 0.0162
009 1536 0.0162
009 963 0.0161
009 326 0.0161
009 1009 0.0160
009 1331 0.0159
009 39 0.0159
009 946 0.0157
009 1297 0.0157
009 578 0.0156
009 519 0.0156
009 835 0.0153
009 1268 0.0152
009 948 0.0151
009 985 0.0149
009 789 0.0148
009 1082 0.0147
009 461 0.0147
009 795 0.0147
009 292 0.0147
009 1109 0.0146
009 48 0.0145
009 632 0.0142
009 47 0.0142
009 212 0.0140
009 1300 0.0139
009 1441 0.0138
009 1420 0.0138
009 741 0.0138
009 705 0.0137
009 1361 0.0137
009 62 0.0137
009 1050 0.0136
009 1383 0.0135
009 373 0.0135
009 1539 0.0135
009 630 0.0134
009 1365 0.0134
009 412 0.0133
009 790 0.0132
009 536 0.0132
009 977 0.0131
009 711 0.0131
009 14 0.0130
009 942 0.0130
009 1030 0.0129
009 432 0.0129
009 1581 0.0129
009 626 0.0128
009 1263 0.0128
009 754 0.0128
009 1469 0.0127
009 1058 0.0126
009 1084 0.0126
009 1113 0.0126
009 1521 0.0126
009 1501 0.0125
009 1520 0.0125
009 641 0.0125
009 669 0.0125
009 1479 0.0124
009 660 0.0124
009 458 0.0124
009 906 0.0124
009 1065 0.0123
009 257 0.0123
009 847 0.0122
009 1234 0.0122
009 1033 0.0120
009 299 0.0120
009 268 0.0119
009 1014 0.0118
009 1066 0.0117
009 508 0.0116
009 253 0.0116
009 66 0.0115
009 713 0.0115
009 484 0.0114
009 1330 0.0114
009 591 0.0114
009 107 0.0114
009 972 0.0113
009 635 0.0113
009 451 0.0112
009 1245 0.0112
009 600 0.0112
009 1522 0.0112
009 1408 0.0111
009 739 0.0111
009 1192 0.0111
009 283 0.0110
009 1021 0.0110
009 296 0.0109
009 93 0.0108
009 118 0.0108
009 1384 0.0107
009 579 0.0107
009 885 0.0107
009 817 0.0106
009 119 0.0106
009 465 0.0106
009 868 0.0105
009 187 0.0105
009 1487 0.0105
009 1339 0.0105
009 573 0.0105
009 143 0.0104
009 1187 0.0104
009 377 0.0104
009 1217 0.0103
009 43 0.0103
009 526 0.0102
009 1443 0.0102
009 577 0.0101
009 625 0.0101
009 205 0.0100
009 1280 0.0099
009 1303 0.0099
009 1320 0.0099
009 366 0.0098
009 266 0.0098
009 331 0.0097
009 1054 0.0096
009 601 0.0096
009 1240 0.0096
009 20 0.0096
009 122 0.0095
009 898 0.0095
009 709 0.0095
009 1530 0.0095
009 717 0.0095
009 691 0.0095
009 1560 0.0094
009 98 0.0094
009 438 0.0094
009 760 0.0094
009 759 0.0094
009 627 0.0093
009 1357 0.0093
009 1442 0.0093
009 1211 0.0092
009 886 0.0092
009 813 0.0092
009 329 0.0092
009 106 0.0092
009 878 0.0091
009 1178 0.0091
009 1294 0.0091
009 567 0.0090
009 1001 0.0090
009 64 0.0090
009 1175 0.0090
009 1083 0.0090
009 1273 0.0089
009 983 0.0089
009 311 0.0088
009 867 0.0088
009 1239 0.0088
009 1200 0.0088
009 138 0.0087
009 486 0.0087
009 1063 0.0087
009 1179 0.0087
009 858 0.0087
009 502 0.0086
009 992 0.0086
009 149 0.0085
009 1141 0.0085
009 1207 0.0084
009 1360 0.0084
009 1260 0.0084
009 1097 0.0084
009 1155 0.0083
009 631 0.0083
009 784 0.0083
009 462 0.0082
009 1132 0.0082
009 704 0.0082
009 1375 0.0082
009 117 0.0081
009 395 0.0081
009 214 0.0081
009 467 0.0080
009 752 0.0080
009 636 0.0080
009 844 0.0080
009 964 0.0080
009 1222 0.0079
009 178 0.0079
009 1495 0.0079
009 163 0.0079
009 397 0.0078
009 200 0.0078
009 1162 0.0078
009 806 0.0078
009 1062 0.0078
009 1203 0.0077
009 656 0.0077
009 129 0.0077
009 63 0.0077
009 271 0.0077
009 137 0.0077
009 333 0.0076
009 1057 0.0076
009 443 0.0075
009 287 0.0075
009 1465 0.0074
009 592 0.0073
009 937 0.0073
009 84 0.0073
009 1434 0.0072
009 407 0.0072
009 2 0.0071
009 227 0.0071
009 622 0.0071
009 663 0.0071
009 614 0.0070
009 174 0.0070
009 336 0.0070
009 702 0.0070
009 1049 0.0070
009 380 0.0069
009 468 0.0069
009 340 0.0069
009 674 0.0069
009 1515 0.0068
009 968 0.0068
009 162 0.0068
009 854 0.0067
009 88 0.0067
009 127 0.0067
009 1266 0.0066
009 507 0.0066
009 1061 0.0066
009 440 0.0065
009 590 0.0065
009 52 0.0065
009 1533 0.0065
009 961 0.0064
009 38 0.0064
009 411 0.0064
009 414 0.0064
009 602 0.0064
009 1418 0.0064
009 919 0.0063
009 1393 0.0063
009 1548 0.0063
009 846 0.0063
009 247 0.0062
009 179 0.0062
009 194 0.0062
009 1128 0.0062
009 873 0.0062
009 1214 0.0062
009 546 0.0062
009 1185 0.0061
009 918 0.0061
009 418 0.0061
009 896 0.0060
009 1494 0.0060
009 485 0.0060
009 391 0.0060
009 1237 0.0060
009 537 0.0059
009 374 0.0059
009 244 0.0059
009 716 0.0059
009 280 0.0059
009 872 0.0059
009 597 0.0059
009 1498 0.0058
009 90 0.0058
009 1563 0.0058
009 560 0.0058
009 11 0.0058
009 1492 0.0058
009 744 0.0057
009 1511 0.0057
009 1183 0.0057
009 612 0.0057
009 390 0.0057
009 1395 0.0056
009 1246 0.0056
009 1104 0.0056
009 1150 0.0056
009 108 0.0056
009 249 0.0055
009 648 0.0055
009 1554 0.0055
009 1568 0.0054
009 492 0.0054
009 804 0.0053
009 1202 0.0053
009 1481 0.0053
009 647 0.0053
009 772 0.0052
009 49 0.0052
009 512 0.0052
009 728 0.0052
009 420 0.0052
009 1008 0.0052
009 26 0.0052
009 309 0.0052
009 1456 0.0052
009 148 0.0052
009 1224 0.0052
009 136 0.0052
009 272 0.0051
009 1402 0.0051
009 387 0.0050
009 435 0.0050
009 724 0.0049
009 953 0.0049
009 154 0.0049
009 167 0.0049
009 169 0.0049
009 330 0.0049
009 346 0.0049
009 748 0.0048
009 243 0.0048
009 1546 0.0048
009 449 0.0048
009 1125 0.0048
009 680 0.0048
009 428 0.0048
009 1422 0.0048
009 921 0.0047
009 262 0.0047
009 1255 0.0047
009 305 0.0047
009 463 0.0047
009 1580 0.0047
009 65 0.0047
009 923 0.0046
009 139 0.0046
009 1284 0.0046
009 184 0.0046
009 672 0.0046
009 91 0.0046
009 982 0.0045
009 1432 0.0045
009 897 0.0045
009 1362 0.0045
009 842 0.0045
009 382 0.0045
009 773 0.0045
009 1353 0.0045
009 35 0.0044
009 1466 0.0044
009 740 0.0044
009 416 0.0044
009 406 0.0044
009 509 0.0044
009 316 0.0043
009 161 0.0043
009 339 0.0043
009 1583 0.0043
009 81 0.0043
009 525 0.0043
009 1454 0.0042
009 890 0.0042
009 1133 0.0042
009 607 0.0042
009 1349 0.0042
009 991 0.0042
009 618 0.0042
009 8 0.0042
009 259 0.0041
009 1578 0.0041
009 1388 0.0041
009 142 0.0041
009 226 0.0040
009 1146 0.0040
009 322 0.0040
009 692 0.0040
009 1470 0.0040
009 1074 0.0040
009 541 0.0040
009 585 0.0040
009 719 0.0040
009 1244 0.0039
009 310 0.0039
009 999 0.0039
009 662 0.0039
009 1411 0.0039
009 814 0.0039
009 1474 0.0039
009 528 0.0039
009 1052 0.0038
009 965 0.0038
009 720 0.0038
009 427 0.0038
009 769 0.0038
009 658 0.0038
009 489 0.0038
009 431 0.0038
009 1421 0.0038
009 1116 0.0038
009 1048 0.0037
009 750 0.0037
009 879 0.0037
009 1318 0.0037
009 1348 0.0037
009 951 0.0037
009 434 0.0037
009 1027 0.0037
009 1575 0.0036
009 941 0.0036
009 109 0.0036
009 473 0.0036
009 575 0.0036
009 1114 0.0036
009 584 0.0036
009 797 0.0036
009 1313 0.0036
009 1170 0.0036
009 1087 0.0035
009 599 0.0035
009 447 0.0035
009 1371 0.0034
009 1209 0.0034
009 1225 0.0034
009 1161 0.0034
009 193 0.0034
009 540 0.0034
009 1463 0.0034
009 1037 0.0034
009 147 0.0034
009 289 0.0034
009 619 0.0033
009 516 0.0033
009 933 0.0033
009 448 0.0033
009 371 0.0033
009 1317 0.0033
009 763 0.0033
009 747 0.0033
009 426 0.0033
009 761 0.0033
009 642 0.0032
009 1103 0.0032
009 1020 0.0032
009 774 0.0032
009 1117 0.0032
009 349 0.0032
009 3 0.0032
009 863 0.0031
009 736 0.0031
009 372 0.0031
009 265 0.0031
009 1247 0.0031
009 866 0.0031
009 1460 0.0031
009 1292 0.0031
009 1091 0.0030
009 891 0.0030
009 912 0.0030
009 651 0.0030
009 112 0.0030
009 1279 0.0030
009 786 0.0030
009 798 0.0029
009 312 0.0029
009 1096 0.0029
009 1350 0.0029
009 650 0.0029
009 960 0.0029
009 936 0.0029
009 820 0.0029
009 1233 0.0028
009 1346 0.0028
009 755 0.0028
009 87 0.0028
009 1289 0.0028
009 904 0.0028
009 629 0.0028
009 1208 0.0028
009 422 0.0028
009 1076 0.0028
009 1387 0.0028
009 1506 0.0028
009 436 0.0028
009 361 0.0027
009 1047 0.0027
009 1336 0.0027
009 764 0.0027
009 1328 0.0027
009 836 0.0026
009 425 0.0026
009 1129 0.0026
009 350 0.0026
009 1283 0.0026
009 60 0.0026
009 1485 0.0026
009 909 0.0026
009 871 0.0026
009 880 0.0026
009 392 0.0025
009 1483 0.0025
009 1046 0.0025
009 1172 0.0025
009 1299 0.0025
009 1329 0.0025
009 768 0.0024
009 466 0.0024
009 1235 0.0024
009 1477 0.0024
009 1374 0.0024
009 845 0.0024
009 1148 0.0024
009 1444 0.0024
009 572 0.0024
009 1397 0.0024
009 1118 0.0023
009 1409 0.0023
009 1370 0.0023
009 1142 0.0023
009 580 0.0022
009 1510 0.0022
009 1528 0.0022
009 533 0.0022
009 732 0.0022
009 317 0.0021
009 1089 0.0021
009 696 0.0021
009 1304 0.0021
009 1379 0.0021
009 1088 0.0021
009 1036 0.0021
009 1271 0.0021
009 1193 0.0021
009 222 0.0021
009 701 0.0020
009 1363 0.0020
009 46 0.0020
009 36 0.0020
009 681 0.0020
009 99 0.0020
009 1335 0.0019
009 558 0.0019
009 1045 0.0018
009 1453 0.0018
009 437 0.0017
009 78 0.0017
009 472 0.0017
009 1205 0.0017
009 984 0.0017
009 1267 0.0017
009 1253 0.0017
009 1252 0.0017
009 962 0.0016
009 114 0.0016
009 1007 0.0015
009 61 0.0015
009 216 0.0015
009 971 0.0015
009 97 0.0014
010 1137 0.4820
010 305 0.4815
010 157 0.3907
010 1151 0.3737
010 1221 0.3699
010 1311 0.3391
010 241 0.3350
010 515 0.3273
010 1161 0.3211
010 525 0.2923
010 1310 0.2869
010 1174 0.2792
010 662 0.2445
010 1283 0.2420
010 961 0.2379
010 435 0.2348
010 1272 0.2322
010 1541 0.2319
010 1464 0.2237
010 438 0.2190
010 4 0.2173
010 657 0.2101
010 245 0.2045
010 1573 0.2040
010 1010 0.1798
010 1052 0.1768
010 665 0.1751
010 366 0.1750
010 454 0.1703
010 867 0.1639
010 423 0.1615
010 328 0.1603
010 670 0.1600
010 1564 0.1584
010 1577 0.1579
010 991 0.1568
010 1128 0.1566
010 381 0.1565
010 944 0.1557
010 816 0.1549
010 910 0.1531
010 939 0.1522
010 998 0.1481
010 897 0.1479
010 501 0.1467
010 362 0.1465
010 1000 0.1465
010 1166 0.1451
010 1102 0.1425
010 1185 0.1422
010 428 0.1415
010 401 0.1392
010 593 0.1368
010 1462 0.1344
010 297 0.1337
010 679 0.1331
010 786 0.1328
010 1290 0.1327
010 794 0.1321
010 1079 0.1310
010 215 0.1300
010 924 0.1296
010 1264 0.1296
010 447 0.1296
010 1374 0.1291
010 1376 0.1278
010 484 0.1273
010 517 0.1272
010 1134 0.1264
010 742 0.1251
010 265 0.1234
010 272 0.1208
010 636 0.1203
010 349 0.1193
010 344 0.1174
010 851 0.1173
010 1087 0.1102
010 798 0.1102
010 854 0.1097
010 1193 0.1089
010 95 0.1087
010 672 0.1043
010 945 0.1034
010 739 0.1030
010 625 0.1016
010 446 0.1011
010 94 0.1008
010 176 0.1002
010 1536 0.0973
010 1345 0.0972
010 482 0.0969
010 1177 0.0962
010 785 0.0957
010 1451 0.0939
010 674 0.0933
010 1321 0.0916
010 230 0.0910
010 53 0.0900
010 1534 0.0890
010 1127 0.0883
010 716 0.0873
010 1074 0.0870
010 13 0.0868
010 585 0.0867
010 52 0.0866
010 1469 0.0866
010 494 0.0865
010 70 0.0859
010 170 0.0849
010 103 0.0845
010 760 0.0845
010 658 0.0844
010 392 0.0835
010 436 0.0833
010 49 0.0823
010 434 0.0822
010 892 0.0813
010 102 0.0796
010 119 0.0784
010 824 0.0778
010 1194 0.0777
010 680 0.0777
010 1313 0.0776
010 1187 0.0771
010 437 0.0771
010 516 0.0770
010 904 0.0766
010 30 0.0758
010 336 0.0758
010 1365 0.0758
010 1494 0.0755
010 485 0.0749
010 88 0.0748
010 424 0.0748
010 649 0.0745
010 229 0.0743
010 933 0.0742
010 1567 0.0739
010 497 0.0737
010 1063 0.0736
010 572 0.0717
010 507 0.0714
010 15 0.0713
010 156 0.0704
010 1260 0.0700
010 257 0.0697
010 334 0.0695
010 938 0.0686
010 1053 0.0682
010 1491 0.0680
010 41 0.0679
010 902 0.0678
010 280 0.0676
010 535 0.0674
010 1490 0.0663
010 477 0.0662
010 1350 0.0648
010 817 0.0627
010 250 0.0624
010 1160 0.0621
010 281 0.0620
010 452 0.0611
010 335 0.0600
010 1165 0.0599
010 752 0.0595
010 319 0.0594
010 908 0.0594
010 1222 0.0589
010 1175 0.0583
010 1556 0.0574
010 1327 0.0571
010 574 0.0571
010 730 0.0569
010 427 0.0567
010 148 0.0563
010 375 0.0562
010 1225 0.0560
010 258 0.0557
010 32 0.0557
010 526 0.0555
010 331 0.0554
010 753 0.0553
010 243 0.0543
010 169 0.0534
010 329 0.0533
010 300 0.0528
010 577 0.0516
010 1132 0.0516
010 193 0.0508
010 40 0.0508
010 1476 0.0507
010 1580 0.0506
010 1466 0.0505
010 448 0.0490
010 1130 0.0489
010 426 0.0484
010 870 0.0473
010 1552 0.0470
010 617 0.0470
010 261 0.0463
010 595 0.0461
010 249 0.0459
010 1133 0.0457
010 1340 0.0455
010 705 0.0444
010 356 0.0443
010 351 0.0442
010 251 0.0439
010 422 0.0430
010 192 0.0426
010 1070 0.0426
010 246 0.0425
010 299 0.0422
010 1346 0.0422
010 1150 0.0414
010 578 0.0410
010 741 0.0409
010 211 0.0408
010 508 0.0407
010 1348 0.0405
010 445 0.0398
010 210 0.0396
010 555 0.0393
010 1164 0.0393
010 864 0.0391
010 425 0.0390
010 1080 0.0383
010 581 0.0383
010 183 0.0382
010 327 0.0378
010 298 0.0374
010 478 0.0366
010 123 0.0358
010 474 0.0350
010 312 0.0347
010 848 0.0344
010 676 0.0341
010 839 0.0336
010 873 0.0335
010 841 0.0335
010 376 0.0324
010 1041 0.0322
010 942 0.0322
010 449 0.0318
010 1057 0.0317
010 1207 0.0312
010 1349 0.0311
010 960 0.0311
010 1016 0.0308
010 179 0.0307
010 1342 0.0302
010 63 0.0302
010 1073 0.0302
010 948 0.0300
010 648 0.0299
010 1421 0.0296
010 50 0.0295
010 793 0.0290
010 1291 0.0290
010 1364 0.0287
010 532 0.0287
010 320 0.0287
010 1452 0.0285
010 66 0.0285
010 510 0.0284
010 493 0.0283
010 1189 0.0282
010 489 0.0281
010 431 0.0281
010 1301 0.0278
010 1159 0.0278
010 833 0.0277
010 1120 0.0272
010 502 0.0271
010 262 0.0269
010 524 0.0269
010 1565 0.0264
010 1360 0.0263
010 1436 0.0262
010 599 0.0261
010 799 0.0259
010 1526 0.0259
010 1078 0.0258
010 1096 0.0256
010 1513 0.0253
010 740 0.0253
010 774 0.0253
010 291 0.0248
010 603 0.0247
010 1362 0.0246
010 24 0.0245
010 638 0.0242
010 695 0.0242
010 1223 0.0240
010 642 0.0240
010 703 0.0239
010 1155 0.0238
010 1354 0.0234
010 712 0.0234
010 1347 0.0233
010 1069 0.0232
010 576 0.0232
010 1240 0.0231
010 93 0.0229
010 1247 0.0229
010 486 0.0229
010 1171 0.0228
010 812 0.0227
010 1423 0.0227
010 288 0.0226
010 1446 0.0226
010 810 0.0225
010 795 0.0224
010 469 0.0222
010 1083 0.0222
010 780 0.0218
010 190 0.0216
010 330 0.0215
010 1210 0.0214
010 591 0.0211
010 836 0.0208
010 979 0.0206
010 1008 0.0205
010 26 0.0205
010 838 0.0205
010 1419 0.0200
010 1401 0.0200
010 796 0.0199
010 804 0.0197
010 1370 0.0193
010 858 0.0191
010 1371 0.0187
010 1031 0.0187
010 233 0.0181
010 542 0.0178
010 637 0.0178
010 566 0.0178
010 1111 0.0175
010 929 0.0174
010 189 0.0174
010 684 0.0174
010 397 0.0172
010 496 0.0171
010 1028 0.0170
010 994 0.0169
010 533 0.0164
010 357 0.0163
010 1224 0.0162
010 1531 0.0162
010 806 0.0162
010 1271 0.0154
010 383 0.0154
010 781 0.0152
010 308 0.0149
010 1064 0.0149
010 592 0.0148
010 909 0.0148
010 1333 0.0142
010 1483 0.0137
010 787 0.0135
010 365 0.0135
010 1394 0.0133
010 549 0.0133
010 1332 0.0132
010 404 0.0131
010 114 0.0120
010 333 0.0118
010 1363 0.0110
010 1533 0.0102
010 759 0.0099
010 937 0.0098
010 668 0.0096
010 1302 0.0093
010 101 0.0093
010 472 0.0092
010 564 0.0086
010 529 0.0086
010 1372 0.0085
010 561 0.0078
010 1065 0.0078
010 615 0.0077
010 805 0.0075
010 931 0.0074
010 761 0.0073
010 946 0.0071
010 1384 0.0071
010 940 0.0070
010 582 0.0069
010 950 0.0069
010 640 0.0068
010 151 0.0068
010 255 0.0067
010 367 0.0066
010 514 0.0066
010 394 0.0066
010 152 0.0065
010 39 0.0065
010 207 0.0065
010 303 0.0065
010 1219 0.0063
010 187 0.0063
010 1516 0.0063
010 681 0.0062
010 1506 0.0062
010 54 0.0061
010 1549 0.0061
010 974 0.0061
010 318 0.0060
010 178 0.0060
010 1406 0.0060
010 954 0.0059
010 271 0.0058
010 1343 0.0058
010 38 0.0058
010 869 0.0058
010 710 0.0057
010 205 0.0056
010 1104 0.0055
010 117 0.0055
010 552 0.0055
010 8 0.0055
010 371 0.0054
010 278 0.0054
010 1475 0.0053
010 734 0.0053
010 1467 0.0053
010 1341 0.0053
010 1443 0.0052
010 932 0.0052
010 1108 0.0052
010 65 0.0052
010 273 0.0052
010 1168 0.0052
010 232 0.0052
010 181 0.0052
010 654 0.0052
010 936 0.0051
010 992 0.0051
010 1474 0.0051
010 1314 0.0051
010 1308 0.0050
010 722 0.0050
010 1273 0.0050
010 788 0.0050
010 949 0.0050
010 1115 0.0050
010 784 0.0050
010 861 0.0049
010 18 0.0049
010 121 0.0049
010 655 0.0049
010 1418 0.0048
010 664 0.0048
010 563 0.0048
010 1023 0.0047
010 465 0.0047
010 667 0.0047
010 1036 0.0047
010 370 0.0047
010 1576 0.0046
010 856 0.0046
010 727 0.0046
010 832 0.0046
010 282 0.0046
010 1512 0.0045
010 920 0.0045
010 989 0.0045
010 868 0.0045
010 125 0.0045
010 819 0.0044
010 953 0.0044
010 857 0.0044
010 999 0.0044
010 737 0.0044
010 978 0.0043
010 598 0.0043
010 1296 0.0043
010 972 0.0043
010 421 0.0043
010 128 0.0042
010 108 0.0042
010 1355 0.0042
010 359 0.0042
010 1075 0.0042
010 1309 0.0041
010 878 0.0041
010 842 0.0041
010 1383 0.0041
010 1522 0.0040
010 1091 0.0040
010 623 0.0040
010 1212 0.0040
010 27 0.0040
010 380 0.0040
010 1358 0.0040
010 997 0.0039
010 11 0.0039
010 1405 0.0039
010 19 0.0039
010 161 0.0039
010 1583 0.0038
010 911 0.0038
010 620 0.0038
010 1386 0.0038
010 822 0.0037
010 1428 0.0037
010 928 0.0037
010 1241 0.0037
010 906 0.0037
010 462 0.0037
010 704 0.0037
010 699 0.0037
010 1068 0.0036
010 9 0.0036
010 213 0.0036
010 958 0.0036
010 268 0.0036
010 310 0.0035
010 1429 0.0035
010 1356 0.0035
010 369 0.0035
010 350 0.0035
010 518 0.0035
010 829 0.0035
010 880 0.0035
010 44 0.0034
010 720 0.0034
010 33 0.0034
010 550 0.0034
010 173 0.0034
010 459 0.0033
010 6 0.0033
010 1329 0.0033
010 1082 0.0033
010 1458 0.0033
010 988 0.0033
010 744 0.0033
010 1544 0.0032
010 407 0.0032
010 709 0.0032
010 632 0.0032
010 1238 0.0032
010 293 0.0032
010 355 0.0031
010 1459 0.0031
010 503 0.0031
010 1581 0.0031
010 888 0.0031
010 1026 0.0031
010 967 0.0031
010 337 0.0031
010 1330 0.0031
010 866 0.0030
010 177 0.0030
010 1037 0.0030
010 338 0.0030
010 619 0.0030
010 242 0.0030
010 651 0.0030
010 1249 0.0030
010 238 0.0030
010 969 0.0030
010 985 0.0030
010 862 0.0030
010 860 0.0030
010 634 0.0029
010 217 0.0029
010 1399 0.0029
010 414 0.0029
010 653 0.0028
010 25 0.0028
010 1058 0.0028
010 973 0.0028
010 736 0.0028
010 81 0.0028
010 1050 0.0028
010 209 0.0028
010 390 0.0028
010 1195 0.0028
010 1044 0.0028
010 900 0.0028
010 216 0.0028
010 1248 0.0027
010 802 0.0027
010 160 0.0027
010 294 0.0027
010 912 0.0027
010 171 0.0027
010 1367 0.0027
010 1022 0.0027
010 977 0.0027
010 188 0.0027
010 1146 0.0027
010 557 0.0027
010 706 0.0026
010 633 0.0026
010 628 0.0026
010 1569 0.0026
010 531 0.0026
010 597 0.0026
010 90 0.0026
010 1268 0.0026
010 590 0.0026
010 31 0.0026
010 669 0.0026
010 820 0.0026
010 89 0.0026
010 83 0.0025
010 849 0.0025
010 629 0.0025
010 1395 0.0025
010 1246 0.0025
010 1216 0.0025
010 415 0.0025
010 1382 0.0025
010 124 0.0025
010 934 0.0025
010 887 0.0025
010 361 0.0025
010 131 0.0025
010 726 0.0025
010 172 0.0024
010 74 0.0024
010 69 0.0024
010 7 0.0024
010 1431 0.0024
010 606 0.0024
010 589 0.0024
010 225 0.0024
010 1278 0.0024
010 1543 0.0024
010 772 0.0024
010 837 0.0023
010 1571 0.0023
010 1129 0.0023
010 444 0.0023
010 1420 0.0023
010 1439 0.0023
010 1113 0.0023
010 645 0.0023
010 412 0.0023
010 984 0.0023
010 387 0.0022
010 1253 0.0022
010 1144 0.0022
010 724 0.0022
010 685 0.0022
010 1572 0.0022
010 966 0.0022
010 1416 0.0022
010 604 0.0022
010 1126 0.0022
010 754 0.0022
010 21 0.0022
010 346 0.0022
010 1477 0.0022
010 930 0.0022
010 1030 0.0022
010 959 0.0022
010 252 0.0022
010 1125 0.0021
010 490 0.0021
010 1422 0.0021
010 239 0.0021
010 264 0.0021
010 583 0.0021
010 164 0.0021
010 1479 0.0021
010 1441 0.0021
010 82 0.0021
010 1548 0.0021
010 1326 0.0021
010 408 0.0021
010 399 0.0020
010 1517 0.0020
010 1270 0.0020
010 456 0.0020
010 491 0.0020
010 1461 0.0020
010 1198 0.0020
010 35 0.0020
010 115 0.0020
010 559 0.0020
010 1480 0.0020
010 600 0.0020
010 406 0.0020
010 732 0.0020
010 1072 0.0020
010 43 0.0019
010 467 0.0019
010 302 0.0019
010 1017 0.0019
010 696 0.0019
010 767 0.0019
010 479 0.0019
010 700 0.0019
010 1236 0.0019
010 635 0.0019
010 259 0.0019
010 656 0.0018
010 222 0.0018
010 142 0.0018
010 701 0.0018
010 1554 0.0018
010 3 0.0018
010 541 0.0018
010 719 0.0018
010 1101 0.0018
010 687 0.0018
010 1392 0.0018
010 218 0.0018
010 1204 0.0018
010 29 0.0018
010 163 0.0018
010 1496 0.0018
010 223 0.0018
010 1407 0.0018
010 872 0.0018
010 1524 0.0017
010 14 0.0017
010 1335 0.0017
010 1178 0.0017
010 975 0.0017
010 528 0.0017
010 137 0.0017
010 180 0.0017
010 1055 0.0017
010 835 0.0017
010 1086 0.0017
010 901 0.0017
010 363 0.0017
010 1156 0.0017
010 1298 0.0017
010 345 0.0017
010 522 0.0017
010 733 0.0017
010 660 0.0017
010 1377 0.0017
010 126 0.0017
010 509 0.0017
010 22 0.0016
010 1294 0.0016
010 296 0.0016
010 941 0.0016
010 473 0.0016
010 154 0.0016
010 588 0.0016
010 439 0.0016
010 622 0.0016
010 663 0.0016
010 986 0.0016
010 475 0.0016
010 511 0.0016
010 905 0.0016
010 609 0.0016
010 348 0.0016
010 122 0.0016
010 468 0.0016
010 921 0.0016
010 150 0.0016
010 267 0.0016
010 907 0.0016
010 73 0.0015
010 894 0.0015
010 106 0.0015
010 1515 0.0015
010 538 0.0015
010 803 0.0015
010 184 0.0015
010 995 0.0015
010 1432 0.0015
010 221 0.0015
010 1252 0.0015
010 916 0.0015
010 1262 0.0015
010 565 0.0015
010 1574 0.0015
010 166 0.0015
010 763 0.0015
010 683 0.0015
010 440 0.0015
010 1230 0.0015
010 342 0.0014
010 20 0.0014
010 1455 0.0014
010 34 0.0014
010 120 0.0014
010 339 0.0014
010 771 0.0014
010 1287 0.0014
010 12 0.0014
010 947 0.0014
010 1121 0.0014
010 196 0.0014
010 149 0.0014
010 208 0.0014
010 377 0.0014
010 1040 0.0014
010 418 0.0014
010 430 0.0014
010 791 0.0014
010 141 0.0014
010 1112 0.0013
010 729 0.0013
010 17 0.0013
010 537 0.0013
010 368 0.0013
010 322 0.0013
010 374 0.0013
010 244 0.0013
010 1557 0.0013
010 487 0.0013
010 441 0.0013
010 714 0.0013
010 1457 0.0013
010 650 0.0013
010 1122 0.0013
010 144 0.0013
010 713 0.0013
010 201 0.0013
010 715 0.0013
010 162 0.0013
010 1054 0.0013
010 87 0.0013
010 1289 0.0013
010 97 0.0013
010 129 0.0013
010 1140 0.0013
010 1368 0.0013
010 1579 0.0013
010 28 0.0013
010 1540 0.0012
010 917 0.0012
010 48 0.0012
010 165 0.0012
010 1227 0.0012
010 86 0.0012
010 504 0.0012
010 935 0.0012
010 1325 0.0012
010 1499 0.0012
010 1077 0.0012
010 575 0.0012
010 1095 0.0012
010 1202 0.0012
010 1473 0.0012
010 1339 0.0012
010 450 0.0012
010 573 0.0012
010 519 0.0012
010 527 0.0012
010 304 0.0012
010 918 0.0012
010 136 0.0012
010 186 0.0012
010 1263 0.0011
010 1425 0.0011
010 751 0.0011
010 1107 0.0011
010 1141 0.0011
010 1084 0.0011
010 1172 0.0011
010 1032 0.0011
010 915 0.0011
010 540 0.0011
010 1275 0.0011
010 922 0.0011
010 813 0.0011
010 1066 0.0011
010 790 0.0011
010 289 0.0011
010 1196 0.0011
010 1229 0.0011
010 466 0.0011
010 914 0.0011
010 553 0.0011
010 1317 0.0011
010 815 0.0011
010 1135 0.0011
010 666 0.0011
010 1562 0.0011
010 498 0.0011
010 702 0.0010
010 269 0.0010
010 1538 0.0010
010 567 0.0010
010 1214 0.0010
010 1539 0.0010
010 1153 0.0010
010 891 0.0010
010 1338 0.0010
010 1510 0.0010
010 1528 0.0010
010 402 0.0010
010 1456 0.0010
010 112 0.0010
010 765 0.0010
010 925 0.0010
010 98 0.0010
010 1390 0.0010
010 1090 0.0010
010 75 0.0010
010 612 0.0009
010 521 0.0009
010 882 0.0009
010 46 0.0009
010 1503 0.0009
010 896 0.0009
010 1487 0.0009
010 77 0.0009
010 1501 0.0009
010 99 0.0009
010 91 0.0009
010 1369 0.0009
010 1280 0.0009
010 1116 0.0008
010 783 0.0008
010 1381 0.0008
010 1045 0.0008
010 253 0.0008
010 613 0.0008
010 1299 0.0008
010 5 0.0008
010 1505 0.0008
010 883 0.0008
010 1410 0.0008
010 1205 0.0008
010 1061 0.0007
010 1158 0.0007
010 962 0.0007
010 395 0.0007
010 1288 0.0007
010 1542 0.0007
010 266 0.0007
010 520 0.0007
010 1465 0.0007
010 1470 0.0007
010 1442 0.0007
010 749 0.0006
010 707 0.0006
010 895 0.0006
010 1119 0.0006
010 863 0.0006
010 240 0.0006
010 1486 0.0006
010 1444 0.0005
011 1177 0.3887
011 897 0.3691
011 1334 0.3688
011 679 0.3393
011 1469 0.3358
011 1321 0.3092
011 193 0.2981
011 1063 0.2976
011 716 0.2948
011 1534 0.2842
011 1552 0.2759
011 1160 0.2611
011 1536 0.2603
011 550 0.2588
011 665 0.2578
011 246 0.2492
011 877 0.2446
011 870 0.2358
011 484 0.2257
011 1513 0.2158
011 798 0.2052
011 1223 0.1968
011 944 0.1904
011 423 0.1887
011 1333 0.1875
011 760 0.1872
011 1166 0.1841
011 265 0.1839
011 245 0.1820
011 1242 0.1798
011 1375 0.1789
011 948 0.1759
011 1313 0.1656
011 281 0.1645
011 1421 0.1635
011 1466 0.1631
011 430 0.1573
011 1360 0.1542
011 572 0.1508
011 356 0.1495
011 454 0.1486
011 1449 0.1476
011 1362 0.1441
011 1070 0.1437
011 1202 0.1432
011 1346 0.1424
011 1577 0.1406
011 439 0.1402
011 41 0.1394
011 381 0.1394
011 1564 0.1389
011 1128 0.1384
011 824 0.1380
011 991 0.1379
011 816 0.1379
011 328 0.1365
011 557 0.1359
011 1441 0.1359
011 585 0.1346
011 250 0.1341
011 1285 0.1323
011 119 0.1306
011 680 0.1294
011 1000 0.1285
011 1082 0.1270
011 1096 0.1269
011 1102 0.1268
011 344 0.1262
011 428 0.1259
011 602 0.1253
011 649 0.1242
011 401 0.1239
011 362 0.1237
011 257 0.1212
011 593 0.1208
011 297 0.1190
011 1342 0.1180
011 795 0.1171
011 1290 0.1170
011 995 0.1155
011 447 0.1154
011 1264 0.1142
011 215 0.1140
011 1134 0.1125
011 535 0.1122
011 1374 0.1121
011 1490 0.1105
011 658 0.1079
011 636 0.1055
011 45 0.1055
011 1310 0.1054
011 1221 0.1051
011 349 0.1050
011 1307 0.1047
011 114 0.1022
011 1433 0.1021
011 537 0.1021
011 597 0.1010
011 1420 0.1009
011 485 0.1004
011 1492 0.0994
011 492 0.0990
011 854 0.0977
011 1208 0.0973
011 95 0.0968
011 929 0.0965
011 185 0.0963
011 1312 0.0962
011 88 0.0956
011 1193 0.0953
011 828 0.0920
011 672 0.0910
011 945 0.0909
011 606 0.0908
011 772 0.0904
011 431 0.0904
011 1025 0.0892
011 446 0.0883
011 94 0.0877
011 71 0.0873
011 1345 0.0866
011 785 0.0852
011 1176 0.0842
011 1383 0.0833
011 1302 0.0825
011 709 0.0819
011 262 0.0817
011 493 0.0814
011 627 0.0806
011 230 0.0802
011 53 0.0801
011 288 0.0800
011 1127 0.0786
011 438 0.0785
011 1074 0.0775
011 14 0.0761
011 170 0.0756
011 103 0.0752
011 13 0.0750
011 249 0.0749
011 70 0.0743
011 434 0.0732
011 436 0.0731
011 892 0.0724
011 22 0.0721
011 102 0.0709
011 1508 0.0707
011 1401 0.0707
011 1169 0.0695
011 135 0.0694
011 549 0.0694
011 1023 0.0692
011 49 0.0691
011 638 0.0690
011 1516 0.0690
011 1568 0.0688
011 964 0.0687
011 1187 0.0687
011 437 0.0686
011 904 0.0682
011 503 0.0681
011 30 0.0675
011 1494 0.0672
011 424 0.0666
011 58 0.0665
011 1037 0.0663
011 1365 0.0661
011 720 0.0661
011 933 0.0661
011 1567 0.0658
011 1245 0.0656
011 366 0.0649
011 229 0.0648
011 516 0.0646
011 1154 0.0637
011 497 0.0637
011 507 0.0636
011 39 0.0627
011 156 0.0626
011 1455 0.0625
011 120 0.0621
011 1250 0.0621
011 206 0.0619
011 189 0.0616
011 1306 0.0614
011 525 0.0613
011 511 0.0609
011 157 0.0608
011 1491 0.0605
011 902 0.0604
011 1371 0.0602
011 334 0.0600
011 337 0.0589
011 1112 0.0587
011 487 0.0577
011 380 0.0577
011 1286 0.0577
011 1350 0.0576
011 477 0.0572
011 233 0.0572
011 786 0.0572
011 536 0.0568
011 280 0.0568
011 938 0.0565
011 817 0.0559
011 886 0.0556
011 1308 0.0554
011 129 0.0552
011 1246 0.0552
011 759 0.0550
011 452 0.0544
011 165 0.0544
011 1434 0.0541
011 15 0.0537
011 1123 0.0537
011 1165 0.0533
011 1043 0.0533
011 752 0.0530
011 319 0.0529
011 908 0.0528
011 840 0.0526
011 74 0.0526
011 1222 0.0524
011 1444 0.0524
011 335 0.0523
011 731 0.0521
011 729 0.0513
011 1092 0.0512
011 1327 0.0508
011 1052 0.0507
011 730 0.0507
011 427 0.0504
011 1175 0.0504
011 560 0.0501
011 148 0.0501
011 375 0.0500
011 1225 0.0498
011 258 0.0496
011 32 0.0496
011 1500 0.0495
011 1084 0.0494
011 526 0.0494
011 1054 0.0493
011 753 0.0492
011 289 0.0484
011 788 0.0481
011 910 0.0479
011 744 0.0476
011 169 0.0476
011 243 0.0474
011 1408 0.0468
011 823 0.0466
011 806 0.0464
011 577 0.0460
011 1132 0.0459
011 300 0.0456
011 329 0.0456
011 574 0.0453
011 1339 0.0452
011 1476 0.0451
011 305 0.0451
011 1580 0.0450
011 967 0.0449
011 1424 0.0446
011 616 0.0441
011 448 0.0436
011 723 0.0436
011 1130 0.0436
011 426 0.0431
011 331 0.0428
011 1450 0.0427
011 404 0.0422
011 1010 0.0421
011 617 0.0419
011 1511 0.0418
011 40 0.0415
011 594 0.0412
011 1133 0.0407
011 1340 0.0405
011 222 0.0403
011 1255 0.0403
011 595 0.0398
011 351 0.0393
011 1091 0.0385
011 705 0.0384
011 668 0.0381
011 1358 0.0380
011 192 0.0379
011 422 0.0371
011 251 0.0368
011 1150 0.0368
011 261 0.0368
011 741 0.0364
011 211 0.0363
011 1348 0.0360
011 1049 0.0356
011 1363 0.0354
011 508 0.0352
011 5 0.0350
011 555 0.0350
011 1573 0.0349
011 864 0.0348
011 425 0.0347
011 896 0.0347
011 1481 0.0345
011 578 0.0344
011 1080 0.0341
011 581 0.0341
011 183 0.0340
011 1164 0.0339
011 299 0.0335
011 445 0.0334
011 298 0.0333
011 478 0.0326
011 123 0.0318
011 509 0.0317
011 327 0.0317
011 474 0.0312
011 676 0.0303
011 839 0.0299
011 873 0.0298
011 841 0.0298
011 210 0.0298
011 376 0.0288
011 1041 0.0287
011 942 0.0286
011 312 0.0283
011 1207 0.0278
011 321 0.0277
011 97 0.0277
011 1349 0.0277
011 960 0.0277
011 1016 0.0274
011 179 0.0273
011 848 0.0273
011 1073 0.0269
011 449 0.0267
011 648 0.0267
011 3 0.0263
011 1364 0.0256
011 532 0.0256
011 320 0.0256
011 1452 0.0254
011 66 0.0254
011 63 0.0254
011 1057 0.0252
011 1189 0.0251
011 489 0.0250
011 50 0.0248
011 1301 0.0247
011 1159 0.0247
011 833 0.0247
011 793 0.0244
011 966 0.0241
011 502 0.0241
011 524 0.0239
011 510 0.0238
011 1565 0.0235
011 1436 0.0233
011 599 0.0233
011 799 0.0231
011 1078 0.0230
011 1291 0.0230
011 1120 0.0229
011 1034 0.0223
011 603 0.0220
011 517 0.0217
011 1526 0.0217
011 642 0.0214
011 703 0.0213
011 740 0.0213
011 774 0.0212
011 712 0.0208
011 291 0.0208
011 1347 0.0207
011 93 0.0204
011 1247 0.0204
011 812 0.0202
011 1423 0.0202
011 810 0.0201
011 469 0.0198
011 1083 0.0197
011 1069 0.0195
011 24 0.0194
011 780 0.0194
011 695 0.0192
011 1171 0.0192
011 1210 0.0191
011 1446 0.0189
011 591 0.0188
011 979 0.0183
011 838 0.0182
011 190 0.0181
011 796 0.0177
011 1354 0.0177
011 804 0.0176
011 836 0.0174
011 1008 0.0172
011 26 0.0172
011 858 0.0170
011 576 0.0166
011 1031 0.0166
011 625 0.0166
011 330 0.0162
011 1419 0.0159
011 542 0.0159
011 637 0.0158
011 566 0.0158
011 1240 0.0158
011 684 0.0155
011 397 0.0153
011 1370 0.0153
011 496 0.0152
011 1111 0.0151
011 1028 0.0151
011 533 0.0146
011 357 0.0145
011 1224 0.0145
011 1531 0.0144
011 994 0.0142
011 1271 0.0137
011 383 0.0137
011 781 0.0136
011 1064 0.0133
011 486 0.0132
011 308 0.0125
011 909 0.0124
011 1483 0.0122
011 787 0.0120
011 365 0.0120
011 1394 0.0119
011 592 0.0118
011 1332 0.0117
011 333 0.0094
012 1513 0.6728
012 723 0.5389
012 897 0.4175
012 1575 0.1733
012 947 0.1017
012 342 0.0880
012 986 0.0846
012 576 0.0819
012 510 0.0806
012 430 0.0762
012 290 0.0740
012 1457 0.0728
012 1077 0.0685
012 1194 0.0664
012 190 0.0656
012 1123 0.0642
012 1120 0.0625
012 19 0.0620
012 480 0.0591
012 469 0.0541
012 195 0.0535
012 284 0.0534
012 1069 0.0533
012 1476 0.0519
012 816 0.0519
012 1285 0.0511
012 54 0.0507
012 945 0.0497
012 164 0.0487
012 996 0.0483
012 82 0.0479
012 1523 0.0478
012 293 0.0468
012 795 0.0463
012 794 0.0449
012 1286 0.0445
012 479 0.0444
012 1100 0.0432
012 837 0.0431
012 62 0.0430
012 1226 0.0429
012 246 0.0427
012 742 0.0425
012 446 0.0421
012 439 0.0419
012 29 0.0418
012 251 0.0416
012 948 0.0411
012 805 0.0404
012 379 0.0404
012 1009 0.0397
012 1478 0.0395
012 335 0.0394
012 217 0.0393
012 1093 0.0392
012 799 0.0391
012 1147 0.0389
012 207 0.0384
012 978 0.0380
012 1195 0.0376
012 307 0.0371
012 824 0.0371
012 1331 0.0371
012 267 0.0367
012 1109 0.0363
012 1319 0.0357
012 635 0.0355
012 1382 0.0352
012 969 0.0352
012 1262 0.0352
012 1581 0.0351
012 1408 0.0350
012 191 0.0350
012 212 0.0347
012 789 0.0343
012 705 0.0341
012 979 0.0338
012 1384 0.0338
012 579 0.0338
012 661 0.0337
012 731 0.0333
012 1419 0.0331
012 985 0.0329
012 1033 0.0328
012 559 0.0328
012 39 0.0328
012 444 0.0326
012 987 0.0326
012 1217 0.0324
012 555 0.0322
012 526 0.0322
012 695 0.0320
012 432 0.0320
012 589 0.0320
012 600 0.0317
012 256 0.0315
012 1028 0.0315
012 862 0.0311
012 1407 0.0308
012 939 0.0303
012 730 0.0302
012 470 0.0300
012 122 0.0300
012 562 0.0300
012 299 0.0298
012 1115 0.0291
012 1066 0.0290
012 1278 0.0289
012 14 0.0288
012 344 0.0288
012 210 0.0284
012 673 0.0282
012 1050 0.0282
012 972 0.0281
012 605 0.0279
012 1398 0.0278
012 487 0.0278
012 785 0.0277
012 630 0.0276
012 348 0.0275
012 660 0.0275
012 802 0.0275
012 458 0.0274
012 1063 0.0273
012 503 0.0273
012 1420 0.0272
012 1070 0.0271
012 977 0.0270
012 89 0.0269
012 149 0.0268
012 626 0.0265
012 1012 0.0265
012 995 0.0263
012 1469 0.0263
012 1016 0.0261
012 790 0.0261
012 504 0.0259
012 669 0.0258
012 1030 0.0255
012 43 0.0255
012 1536 0.0254
012 963 0.0254
012 1140 0.0253
012 1330 0.0253
012 326 0.0253
012 813 0.0251
012 1495 0.0249
012 1245 0.0249
012 946 0.0248
012 1297 0.0248
012 1355 0.0246
012 578 0.0246
012 739 0.0246
012 519 0.0246
012 200 0.0246
012 1459 0.0246
012 1479 0.0246
012 1162 0.0245
012 283 0.0244
012 1158 0.0243
012 129 0.0242
012 508 0.0240
012 835 0.0240
012 1501 0.0240
012 118 0.0238
012 885 0.0236
012 717 0.0235
012 970 0.0235
012 1113 0.0234
012 438 0.0233
012 1082 0.0232
012 811 0.0232
012 461 0.0232
012 292 0.0231
012 377 0.0230
012 592 0.0230
012 84 0.0229
012 1260 0.0228
012 1178 0.0227
012 1175 0.0224
012 227 0.0224
012 632 0.0223
012 47 0.0223
012 253 0.0221
012 737 0.0221
012 467 0.0219
012 311 0.0218
012 1441 0.0218
012 107 0.0217
012 741 0.0217
012 1361 0.0216
012 1179 0.0215
012 886 0.0215
012 502 0.0214
012 668 0.0213
012 1383 0.0213
012 1054 0.0213
012 373 0.0212
012 854 0.0212
012 1539 0.0212
012 1443 0.0211
012 1365 0.0210
012 1461 0.0210
012 656 0.0210
012 577 0.0209
012 1360 0.0208
012 1097 0.0207
012 536 0.0207
012 507 0.0207
012 631 0.0207
012 711 0.0206
012 1357 0.0206
012 1517 0.0205
012 942 0.0205
012 1132 0.0204
012 1375 0.0203
012 566 0.0202
012 1263 0.0201
012 919 0.0200
012 1393 0.0200
012 1058 0.0199
012 981 0.0199
012 1548 0.0198
012 1084 0.0198
012 1520 0.0197
012 641 0.0197
012 178 0.0197
012 983 0.0196
012 691 0.0196
012 848 0.0195
012 194 0.0195
012 906 0.0195
012 873 0.0194
012 867 0.0194
012 1065 0.0194
012 98 0.0194
012 1214 0.0194
012 760 0.0194
012 257 0.0193
012 1185 0.0193
012 847 0.0193
012 1234 0.0192
012 858 0.0191
012 271 0.0190
012 1141 0.0188
012 1237 0.0187
012 268 0.0187
012 266 0.0187
012 280 0.0185
012 1498 0.0184
012 587 0.0184
012 66 0.0181
012 106 0.0181
012 713 0.0180
012 486 0.0180
012 1183 0.0180
012 484 0.0180
012 591 0.0179
012 612 0.0179
012 825 0.0178
012 390 0.0178
012 1442 0.0177
012 451 0.0177
012 1104 0.0176
012 1522 0.0176
012 949 0.0175
012 623 0.0174
012 614 0.0174
012 1192 0.0174
012 249 0.0174
012 648 0.0174
012 1554 0.0174
012 397 0.0173
012 1021 0.0173
012 380 0.0173
012 296 0.0172
012 1062 0.0172
012 1568 0.0171
012 674 0.0171
012 93 0.0170
012 1354 0.0168
012 162 0.0168
012 870 0.0167
012 817 0.0166
012 119 0.0166
012 465 0.0166
012 647 0.0166
012 187 0.0165
012 1339 0.0165
012 573 0.0165
012 512 0.0165
012 1187 0.0164
012 4 0.0163
012 148 0.0163
012 391 0.0162
012 272 0.0162
012 1131 0.0161
012 52 0.0161
012 751 0.0161
012 625 0.0158
012 1418 0.0158
012 205 0.0158
012 915 0.0158
012 1303 0.0156
012 443 0.0156
012 154 0.0156
012 169 0.0155
012 366 0.0155
012 1128 0.0154
012 1049 0.0154
012 331 0.0153
012 918 0.0152
012 748 0.0152
012 333 0.0151
012 601 0.0151
012 1240 0.0151
012 1546 0.0151
012 20 0.0150
012 680 0.0150
012 1078 0.0150
012 898 0.0150
012 1494 0.0149
012 709 0.0149
012 921 0.0149
012 1530 0.0149
012 1560 0.0148
012 189 0.0148
012 759 0.0147
012 196 0.0147
012 852 0.0147
012 262 0.0147
012 627 0.0147
012 305 0.0147
012 1580 0.0147
012 139 0.0146
012 1211 0.0145
012 1417 0.0145
012 329 0.0145
012 1284 0.0145
012 184 0.0145
012 878 0.0144
012 1294 0.0144
012 590 0.0144
012 1432 0.0143
012 1362 0.0142
012 744 0.0142
012 1511 0.0142
012 567 0.0142
012 1001 0.0142
012 64 0.0142
012 961 0.0142
012 1083 0.0141
012 1273 0.0141
012 1353 0.0141
012 1467 0.0140
012 628 0.0139
012 1410 0.0139
012 1358 0.0139
012 740 0.0138
012 108 0.0138
012 393 0.0138
012 1239 0.0138
012 1200 0.0138
012 138 0.0137
012 339 0.0135
012 81 0.0135
012 992 0.0135
012 525 0.0134
012 1173 0.0134
012 1386 0.0133
012 1454 0.0132
012 1207 0.0132
012 1133 0.0132
012 8 0.0131
012 784 0.0131
012 462 0.0130
012 1578 0.0130
012 704 0.0129
012 1508 0.0129
012 1456 0.0129
012 1224 0.0129
012 117 0.0128
012 395 0.0128
012 226 0.0127
012 1146 0.0127
012 214 0.0127
012 925 0.0127
012 322 0.0127
012 1402 0.0127
012 767 0.0126
012 752 0.0126
012 1470 0.0126
012 1074 0.0126
012 636 0.0126
012 844 0.0126
012 464 0.0126
012 585 0.0126
012 964 0.0125
012 1222 0.0125
012 1514 0.0125
012 1471 0.0124
012 163 0.0124
012 776 0.0124
012 806 0.0122
012 1474 0.0122
012 1203 0.0121
012 63 0.0121
012 137 0.0121
012 1057 0.0120
012 769 0.0120
012 1561 0.0119
012 449 0.0119
012 670 0.0119
012 287 0.0118
012 879 0.0118
012 1318 0.0117
012 1348 0.0117
012 1465 0.0116
012 1027 0.0116
012 937 0.0115
012 1000 0.0115
012 575 0.0114
012 91 0.0114
012 1555 0.0113
012 407 0.0113
012 1270 0.0113
012 2 0.0113
012 1313 0.0112
012 1170 0.0112
012 622 0.0112
012 663 0.0111
012 174 0.0110
012 336 0.0110
012 702 0.0110
012 468 0.0109
012 340 0.0109
012 1371 0.0108
012 1209 0.0108
012 1225 0.0108
012 509 0.0108
012 1515 0.0107
012 968 0.0107
012 540 0.0107
012 1463 0.0106
012 289 0.0106
012 88 0.0106
012 1180 0.0106
012 516 0.0105
012 127 0.0105
012 657 0.0105
012 914 0.0104
012 1266 0.0104
012 371 0.0104
012 1317 0.0103
012 747 0.0103
012 1061 0.0103
012 1380 0.0103
012 440 0.0102
012 1533 0.0102
012 1020 0.0101
012 67 0.0101
012 38 0.0101
012 411 0.0101
012 414 0.0101
012 602 0.0100
012 846 0.0099
012 1287 0.0099
012 1176 0.0098
012 265 0.0098
012 1466 0.0098
012 247 0.0098
012 179 0.0098
012 866 0.0097
012 1309 0.0097
012 546 0.0097
012 1091 0.0096
012 891 0.0096
012 418 0.0096
012 651 0.0096
012 1307 0.0096
012 896 0.0095
012 485 0.0094
012 112 0.0094
012 786 0.0093
012 537 0.0093
012 1048 0.0093
012 215 0.0093
012 374 0.0093
012 244 0.0093
012 716 0.0093
012 312 0.0092
012 872 0.0092
012 597 0.0092
012 90 0.0092
012 1563 0.0092
012 869 0.0092
012 560 0.0091
012 11 0.0091
012 1492 0.0091
012 960 0.0090
012 1406 0.0089
012 155 0.0089
012 904 0.0089
012 1395 0.0089
012 1246 0.0088
012 1150 0.0088
012 1076 0.0088
012 77 0.0086
012 1336 0.0086
012 823 0.0085
012 492 0.0084
012 1328 0.0084
012 804 0.0084
012 1202 0.0083
012 1481 0.0083
012 772 0.0082
012 49 0.0082
012 728 0.0082
012 420 0.0082
012 1008 0.0082
012 1092 0.0082
012 26 0.0082
012 309 0.0082
012 136 0.0081
012 581 0.0081
012 1485 0.0081
012 909 0.0081
012 871 0.0081
012 1216 0.0080
012 1483 0.0080
012 387 0.0079
012 435 0.0079
012 3 0.0079
012 565 0.0078
012 1299 0.0078
012 724 0.0078
012 863 0.0078
012 953 0.0078
012 167 0.0078
012 330 0.0077
012 346 0.0077
012 243 0.0075
012 1125 0.0075
012 428 0.0075
012 1422 0.0075
012 1288 0.0075
012 1562 0.0074
012 1255 0.0073
012 463 0.0073
012 65 0.0073
012 1409 0.0073
012 923 0.0073
012 672 0.0072
012 982 0.0072
012 842 0.0071
012 1451 0.0071
012 382 0.0071
012 773 0.0070
012 35 0.0070
012 416 0.0069
012 1308 0.0069
012 406 0.0069
012 316 0.0068
012 161 0.0068
012 1583 0.0067
012 1304 0.0066
012 890 0.0066
012 607 0.0066
012 1349 0.0066
012 991 0.0066
012 618 0.0066
012 259 0.0065
012 1388 0.0065
012 721 0.0064
012 142 0.0064
012 1363 0.0064
012 692 0.0063
012 541 0.0063
012 213 0.0063
012 719 0.0063
012 1244 0.0062
012 310 0.0062
012 999 0.0062
012 662 0.0062
012 1411 0.0062
012 814 0.0062
012 314 0.0061
012 523 0.0061
012 518 0.0061
012 528 0.0061
012 1534 0.0060
012 1052 0.0060
012 965 0.0060
012 720 0.0060
012 427 0.0060
012 658 0.0060
012 489 0.0060
012 431 0.0060
012 1444 0.0059
012 1396 0.0059
012 1421 0.0059
012 1116 0.0059
012 924 0.0059
012 750 0.0059
012 951 0.0058
012 434 0.0058
012 941 0.0057
012 109 0.0057
012 473 0.0057
012 1114 0.0057
012 584 0.0057
012 797 0.0056
012 1087 0.0056
012 219 0.0056
012 599 0.0055
012 447 0.0055
012 1161 0.0054
012 193 0.0054
012 58 0.0053
012 1037 0.0053
012 147 0.0053
012 619 0.0053
012 933 0.0053
012 448 0.0052
012 763 0.0052
012 426 0.0051
012 761 0.0051
012 642 0.0051
012 1103 0.0051
012 774 0.0051
012 321 0.0051
012 1117 0.0050
012 349 0.0050
012 736 0.0049
012 372 0.0049
012 1247 0.0049
012 1460 0.0048
012 1292 0.0048
012 912 0.0048
012 173 0.0047
012 1112 0.0047
012 1127 0.0047
012 1344 0.0047
012 1279 0.0047
012 798 0.0046
012 1096 0.0046
012 1350 0.0046
012 1210 0.0045
012 650 0.0045
012 1122 0.0045
012 936 0.0045
012 820 0.0045
012 1233 0.0045
012 1346 0.0045
012 755 0.0045
012 87 0.0044
012 1289 0.0044
012 629 0.0044
012 1208 0.0044
012 422 0.0044
012 1415 0.0044
012 1387 0.0044
012 1506 0.0044
012 436 0.0044
012 361 0.0043
012 1047 0.0043
012 1373 0.0042
012 764 0.0042
012 836 0.0042
012 425 0.0041
012 1558 0.0041
012 1129 0.0041
012 350 0.0041
012 304 0.0041
012 1283 0.0041
012 60 0.0041
012 880 0.0040
012 392 0.0040
012 1046 0.0040
012 1172 0.0040
012 1032 0.0040
012 753 0.0039
012 1329 0.0039
012 768 0.0039
012 466 0.0038
012 1235 0.0038
012 1477 0.0038
012 1374 0.0038
012 845 0.0038
012 1148 0.0038
012 572 0.0037
012 1397 0.0037
012 734 0.0037
012 1118 0.0037
012 1370 0.0036
012 1142 0.0036
012 580 0.0035
012 1510 0.0035
012 1528 0.0035
012 533 0.0035
012 732 0.0034
012 317 0.0034
012 1089 0.0034
012 696 0.0033
012 1379 0.0033
012 1088 0.0033
012 248 0.0033
012 1036 0.0033
012 1271 0.0033
012 1193 0.0032
012 222 0.0032
012 701 0.0032
012 46 0.0032
012 36 0.0032
012 681 0.0031
012 99 0.0031
012 1335 0.0030
012 558 0.0030
012 1282 0.0030
012 1045 0.0029
012 676 0.0029
012 1453 0.0028
012 437 0.0027
012 78 0.0027
012 472 0.0027
012 1205 0.0027
012 984 0.0027
012 1267 0.0026
012 1253 0.0026
012 1252 0.0026
012 857 0.0026
012 962 0.0026
012 114 0.0025
012 1007 0.0024
012 1542 0.0024
012 61 0.0024
012 216 0.0024
012 971 0.0024
012 1099 0.0024
012 97 0.0022
013 1312 0.4320
013 1201 0.3301
013 704 0.3133
013 286 0.3015
013 1041 0.2921
013 559 0.2917
013 1515 0.2779
013 358 0.2735
013 1303 0.2626
013 793 0.2482
013 735 0.2449
013 1469 0.2411
013 5 0.2360
013 1081 0.2303
013 1426 0.2278
013 1198 0.2239
013 36 0.2126
013 1172 0.2109
013 991 0.2106
013 99 0.2076
013 1256 0.2072
013 1275 0.2063
013 1315 0.2042
013 1488 0.2031
013 653 0.1903
013 1146 0.1838
013 1130 0.1818
013 62 0.1786
013 1095 0.1754
013 1340 0.1724
013 289 0.1719
013 605 0.1690
013 498 0.1684
013 1257 0.1676
013 1401 0.1661
013 267 0.1659
013 746 0.1658
013 281 0.1648
013 756 0.1645
013 1281 0.1640
013 771 0.1621
013 1474 0.1618
013 958 0.1580
013 1176 0.1573
013 205 0.1561
013 725 0.1546
013 31 0.1526
013 1429 0.1492
013 104 0.1470
013 1502 0.1424
013 25 0.1418
013 1245 0.1397
013 1300 0.1381
013 1296 0.1378
013 696 0.1362
013 1372 0.1350
013 1162 0.1337
013 1223 0.1323
013 1101 0.1278
013 1067 0.1261
013 152 0.1259
013 892 0.1227
013 1229 0.1220
013 586 0.1218
013 41 0.1212
013 1277 0.1192
013 1351 0.1171
013 903 0.1156
013 492 0.1148
013 1114 0.1140
013 549 0.1134
013 867 0.1119
013 145 0.1111
013 762 0.1102
013 1322 0.1102
013 213 0.1098
013 15 0.1077
013 1040 0.1076
013 1554 0.1069
013 1552 0.1066
013 353 0.1060
013 859 0.1060
013 1463 0.1058
013 1008 0.1037
013 229 0.1035
013 900 0.1035
013 364 0.1030
013 807 0.1029
013 963 0.1026
013 1449 0.1021
013 647 0.1021
013 470 0.1011
013 1461 0.1010
013 907 0.0988
013 101 0.0986
013 1133 0.0974
013 1243 0.0974
013 1128 0.0963
013 201 0.0961
013 1258 0.0957
013 87 0.0950
013 496 0.0941
013 558 0.0939
013 124 0.0937
013 1060 0.0932
013 1047 0.0918
013 1445 0.0905
013 1020 0.0891
013 1305 0.0861
013 913 0.0859
013 134 0.0850
013 375 0.0850
013 1421 0.0844
013 1455 0.0844
013 1520 0.0842
013 1108 0.0833
013 339 0.0832
013 841 0.0831
013 81 0.0830
013 1022 0.0829
013 85 0.0813
013 997 0.0805
013 1160 0.0798
013 942 0.0797
013 679 0.0793
013 1112 0.0791
013 128 0.0791
013 1446 0.0790
013 824 0.0785
013 485 0.0784
013 255 0.0776
013 971 0.0770
013 1005 0.0765
013 54 0.0764
013 246 0.0759
013 887 0.0757
013 1014 0.0757
013 1182 0.0751
013 1492 0.0748
013 1224 0.0735
013 1556 0.0731
013 1202 0.0729
013 895 0.0729
013 956 0.0728
013 726 0.0723
013 1512 0.0723
013 917 0.0722
013 302 0.0720
013 532 0.0712
013 795 0.0700
013 906 0.0693
013 26 0.0690
013 288 0.0684
013 506 0.0683
013 572 0.0681
013 1495 0.0679
013 1501 0.0661
013 747 0.0661
013 1572 0.0652
013 263 0.0649
013 1143 0.0645
013 346 0.0644
013 816 0.0640
013 433 0.0639
013 321 0.0638
013 1276 0.0629
013 159 0.0621
013 82 0.0610
013 109 0.0610
013 207 0.0608
013 739 0.0607
013 1255 0.0607
013 782 0.0606
013 1499 0.0601
013 1464 0.0598
013 491 0.0597
013 1319 0.0594
013 1116 0.0593
013 631 0.0592
013 410 0.0588
013 566 0.0586
013 643 0.0586
013 1010 0.0585
013 789 0.0578
013 1376 0.0578
013 1180 0.0576
013 811 0.0576
013 1580 0.0573
013 1438 0.0569
013 1336 0.0569
013 1371 0.0566
013 1274 0.0562
013 889 0.0560
013 1432 0.0559
013 810 0.0559
013 1307 0.0558
013 825 0.0550
013 694 0.0548
013 1175 0.0545
013 1413 0.0541
013 1485 0.0539
013 117 0.0539
013 597 0.0538
013 1049 0.0537
013 32 0.0537
013 319 0.0530
013 1205 0.0526
013 1100 0.0525
013 1086 0.0525
013 1458 0.0525
013 196 0.0525
013 308 0.0524
013 757 0.0523
013 818 0.0518
013 223 0.0518
013 1456 0.0515
013 1540 0.0511
013 873 0.0507
013 1087 0.0505
013 616 0.0504
013 658 0.0502
013 1546 0.0500
013 875 0.0488
013 1077 0.0488
013 1122 0.0482
013 1518 0.0480
013 419 0.0480
013 588 0.0476
013 826 0.0475
013 1220 0.0475
013 1246 0.0472
013 224 0.0471
013 860 0.0470
013 743 0.0468
013 1394 0.0467
013 412 0.0467
013 119 0.0467
013 808 0.0464
013 1400 0.0463
013 67 0.0460
013 20 0.0455
013 230 0.0454
013 494 0.0453
013 373 0.0446
013 1537 0.0442
013 546 0.0440
013 972 0.0440
013 1048 0.0437
013 1263 0.0430
013 1536 0.0428
013 1459 0.0427
013 342 0.0426
013 639 0.0422
013 349 0.0421
013 408 0.0421
013 393 0.0418
013 291 0.0417
013 922 0.0417
013 839 0.0417
013 1538 0.0416
013 210 0.0415
013 525 0.0414
013 1329 0.0412
013 301 0.0412
013 768 0.0411
013 1247 0.0409
013 1317 0.0404
013 284 0.0404
013 481 0.0403
013 1550 0.0403
013 827 0.0400
013 316 0.0397
013 949 0.0397
013 280 0.0395
013 332 0.0393
013 24 0.0390
013 1015 0.0386
013 1418 0.0385
013 674 0.0385
013 195 0.0381
013 1472 0.0381
013 848 0.0380
013 162 0.0378
013 1199 0.0378
013 1338 0.0374
013 402 0.0372
013 648 0.0371
013 1503 0.0371
013 1203 0.0367
013 1190 0.0366
013 741 0.0365
013 990 0.0364
013 211 0.0364
013 52 0.0363
013 310 0.0362
013 432 0.0361
013 1032 0.0359
013 1486 0.0358
013 1524 0.0358
013 1434 0.0358
013 1364 0.0356
013 590 0.0354
013 1189 0.0350
013 901 0.0350
013 1071 0.0349
013 489 0.0348
013 454 0.0345
013 1240 0.0342
013 345 0.0342
013 721 0.0342
013 60 0.0341
013 522 0.0341
013 692 0.0338
013 524 0.0333
013 702 0.0332
013 1393 0.0332
013 557 0.0331
013 1453 0.0331
013 1328 0.0329
013 1398 0.0327
013 1476 0.0326
013 56 0.0325
013 135 0.0325
013 1023 0.0324
013 187 0.0322
013 1539 0.0321
013 243 0.0317
013 1403 0.0315
013 1513 0.0314
013 862 0.0314
013 831 0.0313
013 981 0.0311
013 649 0.0308
013 603 0.0307
013 657 0.0306
013 805 0.0306
013 283 0.0301
013 1379 0.0301
013 1353 0.0301
013 107 0.0300
013 866 0.0299
013 331 0.0298
013 1533 0.0298
013 877 0.0298
013 1388 0.0294
013 391 0.0294
013 347 0.0292
013 376 0.0289
013 234 0.0289
013 372 0.0287
013 619 0.0281
013 430 0.0279
013 1051 0.0277
013 248 0.0276
013 612 0.0275
013 351 0.0274
013 1344 0.0273
013 1433 0.0272
013 537 0.0272
013 292 0.0270
013 585 0.0269
013 851 0.0269
013 138 0.0268
013 1323 0.0265
013 1334 0.0264
013 669 0.0263
013 1045 0.0263
013 936 0.0263
013 1294 0.0261
013 620 0.0261
013 68 0.0261
013 1184 0.0260
013 1484 0.0259
013 1106 0.0258
013 1357 0.0254
013 504 0.0252
013 1318 0.0251
013 783 0.0246
013 555 0.0243
013 1384 0.0241
013 573 0.0241
013 1084 0.0231
013 980 0.0230
013 125 0.0230
013 443 0.0229
013 389 0.0226
013 1113 0.0226
013 754 0.0224
013 21 0.0224
013 1525 0.0223
013 1135 0.0220
013 898 0.0219
013 1397 0.0219
013 1006 0.0218
013 189 0.0216
013 1075 0.0214
013 1479 0.0213
013 1098 0.0212
013 722 0.0207
013 1260 0.0206
013 773 0.0206
013 723 0.0204
013 1510 0.0204
013 61 0.0203
013 233 0.0200
013 1155 0.0199
013 760 0.0197
013 729 0.0197
013 608 0.0196
013 884 0.0196
013 846 0.0192
013 1193 0.0190
013 656 0.0189
013 853 0.0188
013 1034 0.0185
013 1064 0.0185
013 143 0.0183
013 1425 0.0183
013 1302 0.0180
013 611 0.0180
013 1301 0.0172
013 1483 0.0170
013 1342 0.0167
013 671 0.0167
013 3 0.0123
013 863 0.0122
014 1315 0.2948
014 495 0.2898
014 956 0.2843
014 286 0.2574
014 913 0.2237
014 1518 0.2169
014 1406 0.2164
014 610 0.2156
014 1292 0.2151
014 1474 0.2118
014 139 0.2077
014 1430 0.2061
014 1446 0.2004
014 130 0.1997
014 808 0.1977
014 1476 0.1944
014 764 0.1910
014 1257 0.1907
014 1176 0.1880
014 1243 0.1835
014 140 0.1817
014 1426 0.1725
014 907 0.1719
014 743 0.1683
014 137 0.1645
014 1376 0.1643
014 1312 0.1587
014 605 0.1563
014 1245 0.1547
014 1363 0.1544
014 1429 0.1529
014 889 0.1498
014 1488 0.1492
014 213 0.1482
014 138 0.1481
014 735 0.1479
014 1547 0.1464
014 136 0.1448
014 498 0.1437
014 1464 0.1429
014 144 0.1426
014 1096 0.1411
014 1297 0.1407
014 756 0.1404
014 143 0.1399
014 1372 0.1369
014 1541 0.1361
014 1527 0.1358
014 269 0.1329
014 725 0.1320
014 775 0.1294
014 1244 0.1282
014 100 0.1265
014 1351 0.1261
014 1469 0.1255
014 104 0.1254
014 1340 0.1228
014 1336 0.1224
014 1275 0.1211
014 1137 0.1204
014 679 0.1184
014 1296 0.1176
014 831 0.1164
014 381 0.1161
014 460 0.1123
014 1240 0.1120
014 372 0.1116
014 672 0.1115
014 867 0.1105
014 1357 0.1100
014 101 0.1083
014 1455 0.1075
014 1533 0.1074
014 1305 0.1065
014 1458 0.1055
014 1322 0.1045
014 1365 0.1040
014 226 0.1040
014 963 0.1027
014 1175 0.1018
014 883 0.1015
014 696 0.1008
014 1412 0.1006
014 852 0.1001
014 578 0.1000
014 10 0.0995
014 706 0.0994
014 389 0.0989
014 650 0.0973
014 1492 0.0972
014 445 0.0971
014 1300 0.0971
014 135 0.0970
014 682 0.0970
014 1005 0.0962
014 68 0.0960
014 1319 0.0957
014 142 0.0951
014 850 0.0947
014 415 0.0946
014 1449 0.0944
014 762 0.0941
014 252 0.0930
014 1258 0.0930
014 990 0.0928
014 1020 0.0903
014 1198 0.0900
014 1015 0.0897
014 1279 0.0886
014 772 0.0884
014 630 0.0871
014 548 0.0862
014 670 0.0847
014 843 0.0836
014 860 0.0834
014 1246 0.0834
014 1203 0.0834
014 1424 0.0828
014 1502 0.0818
014 878 0.0817
014 1060 0.0812
014 1145 0.0808
014 1130 0.0805
014 741 0.0802
014 848 0.0794
014 942 0.0794
014 1277 0.0792
014 1058 0.0788
014 1303 0.0780
014 16 0.0773
014 461 0.0772
014 653 0.0771
014 862 0.0766
014 768 0.0761
014 857 0.0756
014 769 0.0754
014 1178 0.0754
014 1368 0.0744
014 1019 0.0738
014 1121 0.0738
014 1146 0.0722
014 1328 0.0720
014 818 0.0715
014 1108 0.0711
014 1022 0.0709
014 177 0.0709
014 1152 0.0708
014 870 0.0707
014 1481 0.0706
014 1273 0.0704
014 671 0.0704
014 1512 0.0703
014 686 0.0698
014 1132 0.0688
014 1101 0.0687
014 1100 0.0684
014 1160 0.0681
014 331 0.0680
014 865 0.0679
014 572 0.0679
014 742 0.0677
014 599 0.0676
014 1144 0.0671
014 885 0.0664
014 1001 0.0657
014 839 0.0657
014 1036 0.0654
014 551 0.0652
014 20 0.0649
014 281 0.0648
014 835 0.0644
014 203 0.0643
014 996 0.0636
014 1308 0.0636
014 673 0.0633
014 378 0.0632
014 463 0.0625
014 127 0.0622
014 1428 0.0619
014 828 0.0617
014 695 0.0606
014 1546 0.0605
014 537 0.0603
014 501 0.0602
014 200 0.0599
014 627 0.0598
014 1495 0.0597
014 277 0.0595
014 1359 0.0591
014 1413 0.0590
014 1073 0.0589
014 362 0.0589
014 504 0.0588
014 1364 0.0587
014 1316 0.0586
014 32 0.0585
014 995 0.0585
014 1489 0.0581
014 964 0.0580
014 1142 0.0579
014 1566 0.0578
014 854 0.0574
014 622 0.0574
014 1023 0.0570
014 1032 0.0570
014 842 0.0567
014 471 0.0566
014 1049 0.0566
014 1085 0.0564
014 299 0.0562
014 723 0.0557
014 1010 0.0554
014 465 0.0553
014 1070 0.0551
014 1433 0.0549
014 795 0.0545
014 105 0.0545
014 489 0.0545
014 918 0.0543
014 1461 0.0543
014 751 0.0535
014 1537 0.0535
014 1179 0.0533
014 825 0.0531
014 1041 0.0530
014 1184 0.0528
014 1445 0.0528
014 554 0.0526
014 67 0.0524
014 1281 0.0523
014 927 0.0523
014 1271 0.0520
014 1542 0.0519
014 1325 0.0518
014 1066 0.0517
014 412 0.0515
014 987 0.0514
014 1349 0.0510
014 903 0.0510
014 1578 0.0508
014 1531 0.0507
014 1030 0.0505
014 898 0.0498
014 849 0.0493
014 1087 0.0491
014 1443 0.0491
014 649 0.0488
014 761 0.0484
014 1549 0.0482
014 212 0.0482
014 419 0.0482
014 801 0.0479
014 1299 0.0477
014 1342 0.0476
014 1503 0.0476
014 887 0.0475
014 1256 0.0473
014 25 0.0471
014 1400 0.0468
014 1528 0.0466
014 915 0.0465
014 985 0.0464
014 1251 0.0462
014 1485 0.0460
014 575 0.0458
014 1460 0.0455
014 949 0.0452
014 1525 0.0451
014 757 0.0446
014 228 0.0442
014 535 0.0441
014 1418 0.0439
014 1295 0.0435
014 1431 0.0429
014 582 0.0428
014 1000 0.0425
014 969 0.0425
014 967 0.0425
014 267 0.0423
014 1353 0.0419
014 1513 0.0418
014 1515 0.0416
014 1514 0.0415
014 952 0.0414
014 853 0.0414
014 134 0.0414
014 1338 0.0413
014 1067 0.0410
014 1151 0.0410
014 806 0.0408
014 1182 0.0408
014 1063 0.0407
014 562 0.0407
014 1552 0.0406
014 5 0.0404
014 1143 0.0402
014 1079 0.0402
014 1393 0.0401
014 633 0.0400
014 1105 0.0399
014 408 0.0397
014 988 0.0396
014 924 0.0396
014 1084 0.0395
014 1267 0.0393
014 451 0.0393
014 734 0.0392
014 102 0.0391
014 1210 0.0391
014 145 0.0390
014 641 0.0388
014 1119 0.0387
014 617 0.0386
014 661 0.0385
014 1205 0.0384
014 1274 0.0383
014 502 0.0382
014 941 0.0382
014 821 0.0382
014 1047 0.0379
014 702 0.0378
014 1386 0.0378
014 407 0.0376
014 746 0.0376
014 546 0.0376
014 80 0.0373
014 588 0.0372
014 1056 0.0370
014 242 0.0370
014 953 0.0369
014 529 0.0368
014 1120 0.0363
014 1194 0.0363
014 994 0.0362
014 646 0.0360
014 496 0.0359
014 357 0.0359
014 642 0.0358
014 1580 0.0358
014 393 0.0357
014 1333 0.0357
014 979 0.0356
014 1517 0.0355
014 567 0.0355
014 1417 0.0354
014 148 0.0353
014 141 0.0353
014 88 0.0353
014 1539 0.0350
014 888 0.0349
014 897 0.0348
014 1422 0.0347
014 347 0.0346
014 522 0.0345
014 1526 0.0345
014 637 0.0345
014 763 0.0344
014 481 0.0344
014 1129 0.0344
014 47 0.0342
014 95 0.0342
014 692 0.0340
014 296 0.0340
014 556 0.0339
014 1229 0.0339
014 978 0.0337
014 1074 0.0337
014 1509 0.0332
014 37 0.0331
014 790 0.0330
014 92 0.0329
014 998 0.0329
014 256 0.0326
014 247 0.0326
014 358 0.0325
014 984 0.0325
014 1425 0.0324
014 1136 0.0323
014 934 0.0322
014 1201 0.0321
014 1423 0.0321
014 783 0.0321
014 1379 0.0318
014 1116 0.0317
014 813 0.0316
014 914 0.0316
014 382 0.0313
014 383 0.0312
014 975 0.0312
014 1501 0.0309
014 106 0.0309
014 1093 0.0309
014 810 0.0308
014 626 0.0308
014 1217 0.0308
014 1486 0.0306
014 1456 0.0304
014 426 0.0304
014 275 0.0303
014 1259 0.0302
014 208 0.0301
014 1180 0.0299
014 513 0.0299
014 738 0.0298
014 629 0.0296
014 1219 0.0293
014 747 0.0293
014 479 0.0293
014 1206 0.0292
014 540 0.0291
014 485 0.0289
014 841 0.0289
014 1162 0.0289
014 677 0.0287
014 63 0.0286
014 174 0.0286
014 355 0.0286
014 1317 0.0285
014 1012 0.0284
014 1068 0.0281
014 1334 0.0280
014 1398 0.0279
014 612 0.0278
014 268 0.0277
014 477 0.0277
014 1318 0.0277
014 982 0.0277
014 836 0.0277
014 1558 0.0276
014 660 0.0275
014 1282 0.0275
014 919 0.0274
014 205 0.0273
014 1286 0.0273
014 214 0.0273
014 336 0.0272
014 1427 0.0271
014 1272 0.0270
014 1191 0.0270
014 563 0.0269
014 1403 0.0269
014 624 0.0268
014 1055 0.0267
014 1016 0.0266
014 973 0.0265
014 395 0.0265
014 114 0.0264
014 1385 0.0263
014 1343 0.0263
014 454 0.0262
014 1301 0.0261
014 753 0.0261
014 352 0.0259
014 733 0.0258
014 1040 0.0258
014 1506 0.0258
014 884 0.0255
014 402 0.0252
014 172 0.0251
014 1388 0.0251
014 1344 0.0251
014 1356 0.0250
014 687 0.0250
014 1234 0.0249
014 1524 0.0247
014 1371 0.0247
014 771 0.0247
014 640 0.0246
014 66 0.0246
014 1285 0.0245
014 944 0.0245
014 922 0.0244
014 470 0.0244
014 450 0.0244
014 1167 0.0244
014 1209 0.0244
014 929 0.0243
014 1071 0.0243
014 1441 0.0242
014 1083 0.0242
014 368 0.0241
014 665 0.0241
014 1026 0.0240
014 781 0.0240
014 1569 0.0240
014 789 0.0240
014 1360 0.0240
014 859 0.0239
014 386 0.0239
014 1069 0.0239
014 98 0.0238
014 1383 0.0237
014 1115 0.0237
014 1540 0.0235
014 1402 0.0234
014 776 0.0234
014 844 0.0233
014 895 0.0232
014 655 0.0231
014 483 0.0230
014 1221 0.0230
014 851 0.0229
014 797 0.0229
014 787 0.0228
014 491 0.0228
014 940 0.0227
014 1387 0.0227
014 285 0.0227
014 271 0.0226
014 1374 0.0226
014 1212 0.0225
014 422 0.0224
014 1045 0.0224
014 1294 0.0223
014 300 0.0221
014 711 0.0221
014 241 0.0219
014 1573 0.0216
014 871 0.0215
014 178 0.0214
014 215 0.0214
014 667 0.0214
014 951 0.0214
014 1170 0.0213
014 937 0.0213
014 1242 0.0213
014 312 0.0212
014 1532 0.0212
014 1211 0.0212
014 309 0.0212
014 328 0.0211
014 856 0.0210
014 858 0.0210
014 570 0.0209
014 876 0.0208
014 235 0.0208
014 1091 0.0208
014 1103 0.0207
014 1183 0.0206
014 774 0.0206
014 1051 0.0204
014 1457 0.0203
014 970 0.0202
014 1034 0.0202
014 1560 0.0201
014 185 0.0200
014 263 0.0200
014 1197 0.0200
014 1035 0.0198
014 480 0.0197
014 1133 0.0197
014 123 0.0197
014 303 0.0196
014 601 0.0196
014 1442 0.0195
014 288 0.0195
014 960 0.0195
014 238 0.0193
014 595 0.0193
014 297 0.0192
014 559 0.0192
014 361 0.0192
014 1262 0.0192
014 189 0.0192
014 482 0.0191
014 55 0.0190
014 1174 0.0189
014 1290 0.0189
014 175 0.0189
014 694 0.0188
014 760 0.0187
014 1491 0.0187
014 909 0.0187
014 674 0.0186
014 1361 0.0185
014 474 0.0184
014 505 0.0184
014 1122 0.0184
014 573 0.0183
014 291 0.0182
014 446 0.0182
014 304 0.0181
014 87 0.0181
014 1208 0.0180
014 1321 0.0180
014 1564 0.0178
014 784 0.0177
014 430 0.0177
014 543 0.0177
014 230 0.0177
014 1147 0.0176
014 28 0.0176
014 576 0.0176
014 190 0.0176
014 1302 0.0175
014 1348 0.0175
014 385 0.0174
014 1450 0.0173
014 1027 0.0173
014 1467 0.0172
014 1401 0.0172
014 1076 0.0172
014 1354 0.0171
014 908 0.0171
014 920 0.0170
014 571 0.0170
014 555 0.0170
014 1095 0.0170
014 906 0.0168
014 656 0.0168
014 1543 0.0168
014 1264 0.0168
014 1135 0.0167
014 246 0.0167
014 155 0.0165
014 171 0.0165
014 1347 0.0164
014 583 0.0164
014 880 0.0164
014 36 0.0164
014 1298 0.0163
014 124 0.0162
014 1475 0.0162
014 652 0.0162
014 1341 0.0161
014 971 0.0160
014 1280 0.0160
014 99 0.0160
014 662 0.0160
014 462 0.0160
014 324 0.0160
014 1407 0.0159
014 928 0.0159
014 131 0.0159
014 1123 0.0159
014 807 0.0159
014 586 0.0158
014 320 0.0158
014 886 0.0158
014 647 0.0157
014 528 0.0157
014 549 0.0157
014 616 0.0157
014 1534 0.0157
014 846 0.0156
014 1454 0.0156
014 754 0.0156
014 427 0.0156
014 767 0.0155
014 1465 0.0155
014 7 0.0154
014 1419 0.0154
014 1396 0.0154
014 1421 0.0153
014 864 0.0153
014 401 0.0153
014 243 0.0153
014 1239 0.0153
014 255 0.0151
014 1128 0.0151
014 351 0.0151
014 444 0.0151
014 164 0.0150
014 684 0.0150
014 1021 0.0149
014 344 0.0149
014 1311 0.0148
014 714 0.0148
014 207 0.0148
014 413 0.0148
014 169 0.0147
014 1 0.0146
014 258 0.0146
014 911 0.0144
014 736 0.0144
014 1134 0.0144
014 631 0.0144
014 1484 0.0143
014 447 0.0143
014 1545 0.0142
014 1414 0.0142
014 991 0.0141
014 4 0.0141
014 1581 0.0141
014 574 0.0140
014 391 0.0139
014 1254 0.0139
014 493 0.0139
014 1113 0.0139
014 827 0.0139
014 428 0.0139
014 1330 0.0139
014 1284 0.0137
014 1447 0.0137
014 1089 0.0136
014 855 0.0136
014 717 0.0135
014 514 0.0135
014 1077 0.0135
014 1345 0.0134
014 229 0.0134
014 283 0.0134
014 400 0.0133
014 399 0.0132
014 334 0.0132
014 904 0.0132
014 1193 0.0132
014 523 0.0131
014 1523 0.0131
014 453 0.0131
014 532 0.0131
014 1117 0.0130
014 1530 0.0129
014 1064 0.0128
014 874 0.0128
014 651 0.0128
014 580 0.0128
014 1141 0.0128
014 284 0.0128
014 199 0.0127
014 149 0.0127
014 1222 0.0127
014 301 0.0127
014 43 0.0126
014 1224 0.0126
014 1463 0.0125
014 786 0.0125
014 534 0.0125
014 302 0.0125
014 802 0.0124
014 745 0.0124
014 999 0.0123
014 910 0.0123
014 394 0.0123
014 1112 0.0122
014 356 0.0122
014 1335 0.0122
014 1127 0.0122
014 259 0.0120
014 27 0.0120
014 628 0.0120
014 380 0.0120
014 748 0.0120
014 273 0.0119
014 705 0.0119
014 560 0.0119
014 609 0.0118
014 506 0.0118
014 1548 0.0117
014 53 0.0117
014 1483 0.0116
014 636 0.0116
014 1553 0.0116
014 435 0.0115
014 70 0.0115
014 204 0.0115
014 966 0.0114
014 579 0.0114
014 1081 0.0114
014 1260 0.0114
014 603 0.0113
014 1138 0.0112
014 232 0.0112
014 965 0.0112
014 699 0.0111
014 254 0.0111
014 845 0.0111
014 233 0.0111
014 1369 0.0110
014 974 0.0110
014 1521 0.0110
014 1320 0.0110
014 691 0.0110
014 1165 0.0110
014 363 0.0110
014 840 0.0109
014 834 0.0109
014 804 0.0109
014 410 0.0108
014 602 0.0108
014 335 0.0108
014 589 0.0107
014 126 0.0107
014 22 0.0107
014 110 0.0106
014 1226 0.0106
014 81 0.0106
014 1493 0.0106
014 1025 0.0105
014 18 0.0105
014 1173 0.0105
014 157 0.0105
014 44 0.0104
014 1199 0.0104
014 1107 0.0104
014 1505 0.0103
014 1436 0.0103
014 219 0.0103
014 76 0.0102
014 468 0.0101
014 1507 0.0101
014 799 0.0101
014 1375 0.0101
014 1204 0.0100
014 330 0.0100
014 737 0.0100
014 1048 0.0100
014 466 0.0100
014 51 0.0099
014 476 0.0099
014 553 0.0099
014 507 0.0098
014 147 0.0098
014 1270 0.0097
014 239 0.0097
014 1562 0.0096
014 1434 0.0096
014 442 0.0096
014 1156 0.0096
014 1352 0.0095
014 729 0.0095
014 923 0.0094
014 1098 0.0094
014 703 0.0094
014 785 0.0094
014 917 0.0094
014 429 0.0094
014 1028 0.0093
014 1337 0.0093
014 414 0.0093
014 34 0.0092
014 823 0.0091
014 1468 0.0091
014 326 0.0090
014 877 0.0090
014 1309 0.0090
014 600 0.0090
014 732 0.0089
014 1471 0.0089
014 160 0.0089
014 1384 0.0089
014 418 0.0088
014 420 0.0088
014 1220 0.0087
014 977 0.0087
014 727 0.0087
014 1164 0.0087
014 472 0.0086
014 890 0.0086
014 322 0.0086
014 759 0.0086
014 780 0.0086
014 531 0.0085
014 1155 0.0085
014 158 0.0085
014 1520 0.0085
014 390 0.0085
014 62 0.0085
014 1253 0.0084
014 675 0.0084
014 1252 0.0084
014 685 0.0083
014 936 0.0083
014 820 0.0083
014 604 0.0083
014 449 0.0082
014 1003 0.0082
014 1516 0.0082
014 1150 0.0081
014 788 0.0081
014 815 0.0081
014 1392 0.0081
014 1046 0.0081
014 436 0.0081
014 557 0.0080
014 838 0.0080
014 1570 0.0080
014 666 0.0080
014 1118 0.0079
014 777 0.0079
014 91 0.0079
014 1007 0.0078
014 1218 0.0078
014 69 0.0078
014 1014 0.0076
014 1283 0.0075
014 1186 0.0075
014 60 0.0075
014 1149 0.0075
014 830 0.0074
014 1494 0.0074
014 510 0.0074
014 976 0.0074
014 1394 0.0073
014 625 0.0073
014 663 0.0072
014 1410 0.0072
014 724 0.0072
014 1196 0.0071
014 594 0.0071
014 437 0.0071
014 1477 0.0071
014 822 0.0070
014 78 0.0070
014 371 0.0070
014 566 0.0070
014 648 0.0068
014 752 0.0068
014 993 0.0068
014 1075 0.0068
014 1158 0.0067
014 962 0.0067
014 814 0.0066
014 533 0.0064
014 1529 0.0064
014 308 0.0064
014 1358 0.0064
014 376 0.0064
014 1237 0.0063
014 217 0.0063
014 1159 0.0063
014 1304 0.0063
014 817 0.0062
014 367 0.0061
014 520 0.0061
014 524 0.0061
014 782 0.0061
014 1504 0.0060
014 882 0.0060
014 511 0.0060
014 457 0.0059
014 824 0.0059
014 1323 0.0059
014 486 0.0058
014 707 0.0058
014 337 0.0058
014 182 0.0056
014 1324 0.0056
014 739 0.0056
014 536 0.0056
014 961 0.0055
014 384 0.0055
014 1223 0.0055
014 1536 0.0055
014 598 0.0054
014 1391 0.0053
014 253 0.0053
014 1355 0.0053
014 525 0.0053
014 341 0.0052
014 107 0.0052
014 791 0.0051
014 614 0.0050
014 1557 0.0050
014 379 0.0050
014 1111 0.0047
014 452 0.0046
014 726 0.0046
014 515 0.0044
014 1571 0.0044
014 527 0.0044
014 1451 0.0044
014 173 0.0044
014 811 0.0043
014 71 0.0043
014 980 0.0042
014 289 0.0042
014 1235 0.0041
014 1511 0.0041
014 1276 0.0041
014 1415 0.0041
014 959 0.0041
014 1006 0.0040
014 1255 0.0039
014 3 0.0039
014 1538 0.0038
014 1466 0.0038
014 1214 0.0038
014 866 0.0038
014 773 0.0038
014 1053 0.0037
014 112 0.0037
014 1090 0.0036
014 179 0.0035
014 893 0.0035
014 1163 0.0035
014 521 0.0035
014 659 0.0034
014 896 0.0034
014 829 0.0033
014 658 0.0032
014 1556 0.0031
014 613 0.0031
014 424 0.0028
014 565 0.0028
014 1099 0.0026
014 863 0.0022
014 894 0.0019
015 286 0.2746
015 1315 0.2503
015 735 0.2108
015 1474 0.1790
015 1312 0.1768
015 1512 0.1736
015 1295 0.1678
015 1257 0.1612
015 1426 0.1606
015 605 0.1604
015 495 0.1546
015 498 0.1534
015 1488 0.1502
015 756 0.1498
015 725 0.1408
015 1429 0.1359
015 653 0.1345
015 104 0.1339
015 867 0.1326
015 1275 0.1292
015 1296 0.1255
015 1322 0.1239
015 1372 0.1229
015 907 0.1212
015 1340 0.1200
015 1245 0.1170
015 1469 0.1140
015 956 0.1121
015 1069 0.1113
015 1176 0.1112
015 1151 0.1096
015 1351 0.1078
015 213 0.1038
015 1300 0.1036
015 1518 0.1029
015 762 0.1004
015 101 0.0973
015 1430 0.0970
015 488 0.0951
015 831 0.0950
015 696 0.0946
015 963 0.0934
015 1305 0.0920
015 1101 0.0900
015 1336 0.0876
015 1258 0.0872
015 572 0.0869
015 1130 0.0859
015 430 0.0857
015 707 0.0833
015 1449 0.0822
015 1502 0.0817
015 1005 0.0813
015 1149 0.0794
015 1162 0.0784
015 1146 0.0770
015 889 0.0761
015 1108 0.0758
015 743 0.0744
015 1501 0.0742
015 1277 0.0742
015 1507 0.0740
015 1160 0.0727
015 281 0.0714
015 1348 0.0669
015 1541 0.0660
015 36 0.0653
015 1418 0.0632
015 1319 0.0631
015 1527 0.0630
015 269 0.0625
015 887 0.0622
015 67 0.0618
015 1020 0.0614
015 1334 0.0597
015 893 0.0583
015 1461 0.0579
015 1455 0.0573
015 1203 0.0566
015 1041 0.0565
015 1445 0.0563
015 20 0.0553
015 1446 0.0551
015 10 0.0531
015 1376 0.0526
015 650 0.0519
015 415 0.0505
015 655 0.0502
015 1175 0.0497
015 1413 0.0493
015 1485 0.0491
015 32 0.0489
015 862 0.0483
015 1100 0.0478
015 1458 0.0478
015 757 0.0476
015 768 0.0476
015 619 0.0472
015 460 0.0461
015 1087 0.0460
015 850 0.0459
015 1546 0.0456
015 670 0.0452
015 267 0.0451
015 1515 0.0444
015 389 0.0443
015 252 0.0432
015 903 0.0431
015 860 0.0428
015 949 0.0422
015 654 0.0420
015 16 0.0412
015 843 0.0408
015 1272 0.0408
015 1537 0.0403
015 546 0.0401
015 1060 0.0401
015 1184 0.0400
015 1198 0.0400
015 1476 0.0396
015 972 0.0395
015 849 0.0394
015 1022 0.0392
015 1578 0.0392
015 990 0.0387
015 628 0.0387
015 599 0.0387
015 428 0.0382
015 393 0.0381
015 242 0.0378
015 951 0.0377
015 1495 0.0377
015 1456 0.0373
015 481 0.0367
015 606 0.0367
015 1533 0.0362
015 1019 0.0358
015 1350 0.0357
015 885 0.0354
015 134 0.0353
015 702 0.0353
015 795 0.0350
015 711 0.0349
015 372 0.0348
015 551 0.0348
015 630 0.0347
015 1067 0.0343
015 102 0.0339
015 1293 0.0336
015 763 0.0335
015 1281 0.0330
015 1032 0.0327
015 1486 0.0327
015 671 0.0326
015 1010 0.0323
015 1251 0.0322
015 1180 0.0320
015 1229 0.0318
015 1152 0.0315
015 1026 0.0315
015 1132 0.0313
015 747 0.0313
015 1240 0.0312
015 1549 0.0310
015 1393 0.0302
015 145 0.0302
015 496 0.0300
015 106 0.0299
015 1197 0.0298
015 1398 0.0298
015 1539 0.0292
015 47 0.0292
015 1308 0.0289
015 1489 0.0287
015 1403 0.0287
015 37 0.0285
015 942 0.0282
015 1121 0.0281
015 742 0.0280
015 994 0.0279
015 1066 0.0279
015 958 0.0277
015 1542 0.0277
015 471 0.0274
015 1379 0.0274
015 932 0.0271
015 1037 0.0271
015 790 0.0270
015 1028 0.0270
015 1025 0.0270
015 1388 0.0268
015 1331 0.0267
015 217 0.0267
015 1433 0.0266
015 1243 0.0265
015 536 0.0264
015 861 0.0261
015 823 0.0260
015 212 0.0257
015 419 0.0257
015 458 0.0257
015 1364 0.0253
015 1246 0.0253
015 1368 0.0252
015 769 0.0251
015 986 0.0246
015 1460 0.0245
015 851 0.0245
015 695 0.0243
015 1182 0.0243
015 828 0.0240
015 1045 0.0239
015 1264 0.0238
015 1294 0.0238
015 1056 0.0231
015 637 0.0231
015 412 0.0229
015 926 0.0227
015 1381 0.0226
015 879 0.0226
015 915 0.0226
015 854 0.0226
015 1012 0.0225
015 261 0.0223
015 414 0.0223
015 299 0.0221
015 1205 0.0220
015 902 0.0220
015 1525 0.0218
015 1085 0.0218
015 633 0.0214
015 751 0.0213
015 60 0.0213
015 988 0.0211
015 1330 0.0210
015 897 0.0206
015 1338 0.0200
015 80 0.0199
015 591 0.0198
015 362 0.0197
015 1001 0.0197
015 220 0.0196
015 1531 0.0196
015 1509 0.0196
015 1427 0.0195
015 554 0.0193
015 1428 0.0188
015 853 0.0184
015 41 0.0183
015 27 0.0182
015 692 0.0181
015 705 0.0180
015 884 0.0178
015 1079 0.0178
015 1328 0.0176
015 690 0.0175
015 205 0.0175
015 256 0.0174
015 964 0.0173
015 813 0.0172
015 699 0.0169
015 1034 0.0168
015 582 0.0168
015 960 0.0168
015 1157 0.0168
015 327 0.0167
015 822 0.0167
015 641 0.0167
015 228 0.0167
015 1425 0.0166
015 195 0.0166
015 259 0.0165
015 1217 0.0164
015 1302 0.0164
015 1342 0.0164
015 164 0.0164
015 506 0.0163
015 275 0.0162
015 1062 0.0161
015 5 0.0160
015 1179 0.0159
015 44 0.0158
015 174 0.0153
015 355 0.0153
015 658 0.0152
015 760 0.0150
015 1453 0.0148
015 177 0.0147
015 1038 0.0146
015 649 0.0146
015 995 0.0146
015 1286 0.0146
015 39 0.0145
015 1299 0.0145
015 1114 0.0144
015 140 0.0144
015 1191 0.0144
015 624 0.0143
015 1436 0.0141
015 642 0.0141
015 1343 0.0140
015 870 0.0139
015 529 0.0139
015 681 0.0138
015 25 0.0138
015 801 0.0134
015 203 0.0134
015 215 0.0134
015 1234 0.0133
015 535 0.0132
015 944 0.0131
015 679 0.0130
015 1167 0.0130
015 331 0.0130
015 368 0.0129
015 665 0.0129
015 1569 0.0128
015 390 0.0128
015 383 0.0128
015 386 0.0127
015 1492 0.0125
015 200 0.0124
015 895 0.0124
015 277 0.0124
015 812 0.0123
015 1301 0.0122
015 934 0.0121
015 1387 0.0121
015 977 0.0120
015 17 0.0119
015 1093 0.0118
015 441 0.0118
015 1325 0.0118
015 585 0.0117
015 241 0.0117
015 1405 0.0116
015 565 0.0116
015 1573 0.0115
015 465 0.0115
015 772 0.0114
015 667 0.0114
015 1170 0.0114
015 309 0.0113
015 1129 0.0113
015 918 0.0113
015 328 0.0113
015 856 0.0112
015 858 0.0112
015 570 0.0112
015 913 0.0111
015 808 0.0110
015 1410 0.0109
015 922 0.0108
015 1401 0.0108
015 953 0.0108
015 492 0.0108
015 987 0.0107
015 437 0.0107
015 185 0.0107
015 263 0.0107
015 95 0.0106
015 1471 0.0106
015 978 0.0105
015 123 0.0105
015 1228 0.0105
015 303 0.0105
015 601 0.0104
015 898 0.0104
015 996 0.0103
015 811 0.0103
015 189 0.0102
015 463 0.0102
015 392 0.0101
015 1046 0.0101
015 258 0.0100
015 1491 0.0100
015 408 0.0100
015 1329 0.0098
015 382 0.0098
015 446 0.0097
015 243 0.0096
015 543 0.0094
015 108 0.0094
015 1147 0.0094
015 98 0.0094
015 1119 0.0093
015 385 0.0093
015 776 0.0092
015 1349 0.0091
015 479 0.0091
015 1183 0.0091
015 821 0.0091
015 686 0.0090
015 906 0.0090
015 656 0.0090
015 1174 0.0090
015 402 0.0089
015 559 0.0088
015 171 0.0088
015 1385 0.0087
015 1221 0.0087
015 268 0.0086
015 1475 0.0086
015 1341 0.0086
015 99 0.0085
015 662 0.0085
015 1407 0.0085
015 807 0.0085
015 320 0.0084
015 647 0.0084
015 528 0.0084
015 1534 0.0084
015 63 0.0084
015 427 0.0083
015 1055 0.0083
015 835 0.0083
015 405 0.0082
015 1396 0.0082
015 1421 0.0082
015 401 0.0082
015 454 0.0082
015 733 0.0080
015 660 0.0080
015 868 0.0080
015 1021 0.0080
015 344 0.0080
015 502 0.0079
015 1311 0.0079
015 207 0.0079
015 876 0.0079
015 235 0.0078
015 169 0.0078
015 611 0.0078
015 588 0.0078
015 1145 0.0078
015 1 0.0078
015 1256 0.0078
015 135 0.0077
015 631 0.0077
015 1400 0.0076
015 447 0.0076
015 1120 0.0075
015 4 0.0075
015 1581 0.0075
015 574 0.0075
015 493 0.0074
015 1113 0.0074
015 640 0.0074
015 1417 0.0074
015 1284 0.0073
015 1262 0.0072
015 1303 0.0072
015 1345 0.0071
015 229 0.0071
015 283 0.0071
015 1332 0.0071
015 694 0.0071
015 400 0.0071
015 271 0.0071
015 556 0.0070
015 1117 0.0069
015 617 0.0069
015 1530 0.0069
015 1058 0.0069
015 291 0.0069
015 874 0.0069
015 199 0.0068
015 149 0.0068
015 301 0.0068
015 247 0.0068
015 1423 0.0067
015 1274 0.0067
015 802 0.0066
015 1112 0.0065
015 356 0.0065
015 1127 0.0065
015 1279 0.0064
015 537 0.0064
015 380 0.0064
015 626 0.0064
015 1096 0.0064
015 138 0.0063
015 273 0.0063
015 560 0.0063
015 1457 0.0063
015 68 0.0062
015 70 0.0061
015 204 0.0061
015 767 0.0061
015 1081 0.0061
015 928 0.0060
015 1357 0.0060
015 361 0.0060
015 1047 0.0059
015 55 0.0059
015 974 0.0059
015 1165 0.0059
015 840 0.0058
015 1068 0.0058
015 834 0.0058
015 378 0.0058
015 804 0.0058
015 575 0.0058
015 335 0.0058
015 836 0.0057
015 1431 0.0057
015 589 0.0057
015 1128 0.0057
015 573 0.0057
015 1226 0.0057
015 304 0.0056
015 1107 0.0055
015 576 0.0055
015 1194 0.0054
015 76 0.0054
015 753 0.0054
015 1450 0.0054
015 1414 0.0054
015 330 0.0053
015 737 0.0053
015 466 0.0053
015 51 0.0053
015 1000 0.0053
015 553 0.0053
015 507 0.0052
015 1135 0.0052
015 1422 0.0052
015 239 0.0052
015 998 0.0052
015 1562 0.0051
015 583 0.0051
015 929 0.0051
015 1105 0.0050
015 923 0.0050
015 1441 0.0050
015 1098 0.0050
015 1015 0.0050
015 429 0.0050
015 967 0.0050
015 982 0.0049
015 842 0.0049
015 1297 0.0049
015 616 0.0049
015 651 0.0048
015 580 0.0048
015 985 0.0048
015 357 0.0048
015 600 0.0048
015 1224 0.0048
015 732 0.0048
015 786 0.0047
015 1402 0.0047
015 312 0.0047
015 890 0.0046
015 846 0.0046
015 612 0.0045
015 1271 0.0045
015 358 0.0045
015 53 0.0044
015 449 0.0044
015 1516 0.0043
015 1392 0.0043
015 557 0.0043
015 91 0.0042
015 970 0.0042
015 137 0.0042
015 1369 0.0042
015 1282 0.0041
015 909 0.0041
015 1116 0.0041
015 1298 0.0041
015 783 0.0040
015 787 0.0040
015 510 0.0039
015 976 0.0039
015 1394 0.0039
015 1505 0.0039
015 883 0.0039
015 663 0.0039
015 799 0.0038
015 78 0.0037
015 1333 0.0037
015 1267 0.0036
015 857 0.0036
015 1158 0.0036
015 962 0.0036
015 1347 0.0034
015 771 0.0034
015 1304 0.0034
015 1292 0.0033
015 520 0.0033
015 1465 0.0032
015 1323 0.0031
015 1434 0.0030
015 1111 0.0025
016 1527 0.2900
016 495 0.2704
016 63 0.2250
016 572 0.2115
016 1430 0.1984
016 889 0.1961
016 983 0.1947
016 340 0.1817
016 1518 0.1799
016 670 0.1798
016 281 0.1751
016 411 0.1577
016 274 0.1517
016 76 0.1384
016 446 0.1357
016 1067 0.1296
016 848 0.1287
016 1165 0.1283
016 1578 0.1259
016 1399 0.1245
016 435 0.1241
016 128 0.1215
016 743 0.1203
016 805 0.1190
016 1455 0.1177
016 1541 0.1154
016 647 0.1136
016 1332 0.1128
016 1315 0.1125
016 94 0.1119
016 985 0.1119
016 172 0.1111
016 36 0.1105
016 525 0.1102
016 366 0.1100
016 269 0.1094
016 794 0.1064
016 9 0.1034
016 958 0.1025
016 554 0.1007
016 285 0.1004
016 393 0.0999
016 610 0.0994
016 288 0.0968
016 1104 0.0943
016 1415 0.0943
016 236 0.0935
016 650 0.0930
016 10 0.0928
016 13 0.0902
016 818 0.0896
016 335 0.0892
016 415 0.0883
016 184 0.0881
016 1207 0.0879
016 297 0.0879
016 1324 0.0877
016 1576 0.0872
016 1395 0.0870
016 430 0.0860
016 1342 0.0858
016 397 0.0849
016 175 0.0836
016 885 0.0835
016 1018 0.0832
016 167 0.0828
016 1185 0.0815
016 460 0.0806
016 469 0.0804
016 850 0.0803
016 252 0.0803
016 956 0.0802
016 605 0.0800
016 467 0.0799
016 1016 0.0794
016 1534 0.0794
016 256 0.0791
016 1520 0.0786
016 1564 0.0783
016 1007 0.0783
016 895 0.0778
016 66 0.0777
016 389 0.0775
016 771 0.0772
016 1019 0.0764
016 1077 0.0761
016 859 0.0757
016 422 0.0747
016 918 0.0744
016 255 0.0740
016 213 0.0739
016 1028 0.0738
016 1489 0.0735
016 103 0.0734
016 662 0.0729
016 16 0.0721
016 458 0.0721
016 1508 0.0721
016 884 0.0719
016 759 0.0719
016 739 0.0713
016 1301 0.0707
016 115 0.0704
016 1015 0.0704
016 1198 0.0699
016 636 0.0697
016 1442 0.0695
016 954 0.0692
016 1426 0.0686
016 381 0.0681
016 164 0.0673
016 583 0.0672
016 400 0.0670
016 1336 0.0669
016 530 0.0668
016 439 0.0668
016 194 0.0667
016 1021 0.0664
016 1476 0.0664
016 727 0.0664
016 862 0.0663
016 461 0.0662
016 257 0.0661
016 721 0.0658
016 282 0.0655
016 795 0.0653
016 1001 0.0653
016 1509 0.0651
016 1132 0.0649
016 1245 0.0649
016 1065 0.0648
016 306 0.0647
016 451 0.0646
016 20 0.0644
016 230 0.0644
016 1224 0.0641
016 870 0.0641
016 623 0.0633
016 296 0.0629
016 149 0.0628
016 719 0.0624
016 214 0.0621
016 1542 0.0620
016 784 0.0616
016 181 0.0611
016 835 0.0610
016 1417 0.0609
016 551 0.0609
016 671 0.0607
016 1438 0.0606
016 113 0.0605
016 1070 0.0603
016 1114 0.0601
016 741 0.0599
016 669 0.0595
016 1469 0.0594
016 1182 0.0592
016 117 0.0588
016 1453 0.0585
016 173 0.0583
016 292 0.0580
016 964 0.0576
016 1308 0.0572
016 653 0.0570
016 618 0.0569
016 1042 0.0569
016 914 0.0569
016 558 0.0567
016 1060 0.0564
016 1194 0.0564
016 1354 0.0562
016 1531 0.0561
016 1533 0.0560
016 32 0.0559
016 1293 0.0556
016 1203 0.0553
016 385 0.0551
016 1152 0.0550
016 237 0.0545
016 1538 0.0545
016 907 0.0544
016 1050 0.0543
016 1536 0.0543
016 994 0.0541
016 471 0.0541
016 592 0.0540
016 82 0.0534
016 695 0.0533
016 1338 0.0529
016 585 0.0527
016 99 0.0523
016 307 0.0522
016 372 0.0515
016 1421 0.0514
016 672 0.0512
016 1208 0.0509
016 139 0.0508
016 409 0.0506
016 576 0.0506
016 1474 0.0506
016 847 0.0504
016 947 0.0503
016 789 0.0502
016 1351 0.0502
016 769 0.0499
016 122 0.0498
016 816 0.0497
016 843 0.0494
016 813 0.0492
016 1121 0.0492
016 1189 0.0491
016 1529 0.0491
016 760 0.0490
016 375 0.0489
016 1246 0.0486
016 673 0.0485
016 1229 0.0485
016 1305 0.0484
016 290 0.0484
016 329 0.0484
016 702 0.0480
016 910 0.0475
016 915 0.0473
016 492 0.0468
016 1433 0.0466
016 351 0.0466
016 126 0.0463
016 668 0.0462
016 1458 0.0462
016 644 0.0455
016 448 0.0452
016 68 0.0451
016 903 0.0450
016 419 0.0450
016 998 0.0449
016 1120 0.0448
016 790 0.0447
016 761 0.0446
016 574 0.0443
016 1368 0.0442
016 691 0.0441
016 211 0.0437
016 342 0.0436
016 510 0.0435
016 349 0.0435
016 566 0.0427
016 1096 0.0426
016 201 0.0426
016 74 0.0425
016 390 0.0420
016 828 0.0420
016 986 0.0419
016 692 0.0418
016 1500 0.0413
016 356 0.0413
016 1255 0.0411
016 902 0.0409
016 249 0.0407
016 628 0.0406
016 768 0.0405
016 1568 0.0404
016 330 0.0403
016 1171 0.0401
016 412 0.0400
016 480 0.0399
016 1036 0.0397
016 587 0.0395
016 604 0.0393
016 507 0.0392
016 53 0.0391
016 35 0.0390
016 773 0.0390
016 267 0.0389
016 1006 0.0388
016 271 0.0383
016 1525 0.0382
016 542 0.0381
016 978 0.0381
016 1058 0.0380
016 441 0.0379
016 1222 0.0377
016 961 0.0375
016 581 0.0373
016 1154 0.0372
016 334 0.0372
016 1105 0.0371
016 742 0.0371
016 1075 0.0369
016 1008 0.0369
016 444 0.0368
016 764 0.0367
016 626 0.0366
016 935 0.0366
016 948 0.0365
016 19 0.0364
016 1463 0.0364
016 70 0.0363
016 667 0.0362
016 1579 0.0361
016 379 0.0361
016 1457 0.0360
016 748 0.0359
016 470 0.0357
016 350 0.0355
016 1436 0.0353
016 284 0.0352
016 904 0.0352
016 1331 0.0350
016 696 0.0350
016 1328 0.0350
016 937 0.0349
016 1068 0.0345
016 1057 0.0344
016 908 0.0344
016 1199 0.0341
016 1383 0.0340
016 243 0.0338
016 1545 0.0337
016 1054 0.0334
016 1009 0.0332
016 840 0.0331
016 1379 0.0330
016 1428 0.0328
016 1079 0.0327
016 1523 0.0327
016 502 0.0325
016 190 0.0325
016 799 0.0324
016 853 0.0322
016 1513 0.0320
016 484 0.0318
016 71 0.0318
016 1123 0.0318
016 1501 0.0315
016 1392 0.0315
016 1225 0.0314
016 977 0.0313
016 744 0.0313
016 526 0.0309
016 424 0.0308
016 39 0.0307
016 1085 0.0307
016 394 0.0306
016 414 0.0306
016 800 0.0301
016 416 0.0298
016 496 0.0297
016 1093 0.0296
016 559 0.0295
016 894 0.0294
016 1195 0.0293
016 1098 0.0290
016 1184 0.0286
016 1393 0.0285
016 217 0.0281
016 1043 0.0281
016 5 0.0281
016 776 0.0280
016 321 0.0280
016 1251 0.0280
016 1147 0.0279
016 717 0.0277
016 1083 0.0276
016 1033 0.0274
016 395 0.0273
016 858 0.0272
016 1247 0.0272
016 1478 0.0270
016 1449 0.0269
016 1522 0.0266
016 195 0.0265
016 1069 0.0264
016 280 0.0264
016 624 0.0262
016 215 0.0262
016 1035 0.0262
016 627 0.0260
016 433 0.0259
016 598 0.0258
016 345 0.0257
016 179 0.0256
016 34 0.0254
016 1285 0.0253
016 867 0.0253
016 1357 0.0253
016 324 0.0253
016 1191 0.0252
016 268 0.0252
016 54 0.0251
016 64 0.0251
016 1409 0.0250
016 1233 0.0250
016 299 0.0249
016 89 0.0247
016 945 0.0246
016 1178 0.0246
016 308 0.0245
016 506 0.0244
016 631 0.0243
016 138 0.0243
016 141 0.0242
016 996 0.0239
016 1495 0.0239
016 886 0.0235
016 1113 0.0234
016 129 0.0232
016 293 0.0232
016 371 0.0231
016 118 0.0228
016 475 0.0228
016 941 0.0227
016 519 0.0226
016 891 0.0226
016 984 0.0226
016 1116 0.0224
016 1548 0.0224
016 963 0.0224
016 1420 0.0224
016 1286 0.0220
016 1480 0.0220
016 1514 0.0220
016 479 0.0220
016 25 0.0218
016 640 0.0218
016 312 0.0217
016 688 0.0216
016 661 0.0216
016 205 0.0215
016 590 0.0215
016 107 0.0214
016 69 0.0214
016 1100 0.0214
016 837 0.0213
016 62 0.0213
016 555 0.0212
016 1226 0.0212
016 246 0.0211
016 582 0.0211
016 660 0.0210
016 1470 0.0210
016 486 0.0209
016 287 0.0208
016 786 0.0208
016 29 0.0207
016 679 0.0207
016 251 0.0206
016 503 0.0205
016 706 0.0204
016 854 0.0204
016 1260 0.0203
016 1459 0.0202
016 1479 0.0202
016 169 0.0201
016 600 0.0201
016 125 0.0200
016 1450 0.0198
016 630 0.0198
016 817 0.0198
016 463 0.0198
016 487 0.0196
016 21 0.0195
016 438 0.0195
016 1166 0.0193
016 1461 0.0193
016 1066 0.0193
016 261 0.0193
016 207 0.0190
016 942 0.0188
016 317 0.0188
016 1467 0.0188
016 1339 0.0187
016 8 0.0186
016 337 0.0186
016 283 0.0186
016 1418 0.0186
016 577 0.0184
016 824 0.0183
016 316 0.0183
016 658 0.0182
016 1380 0.0181
016 1141 0.0180
016 1109 0.0180
016 740 0.0180
016 906 0.0179
016 1020 0.0179
016 295 0.0178
016 88 0.0178
016 1177 0.0177
016 1319 0.0177
016 357 0.0176
016 635 0.0176
016 920 0.0174
016 1388 0.0174
016 1382 0.0174
016 969 0.0174
016 1262 0.0174
016 1173 0.0174
016 1581 0.0173
016 1408 0.0173
016 191 0.0173
016 253 0.0173
016 1462 0.0172
016 1567 0.0172
016 212 0.0172
016 705 0.0169
016 709 0.0169
016 536 0.0168
016 979 0.0167
016 1384 0.0167
016 579 0.0167
016 403 0.0167
016 999 0.0166
016 1157 0.0166
016 981 0.0166
016 992 0.0165
016 521 0.0165
016 731 0.0165
016 1419 0.0164
016 1386 0.0163
016 90 0.0162
016 929 0.0162
016 1494 0.0162
016 1219 0.0161
016 987 0.0161
016 1217 0.0160
016 1492 0.0160
016 602 0.0160
016 1193 0.0159
016 1491 0.0158
016 432 0.0158
016 589 0.0158
016 737 0.0158
016 1486 0.0158
016 515 0.0157
016 839 0.0157
016 464 0.0154
016 189 0.0154
016 44 0.0153
016 1369 0.0153
016 119 0.0153
016 1407 0.0152
016 797 0.0152
016 1227 0.0151
016 939 0.0150
016 1539 0.0150
016 730 0.0149
016 154 0.0149
016 562 0.0149
016 374 0.0148
016 1317 0.0147
016 1517 0.0147
016 1493 0.0145
016 1115 0.0144
016 1078 0.0144
016 1303 0.0143
016 1278 0.0143
016 14 0.0143
016 674 0.0143
016 344 0.0142
016 305 0.0141
016 1000 0.0141
016 210 0.0141
016 331 0.0141
016 972 0.0139
016 1398 0.0138
016 1221 0.0138
016 1432 0.0137
016 785 0.0137
016 778 0.0137
016 348 0.0136
016 802 0.0136
016 1063 0.0135
016 629 0.0135
016 1155 0.0135
016 807 0.0134
016 1526 0.0132
016 1012 0.0131
016 1183 0.0131
016 995 0.0130
016 612 0.0130
016 401 0.0130
016 454 0.0130
016 1223 0.0130
016 912 0.0129
016 625 0.0129
016 504 0.0128
016 270 0.0128
016 639 0.0128
016 485 0.0127
016 1030 0.0126
016 43 0.0126
016 663 0.0126
016 425 0.0126
016 1140 0.0125
016 1330 0.0125
016 326 0.0125
016 468 0.0124
016 1321 0.0123
016 946 0.0123
016 1297 0.0122
016 1240 0.0122
016 1210 0.0122
016 404 0.0122
016 56 0.0122
016 1355 0.0122
016 1023 0.0122
016 578 0.0122
016 200 0.0122
016 1162 0.0121
016 652 0.0121
016 1515 0.0121
016 905 0.0121
016 820 0.0121
016 595 0.0121
016 1158 0.0121
016 508 0.0119
016 73 0.0119
016 1482 0.0118
016 1387 0.0118
016 890 0.0117
016 970 0.0116
016 923 0.0116
016 801 0.0116
016 93 0.0115
016 1082 0.0115
016 811 0.0115
016 749 0.0114
016 377 0.0114
016 84 0.0113
016 1358 0.0113
016 766 0.0112
016 1175 0.0111
016 1370 0.0111
016 227 0.0111
016 247 0.0111
016 632 0.0111
016 47 0.0110
016 1129 0.0110
016 1136 0.0110
016 474 0.0109
016 168 0.0109
016 1465 0.0109
016 1270 0.0108
016 1306 0.0108
016 311 0.0108
016 1441 0.0108
016 1294 0.0108
016 208 0.0108
016 518 0.0108
016 241 0.0107
016 834 0.0107
016 1361 0.0107
016 965 0.0107
016 1310 0.0106
016 900 0.0106
016 1179 0.0106
016 1172 0.0106
016 427 0.0106
016 1340 0.0106
016 489 0.0105
016 638 0.0105
016 909 0.0105
016 373 0.0105
016 871 0.0105
016 244 0.0105
016 535 0.0105
016 1216 0.0104
016 1443 0.0104
016 61 0.0104
016 1365 0.0104
016 656 0.0104
016 1034 0.0104
016 1215 0.0104
016 1360 0.0103
016 1137 0.0103
016 1097 0.0103
016 1059 0.0102
016 711 0.0102
016 24 0.0102
016 336 0.0101
016 155 0.0101
016 1375 0.0100
016 1488 0.0100
016 1263 0.0100
016 1197 0.0099
016 919 0.0099
016 1414 0.0098
016 1087 0.0098
016 220 0.0098
016 1084 0.0098
016 481 0.0097
016 641 0.0097
016 178 0.0097
016 447 0.0097
016 497 0.0096
016 1160 0.0096
016 873 0.0096
016 98 0.0096
016 1214 0.0096
016 490 0.0096
016 1451 0.0095
016 1254 0.0095
016 1234 0.0095
016 264 0.0094
016 580 0.0094
016 1401 0.0093
016 619 0.0093
016 1237 0.0093
016 1092 0.0093
016 266 0.0093
016 732 0.0093
016 1498 0.0091
016 225 0.0091
016 426 0.0091
016 450 0.0091
016 456 0.0090
016 841 0.0090
016 318 0.0090
016 106 0.0090
016 774 0.0089
016 713 0.0089
016 183 0.0089
016 591 0.0089
016 825 0.0088
016 949 0.0087
016 614 0.0086
016 1192 0.0086
016 648 0.0086
016 1554 0.0086
016 1275 0.0086
016 922 0.0086
016 380 0.0085
016 548 0.0085
016 1062 0.0085
016 1181 0.0084
016 162 0.0083
016 77 0.0083
016 78 0.0082
016 465 0.0082
016 187 0.0082
016 1427 0.0082
016 573 0.0082
016 512 0.0082
016 134 0.0081
016 1187 0.0081
016 4 0.0081
016 148 0.0081
016 391 0.0080
016 272 0.0080
016 1131 0.0080
016 143 0.0080
016 52 0.0080
016 751 0.0080
016 936 0.0079
016 197 0.0078
016 320 0.0077
016 338 0.0077
016 443 0.0077
016 723 0.0077
016 654 0.0077
016 180 0.0077
016 1128 0.0076
016 1049 0.0076
016 831 0.0076
016 333 0.0075
016 601 0.0075
016 1546 0.0074
016 680 0.0074
016 1272 0.0074
016 898 0.0074
016 921 0.0074
016 1530 0.0074
016 875 0.0074
016 1090 0.0073
016 836 0.0073
016 1560 0.0073
016 196 0.0073
016 852 0.0073
016 262 0.0073
016 1580 0.0073
016 1211 0.0072
016 700 0.0072
016 1284 0.0072
016 1 0.0071
016 878 0.0071
016 405 0.0071
016 897 0.0071
016 135 0.0071
016 1362 0.0071
016 1511 0.0070
016 567 0.0070
016 1243 0.0070
016 1032 0.0070
016 1273 0.0070
016 1291 0.0070
016 659 0.0070
016 1353 0.0070
016 857 0.0070
016 676 0.0069
016 150 0.0069
016 300 0.0069
016 1410 0.0069
016 108 0.0068
016 1239 0.0068
016 1200 0.0068
016 611 0.0068
016 1356 0.0068
016 1477 0.0067
016 97 0.0067
016 1374 0.0067
016 339 0.0067
016 242 0.0067
016 81 0.0067
016 829 0.0067
016 442 0.0066
016 517 0.0066
016 3 0.0066
016 1454 0.0066
016 1133 0.0066
016 384 0.0065
016 462 0.0064
016 704 0.0064
016 1456 0.0064
016 347 0.0064
016 226 0.0063
016 1146 0.0063
016 925 0.0063
016 322 0.0063
016 1402 0.0063
016 92 0.0063
016 12 0.0063
016 767 0.0063
016 752 0.0063
016 1074 0.0062
016 844 0.0062
016 1544 0.0062
016 1448 0.0062
016 157 0.0062
016 1537 0.0062
016 1269 0.0062
016 1528 0.0062
016 1471 0.0062
016 163 0.0061
016 1423 0.0061
016 806 0.0061
016 1022 0.0060
016 1547 0.0060
016 137 0.0060
016 803 0.0059
016 780 0.0059
016 1561 0.0059
016 449 0.0059
016 955 0.0059
016 879 0.0058
016 273 0.0058
016 1318 0.0058
016 1348 0.0058
016 675 0.0058
016 1323 0.0058
016 1027 0.0058
016 144 0.0057
016 1277 0.0057
016 1575 0.0057
016 924 0.0057
016 575 0.0056
016 1484 0.0056
016 91 0.0056
016 28 0.0056
016 1555 0.0056
016 407 0.0056
016 830 0.0056
016 2 0.0056
016 1313 0.0056
016 1170 0.0055
016 622 0.0055
016 86 0.0055
016 174 0.0055
016 1292 0.0054
016 1335 0.0054
016 1206 0.0054
016 1371 0.0054
016 1209 0.0054
016 509 0.0053
016 1119 0.0053
016 968 0.0053
016 540 0.0053
016 547 0.0052
016 289 0.0052
016 1180 0.0052
016 1571 0.0052
016 516 0.0052
016 127 0.0052
016 657 0.0052
016 1424 0.0052
016 1266 0.0051
016 186 0.0051
016 832 0.0051
016 747 0.0051
016 1061 0.0051
016 440 0.0051
016 1031 0.0050
016 67 0.0050
016 258 0.0050
016 38 0.0050
016 718 0.0049
016 846 0.0049
016 1287 0.0049
016 1176 0.0049
016 265 0.0048
016 1466 0.0048
016 437 0.0048
016 866 0.0048
016 1309 0.0048
016 546 0.0048
016 423 0.0048
016 1091 0.0047
016 418 0.0047
016 651 0.0047
016 1307 0.0047
016 1205 0.0047
016 896 0.0047
016 112 0.0046
016 1253 0.0046
016 537 0.0046
016 1048 0.0046
016 716 0.0046
016 872 0.0046
016 597 0.0046
016 1563 0.0045
016 869 0.0045
016 560 0.0045
016 11 0.0045
016 722 0.0045
016 1153 0.0045
016 960 0.0045
016 1406 0.0044
016 1425 0.0044
016 233 0.0044
016 1302 0.0044
016 1150 0.0043
016 1076 0.0043
016 823 0.0042
016 804 0.0041
016 1202 0.0041
016 781 0.0041
016 1481 0.0041
016 772 0.0041
016 49 0.0041
016 728 0.0041
016 420 0.0041
016 26 0.0041
016 309 0.0040
016 136 0.0040
016 1064 0.0040
016 1485 0.0040
016 1385 0.0040
016 1483 0.0039
016 387 0.0039
016 1524 0.0039
016 565 0.0039
016 1299 0.0039
016 724 0.0039
016 863 0.0039
016 953 0.0039
016 346 0.0038
016 1125 0.0037
016 428 0.0037
016 1422 0.0037
016 1288 0.0037
016 1377 0.0037
016 1562 0.0037
016 65 0.0036
016 982 0.0035
016 842 0.0035
016 382 0.0035
016 406 0.0034
016 1333 0.0034
016 549 0.0034
016 161 0.0034
016 1583 0.0033
016 1304 0.0033
016 607 0.0033
016 1349 0.0033
016 991 0.0033
016 259 0.0032
016 142 0.0032
016 1363 0.0032
016 1347 0.0031
016 541 0.0031
016 1244 0.0031
016 310 0.0031
016 1411 0.0031
016 814 0.0030
016 314 0.0030
016 523 0.0030
016 528 0.0030
016 1052 0.0030
016 720 0.0030
016 431 0.0030
016 1444 0.0029
016 1396 0.0029
016 750 0.0029
016 951 0.0029
016 434 0.0029
016 109 0.0028
016 473 0.0028
016 584 0.0028
016 219 0.0027
016 599 0.0027
016 1161 0.0027
016 193 0.0027
016 58 0.0026
016 1037 0.0026
016 147 0.0026
016 933 0.0026
016 763 0.0026
016 642 0.0025
016 1103 0.0025
016 1117 0.0025
016 736 0.0024
016 1460 0.0024
016 1112 0.0023
016 1127 0.0023
016 1344 0.0023
016 1279 0.0023
016 798 0.0023
016 1350 0.0023
016 1122 0.0022
016 1346 0.0022
016 755 0.0022
016 87 0.0022
016 1289 0.0022
016 1506 0.0022
016 436 0.0022
016 361 0.0021
016 1047 0.0021
016 1373 0.0021
016 1558 0.0020
016 304 0.0020
016 1283 0.0020
016 60 0.0020
016 880 0.0020
016 392 0.0020
016 1046 0.0020
016 753 0.0019
016 1329 0.0019
016 466 0.0019
016 1235 0.0019
016 845 0.0019
016 1148 0.0019
016 1397 0.0019
016 734 0.0018
016 1118 0.0018
016 1142 0.0018
016 1510 0.0017
016 533 0.0017
016 1089 0.0017
016 1088 0.0016
016 248 0.0016
016 1271 0.0016
016 222 0.0016
016 701 0.0016
016 46 0.0016
016 681 0.0015
016 1282 0.0015
016 1045 0.0014
016 472 0.0013
016 1267 0.0013
016 1252 0.0013
016 962 0.0013
016 114 0.0013
016 216 0.0012
016 971 0.0012
016 1099 0.0012
017 1312 0.3465
017 229 0.3271
017 563 0.2845
017 1041 0.2732
017 286 0.2418
017 559 0.2339
017 358 0.2194
017 281 0.2155
017 239 0.2126
017 1303 0.2106
017 1201 0.2052
017 1469 0.1934
017 5 0.1893
017 1063 0.1712
017 36 0.1705
017 99 0.1665
017 756 0.1663
017 1315 0.1638
017 1488 0.1629
017 735 0.1611
017 373 0.1560
017 1504 0.1477
017 1130 0.1458
017 1095 0.1407
017 1340 0.1383
017 605 0.1356
017 498 0.1351
017 1257 0.1345
017 1474 0.1298
017 1401 0.1298
017 39 0.1295
017 958 0.1267
017 388 0.1251
017 1426 0.1243
017 725 0.1240
017 672 0.1237
017 31 0.1224
017 1429 0.1197
017 572 0.1188
017 903 0.1182
017 104 0.1179
017 644 0.1174
017 470 0.1154
017 1275 0.1138
017 1256 0.1136
017 1245 0.1120
017 404 0.1112
017 1296 0.1105
017 101 0.1100
017 1372 0.1083
017 205 0.1067
017 62 0.1063
017 653 0.1060
017 289 0.1047
017 1289 0.1007
017 119 0.1007
017 204 0.1001
017 824 0.1000
017 1379 0.0997
017 1115 0.0995
017 746 0.0987
017 41 0.0973
017 1277 0.0956
017 378 0.0953
017 772 0.0940
017 696 0.0936
017 186 0.0916
017 1330 0.0915
017 1300 0.0912
017 867 0.0897
017 897 0.0895
017 1081 0.0889
017 517 0.0887
017 762 0.0884
017 1322 0.0884
017 213 0.0881
017 1101 0.0878
017 806 0.0872
017 371 0.0866
017 15 0.0864
017 783 0.0861
017 1554 0.0857
017 1008 0.0832
017 674 0.0830
017 807 0.0825
017 963 0.0823
017 80 0.0819
017 647 0.0819
017 1229 0.0799
017 907 0.0793
017 1176 0.0786
017 112 0.0784
017 32 0.0768
017 1258 0.0768
017 1499 0.0765
017 245 0.0761
017 496 0.0755
017 848 0.0743
017 375 0.0743
017 1199 0.0738
017 250 0.0733
017 1445 0.0726
017 1502 0.0719
017 1516 0.0713
017 895 0.0708
017 566 0.0704
017 1351 0.0704
017 82 0.0696
017 1305 0.0690
017 392 0.0681
017 489 0.0680
017 431 0.0680
017 1146 0.0678
017 1455 0.0677
017 25 0.0671
017 1108 0.0668
017 339 0.0668
017 771 0.0666
017 81 0.0666
017 1022 0.0665
017 330 0.0660
017 1160 0.0640
017 679 0.0636
017 1112 0.0635
017 986 0.0635
017 1446 0.0634
017 1536 0.0633
017 1005 0.0614
017 493 0.0612
017 558 0.0611
017 301 0.0610
017 246 0.0609
017 887 0.0607
017 242 0.0600
017 448 0.0593
017 1449 0.0588
017 683 0.0587
017 1556 0.0586
017 926 0.0586
017 694 0.0586
017 956 0.0584
017 726 0.0580
017 1512 0.0580
017 230 0.0578
017 24 0.0577
017 529 0.0572
017 34 0.0568
017 12 0.0562
017 26 0.0553
017 1020 0.0541
017 52 0.0537
017 1184 0.0535
017 351 0.0531
017 747 0.0530
017 597 0.0525
017 90 0.0525
017 1572 0.0523
017 263 0.0521
017 346 0.0516
017 321 0.0512
017 308 0.0512
017 591 0.0510
017 1461 0.0510
017 68 0.0509
017 811 0.0503
017 859 0.0502
017 251 0.0501
017 261 0.0500
017 159 0.0498
017 784 0.0497
017 1192 0.0496
017 1342 0.0489
017 764 0.0481
017 942 0.0479
017 908 0.0479
017 491 0.0479
017 1319 0.0476
017 1010 0.0469
017 236 0.0469
017 578 0.0468
017 1376 0.0463
017 1336 0.0456
017 299 0.0456
017 989 0.0450
017 889 0.0449
017 125 0.0448
017 873 0.0443
017 790 0.0442
017 825 0.0441
017 1175 0.0437
017 744 0.0435
017 1413 0.0434
017 1485 0.0432
017 117 0.0432
017 319 0.0425
017 1100 0.0421
017 1458 0.0421
017 757 0.0419
017 223 0.0416
017 612 0.0407
017 64 0.0405
017 1087 0.0405
017 658 0.0403
017 773 0.0402
017 1546 0.0401
017 1421 0.0399
017 1295 0.0399
017 267 0.0397
017 875 0.0392
017 485 0.0391
017 1515 0.0391
017 42 0.0391
017 911 0.0384
017 1114 0.0383
017 588 0.0381
017 860 0.0377
017 641 0.0374
017 1400 0.0372
017 67 0.0369
017 853 0.0367
017 927 0.0366
017 1079 0.0366
017 20 0.0365
017 506 0.0365
017 54 0.0362
017 868 0.0360
017 636 0.0359
017 1537 0.0355
017 59 0.0355
017 163 0.0354
017 546 0.0353
017 133 0.0345
017 181 0.0345
017 1534 0.0345
017 1223 0.0344
017 342 0.0342
017 148 0.0341
017 639 0.0339
017 349 0.0338
017 1396 0.0338
017 393 0.0336
017 291 0.0335
017 345 0.0334
017 1483 0.0332
017 525 0.0332
017 1495 0.0332
017 434 0.0332
017 126 0.0330
017 1247 0.0328
017 1133 0.0327
017 18 0.0325
017 288 0.0324
017 481 0.0323
017 827 0.0321
017 949 0.0319
017 47 0.0318
017 631 0.0316
017 4 0.0310
017 1418 0.0309
017 1513 0.0307
017 1580 0.0306
017 162 0.0304
017 1417 0.0303
017 1162 0.0303
017 1067 0.0302
017 61 0.0301
017 649 0.0301
017 178 0.0300
017 1203 0.0295
017 741 0.0293
017 990 0.0292
017 211 0.0292
017 1281 0.0291
017 432 0.0289
017 1032 0.0288
017 1486 0.0288
017 1530 0.0284
017 1180 0.0281
017 630 0.0275
017 1240 0.0274
017 60 0.0274
017 789 0.0274
017 1371 0.0268
017 702 0.0266
017 1393 0.0266
017 145 0.0266
017 1069 0.0265
017 322 0.0265
017 244 0.0265
017 531 0.0264
017 1398 0.0262
017 1476 0.0261
017 11 0.0260
017 315 0.0258
017 1539 0.0257
017 243 0.0254
017 1208 0.0253
017 1403 0.0253
017 422 0.0252
017 862 0.0252
017 1456 0.0251
017 28 0.0251
017 831 0.0251
017 1506 0.0249
017 190 0.0246
017 55 0.0244
017 688 0.0242
017 987 0.0240
017 866 0.0240
017 1575 0.0239
017 69 0.0239
017 616 0.0238
017 335 0.0237
017 638 0.0236
017 1388 0.0236
017 1243 0.0233
017 134 0.0233
017 376 0.0232
017 460 0.0230
017 625 0.0226
017 248 0.0221
017 851 0.0216
017 1182 0.0214
017 1334 0.0212
017 1045 0.0211
017 164 0.0211
017 1294 0.0210
017 397 0.0209
017 577 0.0208
017 1116 0.0199
017 1205 0.0194
017 925 0.0194
017 215 0.0194
017 776 0.0190
017 179 0.0186
017 443 0.0183
017 249 0.0181
017 449 0.0181
017 1113 0.0181
017 1328 0.0176
017 668 0.0174
017 1335 0.0174
017 961 0.0171
017 307 0.0170
017 1149 0.0164
017 1155 0.0160
017 1332 0.0159
017 729 0.0158
017 884 0.0157
017 549 0.0151
017 88 0.0151
017 1034 0.0148
017 1158 0.0147
017 1425 0.0147
017 1302 0.0144
017 1048 0.0142
017 93 0.0139
017 216 0.0138
018 525 0.4354
018 657 0.3792
018 1137 0.2927
018 752 0.2691
018 1128 0.2656
018 1541 0.2502
018 126 0.2494
018 1464 0.2430
018 305 0.2232
018 1151 0.2211
018 1174 0.2181
018 672 0.2174
018 659 0.2099
018 1311 0.2070
018 454 0.2060
018 497 0.2002
018 157 0.1969
018 228 0.1958
018 566 0.1926
018 1183 0.1909
018 13 0.1873
018 873 0.1807
018 1134 0.1801
018 555 0.1763
018 1312 0.1746
018 1221 0.1715
018 824 0.1713
018 30 0.1662
018 897 0.1658
018 281 0.1629
018 241 0.1568
018 229 0.1554
018 515 0.1526
018 673 0.1510
018 1161 0.1503
018 1260 0.1497
018 279 0.1483
018 716 0.1478
018 620 0.1478
018 649 0.1477
018 428 0.1474
018 818 0.1468
018 245 0.1445
018 745 0.1437
018 4 0.1430
018 477 0.1429
018 1568 0.1358
018 1064 0.1357
018 1295 0.1353
018 1063 0.1350
018 24 0.1338
018 1310 0.1332
018 572 0.1321
018 1008 0.1315
018 1421 0.1296
018 1010 0.1294
018 230 0.1263
018 1069 0.1251
018 119 0.1232
018 902 0.1206
018 679 0.1189
018 961 0.1182
018 1469 0.1179
018 662 0.1144
018 1283 0.1133
018 1376 0.1116
018 1401 0.1107
018 535 0.1104
018 435 0.1094
018 36 0.1090
018 1272 0.1083
018 1509 0.1078
018 423 0.1072
018 1508 0.1067
018 375 0.1056
018 1041 0.1052
018 1501 0.1040
018 851 0.1039
018 1133 0.1009
018 859 0.1007
018 101 0.1006
018 257 0.1002
018 438 0.0992
018 1087 0.0976
018 242 0.0972
018 491 0.0961
018 1573 0.0955
018 93 0.0953
018 517 0.0953
018 1177 0.0953
018 1351 0.0951
018 559 0.0944
018 653 0.0943
018 288 0.0913
018 484 0.0891
018 433 0.0887
018 358 0.0885
018 170 0.0885
018 508 0.0879
018 1536 0.0871
018 261 0.0869
018 1432 0.0867
018 5 0.0856
018 62 0.0855
018 1334 0.0855
018 1303 0.0850
018 52 0.0849
018 485 0.0845
018 1223 0.0841
018 910 0.0837
018 648 0.0828
018 1201 0.0828
018 1052 0.0828
018 1166 0.0823
018 1046 0.0821
018 665 0.0820
018 366 0.0819
018 578 0.0813
018 1127 0.0810
018 784 0.0797
018 554 0.0797
018 1374 0.0796
018 470 0.0790
018 250 0.0790
018 924 0.0784
018 1222 0.0783
018 278 0.0783
018 291 0.0781
018 1167 0.0779
018 1193 0.0769
018 53 0.0765
018 867 0.0762
018 617 0.0760
018 674 0.0759
018 1321 0.0747
018 841 0.0745
018 1079 0.0744
018 246 0.0740
018 1577 0.0739
018 1534 0.0738
018 1242 0.0737
018 670 0.0733
018 381 0.0733
018 1564 0.0730
018 944 0.0729
018 332 0.0728
018 991 0.0725
018 816 0.0725
018 1387 0.0724
018 785 0.0723
018 328 0.0718
018 335 0.0715
018 41 0.0710
018 939 0.0702
018 636 0.0699
018 948 0.0693
018 998 0.0693
018 112 0.0688
018 482 0.0688
018 349 0.0688
018 501 0.0687
018 256 0.0681
018 215 0.0678
018 488 0.0676
018 1000 0.0676
018 99 0.0672
018 1102 0.0667
018 1257 0.0666
018 243 0.0663
018 798 0.0661
018 1185 0.0656
018 401 0.0652
018 362 0.0650
018 1463 0.0644
018 392 0.0644
018 1066 0.0642
018 320 0.0638
018 1126 0.0638
018 111 0.0636
018 593 0.0635
018 15 0.0631
018 576 0.0630
018 1462 0.0629
018 297 0.0626
018 50 0.0620
018 794 0.0618
018 786 0.0617
018 1290 0.0615
018 735 0.0614
018 430 0.0609
018 447 0.0607
018 1340 0.0606
018 102 0.0601
018 1264 0.0601
018 286 0.0599
018 1513 0.0595
018 193 0.0592
018 1124 0.0590
018 742 0.0586
018 823 0.0582
018 432 0.0581
018 651 0.0579
018 580 0.0579
018 1160 0.0579
018 707 0.0569
018 1095 0.0567
018 140 0.0563
018 316 0.0563
018 161 0.0561
018 658 0.0558
018 585 0.0557
018 265 0.0554
018 175 0.0552
018 272 0.0550
018 289 0.0549
018 789 0.0549
018 1552 0.0548
018 625 0.0545
018 118 0.0544
018 210 0.0541
018 704 0.0534
018 344 0.0534
018 1496 0.0524
018 434 0.0518
018 239 0.0516
018 183 0.0515
018 510 0.0514
018 854 0.0514
018 1130 0.0512
018 958 0.0511
018 404 0.0510
018 334 0.0509
018 95 0.0509
018 1556 0.0505
018 1313 0.0498
018 1016 0.0497
018 1123 0.0497
018 31 0.0494
018 424 0.0493
018 1210 0.0486
018 40 0.0485
018 760 0.0484
018 739 0.0482
018 660 0.0481
018 866 0.0481
018 461 0.0479
018 646 0.0479
018 945 0.0478
018 908 0.0471
018 448 0.0469
018 595 0.0466
018 1084 0.0465
018 446 0.0464
018 94 0.0461
018 66 0.0460
018 63 0.0460
018 1418 0.0459
018 1256 0.0458
018 176 0.0456
018 1345 0.0455
018 1347 0.0452
018 319 0.0449
018 97 0.0444
018 848 0.0443
018 870 0.0441
018 1451 0.0440
018 831 0.0439
018 1455 0.0437
018 205 0.0430
018 47 0.0430
018 960 0.0425
018 967 0.0423
018 811 0.0422
018 806 0.0419
018 893 0.0414
018 88 0.0411
018 1371 0.0410
018 1112 0.0410
018 1074 0.0407
018 802 0.0406
018 489 0.0406
018 431 0.0406
018 1115 0.0401
018 148 0.0401
018 746 0.0398
018 32 0.0397
018 251 0.0396
018 103 0.0395
018 179 0.0395
018 494 0.0394
018 70 0.0390
018 164 0.0390
018 1467 0.0386
018 1246 0.0384
018 436 0.0384
018 563 0.0384
018 892 0.0380
018 772 0.0379
018 539 0.0377
018 85 0.0377
018 787 0.0374
018 820 0.0371
018 327 0.0371
018 1330 0.0369
018 439 0.0368
018 492 0.0367
018 629 0.0367
018 1018 0.0366
018 493 0.0365
018 1583 0.0365
018 1466 0.0364
018 1194 0.0364
018 680 0.0364
018 49 0.0363
018 696 0.0362
018 356 0.0361
018 1187 0.0361
018 437 0.0361
018 1580 0.0360
018 299 0.0360
018 928 0.0360
018 1081 0.0359
018 904 0.0359
018 1441 0.0357
018 479 0.0357
018 1483 0.0356
018 1494 0.0353
018 887 0.0352
018 1027 0.0352
018 330 0.0351
018 371 0.0349
018 1365 0.0348
018 933 0.0347
018 1070 0.0347
018 1302 0.0346
018 1554 0.0346
018 1567 0.0346
018 903 0.0346
018 1346 0.0344
018 1278 0.0342
018 1339 0.0341
018 450 0.0341
018 336 0.0340
018 516 0.0340
018 1101 0.0340
018 544 0.0338
018 619 0.0335
018 507 0.0334
018 807 0.0333
018 80 0.0331
018 647 0.0330
018 602 0.0330
018 156 0.0329
018 1566 0.0327
018 577 0.0326
018 1342 0.0323
018 638 0.0322
018 1329 0.0320
018 1053 0.0319
018 1265 0.0319
018 1491 0.0318
018 1477 0.0316
018 1245 0.0315
018 845 0.0315
018 26 0.0314
018 1490 0.0311
018 741 0.0310
018 211 0.0309
018 1499 0.0308
018 747 0.0307
018 1360 0.0306
018 1379 0.0305
018 591 0.0304
018 1255 0.0304
018 1517 0.0303
018 1350 0.0303
018 1459 0.0302
018 1394 0.0302
018 744 0.0301
018 293 0.0299
018 1015 0.0299
018 280 0.0299
018 1239 0.0298
018 1199 0.0298
018 938 0.0297
018 422 0.0297
018 567 0.0294
018 817 0.0294
018 1539 0.0292
018 1301 0.0290
018 452 0.0286
018 1362 0.0286
018 862 0.0286
018 895 0.0286
018 249 0.0284
018 217 0.0283
018 82 0.0281
018 536 0.0280
018 1165 0.0280
018 1352 0.0279
018 496 0.0278
018 45 0.0277
018 556 0.0276
018 308 0.0272
018 25 0.0271
018 339 0.0269
018 771 0.0269
018 81 0.0268
018 1327 0.0267
018 730 0.0266
018 196 0.0266
018 1420 0.0265
018 427 0.0265
018 1175 0.0265
018 681 0.0264
018 1048 0.0264
018 1225 0.0262
018 999 0.0262
018 258 0.0261
018 216 0.0260
018 526 0.0260
018 753 0.0259
018 986 0.0256
018 185 0.0253
018 1096 0.0252
018 169 0.0250
018 558 0.0247
018 301 0.0246
018 376 0.0245
018 942 0.0243
018 3 0.0243
018 1132 0.0242
018 300 0.0240
018 329 0.0240
018 1247 0.0240
018 1140 0.0239
018 574 0.0238
018 783 0.0238
018 1476 0.0237
018 683 0.0237
018 926 0.0236
018 694 0.0236
018 361 0.0234
018 726 0.0234
018 504 0.0233
018 795 0.0232
018 529 0.0231
018 34 0.0229
018 426 0.0227
018 12 0.0227
018 909 0.0226
018 331 0.0225
018 1067 0.0224
018 114 0.0223
018 1446 0.0222
018 984 0.0220
018 449 0.0213
018 616 0.0212
018 597 0.0212
018 90 0.0212
018 1572 0.0211
018 263 0.0210
018 1229 0.0209
018 346 0.0208
018 351 0.0207
018 321 0.0207
018 68 0.0205
018 189 0.0203
018 705 0.0202
018 159 0.0201
018 1192 0.0200
018 14 0.0200
018 192 0.0199
018 429 0.0195
018 190 0.0195
018 764 0.0194
018 1150 0.0194
018 22 0.0190
018 1348 0.0189
018 236 0.0189
018 233 0.0188
018 864 0.0183
018 425 0.0183
018 1169 0.0183
018 135 0.0182
018 1023 0.0182
018 989 0.0182
018 889 0.0181
018 125 0.0181
018 1080 0.0179
018 581 0.0179
018 503 0.0179
018 1164 0.0178
018 790 0.0178
018 825 0.0178
018 445 0.0176
018 298 0.0175
018 58 0.0175
018 1155 0.0174
018 117 0.0174
018 1037 0.0174
018 478 0.0171
018 213 0.0171
018 668 0.0170
018 223 0.0168
018 1154 0.0168
018 123 0.0167
018 397 0.0165
018 612 0.0164
018 474 0.0164
018 64 0.0163
018 120 0.0163
018 773 0.0162
018 1306 0.0161
018 676 0.0159
018 875 0.0158
018 42 0.0158
018 839 0.0157
018 911 0.0155
018 1114 0.0154
018 588 0.0154
018 487 0.0152
018 380 0.0152
018 641 0.0151
018 1400 0.0150
018 312 0.0149
018 853 0.0148
018 927 0.0148
018 506 0.0147
018 1207 0.0146
018 54 0.0146
018 106 0.0146
018 1349 0.0146
018 868 0.0145
018 129 0.0145
018 373 0.0144
018 59 0.0143
018 165 0.0143
018 163 0.0143
018 1434 0.0142
018 1073 0.0141
018 1043 0.0140
018 133 0.0139
018 181 0.0139
018 756 0.0139
018 840 0.0138
018 74 0.0138
018 342 0.0138
018 639 0.0137
018 1202 0.0137
018 1396 0.0136
018 1092 0.0135
018 345 0.0135
018 1364 0.0135
018 532 0.0134
018 1452 0.0133
018 1057 0.0132
018 1189 0.0132
018 1184 0.0132
018 18 0.0131
018 266 0.0131
018 1500 0.0130
018 1159 0.0130
018 833 0.0130
018 827 0.0129
018 1022 0.0129
018 793 0.0128
018 631 0.0128
018 502 0.0127
018 524 0.0126
018 1332 0.0126
018 1565 0.0124
018 1488 0.0124
018 1436 0.0122
018 162 0.0122
018 1417 0.0122
018 599 0.0122
018 1162 0.0122
018 1277 0.0122
018 61 0.0121
018 799 0.0121
018 178 0.0121
018 1078 0.0121
018 1291 0.0121
018 1120 0.0120
018 549 0.0120
018 262 0.0119
018 1176 0.0118
018 1383 0.0117
018 603 0.0116
018 723 0.0115
018 1530 0.0114
018 1526 0.0114
018 642 0.0112
018 703 0.0112
018 740 0.0112
018 774 0.0112
018 630 0.0111
018 60 0.0110
018 712 0.0110
018 594 0.0108
018 322 0.0107
018 244 0.0107
018 812 0.0106
018 531 0.0106
018 1423 0.0106
018 222 0.0106
018 810 0.0106
018 11 0.0105
018 469 0.0104
018 315 0.0104
018 1083 0.0104
018 780 0.0102
018 1208 0.0102
018 28 0.0101
018 695 0.0101
018 1171 0.0101
018 1506 0.0100
018 55 0.0098
018 688 0.0098
018 987 0.0097
018 1575 0.0097
018 69 0.0097
018 979 0.0096
018 838 0.0096
018 796 0.0093
018 1354 0.0093
018 1445 0.0093
018 460 0.0093
018 804 0.0092
018 836 0.0092
018 1481 0.0091
018 858 0.0089
018 248 0.0089
018 1031 0.0087
018 1250 0.0087
018 1419 0.0084
018 542 0.0083
018 637 0.0083
018 1240 0.0083
018 929 0.0081
018 684 0.0081
018 1370 0.0080
018 1116 0.0080
018 1111 0.0079
018 1028 0.0079
018 925 0.0078
018 533 0.0077
018 776 0.0076
018 357 0.0076
018 1224 0.0076
018 1531 0.0076
018 994 0.0075
018 443 0.0074
018 1113 0.0073
018 1271 0.0072
018 383 0.0072
018 781 0.0071
018 1328 0.0071
018 1335 0.0070
018 486 0.0069
018 307 0.0068
018 1149 0.0066
018 729 0.0064
018 966 0.0063
018 365 0.0063
018 592 0.0062
018 1158 0.0059
018 1333 0.0059
018 1363 0.0052
018 333 0.0049
018 759 0.0046
019 1137 0.4954
019 305 0.4380
019 157 0.4321
019 1151 0.3759
019 1174 0.3499
019 515 0.3498
019 1311 0.3485
019 241 0.3442
019 1161 0.3299
019 525 0.3179
019 1464 0.2883
019 1221 0.2776
019 1541 0.2762
019 435 0.2542
019 662 0.2512
019 1283 0.2487
019 961 0.2444
019 1272 0.2378
019 4 0.2218
019 657 0.2136
019 1376 0.1977
019 910 0.1973
019 867 0.1819
019 998 0.1789
019 1310 0.1707
019 1573 0.1694
019 924 0.1628
019 670 0.1610
019 1010 0.1601
019 775 0.1577
019 939 0.1542
019 1079 0.1538
019 501 0.1508
019 1185 0.1440
019 1462 0.1381
019 794 0.1358
019 1087 0.1331
019 1210 0.1300
019 742 0.1286
019 438 0.1271
019 739 0.1245
019 1458 0.1239
019 1052 0.1231
019 272 0.1207
019 851 0.1205
019 344 0.1172
019 888 0.1160
019 1549 0.1144
019 1260 0.1099
019 1136 0.1074
019 517 0.1056
019 366 0.1050
019 810 0.1025
019 176 0.1001
019 831 0.0985
019 907 0.0972
019 1451 0.0965
019 1162 0.0963
019 677 0.0955
019 482 0.0954
019 1317 0.0947
019 1012 0.0946
019 801 0.0943
019 769 0.0942
019 1319 0.0934
019 1357 0.0932
019 674 0.0932
019 1318 0.0921
019 761 0.0917
019 919 0.0914
019 214 0.0908
019 563 0.0895
019 973 0.0883
019 1328 0.0881
019 52 0.0878
019 372 0.0876
019 494 0.0864
019 460 0.0863
019 1460 0.0861
019 1274 0.0860
019 1040 0.0859
019 1022 0.0847
019 1344 0.0835
019 768 0.0826
019 1053 0.0824
019 914 0.0817
019 786 0.0816
019 1299 0.0816
019 1495 0.0813
019 392 0.0811
019 1430 0.0808
019 1145 0.0807
019 625 0.0806
019 1518 0.0803
019 734 0.0800
019 1194 0.0798
019 1360 0.0798
019 859 0.0797
019 47 0.0796
019 1540 0.0781
019 672 0.0775
019 878 0.0771
019 483 0.0766
019 491 0.0760
019 1212 0.0749
019 336 0.0747
019 860 0.0740
019 711 0.0735
019 990 0.0716
019 743 0.0716
019 1281 0.0712
019 25 0.0711
019 821 0.0704
019 1121 0.0702
019 208 0.0700
019 1144 0.0697
019 1556 0.0693
019 1051 0.0678
019 1101 0.0671
019 1035 0.0660
019 489 0.0639
019 1259 0.0639
019 818 0.0634
019 1368 0.0631
019 402 0.0623
019 505 0.0613
019 378 0.0601
019 575 0.0597
019 381 0.0593
019 1143 0.0592
019 1564 0.0591
019 1546 0.0590
019 1527 0.0590
019 1076 0.0574
019 956 0.0573
019 920 0.0567
019 1209 0.0567
019 1503 0.0567
019 1245 0.0563
019 953 0.0556
019 347 0.0536
019 1280 0.0533
019 324 0.0532
019 586 0.0527
019 1219 0.0525
019 1537 0.0522
019 1105 0.0521
019 269 0.0521
019 1454 0.0520
019 787 0.0513
019 963 0.0504
019 255 0.0503
019 351 0.0503
019 1295 0.0500
019 1198 0.0500
019 1074 0.0495
019 714 0.0492
019 513 0.0490
019 1402 0.0486
019 911 0.0481
019 1134 0.0479
019 1474 0.0477
019 1484 0.0476
019 422 0.0475
019 1545 0.0473
019 991 0.0470
019 1254 0.0464
019 887 0.0464
019 1447 0.0457
019 1206 0.0453
019 1155 0.0453
019 717 0.0451
019 1077 0.0448
019 687 0.0447
019 1129 0.0438
019 523 0.0437
019 453 0.0436
019 532 0.0436
019 63 0.0432
019 1566 0.0432
019 228 0.0431
019 1141 0.0426
019 1413 0.0426
019 205 0.0424
019 32 0.0422
019 1182 0.0419
019 783 0.0418
019 1463 0.0417
019 534 0.0416
019 660 0.0415
019 745 0.0413
019 394 0.0411
019 637 0.0404
019 252 0.0404
019 588 0.0404
019 1256 0.0401
019 622 0.0399
019 1427 0.0398
019 748 0.0398
019 1023 0.0396
019 609 0.0394
019 1152 0.0393
019 1393 0.0391
019 1548 0.0389
019 1553 0.0385
019 1258 0.0376
019 603 0.0375
019 1138 0.0374
019 254 0.0370
019 233 0.0368
019 691 0.0366
019 410 0.0360
019 602 0.0359
019 529 0.0358
019 110 0.0354
019 843 0.0353
019 81 0.0352
019 1173 0.0350
019 1199 0.0347
019 1340 0.0345
019 630 0.0345
019 1547 0.0337
019 1385 0.0336
019 1507 0.0336
019 1204 0.0333
019 1279 0.0333
019 476 0.0329
019 1085 0.0329
019 695 0.0327
019 1277 0.0320
019 1156 0.0318
019 871 0.0317
019 28 0.0315
019 934 0.0313
019 917 0.0312
019 1047 0.0307
019 671 0.0306
019 823 0.0304
019 1468 0.0303
019 795 0.0303
019 1005 0.0301
019 326 0.0301
019 1251 0.0300
019 828 0.0300
019 877 0.0299
019 1471 0.0296
019 1067 0.0296
019 1384 0.0295
019 420 0.0294
019 1429 0.0293
019 1220 0.0290
019 727 0.0290
019 1164 0.0289
019 1203 0.0289
019 913 0.0287
019 1425 0.0287
019 472 0.0287
019 850 0.0287
019 412 0.0286
019 1512 0.0284
019 1371 0.0284
019 158 0.0282
019 1520 0.0282
019 62 0.0281
019 1253 0.0281
019 1252 0.0280
019 685 0.0277
019 604 0.0276
019 1003 0.0271
019 815 0.0270
019 1570 0.0267
019 666 0.0266
019 1372 0.0265
019 1118 0.0264
019 929 0.0264
019 777 0.0264
019 746 0.0261
019 1007 0.0260
019 1211 0.0260
019 496 0.0259
019 1218 0.0259
019 408 0.0257
019 1517 0.0256
019 839 0.0255
019 1305 0.0254
019 1014 0.0253
019 1539 0.0252
019 1359 0.0248
019 696 0.0238
019 889 0.0238
019 594 0.0236
019 1349 0.0236
019 846 0.0235
019 822 0.0235
019 853 0.0230
019 1073 0.0229
019 648 0.0227
019 752 0.0226
019 1119 0.0225
019 993 0.0225
019 213 0.0224
019 1336 0.0224
019 1019 0.0224
019 738 0.0222
019 999 0.0221
019 814 0.0220
019 1257 0.0220
019 1524 0.0219
019 1335 0.0218
019 975 0.0217
019 1175 0.0214
019 1529 0.0214
019 308 0.0214
019 1159 0.0211
019 951 0.0208
019 1483 0.0208
019 524 0.0204
019 876 0.0203
019 782 0.0203
019 235 0.0203
019 1060 0.0202
019 883 0.0200
019 511 0.0198
019 652 0.0197
019 457 0.0197
019 824 0.0197
019 337 0.0192
019 952 0.0191
019 182 0.0188
019 1324 0.0187
019 1262 0.0187
019 536 0.0185
019 694 0.0183
019 384 0.0182
019 1223 0.0182
019 1536 0.0182
019 886 0.0181
019 598 0.0181
019 413 0.0180
019 617 0.0178
019 1048 0.0178
019 1391 0.0178
019 1058 0.0178
019 291 0.0177
019 1502 0.0176
019 736 0.0176
019 1355 0.0176
019 341 0.0173
019 471 0.0171
019 791 0.0170
019 827 0.0170
019 1083 0.0168
019 614 0.0167
019 1433 0.0166
019 1069 0.0166
019 706 0.0166
019 1557 0.0166
019 379 0.0165
019 514 0.0165
019 1446 0.0161
019 903 0.0159
019 928 0.0155
019 741 0.0155
019 452 0.0154
019 504 0.0154
019 726 0.0154
019 1325 0.0152
019 1431 0.0148
019 1128 0.0147
019 100 0.0147
019 1571 0.0146
019 527 0.0146
019 1034 0.0146
019 811 0.0144
019 1489 0.0144
019 71 0.0142
019 915 0.0141
019 980 0.0141
019 922 0.0139
019 289 0.0138
019 1414 0.0138
019 1229 0.0137
019 1235 0.0136
019 1525 0.0136
019 1511 0.0136
019 1276 0.0136
019 845 0.0136
019 959 0.0135
019 1521 0.0135
019 1240 0.0135
019 1006 0.0133
019 1020 0.0133
019 1255 0.0131
019 145 0.0130
019 673 0.0130
019 1361 0.0129
019 967 0.0129
019 1176 0.0128
019 982 0.0128
019 1538 0.0127
019 1142 0.0127
019 1214 0.0127
019 866 0.0127
019 773 0.0126
019 1338 0.0125
019 651 0.0125
019 580 0.0125
019 723 0.0125
019 1456 0.0123
019 1224 0.0123
019 112 0.0123
019 942 0.0122
019 1426 0.0122
019 1090 0.0120
019 1183 0.0118
019 383 0.0116
019 179 0.0116
019 893 0.0116
019 1163 0.0116
019 521 0.0116
019 53 0.0114
019 659 0.0113
019 896 0.0113
019 485 0.0112
019 829 0.0108
019 1369 0.0108
019 658 0.0107
019 1301 0.0105
019 1298 0.0105
019 613 0.0102
019 1505 0.0100
019 799 0.0098
019 1449 0.0096
019 424 0.0094
019 565 0.0093
019 830 0.0091
019 1099 0.0085
019 863 0.0074
019 1302 0.0071
019 894 0.0064
020 495 0.2976
020 785 0.2927
020 849 0.2728
020 1384 0.2689
020 743 0.2647
020 1525 0.2575
020 853 0.2574
020 839 0.2463
020 1212 0.2334
020 460 0.2164
020 1557 0.2159
020 1110 0.2134
020 1219 0.2098
020 96 0.2049
020 671 0.2018
020 1040 0.1978
020 1121 0.1940
020 1162 0.1920
020 1035 0.1823
020 1293 0.1811
020 233 0.1674
020 1156 0.1647
020 1380 0.1646
020 426 0.1608
020 821 0.1507
020 197 0.1472
020 924 0.1387
020 524 0.1376
020 1170 0.1366
020 1060 0.1338
020 782 0.1337
020 854 0.1277
020 514 0.1230
020 1413 0.1176
020 795 0.1157
020 1538 0.1129
020 444 0.1124
020 1343 0.1124
020 10 0.1114
020 1298 0.1102
020 975 0.1097
020 1220 0.1036
020 1474 0.1022
020 727 0.1022
020 225 0.0950
020 26 0.0921
020 762 0.0887
020 1504 0.0875
020 1076 0.0843
020 846 0.0840
020 1320 0.0836
020 1541 0.0822
020 1233 0.0806
020 402 0.0805
020 213 0.0800
020 1019 0.0798
020 715 0.0763
020 1026 0.0754
020 457 0.0752
020 1328 0.0748
020 381 0.0744
020 801 0.0734
020 1017 0.0732
020 775 0.0726
020 1334 0.0721
020 59 0.0690
020 1496 0.0686
020 588 0.0685
020 952 0.0682
020 662 0.0676
020 568 0.0673
020 1547 0.0673
020 1071 0.0663
020 730 0.0662
020 348 0.0661
020 458 0.0644
020 894 0.0627
020 664 0.0618
020 905 0.0612
020 1182 0.0602
020 1210 0.0599
020 1365 0.0595
020 706 0.0592
020 1303 0.0577
020 1234 0.0576
020 1085 0.0574
020 1371 0.0571
020 1458 0.0570
020 1512 0.0567
020 1138 0.0559
020 411 0.0553
020 579 0.0547
020 818 0.0543
020 1144 0.0542
020 815 0.0538
020 888 0.0534
020 1503 0.0531
020 347 0.0531
020 1549 0.0527
020 47 0.0524
020 1022 0.0524
020 522 0.0516
020 1256 0.0502
020 1122 0.0501
020 162 0.0499
020 1136 0.0495
020 1079 0.0491
020 1140 0.0491
020 1081 0.0487
020 1160 0.0487
020 648 0.0486
020 914 0.0484
020 945 0.0481
020 1511 0.0481
020 1331 0.0480
020 810 0.0472
020 489 0.0463
020 1259 0.0463
020 1095 0.0463
020 208 0.0461
020 513 0.0458
020 425 0.0454
020 831 0.0453
020 1206 0.0448
020 907 0.0447
020 1338 0.0447
020 1336 0.0446
020 580 0.0446
020 1500 0.0440
020 677 0.0440
020 1317 0.0436
020 1012 0.0436
020 540 0.0434
020 769 0.0434
020 1024 0.0432
020 1319 0.0430
020 1357 0.0429
020 1318 0.0424
020 761 0.0422
020 919 0.0421
020 205 0.0419
020 214 0.0418
020 1368 0.0416
020 690 0.0414
020 563 0.0412
020 189 0.0410
020 973 0.0407
020 372 0.0403
020 717 0.0397
020 1460 0.0396
020 830 0.0396
020 1274 0.0396
020 1223 0.0390
020 598 0.0387
020 1344 0.0384
020 687 0.0383
020 768 0.0380
020 1403 0.0380
020 1305 0.0380
020 1299 0.0376
020 1495 0.0374
020 1039 0.0374
020 1209 0.0374
020 1430 0.0372
020 1145 0.0371
020 1518 0.0370
020 358 0.0368
020 734 0.0368
020 1360 0.0367
020 859 0.0367
020 1052 0.0363
020 913 0.0360
020 1540 0.0360
020 789 0.0358
020 672 0.0357
020 1231 0.0357
020 844 0.0356
020 878 0.0355
020 526 0.0353
020 483 0.0353
020 491 0.0350
020 940 0.0348
020 285 0.0347
020 422 0.0344
020 777 0.0343
020 860 0.0341
020 711 0.0338
020 1056 0.0334
020 565 0.0333
020 1372 0.0333
020 990 0.0330
020 1281 0.0328
020 25 0.0327
020 937 0.0326
020 1211 0.0325
020 408 0.0322
020 1517 0.0321
020 596 0.0317
020 1376 0.0314
020 1051 0.0312
020 1101 0.0309
020 1513 0.0305
020 127 0.0298
020 238 0.0297
020 559 0.0295
020 88 0.0294
020 637 0.0293
020 959 0.0290
020 1174 0.0290
020 175 0.0289
020 1533 0.0289
020 760 0.0287
020 1279 0.0285
020 505 0.0282
020 695 0.0280
020 771 0.0280
020 378 0.0277
020 1464 0.0277
020 1321 0.0275
020 575 0.0275
020 1143 0.0272
020 1564 0.0272
020 1546 0.0272
020 1527 0.0272
020 1020 0.0271
020 430 0.0271
020 230 0.0271
020 28 0.0270
020 679 0.0267
020 1467 0.0264
020 537 0.0264
020 956 0.0264
020 863 0.0263
020 1151 0.0261
020 920 0.0261
020 571 0.0260
020 1245 0.0259
020 1264 0.0257
020 828 0.0257
020 953 0.0256
020 246 0.0255
020 74 0.0253
020 155 0.0253
020 942 0.0250
020 124 0.0249
020 652 0.0248
020 1280 0.0245
020 462 0.0245
020 324 0.0245
020 131 0.0244
020 1123 0.0244
020 586 0.0243
020 1537 0.0240
020 1105 0.0240
020 269 0.0240
020 1454 0.0239
020 7 0.0237
020 787 0.0236
020 864 0.0235
020 1481 0.0235
020 1239 0.0234
020 963 0.0232
020 255 0.0232
020 351 0.0231
020 1295 0.0230
020 1198 0.0230
020 1074 0.0228
020 299 0.0226
020 714 0.0226
020 929 0.0226
020 413 0.0226
020 1402 0.0224
020 258 0.0223
020 1119 0.0223
020 911 0.0221
020 736 0.0221
020 1134 0.0221
020 1484 0.0219
020 95 0.0218
020 1545 0.0218
020 991 0.0216
020 978 0.0215
020 391 0.0214
020 1254 0.0214
020 887 0.0214
020 827 0.0213
020 428 0.0213
020 996 0.0212
020 1447 0.0210
020 463 0.0208
020 1077 0.0206
020 696 0.0204
020 399 0.0203
020 334 0.0203
020 1446 0.0202
020 1129 0.0202
020 523 0.0201
020 1523 0.0201
020 453 0.0201
020 532 0.0201
020 1412 0.0200
020 382 0.0200
020 63 0.0199
020 1566 0.0199
020 228 0.0198
020 357 0.0196
020 1141 0.0196
020 284 0.0196
020 862 0.0196
020 32 0.0194
020 43 0.0194
020 504 0.0193
020 783 0.0193
020 215 0.0193
020 1463 0.0192
020 534 0.0191
020 312 0.0191
020 660 0.0191
020 302 0.0191
020 1325 0.0190
020 745 0.0190
020 999 0.0189
020 910 0.0189
020 394 0.0189
020 1524 0.0188
020 479 0.0187
020 1335 0.0187
020 252 0.0186
020 641 0.0186
020 259 0.0184
020 622 0.0184
020 1427 0.0183
020 748 0.0183
020 1023 0.0182
020 609 0.0181
020 506 0.0181
020 1152 0.0181
020 1393 0.0180
020 1548 0.0179
020 1483 0.0178
020 636 0.0178
020 1553 0.0177
020 268 0.0177
020 435 0.0176
020 1260 0.0174
020 1258 0.0173
020 1364 0.0173
020 603 0.0173
020 582 0.0172
020 232 0.0172
020 965 0.0171
020 883 0.0171
020 254 0.0170
020 845 0.0170
020 1055 0.0170
020 148 0.0169
020 1521 0.0169
020 1240 0.0169
020 691 0.0168
020 363 0.0168
020 909 0.0168
020 454 0.0167
020 105 0.0166
020 410 0.0166
020 602 0.0165
020 529 0.0165
020 733 0.0165
020 126 0.0164
020 22 0.0164
020 145 0.0163
020 110 0.0163
020 296 0.0163
020 843 0.0162
020 81 0.0162
020 1493 0.0162
020 18 0.0161
020 1173 0.0161
020 157 0.0160
020 1199 0.0160
020 1142 0.0159
020 1340 0.0159
020 5 0.0159
020 630 0.0159
020 1436 0.0157
020 219 0.0157
020 1400 0.0156
020 1132 0.0155
020 468 0.0155
020 1385 0.0155
020 1507 0.0155
020 1158 0.0154
020 1375 0.0154
020 101 0.0154
020 1204 0.0153
020 1048 0.0153
020 106 0.0152
020 476 0.0152
020 139 0.0151
020 147 0.0150
020 995 0.0149
020 242 0.0149
020 1277 0.0148
020 442 0.0147
020 1352 0.0146
020 871 0.0146
020 383 0.0146
020 395 0.0145
020 271 0.0144
020 114 0.0144
020 934 0.0144
020 642 0.0144
020 703 0.0144
020 917 0.0144
020 1308 0.0143
020 1337 0.0143
020 414 0.0143
020 1047 0.0141
020 34 0.0141
020 823 0.0140
020 1468 0.0140
020 1005 0.0139
020 326 0.0139
020 1251 0.0138
020 877 0.0138
020 1309 0.0137
020 1471 0.0136
020 1067 0.0136
020 160 0.0136
020 418 0.0136
020 420 0.0135
020 1429 0.0135
020 977 0.0133
020 1164 0.0133
020 1203 0.0133
020 613 0.0133
020 1425 0.0132
020 472 0.0132
020 850 0.0132
020 412 0.0132
020 322 0.0131
020 780 0.0131
020 531 0.0131
020 1155 0.0131
020 158 0.0130
020 1520 0.0130
020 62 0.0130
020 1457 0.0129
020 1253 0.0129
020 675 0.0129
020 1252 0.0129
020 1488 0.0129
020 144 0.0128
020 685 0.0128
020 1197 0.0127
020 936 0.0127
020 820 0.0127
020 604 0.0127
020 1386 0.0126
020 1003 0.0125
020 1150 0.0124
020 788 0.0124
020 281 0.0124
020 1506 0.0124
020 436 0.0123
020 838 0.0123
020 998 0.0123
020 1570 0.0123
020 666 0.0123
020 361 0.0123
020 1118 0.0122
020 55 0.0121
020 746 0.0120
020 172 0.0120
020 1007 0.0120
020 496 0.0119
020 1218 0.0119
020 69 0.0119
020 1514 0.0118
020 450 0.0117
020 573 0.0117
020 1014 0.0117
020 1539 0.0116
020 304 0.0116
020 1283 0.0115
020 1186 0.0115
020 136 0.0115
020 60 0.0115
020 1359 0.0114
020 1494 0.0113
020 576 0.0112
020 1084 0.0112
020 625 0.0112
020 1450 0.0110
020 724 0.0110
020 1010 0.0110
020 790 0.0110
020 889 0.0109
020 661 0.0109
020 1196 0.0109
020 594 0.0109
020 1349 0.0109
020 1000 0.0108
020 1477 0.0108
020 1374 0.0108
020 822 0.0108
020 371 0.0108
020 566 0.0107
020 1135 0.0107
020 1073 0.0105
020 583 0.0105
020 752 0.0104
020 993 0.0104
020 1075 0.0104
020 1221 0.0103
020 1015 0.0103
020 738 0.0102
020 814 0.0101
020 1257 0.0101
020 567 0.0101
020 616 0.0100
020 1091 0.0099
020 1316 0.0099
020 1175 0.0099
020 533 0.0099
020 1529 0.0099
020 308 0.0098
020 1358 0.0098
020 376 0.0097
020 1237 0.0097
020 217 0.0097
020 1159 0.0097
020 98 0.0096
020 951 0.0096
020 817 0.0094
020 776 0.0094
020 367 0.0094
020 1379 0.0094
020 876 0.0093
020 960 0.0093
020 235 0.0093
020 612 0.0093
020 1087 0.0091
020 882 0.0091
020 511 0.0091
020 824 0.0091
020 486 0.0089
020 337 0.0088
020 1501 0.0088
020 182 0.0087
020 1324 0.0086
020 1262 0.0086
020 739 0.0086
020 536 0.0085
020 961 0.0085
020 1406 0.0084
020 694 0.0084
020 384 0.0084
020 1536 0.0084
020 886 0.0083
020 617 0.0082
020 1391 0.0082
020 1058 0.0082
020 291 0.0082
020 1502 0.0081
020 253 0.0081
020 1342 0.0081
020 1355 0.0081
020 525 0.0081
020 341 0.0080
020 107 0.0080
020 471 0.0079
020 791 0.0078
020 1083 0.0077
020 614 0.0077
020 1433 0.0077
020 1069 0.0076
020 379 0.0076
020 549 0.0075
020 903 0.0073
020 928 0.0072
020 741 0.0071
020 452 0.0071
020 726 0.0071
020 1431 0.0068
020 1128 0.0068
020 515 0.0068
020 100 0.0068
020 867 0.0068
020 1571 0.0067
020 527 0.0067
020 1451 0.0067
020 1034 0.0067
020 173 0.0067
020 811 0.0066
020 1489 0.0066
020 71 0.0065
020 1442 0.0065
020 915 0.0065
020 980 0.0065
020 922 0.0064
020 289 0.0064
020 1414 0.0064
020 1229 0.0063
020 1235 0.0063
020 1276 0.0063
020 1415 0.0063
020 767 0.0062
020 1434 0.0061
020 1006 0.0061
020 1255 0.0060
020 673 0.0060
020 3 0.0060
020 1361 0.0059
020 967 0.0059
020 1176 0.0059
020 982 0.0059
020 1466 0.0059
020 1214 0.0058
020 866 0.0058
020 773 0.0058
020 651 0.0058
020 723 0.0058
020 1456 0.0057
020 1224 0.0057
020 1053 0.0057
020 112 0.0057
020 1426 0.0056
020 786 0.0056
020 1090 0.0055
020 966 0.0055
020 1183 0.0054
020 179 0.0054
020 893 0.0054
020 1163 0.0054
020 521 0.0053
020 53 0.0052
020 659 0.0052
020 896 0.0052
020 485 0.0052
020 829 0.0050
020 1369 0.0050
020 658 0.0049
020 1301 0.0049
020 1556 0.0048
020 1505 0.0046
020 799 0.0045
020 1449 0.0044
020 424 0.0044
020 1099 0.0039
020 1302 0.0033
021 1164 0.1702
021 273 0.1629
021 1203 0.1419
021 1343 0.1414
021 1518 0.1341
021 787 0.1258
021 1539 0.1215
021 408 0.1212
021 1224 0.1202
021 1223 0.1198
021 1102 0.1171
021 755 0.1155
021 230 0.1104
021 1319 0.1101
021 881 0.1100
021 1163 0.1093
021 1564 0.0998
021 482 0.0981
021 575 0.0980
021 712 0.0980
021 1162 0.0952
021 328 0.0936
021 1072 0.0923
021 1475 0.0903
021 973 0.0888
021 1344 0.0877
021 483 0.0864
021 208 0.0815
021 289 0.0802
021 1012 0.0782
021 526 0.0760
021 454 0.0758
021 430 0.0731
021 1421 0.0729
021 1373 0.0725
021 1338 0.0725
021 1536 0.0724
021 219 0.0717
021 843 0.0717
021 810 0.0717
021 1458 0.0712
021 953 0.0709
021 1405 0.0660
021 766 0.0656
021 956 0.0646
021 1167 0.0642
021 282 0.0629
021 1110 0.0628
021 255 0.0627
021 420 0.0626
021 638 0.0622
021 507 0.0621
021 415 0.0616
021 1320 0.0612
021 1215 0.0609
021 452 0.0609
021 679 0.0608
021 907 0.0608
021 711 0.0607
021 299 0.0600
021 1252 0.0596
021 1294 0.0587
021 69 0.0586
021 472 0.0580
021 1346 0.0578
021 187 0.0573
021 1149 0.0572
021 1357 0.0570
021 743 0.0569
021 1076 0.0567
021 1126 0.0566
021 991 0.0564
021 435 0.0560
021 331 0.0558
021 1430 0.0546
021 102 0.0546
021 822 0.0546
021 425 0.0535
021 942 0.0531
021 1414 0.0531
021 901 0.0529
021 1259 0.0528
021 264 0.0519
021 63 0.0519
021 1168 0.0510
021 76 0.0506
021 1214 0.0506
021 1189 0.0498
021 220 0.0498
021 185 0.0498
021 51 0.0495
021 1546 0.0488
021 795 0.0486
021 1435 0.0475
021 268 0.0469
021 369 0.0461
021 752 0.0458
021 1057 0.0451
021 1390 0.0451
021 178 0.0451
021 887 0.0450
021 690 0.0445
021 1101 0.0443
021 53 0.0436
021 1466 0.0433
021 855 0.0431
021 1454 0.0429
021 1159 0.0428
021 1378 0.0423
021 682 0.0421
021 848 0.0416
021 1136 0.0415
021 1134 0.0412
021 82 0.0411
021 948 0.0411
021 503 0.0410
021 1074 0.0409
021 275 0.0407
021 1413 0.0406
021 1129 0.0405
021 652 0.0401
021 941 0.0400
021 1342 0.0397
021 1040 0.0397
021 25 0.0396
021 986 0.0389
021 148 0.0386
021 253 0.0385
021 1056 0.0380
021 1507 0.0379
021 28 0.0378
021 1447 0.0378
021 1230 0.0375
021 1274 0.0372
021 1549 0.0369
021 811 0.0368
021 1161 0.0368
021 886 0.0368
021 413 0.0366
021 1432 0.0366
021 19 0.0364
021 1468 0.0363
021 1418 0.0363
021 488 0.0362
021 827 0.0362
021 1128 0.0361
021 1526 0.0361
021 1540 0.0361
021 1460 0.0361
021 1548 0.0359
021 89 0.0359
021 1097 0.0359
021 1436 0.0358
021 1183 0.0354
021 775 0.0353
021 1042 0.0353
021 351 0.0351
021 193 0.0348
021 471 0.0348
021 120 0.0348
021 1300 0.0347
021 1438 0.0344
021 345 0.0343
021 761 0.0340
021 1269 0.0339
021 1143 0.0338
021 353 0.0338
021 1242 0.0337
021 367 0.0337
021 1288 0.0335
021 1352 0.0333
021 1456 0.0333
021 595 0.0331
021 997 0.0329
021 350 0.0328
021 846 0.0327
021 1364 0.0326
021 532 0.0325
021 1393 0.0324
021 867 0.0319
021 768 0.0319
021 1520 0.0318
021 888 0.0317
021 1264 0.0317
021 859 0.0317
021 959 0.0315
021 866 0.0314
021 1278 0.0310
021 1572 0.0310
021 1510 0.0309
021 657 0.0308
021 818 0.0307
021 436 0.0304
021 998 0.0301
021 605 0.0300
021 1256 0.0299
021 929 0.0298
021 1469 0.0296
021 1156 0.0294
021 1488 0.0293
021 192 0.0292
021 1210 0.0291
021 1449 0.0289
021 563 0.0288
021 372 0.0288
021 549 0.0287
021 868 0.0287
021 1318 0.0286
021 1208 0.0286
021 422 0.0284
021 1533 0.0282
021 423 0.0282
021 239 0.0281
021 1023 0.0279
021 1077 0.0278
021 1335 0.0278
021 734 0.0277
021 863 0.0274
021 477 0.0273
021 1384 0.0273
021 205 0.0272
021 834 0.0272
021 1196 0.0269
021 410 0.0268
021 112 0.0268
021 1495 0.0267
021 1048 0.0266
021 673 0.0265
021 841 0.0265
021 557 0.0264
021 269 0.0263
021 1186 0.0263
021 152 0.0262
021 60 0.0262
021 1503 0.0262
021 1361 0.0261
021 1240 0.0260
021 85 0.0259
021 250 0.0257
021 288 0.0256
021 1225 0.0256
021 586 0.0255
021 412 0.0255
021 489 0.0254
021 1202 0.0254
021 93 0.0250
021 883 0.0250
021 878 0.0249
021 1499 0.0247
021 1153 0.0246
021 809 0.0246
021 1398 0.0246
021 210 0.0244
021 784 0.0243
021 1212 0.0241
021 1051 0.0240
021 1022 0.0240
021 529 0.0238
021 68 0.0238
021 653 0.0237
021 179 0.0236
021 397 0.0236
021 739 0.0235
021 805 0.0235
021 634 0.0234
021 380 0.0234
021 1219 0.0233
021 1317 0.0232
021 1476 0.0232
021 308 0.0230
021 1297 0.0228
021 154 0.0228
021 357 0.0224
021 249 0.0222
021 536 0.0222
021 831 0.0221
021 1195 0.0220
021 860 0.0220
021 597 0.0220
021 972 0.0219
021 229 0.0219
021 462 0.0218
021 721 0.0218
021 267 0.0218
021 325 0.0217
021 160 0.0217
021 1220 0.0216
021 870 0.0216
021 1372 0.0216
021 1425 0.0215
021 817 0.0215
021 677 0.0214
021 173 0.0214
021 1379 0.0214
021 347 0.0213
021 394 0.0213
021 54 0.0212
021 672 0.0212
021 801 0.0211
021 769 0.0211
021 1114 0.0211
021 920 0.0211
021 1452 0.0210
021 62 0.0210
021 491 0.0208
021 909 0.0207
021 1532 0.0206
021 919 0.0205
021 816 0.0204
021 214 0.0203
021 433 0.0203
021 44 0.0203
021 311 0.0203
021 914 0.0203
021 15 0.0202
021 1474 0.0201
021 1246 0.0200
021 799 0.0200
021 1086 0.0199
021 1199 0.0198
021 1299 0.0198
021 1328 0.0197
021 1144 0.0197
021 280 0.0197
021 1315 0.0195
021 1524 0.0195
021 746 0.0195
021 771 0.0194
021 460 0.0193
021 1459 0.0193
021 1485 0.0192
021 643 0.0191
021 839 0.0190
021 1484 0.0189
021 704 0.0188
021 1118 0.0188
021 968 0.0186
021 1376 0.0186
021 365 0.0185
021 1121 0.0183
021 1171 0.0183
021 233 0.0182
021 603 0.0182
021 937 0.0181
021 1145 0.0181
021 310 0.0180
021 1332 0.0180
021 1133 0.0180
021 715 0.0180
021 1538 0.0180
021 1158 0.0180
021 962 0.0179
021 1360 0.0179
021 911 0.0178
021 47 0.0178
021 134 0.0178
021 395 0.0178
021 936 0.0178
021 1307 0.0178
021 767 0.0177
021 703 0.0177
021 668 0.0176
021 917 0.0174
021 190 0.0173
021 101 0.0171
021 1250 0.0171
021 490 0.0170
021 648 0.0169
021 1542 0.0169
021 1064 0.0169
021 1463 0.0166
021 1368 0.0165
021 1464 0.0164
021 786 0.0164
021 281 0.0163
021 1582 0.0162
021 590 0.0161
021 990 0.0161
021 474 0.0160
021 1281 0.0160
021 564 0.0159
021 722 0.0159
021 514 0.0158
021 402 0.0158
021 821 0.0158
021 1401 0.0158
021 61 0.0156
021 125 0.0156
021 157 0.0155
021 620 0.0153
021 1228 0.0153
021 1541 0.0153
021 1150 0.0153
021 524 0.0152
021 760 0.0152
021 1260 0.0151
021 696 0.0150
021 1060 0.0150
021 224 0.0150
021 727 0.0150
021 580 0.0150
021 1198 0.0149
021 486 0.0149
021 1182 0.0149
021 1035 0.0148
021 808 0.0148
021 1512 0.0147
021 1201 0.0147
021 824 0.0147
021 1151 0.0145
021 1075 0.0145
021 1558 0.0144
021 561 0.0143
021 1065 0.0143
021 1170 0.0143
021 1092 0.0143
021 615 0.0143
021 1283 0.0141
021 183 0.0141
021 1174 0.0141
021 735 0.0140
021 362 0.0139
021 522 0.0139
021 1371 0.0137
021 505 0.0137
021 504 0.0137
021 931 0.0137
021 258 0.0137
021 759 0.0136
021 1280 0.0135
021 378 0.0135
021 714 0.0134
021 687 0.0133
021 381 0.0133
021 1527 0.0132
021 542 0.0131
021 438 0.0131
021 669 0.0131
021 81 0.0131
021 999 0.0131
021 1429 0.0131
021 252 0.0130
021 946 0.0130
021 1155 0.0130
021 940 0.0129
021 284 0.0128
021 1550 0.0128
021 582 0.0128
021 658 0.0128
021 1209 0.0127
021 316 0.0127
021 950 0.0126
021 1245 0.0126
021 640 0.0126
021 151 0.0125
021 1116 0.0125
021 1028 0.0125
021 332 0.0125
021 1433 0.0124
021 660 0.0124
021 1229 0.0122
021 671 0.0122
021 195 0.0121
021 695 0.0121
021 1472 0.0121
021 1270 0.0120
021 598 0.0120
021 588 0.0120
021 39 0.0120
021 207 0.0120
021 303 0.0119
021 324 0.0119
021 1079 0.0119
021 622 0.0119
021 609 0.0117
021 1355 0.0117
021 1537 0.0117
021 1105 0.0117
021 1141 0.0116
021 934 0.0116
021 213 0.0116
021 245 0.0116
021 1221 0.0116
021 1516 0.0116
021 1029 0.0115
021 681 0.0115
021 1506 0.0115
021 574 0.0114
021 1504 0.0113
021 963 0.0113
021 358 0.0113
021 910 0.0112
021 1295 0.0112
021 974 0.0112
021 754 0.0112
021 21 0.0111
021 318 0.0111
021 853 0.0111
021 1071 0.0111
021 537 0.0111
021 375 0.0111
021 513 0.0110
021 1406 0.0110
021 783 0.0109
021 1402 0.0109
021 954 0.0108
021 1204 0.0107
021 271 0.0107
021 1479 0.0106
021 38 0.0106
021 1545 0.0106
021 869 0.0106
021 710 0.0105
021 1453 0.0105
021 980 0.0105
021 1253 0.0104
021 1254 0.0104
021 56 0.0104
021 135 0.0103
021 928 0.0103
021 685 0.0103
021 604 0.0102
021 1525 0.0102
021 1104 0.0102
021 1206 0.0102
021 1276 0.0101
021 717 0.0101
021 117 0.0101
021 1483 0.0101
021 552 0.0101
021 8 0.0101
021 566 0.0101
021 485 0.0100
021 1513 0.0100
021 371 0.0100
021 337 0.0100
021 278 0.0099
021 1006 0.0099
021 981 0.0099
021 1020 0.0099
021 573 0.0098
021 649 0.0098
021 523 0.0098
021 1467 0.0098
021 1255 0.0098
021 453 0.0098
021 1341 0.0098
021 1566 0.0097
021 1443 0.0097
021 228 0.0097
021 932 0.0096
021 1108 0.0096
021 65 0.0096
021 283 0.0096
021 1353 0.0096
021 232 0.0096
021 1176 0.0096
021 181 0.0095
021 654 0.0095
021 1517 0.0095
021 32 0.0095
021 1193 0.0094
021 1084 0.0094
021 656 0.0094
021 938 0.0094
021 992 0.0094
021 265 0.0094
021 852 0.0094
021 773 0.0094
021 1314 0.0094
021 391 0.0093
021 1351 0.0093
021 534 0.0093
021 1275 0.0093
021 723 0.0093
021 1308 0.0093
021 745 0.0093
021 1470 0.0093
021 1273 0.0092
021 788 0.0092
021 261 0.0092
021 1058 0.0092
021 234 0.0092
021 949 0.0092
021 924 0.0092
021 1442 0.0092
021 1115 0.0092
021 736 0.0091
021 637 0.0091
021 861 0.0090
021 18 0.0090
021 1135 0.0090
021 121 0.0090
021 655 0.0089
021 1427 0.0089
021 748 0.0089
021 1152 0.0088
021 829 0.0088
021 321 0.0088
021 664 0.0088
021 465 0.0087
021 895 0.0087
021 667 0.0087
021 49 0.0087
021 1553 0.0086
021 706 0.0086
021 1036 0.0086
021 1347 0.0086
021 292 0.0086
021 370 0.0086
021 967 0.0086
021 585 0.0086
021 1576 0.0085
021 138 0.0085
021 856 0.0085
021 305 0.0085
021 832 0.0085
021 1258 0.0084
021 1492 0.0084
021 1323 0.0084
021 1138 0.0084
021 392 0.0084
021 576 0.0083
021 651 0.0083
021 625 0.0083
021 254 0.0083
021 989 0.0083
021 1106 0.0082
021 691 0.0082
021 819 0.0082
021 1081 0.0082
021 857 0.0081
021 516 0.0081
021 737 0.0081
021 602 0.0080
021 975 0.0080
021 815 0.0080
021 978 0.0080
021 1296 0.0080
021 1175 0.0080
021 726 0.0080
021 666 0.0079
021 110 0.0079
021 492 0.0079
021 1301 0.0078
021 1173 0.0078
021 421 0.0078
021 128 0.0078
021 40 0.0078
021 108 0.0078
021 359 0.0078
021 555 0.0078
021 1340 0.0077
021 630 0.0077
021 1431 0.0077
021 1309 0.0076
021 1571 0.0076
021 1547 0.0076
021 789 0.0075
021 1385 0.0075
021 842 0.0075
021 1279 0.0075
021 1383 0.0075
021 1522 0.0074
021 476 0.0074
021 1091 0.0074
021 623 0.0074
021 511 0.0074
021 1085 0.0074
021 27 0.0073
021 1358 0.0073
021 1096 0.0072
021 3 0.0072
021 389 0.0072
021 11 0.0072
021 1180 0.0072
021 1277 0.0072
021 161 0.0071
021 871 0.0071
021 1583 0.0071
021 1386 0.0070
021 898 0.0070
021 1397 0.0070
021 1262 0.0069
021 1428 0.0069
021 1047 0.0069
021 189 0.0069
021 1241 0.0068
021 906 0.0068
021 823 0.0068
021 699 0.0068
021 1098 0.0067
021 1005 0.0067
021 326 0.0067
021 1251 0.0067
021 828 0.0067
021 877 0.0067
021 1068 0.0066
021 1471 0.0066
021 1354 0.0066
021 1067 0.0066
021 9 0.0066
021 873 0.0066
021 291 0.0066
021 958 0.0066
021 616 0.0066
021 1356 0.0065
021 913 0.0064
021 850 0.0064
021 518 0.0064
021 880 0.0064
021 1534 0.0064
021 720 0.0063
021 158 0.0063
021 791 0.0063
021 33 0.0063
021 608 0.0062
021 670 0.0062
021 272 0.0062
021 550 0.0062
021 1069 0.0062
021 1119 0.0062
021 1557 0.0061
021 459 0.0061
021 6 0.0061
021 1329 0.0061
021 1190 0.0061
021 1082 0.0061
021 1003 0.0061
021 330 0.0061
021 344 0.0060
021 1049 0.0060
021 988 0.0060
021 1374 0.0060
021 744 0.0060
021 1446 0.0060
021 1570 0.0060
021 1544 0.0059
021 407 0.0059
021 777 0.0059
021 709 0.0059
021 632 0.0059
021 143 0.0058
021 1007 0.0058
021 1238 0.0058
021 1211 0.0058
021 293 0.0058
021 496 0.0058
021 355 0.0058
021 1218 0.0058
021 336 0.0058
021 1291 0.0058
021 611 0.0057
021 1581 0.0057
021 1305 0.0057
021 1026 0.0057
021 1014 0.0057
021 493 0.0056
021 1325 0.0056
021 1330 0.0056
021 558 0.0056
021 177 0.0056
021 1037 0.0056
021 1359 0.0056
021 338 0.0055
021 619 0.0055
021 242 0.0055
021 1249 0.0055
021 238 0.0055
021 969 0.0055
021 985 0.0055
021 1298 0.0055
021 515 0.0055
021 862 0.0054
021 527 0.0054
021 217 0.0054
021 1010 0.0054
021 889 0.0053
021 1399 0.0053
021 312 0.0053
021 594 0.0053
021 414 0.0053
021 1349 0.0053
021 1394 0.0053
021 1063 0.0053
021 915 0.0052
021 922 0.0052
021 1050 0.0052
021 176 0.0052
021 209 0.0052
021 390 0.0051
021 1073 0.0051
021 1044 0.0051
021 900 0.0051
021 216 0.0051
021 1248 0.0051
021 993 0.0050
021 802 0.0050
021 294 0.0050
021 912 0.0050
021 1336 0.0050
021 1019 0.0050
021 171 0.0050
021 1367 0.0050
021 738 0.0050
021 977 0.0050
021 188 0.0049
021 814 0.0049
021 1257 0.0049
021 1146 0.0049
021 24 0.0049
021 633 0.0049
021 628 0.0049
021 1569 0.0049
021 531 0.0049
021 565 0.0048
021 90 0.0048
021 674 0.0048
021 1529 0.0048
021 1268 0.0048
021 31 0.0048
021 820 0.0047
021 13 0.0047
021 83 0.0047
021 849 0.0047
021 951 0.0047
021 629 0.0047
021 1395 0.0047
021 70 0.0047
021 1216 0.0046
021 1382 0.0046
021 251 0.0046
021 124 0.0046
021 876 0.0045
021 361 0.0045
021 782 0.0045
021 235 0.0045
021 131 0.0045
021 172 0.0045
021 494 0.0045
021 1087 0.0045
021 1090 0.0044
021 74 0.0044
021 457 0.0044
021 1310 0.0044
021 94 0.0044
021 7 0.0044
021 606 0.0044
021 589 0.0043
021 225 0.0043
021 1543 0.0043
021 772 0.0043
021 837 0.0043
021 578 0.0043
021 521 0.0043
021 952 0.0043
021 444 0.0043
021 894 0.0043
021 1420 0.0042
021 1439 0.0042
021 1113 0.0042
021 182 0.0042
021 645 0.0042
021 896 0.0042
021 984 0.0042
021 1324 0.0042
021 445 0.0042
021 387 0.0041
021 694 0.0041
021 724 0.0041
021 384 0.0041
021 966 0.0041
021 1416 0.0041
021 1434 0.0040
021 1000 0.0040
021 346 0.0040
021 1477 0.0040
021 930 0.0040
021 617 0.0040
021 1369 0.0040
021 497 0.0040
021 1391 0.0040
021 1030 0.0040
021 1419 0.0040
021 939 0.0040
021 327 0.0040
021 1502 0.0040
021 1125 0.0039
021 1422 0.0039
021 525 0.0039
021 583 0.0039
021 341 0.0039
021 164 0.0039
021 1370 0.0038
021 1441 0.0038
021 329 0.0038
021 1326 0.0038
021 613 0.0038
021 1083 0.0038
021 399 0.0038
021 334 0.0038
021 456 0.0037
021 614 0.0037
021 1505 0.0037
021 1185 0.0037
021 379 0.0037
021 446 0.0037
021 1461 0.0037
021 35 0.0037
021 115 0.0037
021 559 0.0036
021 1480 0.0036
021 600 0.0036
021 406 0.0036
021 732 0.0036
021 43 0.0036
021 903 0.0036
021 215 0.0036
021 467 0.0036
021 302 0.0035
021 1017 0.0035
021 741 0.0035
021 479 0.0035
021 700 0.0034
021 1236 0.0034
021 635 0.0034
021 259 0.0034
021 222 0.0034
021 142 0.0034
021 701 0.0034
021 449 0.0033
021 1554 0.0033
021 636 0.0033
021 541 0.0033
021 719 0.0033
021 100 0.0033
021 1392 0.0033
021 218 0.0033
021 29 0.0033
021 1034 0.0033
021 163 0.0033
021 1496 0.0032
021 223 0.0032
021 1489 0.0032
021 1407 0.0032
021 872 0.0032
021 806 0.0032
021 14 0.0032
021 1178 0.0032
021 71 0.0032
021 528 0.0032
021 137 0.0032
021 180 0.0032
021 1055 0.0032
021 835 0.0032
021 363 0.0031
021 50 0.0031
021 1235 0.0031
021 733 0.0031
021 793 0.0031
021 1511 0.0031
021 1377 0.0031
021 845 0.0030
021 126 0.0030
021 509 0.0030
021 22 0.0030
021 1521 0.0030
021 296 0.0030
021 473 0.0030
021 510 0.0030
021 439 0.0030
021 592 0.0029
021 663 0.0029
021 145 0.0029
021 475 0.0029
021 905 0.0029
021 348 0.0029
021 122 0.0029
021 468 0.0029
021 921 0.0029
021 150 0.0029
021 982 0.0029
021 1120 0.0029
021 4 0.0029
021 300 0.0029
021 1142 0.0029
021 73 0.0028
021 262 0.0028
021 106 0.0028
021 1515 0.0028
021 538 0.0028
021 803 0.0028
021 1333 0.0028
021 184 0.0028
021 995 0.0028
021 1365 0.0028
021 1053 0.0028
021 221 0.0027
021 916 0.0027
021 1574 0.0027
021 1426 0.0027
021 166 0.0027
021 763 0.0027
021 683 0.0027
021 440 0.0027
021 740 0.0027
021 342 0.0027
021 774 0.0027
021 20 0.0026
021 1455 0.0026
021 349 0.0026
021 34 0.0026
021 383 0.0026
021 893 0.0026
021 339 0.0026
021 1287 0.0026
021 12 0.0026
021 947 0.0026
021 196 0.0026
021 149 0.0026
021 377 0.0026
021 257 0.0025
021 659 0.0025
021 418 0.0025
021 141 0.0025
021 1112 0.0025
021 729 0.0025
021 17 0.0025
021 368 0.0024
021 1290 0.0024
021 322 0.0024
021 374 0.0024
021 244 0.0024
021 487 0.0024
021 441 0.0024
021 798 0.0024
021 705 0.0024
021 1457 0.0024
021 650 0.0024
021 1122 0.0024
021 144 0.0024
021 713 0.0024
021 201 0.0024
021 162 0.0024
021 1054 0.0024
021 333 0.0024
021 87 0.0023
021 1289 0.0023
021 97 0.0023
021 129 0.0023
021 1140 0.0023
021 1556 0.0023
021 1579 0.0023
021 48 0.0023
021 165 0.0023
021 1227 0.0023
021 945 0.0023
021 86 0.0023
021 52 0.0023
021 935 0.0022
021 508 0.0022
021 1095 0.0022
021 1473 0.0022
021 335 0.0022
021 836 0.0022
021 1339 0.0022
021 450 0.0022
021 1008 0.0022
021 519 0.0022
021 26 0.0022
021 304 0.0021
021 918 0.0021
021 136 0.0021
021 186 0.0021
021 424 0.0021
021 1263 0.0021
021 751 0.0021
021 1107 0.0021
021 1172 0.0021
021 1032 0.0021
021 540 0.0021
021 813 0.0020
021 1066 0.0020
021 790 0.0020
021 830 0.0020
021 466 0.0020
021 553 0.0020
021 243 0.0020
021 572 0.0020
021 1562 0.0020
021 498 0.0019
021 702 0.0019
021 1099 0.0019
021 593 0.0019
021 567 0.0019
021 891 0.0018
021 1528 0.0018
021 765 0.0018
021 925 0.0018
021 98 0.0018
021 994 0.0018
021 75 0.0018
021 612 0.0017
021 882 0.0017
021 46 0.0017
021 1487 0.0017
021 77 0.0017
021 1501 0.0016
021 99 0.0016
021 91 0.0016
021 1302 0.0016
021 1272 0.0015
021 1381 0.0015
021 1045 0.0015
021 5 0.0015
021 1410 0.0015
021 1205 0.0014
021 1061 0.0014
021 266 0.0013
021 520 0.0012
021 1465 0.0012
021 749 0.0012
021 707 0.0012
021 240 0.0011
021 1486 0.0010
021 1111 0.0009
021 1444 0.0008
022 1204 0.3841
022 714 0.3296
022 1251 0.2805
022 1263 0.2523
022 976 0.1993
022 1336 0.1855
022 1325 0.1753
022 1335 0.1721
022 1440 0.1209
022 1442 0.1054
022 636 0.1039
022 997 0.0981
022 434 0.0951
022 1252 0.0892
022 145 0.0881
022 751 0.0865
022 1552 0.0848
022 1505 0.0834
022 761 0.0826
022 1253 0.0813
022 1307 0.0812
022 508 0.0734
022 98 0.0725
022 805 0.0725
022 862 0.0694
022 1037 0.0688
022 1153 0.0686
022 233 0.0682
022 58 0.0679
022 663 0.0646
022 383 0.0614
022 902 0.0611
022 27 0.0603
022 1370 0.0595
022 621 0.0592
022 650 0.0585
022 1554 0.0549
022 88 0.0543
022 196 0.0532
022 934 0.0531
022 922 0.0522
022 285 0.0521
022 570 0.0514
022 1155 0.0510
022 1266 0.0508
022 763 0.0503
022 722 0.0490
022 234 0.0480
022 206 0.0480
022 974 0.0479
022 945 0.0478
022 300 0.0470
022 1355 0.0464
022 969 0.0460
022 718 0.0457
022 1124 0.0455
022 213 0.0445
022 392 0.0445
022 1385 0.0443
022 75 0.0431
022 165 0.0430
022 346 0.0427
022 999 0.0423
022 1007 0.0422
022 589 0.0419
022 915 0.0408
022 360 0.0404
022 469 0.0401
022 1535 0.0398
022 784 0.0397
022 330 0.0392
022 251 0.0387
022 1225 0.0385
022 711 0.0380
022 217 0.0378
022 533 0.0378
022 1349 0.0377
022 867 0.0374
022 1576 0.0370
022 1214 0.0369
022 1157 0.0368
022 830 0.0366
022 1236 0.0365
022 1144 0.0358
022 760 0.0358
022 1575 0.0357
022 181 0.0356
022 682 0.0355
022 369 0.0352
022 1232 0.0350
022 518 0.0349
022 1534 0.0347
022 163 0.0347
022 695 0.0346
022 1572 0.0341
022 528 0.0338
022 1103 0.0333
022 66 0.0328
022 54 0.0324
022 37 0.0320
022 664 0.0318
022 773 0.0316
022 439 0.0314
022 1460 0.0312
022 331 0.0312
022 417 0.0312
022 428 0.0311
022 567 0.0307
022 514 0.0307
022 1583 0.0307
022 154 0.0307
022 1012 0.0307
022 73 0.0302
022 184 0.0296
022 1169 0.0292
022 40 0.0291
022 707 0.0289
022 1284 0.0288
022 933 0.0285
022 880 0.0283
022 358 0.0277
022 639 0.0273
022 337 0.0270
022 951 0.0269
022 1401 0.0268
022 642 0.0267
022 1222 0.0266
022 128 0.0265
022 658 0.0265
022 662 0.0262
022 637 0.0258
022 427 0.0255
022 162 0.0251
022 790 0.0251
022 1469 0.0249
022 515 0.0249
022 944 0.0248
022 960 0.0245
022 702 0.0245
022 155 0.0242
022 69 0.0241
022 584 0.0240
022 536 0.0239
022 1206 0.0239
022 1160 0.0239
022 1150 0.0238
022 1138 0.0238
022 1119 0.0238
022 1515 0.0236
022 737 0.0233
022 801 0.0233
022 1187 0.0232
022 1299 0.0229
022 1044 0.0227
022 547 0.0224
022 160 0.0218
022 828 0.0217
022 367 0.0216
022 1314 0.0214
022 1146 0.0212
022 261 0.0209
022 1500 0.0208
022 775 0.0206
022 793 0.0199
022 1516 0.0199
022 732 0.0197
022 941 0.0196
022 1140 0.0195
022 172 0.0193
022 750 0.0193
022 1512 0.0192
022 481 0.0189
022 496 0.0188
022 822 0.0187
022 1549 0.0182
022 1458 0.0180
022 1348 0.0178
022 273 0.0178
022 1075 0.0178
022 1271 0.0177
022 904 0.0177
022 77 0.0176
022 870 0.0176
022 806 0.0175
022 336 0.0173
022 1066 0.0171
022 1210 0.0170
022 517 0.0170
022 164 0.0168
022 888 0.0168
022 1135 0.0166
022 1386 0.0165
022 329 0.0165
022 723 0.0165
022 661 0.0164
022 565 0.0162
022 220 0.0160
022 857 0.0159
022 402 0.0159
022 1246 0.0158
022 1174 0.0155
022 39 0.0154
022 654 0.0153
022 41 0.0149
022 843 0.0149
022 216 0.0146
022 1237 0.0146
022 259 0.0145
022 690 0.0143
022 563 0.0142
022 335 0.0142
022 836 0.0142
022 1379 0.0141
022 795 0.0140
022 1136 0.0140
022 872 0.0140
022 114 0.0138
022 1191 0.0137
022 587 0.0136
022 641 0.0136
022 195 0.0135
022 907 0.0135
022 810 0.0134
022 734 0.0133
022 506 0.0133
022 61 0.0131
022 738 0.0131
022 973 0.0130
022 1034 0.0130
022 1317 0.0130
022 970 0.0129
022 831 0.0129
022 619 0.0128
022 1330 0.0127
022 1162 0.0126
022 1465 0.0126
022 1272 0.0126
022 1022 0.0125
022 677 0.0125
022 1471 0.0125
022 769 0.0123
022 878 0.0123
022 1056 0.0122
022 1319 0.0122
022 1357 0.0122
022 1446 0.0122
022 1318 0.0120
022 1040 0.0120
022 919 0.0119
022 107 0.0119
022 1212 0.0119
022 1038 0.0119
022 214 0.0119
022 1114 0.0118
022 1405 0.0115
022 1436 0.0115
022 78 0.0115
022 1328 0.0115
022 599 0.0115
022 372 0.0114
022 460 0.0113
022 914 0.0113
022 860 0.0112
022 672 0.0112
022 1274 0.0112
022 977 0.0112
022 628 0.0110
022 491 0.0110
022 1344 0.0109
022 1540 0.0109
022 699 0.0109
022 897 0.0109
022 25 0.0108
022 768 0.0108
022 321 0.0107
022 266 0.0106
022 1495 0.0106
022 1430 0.0106
022 1145 0.0105
022 67 0.0105
022 1518 0.0105
022 1360 0.0104
022 17 0.0104
022 859 0.0104
022 47 0.0104
022 1509 0.0103
022 441 0.0103
022 811 0.0103
022 1219 0.0102
022 44 0.0102
022 705 0.0102
022 554 0.0102
022 362 0.0102
022 255 0.0102
022 510 0.0102
022 483 0.0100
022 812 0.0100
022 108 0.0100
022 1121 0.0099
022 208 0.0099
022 1376 0.0099
022 920 0.0098
022 1578 0.0098
022 1329 0.0098
022 1101 0.0097
022 953 0.0096
022 1093 0.0096
022 585 0.0095
022 1350 0.0095
022 990 0.0094
022 743 0.0094
022 1281 0.0093
022 1456 0.0093
022 529 0.0093
022 821 0.0092
022 1564 0.0090
022 1474 0.0090
022 868 0.0090
022 1368 0.0089
022 394 0.0089
022 1051 0.0089
022 962 0.0088
022 492 0.0088
022 987 0.0087
022 1464 0.0087
022 472 0.0087
022 1035 0.0086
022 205 0.0086
022 575 0.0084
022 243 0.0084
022 489 0.0083
022 1259 0.0083
022 911 0.0083
022 818 0.0083
022 390 0.0083
022 559 0.0083
022 1046 0.0082
022 258 0.0082
022 215 0.0081
022 1372 0.0080
022 505 0.0080
022 1503 0.0079
022 378 0.0079
022 381 0.0078
022 1143 0.0077
022 1023 0.0077
022 1546 0.0077
022 1527 0.0077
022 1384 0.0076
022 1198 0.0076
022 894 0.0075
022 994 0.0075
022 1076 0.0075
022 956 0.0075
022 1280 0.0074
022 1209 0.0074
022 887 0.0074
022 269 0.0074
022 1245 0.0074
022 1541 0.0071
022 991 0.0071
022 347 0.0070
022 1129 0.0070
022 324 0.0069
022 586 0.0069
022 422 0.0069
022 1537 0.0068
022 1105 0.0068
022 687 0.0068
022 157 0.0068
022 1454 0.0068
022 787 0.0067
022 405 0.0067
022 963 0.0066
022 63 0.0066
022 351 0.0066
022 1295 0.0065
022 1077 0.0065
022 1381 0.0065
022 1074 0.0065
022 252 0.0064
022 106 0.0064
022 513 0.0064
022 611 0.0064
022 1402 0.0063
022 660 0.0063
022 727 0.0063
022 1134 0.0063
022 1484 0.0062
022 1410 0.0062
022 1548 0.0062
022 1545 0.0062
022 1141 0.0062
022 588 0.0061
022 81 0.0061
022 1312 0.0061
022 622 0.0061
022 1254 0.0061
022 609 0.0060
022 1447 0.0060
022 910 0.0060
022 783 0.0059
022 717 0.0059
022 15 0.0059
022 1332 0.0058
022 1429 0.0057
022 523 0.0057
022 453 0.0057
022 532 0.0057
022 437 0.0057
022 1566 0.0056
022 228 0.0056
022 1413 0.0056
022 32 0.0055
022 1182 0.0055
022 1533 0.0055
022 1463 0.0054
022 534 0.0054
022 745 0.0054
022 937 0.0053
022 1256 0.0052
022 1427 0.0052
022 748 0.0052
022 668 0.0051
022 1152 0.0051
022 1393 0.0051
022 1156 0.0051
022 1553 0.0050
022 101 0.0050
022 1079 0.0050
022 412 0.0050
022 1260 0.0049
022 1258 0.0049
022 603 0.0049
022 1221 0.0048
022 254 0.0048
022 685 0.0048
022 28 0.0048
022 604 0.0048
022 691 0.0048
022 917 0.0047
022 410 0.0047
022 924 0.0047
022 602 0.0047
022 598 0.0047
022 1240 0.0046
022 564 0.0046
022 110 0.0046
022 1173 0.0046
022 1199 0.0045
022 1340 0.0045
022 630 0.0045
022 408 0.0045
022 1517 0.0044
022 1547 0.0044
022 1164 0.0044
022 1507 0.0044
022 1425 0.0044
022 1279 0.0044
022 486 0.0043
022 476 0.0043
022 1085 0.0043
022 1151 0.0042
022 1277 0.0042
022 561 0.0042
022 1065 0.0042
022 615 0.0042
022 871 0.0041
022 696 0.0041
022 815 0.0041
022 666 0.0041
022 928 0.0040
022 1047 0.0040
022 671 0.0040
022 931 0.0040
022 823 0.0040
022 1468 0.0040
022 1005 0.0039
022 326 0.0039
022 877 0.0039
022 1067 0.0039
022 1058 0.0038
022 1539 0.0038
022 420 0.0038
022 438 0.0038
022 736 0.0038
022 1524 0.0038
022 946 0.0038
022 1220 0.0038
022 1203 0.0038
022 940 0.0038
022 975 0.0038
022 913 0.0038
022 850 0.0037
022 328 0.0037
022 582 0.0037
022 1175 0.0037
022 1371 0.0037
022 950 0.0037
022 158 0.0037
022 1520 0.0037
022 62 0.0037
022 640 0.0037
022 151 0.0037
022 706 0.0036
022 1003 0.0035
022 152 0.0035
022 207 0.0035
022 998 0.0035
022 1570 0.0035
022 303 0.0035
022 1118 0.0035
022 929 0.0034
022 777 0.0034
022 511 0.0034
022 746 0.0034
022 1211 0.0034
022 1218 0.0034
022 187 0.0034
022 681 0.0033
022 1506 0.0033
022 967 0.0033
022 839 0.0033
022 726 0.0033
022 1305 0.0033
022 574 0.0033
022 1014 0.0033
022 866 0.0033
022 829 0.0033
022 210 0.0033
022 308 0.0032
022 318 0.0032
022 1359 0.0032
022 651 0.0032
022 1262 0.0032
022 178 0.0032
022 1431 0.0032
022 1406 0.0032
022 1571 0.0032
022 1536 0.0032
022 954 0.0032
022 271 0.0031
022 1010 0.0031
022 889 0.0031
022 1343 0.0031
022 38 0.0031
022 869 0.0031
022 594 0.0031
022 846 0.0031
022 291 0.0031
022 710 0.0031
022 883 0.0030
022 853 0.0030
022 1073 0.0030
022 648 0.0030
022 1104 0.0030
022 791 0.0029
022 752 0.0029
022 117 0.0029
022 993 0.0029
022 552 0.0029
022 8 0.0029
022 959 0.0029
022 1019 0.0029
022 371 0.0029
022 278 0.0029
022 1069 0.0029
022 1557 0.0029
022 814 0.0029
022 1257 0.0029
022 1475 0.0029
022 1467 0.0029
022 1341 0.0028
022 1443 0.0028
022 932 0.0028
022 1108 0.0028
022 65 0.0028
022 1529 0.0028
022 1168 0.0028
022 232 0.0028
022 936 0.0028
022 1159 0.0028
022 938 0.0028
022 992 0.0027
022 265 0.0027
022 1483 0.0027
022 1308 0.0027
022 1273 0.0027
022 788 0.0027
022 949 0.0027
022 1115 0.0027
022 504 0.0027
022 524 0.0027
022 876 0.0027
022 782 0.0026
022 235 0.0026
022 1060 0.0026
022 861 0.0026
022 18 0.0026
022 121 0.0026
022 655 0.0026
022 1418 0.0026
022 1087 0.0026
022 652 0.0026
022 457 0.0026
022 824 0.0026
022 1128 0.0026
022 465 0.0025
022 638 0.0025
022 527 0.0025
022 667 0.0025
022 49 0.0025
022 1036 0.0025
022 370 0.0025
022 952 0.0025
022 856 0.0025
022 305 0.0025
022 832 0.0025
022 182 0.0025
022 299 0.0024
022 282 0.0024
022 1324 0.0024
022 435 0.0024
022 576 0.0024
022 739 0.0024
022 625 0.0024
022 989 0.0024
022 125 0.0024
022 289 0.0024
022 694 0.0024
022 819 0.0024
022 384 0.0024
022 1229 0.0024
022 1223 0.0024
022 886 0.0024
022 516 0.0024
022 413 0.0024
022 617 0.0023
022 1048 0.0023
022 978 0.0023
022 1391 0.0023
022 1296 0.0023
022 972 0.0023
022 1502 0.0023
022 525 0.0023
022 421 0.0023
022 1298 0.0023
022 341 0.0023
022 359 0.0023
022 471 0.0022
022 1309 0.0022
022 827 0.0022
022 1538 0.0022
022 1083 0.0022
022 842 0.0022
022 614 0.0022
022 1383 0.0022
022 1433 0.0022
022 1338 0.0022
022 379 0.0022
022 1522 0.0022
022 482 0.0022
022 1091 0.0021
022 623 0.0021
022 112 0.0021
022 380 0.0021
022 1358 0.0021
022 786 0.0021
022 1096 0.0021
022 11 0.0021
022 19 0.0021
022 903 0.0021
022 161 0.0021
022 1090 0.0021
022 280 0.0021
022 620 0.0021
022 741 0.0020
022 452 0.0020
022 1428 0.0020
022 521 0.0020
022 1241 0.0020
022 848 0.0020
022 906 0.0020
022 462 0.0020
022 704 0.0020
022 896 0.0020
022 485 0.0019
022 1068 0.0019
022 1354 0.0019
022 9 0.0019
022 100 0.0019
022 958 0.0019
022 268 0.0019
022 310 0.0019
022 1489 0.0019
022 1356 0.0019
022 350 0.0019
022 1369 0.0019
022 71 0.0019
022 720 0.0018
022 980 0.0018
022 1057 0.0018
022 33 0.0018
022 670 0.0018
022 272 0.0018
022 454 0.0018
022 550 0.0018
022 1414 0.0018
022 173 0.0018
022 459 0.0018
022 1235 0.0018
022 1525 0.0018
022 1511 0.0018
022 6 0.0018
022 1276 0.0018
022 845 0.0018
022 1082 0.0018
022 613 0.0018
022 344 0.0018
022 1521 0.0018
022 988 0.0018
022 1374 0.0018
022 744 0.0018
022 1342 0.0018
022 1006 0.0017
022 1544 0.0017
022 1020 0.0017
022 407 0.0017
022 709 0.0017
022 1255 0.0017
022 632 0.0017
022 673 0.0017
022 1238 0.0017
022 293 0.0017
022 355 0.0017
022 1361 0.0017
022 1291 0.0017
022 1176 0.0017
022 1459 0.0017
022 503 0.0017
022 982 0.0017
022 1142 0.0017
022 1581 0.0017
022 1026 0.0017
022 493 0.0016
022 580 0.0016
022 177 0.0016
022 338 0.0016
022 242 0.0016
022 1224 0.0016
022 1053 0.0016
022 1249 0.0016
022 238 0.0016
022 985 0.0016
022 942 0.0016
022 1426 0.0016
022 634 0.0016
022 1399 0.0016
022 312 0.0016
022 414 0.0015
022 1183 0.0015
022 1063 0.0015
022 653 0.0015
022 179 0.0015
022 893 0.0015
022 1163 0.0015
022 1050 0.0015
022 176 0.0015
022 209 0.0015
022 1195 0.0015
022 53 0.0015
022 900 0.0015
022 659 0.0015
022 1248 0.0015
022 802 0.0015
022 294 0.0015
022 912 0.0015
022 171 0.0015
022 1367 0.0015
022 188 0.0014
022 557 0.0014
022 24 0.0014
022 633 0.0014
022 1569 0.0014
022 531 0.0014
022 597 0.0014
022 90 0.0014
022 674 0.0014
022 1268 0.0014
022 590 0.0014
022 31 0.0014
022 669 0.0014
022 1301 0.0014
022 820 0.0014
022 89 0.0014
022 13 0.0014
022 83 0.0014
022 849 0.0014
022 629 0.0014
022 1395 0.0014
022 70 0.0014
022 1216 0.0014
022 1556 0.0014
022 415 0.0014
022 1382 0.0013
022 124 0.0013
022 361 0.0013
022 131 0.0013
022 494 0.0013
022 863 0.0013
022 74 0.0013
022 799 0.0013
022 1310 0.0013
022 94 0.0013
022 7 0.0013
022 606 0.0013
022 225 0.0013
022 1278 0.0013
022 1543 0.0013
022 772 0.0013
022 837 0.0013
022 1449 0.0013
022 578 0.0013
022 444 0.0012
022 1420 0.0012
022 424 0.0012
022 1439 0.0012
022 1113 0.0012
022 645 0.0012
022 984 0.0012
022 445 0.0012
022 387 0.0012
022 657 0.0012
022 724 0.0012
022 966 0.0012
022 1416 0.0012
022 1126 0.0012
022 754 0.0012
022 21 0.0012
022 1000 0.0012
022 1477 0.0012
022 930 0.0012
022 497 0.0012
022 1030 0.0012
022 1419 0.0012
022 939 0.0012
022 327 0.0012
022 1125 0.0012
022 423 0.0012
022 490 0.0012
022 1422 0.0011
022 239 0.0011
022 264 0.0011
022 583 0.0011
022 1479 0.0011
022 1441 0.0011
022 1099 0.0011
022 82 0.0011
022 1326 0.0011
022 399 0.0011
022 334 0.0011
022 1270 0.0011
022 456 0.0011
022 1185 0.0011
022 446 0.0011
022 1461 0.0011
022 35 0.0011
022 115 0.0011
022 1480 0.0011
022 600 0.0011
022 406 0.0011
022 1072 0.0011
022 43 0.0010
022 477 0.0010
022 467 0.0010
022 302 0.0010
022 1017 0.0010
022 767 0.0010
022 479 0.0010
022 700 0.0010
022 635 0.0010
022 1193 0.0010
022 656 0.0010
022 222 0.0010
022 250 0.0010
022 142 0.0010
022 701 0.0010
022 449 0.0010
022 3 0.0010
022 541 0.0010
022 719 0.0010
022 1392 0.0010
022 218 0.0010
022 29 0.0010
022 1466 0.0010
022 1496 0.0009
022 223 0.0009
022 1407 0.0009
022 14 0.0009
022 1178 0.0009
022 1302 0.0009
022 137 0.0009
022 180 0.0009
022 1055 0.0009
022 835 0.0009
022 1086 0.0009
022 901 0.0009
022 363 0.0009
022 1421 0.0009
022 50 0.0009
022 345 0.0009
022 522 0.0009
022 733 0.0009
022 1377 0.0009
022 126 0.0009
022 509 0.0009
022 22 0.0009
022 1294 0.0009
022 296 0.0009
022 473 0.0009
022 592 0.0009
022 986 0.0009
022 475 0.0009
022 905 0.0008
022 348 0.0008
022 122 0.0008
022 468 0.0008
022 921 0.0008
022 150 0.0008
022 1120 0.0008
022 267 0.0008
022 4 0.0008
022 262 0.0008
022 538 0.0008
022 803 0.0008
022 1333 0.0008
022 995 0.0008
022 1365 0.0008
022 1432 0.0008
022 221 0.0008
022 916 0.0008
022 1574 0.0008
022 166 0.0008
022 1526 0.0008
022 229 0.0008
022 683 0.0008
022 440 0.0008
022 1230 0.0008
022 740 0.0008
022 342 0.0008
022 774 0.0008
022 20 0.0008
022 1455 0.0008
022 349 0.0008
022 34 0.0008
022 120 0.0008
022 339 0.0008
022 771 0.0008
022 1287 0.0008
022 12 0.0008
022 947 0.0008
022 149 0.0008
022 377 0.0007
022 257 0.0007
022 418 0.0007
022 430 0.0007
022 595 0.0007
022 141 0.0007
022 1112 0.0007
022 729 0.0007
022 537 0.0007
022 368 0.0007
022 1290 0.0007
022 322 0.0007
022 374 0.0007
022 244 0.0007
022 487 0.0007
022 798 0.0007
022 1171 0.0007
022 1457 0.0007
022 1264 0.0007
022 1122 0.0007
022 144 0.0007
022 713 0.0007
022 201 0.0007
022 715 0.0007
022 1054 0.0007
022 333 0.0007
022 87 0.0007
022 1289 0.0007
022 97 0.0007
022 129 0.0007
022 1579 0.0007
022 48 0.0007
022 436 0.0007
022 1227 0.0007
022 86 0.0007
022 190 0.0007
022 52 0.0007
022 935 0.0007
022 1499 0.0006
022 1095 0.0006
022 1202 0.0006
022 1473 0.0006
022 1339 0.0006
022 450 0.0006
022 573 0.0006
022 1008 0.0006
022 519 0.0006
022 26 0.0006
022 304 0.0006
022 918 0.0006
022 136 0.0006
022 186 0.0006
022 1107 0.0006
022 1084 0.0006
022 1172 0.0006
022 1032 0.0006
022 540 0.0006
022 1275 0.0006
022 813 0.0006
022 1196 0.0006
022 466 0.0006
022 553 0.0006
022 572 0.0006
022 1562 0.0006
022 498 0.0006
022 593 0.0006
022 891 0.0005
022 1510 0.0005
022 1528 0.0005
022 765 0.0005
022 925 0.0005
022 1390 0.0005
022 612 0.0005
022 882 0.0005
022 230 0.0005
022 249 0.0005
022 46 0.0005
022 1487 0.0005
022 1501 0.0005
022 99 0.0005
022 91 0.0005
022 909 0.0005
022 1116 0.0005
022 1045 0.0004
022 253 0.0004
022 5 0.0004
022 1205 0.0004
022 549 0.0004
022 1061 0.0004
022 1158 0.0004
022 395 0.0004
022 1288 0.0004
022 1542 0.0004
022 520 0.0004
022 1470 0.0004
022 749 0.0003
022 895 0.0003
022 240 0.0003
022 1486 0.0003
022 1111 0.0003
022 1444 0.0002
023 1326 0.4880
023 917 0.4680
023 737 0.3999
023 1131 0.3924
023 34 0.3361
023 1534 0.3140
023 905 0.2805
023 770 0.2766
023 1436 0.2765
023 410 0.2666
023 883 0.2529
023 1023 0.2372
023 1523 0.2358
023 1471 0.2332
023 393 0.2294
023 1140 0.2249
023 1210 0.2186
023 1152 0.2180
023 518 0.2150
023 1508 0.2141
023 1473 0.2116
023 1521 0.2063
023 1032 0.2009
023 1097 0.1939
023 238 0.1848
023 1344 0.1796
023 501 0.1722
023 1360 0.1689
023 1337 0.1671
023 1170 0.1670
023 1270 0.1658
023 814 0.1629
023 1122 0.1548
023 1495 0.1524
023 1178 0.1477
023 839 0.1473
023 980 0.1435
023 978 0.1420
023 775 0.1415
023 761 0.1392
023 464 0.1392
023 1000 0.1384
023 745 0.1381
023 76 0.1367
023 1138 0.1349
023 852 0.1343
023 173 0.1297
023 599 0.1289
023 489 0.1267
023 999 0.1259
023 1549 0.1252
023 1243 0.1248
023 1230 0.1242
023 1458 0.1234
023 1412 0.1231
023 840 0.1226
023 1010 0.1186
023 1226 0.1156
023 888 0.1155
023 1356 0.1151
023 452 0.1144
023 786 0.1136
023 1022 0.1135
023 1035 0.1130
023 1323 0.1128
023 1162 0.1125
023 948 0.1110
023 679 0.1095
023 1190 0.1086
023 138 0.1066
023 941 0.1060
023 1274 0.1052
023 200 0.1046
023 197 0.1017
023 1192 0.1012
023 1280 0.1005
023 1021 0.1004
023 412 0.1004
023 1396 0.0983
023 796 0.0983
023 1349 0.0979
023 563 0.0979
023 1209 0.0971
023 208 0.0964
023 1136 0.0964
023 1400 0.0961
023 73 0.0953
023 229 0.0953
023 1375 0.0949
023 224 0.0939
023 907 0.0930
023 861 0.0926
023 916 0.0922
023 810 0.0920
023 734 0.0914
023 1252 0.0914
023 1517 0.0899
023 802 0.0897
023 973 0.0897
023 426 0.0896
023 741 0.0896
023 1317 0.0890
023 1182 0.0888
023 1051 0.0885
023 831 0.0884
023 1386 0.0876
023 1340 0.0872
023 1509 0.0868
023 1099 0.0867
023 729 0.0866
023 668 0.0859
023 1461 0.0858
023 677 0.0858
023 627 0.0855
023 795 0.0854
023 1143 0.0852
023 1268 0.0852
023 1012 0.0849
023 801 0.0847
023 769 0.0845
023 878 0.0844
023 1319 0.0838
023 1357 0.0836
023 1318 0.0827
023 1040 0.0822
023 919 0.0820
023 1212 0.0819
023 824 0.0817
023 1014 0.0816
023 214 0.0815
023 1403 0.0806
023 284 0.0803
023 637 0.0802
023 72 0.0792
023 1328 0.0791
023 1511 0.0787
023 1018 0.0787
023 372 0.0787
023 378 0.0784
023 1498 0.0783
023 460 0.0775
023 230 0.0775
023 914 0.0774
023 860 0.0773
023 1460 0.0773
023 672 0.0772
023 48 0.0770
023 836 0.0768
023 1160 0.0766
023 1299 0.0762
023 1378 0.0762
023 491 0.0757
023 1537 0.0752
023 927 0.0747
023 1540 0.0747
023 25 0.0742
023 768 0.0741
023 155 0.0740
023 525 0.0729
023 1430 0.0725
023 1145 0.0724
023 351 0.0724
023 425 0.0722
023 1518 0.0721
023 813 0.0719
023 754 0.0718
023 790 0.0717
023 859 0.0715
023 47 0.0714
023 1074 0.0713
023 1364 0.0709
023 1144 0.0708
023 1219 0.0703
023 255 0.0699
023 1083 0.0698
023 375 0.0694
023 1300 0.0693
023 1546 0.0690
023 1514 0.0690
023 868 0.0690
023 483 0.0688
023 862 0.0682
023 1121 0.0682
023 1376 0.0679
023 854 0.0677
023 920 0.0676
023 121 0.0676
023 1405 0.0673
023 1100 0.0673
023 1101 0.0668
023 1254 0.0668
023 953 0.0663
023 711 0.0660
023 1394 0.0658
023 695 0.0656
023 1258 0.0644
023 1576 0.0643
023 990 0.0643
023 743 0.0643
023 1239 0.0641
023 174 0.0641
023 1180 0.0641
023 447 0.0640
023 1281 0.0640
023 529 0.0638
023 1548 0.0636
023 433 0.0636
023 821 0.0632
023 902 0.0627
023 787 0.0627
023 438 0.0626
023 669 0.0618
023 1564 0.0618
023 1474 0.0616
023 88 0.0615
023 1368 0.0613
023 394 0.0611
023 1267 0.0610
023 1308 0.0606
023 140 0.0605
023 1175 0.0605
023 124 0.0603
023 925 0.0600
023 1531 0.0598
023 1464 0.0598
023 1398 0.0598
023 472 0.0596
023 402 0.0596
023 205 0.0588
023 870 0.0584
023 575 0.0580
023 1075 0.0579
023 1259 0.0573
023 911 0.0573
023 715 0.0570
023 818 0.0569
023 1269 0.0566
023 1247 0.0565
023 1174 0.0565
023 721 0.0558
023 288 0.0558
023 134 0.0558
023 1487 0.0556
023 692 0.0553
023 1372 0.0551
023 505 0.0550
023 1277 0.0548
023 52 0.0546
023 1260 0.0545
023 1503 0.0542
023 665 0.0540
023 1240 0.0538
023 381 0.0533
023 1527 0.0530
023 335 0.0527
023 1492 0.0527
023 1384 0.0525
023 1198 0.0522
023 143 0.0521
023 327 0.0519
023 657 0.0518
023 848 0.0516
023 1076 0.0515
023 524 0.0515
023 956 0.0514
023 1060 0.0509
023 887 0.0507
023 942 0.0506
023 269 0.0506
023 1245 0.0506
023 1320 0.0494
023 1401 0.0493
023 1282 0.0492
023 241 0.0491
023 1541 0.0491
023 991 0.0491
023 1410 0.0490
023 714 0.0490
023 179 0.0483
023 347 0.0482
023 1129 0.0480
023 1092 0.0477
023 324 0.0477
023 1057 0.0476
023 437 0.0476
023 586 0.0473
023 422 0.0472
023 789 0.0471
023 1069 0.0468
023 1105 0.0468
023 536 0.0468
023 687 0.0467
023 157 0.0467
023 1454 0.0466
023 298 0.0462
023 1223 0.0460
023 1194 0.0456
023 344 0.0456
023 753 0.0455
023 963 0.0453
023 63 0.0451
023 1295 0.0449
023 1077 0.0446
023 252 0.0442
023 507 0.0441
023 513 0.0440
023 1524 0.0440
023 367 0.0438
023 1335 0.0437
023 1554 0.0436
023 1402 0.0436
023 660 0.0434
023 727 0.0430
023 1134 0.0430
023 684 0.0429
023 1026 0.0429
023 1484 0.0427
023 651 0.0426
023 1545 0.0424
023 1141 0.0424
023 223 0.0423
023 1512 0.0423
023 588 0.0422
023 81 0.0420
023 1425 0.0417
023 622 0.0417
023 194 0.0415
023 867 0.0413
023 609 0.0411
023 1447 0.0410
023 910 0.0409
023 799 0.0408
023 1206 0.0407
023 1421 0.0406
023 783 0.0406
023 717 0.0404
023 15 0.0404
023 903 0.0403
023 233 0.0402
023 793 0.0399
023 392 0.0399
023 915 0.0397
023 1462 0.0394
023 653 0.0394
023 922 0.0393
023 1429 0.0393
023 523 0.0393
023 453 0.0391
023 532 0.0391
023 385 0.0391
023 514 0.0391
023 1050 0.0390
023 794 0.0388
023 1566 0.0387
023 228 0.0387
023 1336 0.0383
023 403 0.0382
023 1413 0.0382
023 32 0.0379
023 904 0.0378
023 1354 0.0378
023 1533 0.0375
023 1463 0.0374
023 1007 0.0374
023 934 0.0373
023 534 0.0373
023 262 0.0370
023 1333 0.0368
023 1204 0.0365
023 937 0.0363
023 1434 0.0360
023 1256 0.0360
023 579 0.0360
023 1427 0.0357
023 748 0.0357
023 820 0.0355
023 1091 0.0352
023 1393 0.0351
023 822 0.0349
023 1156 0.0348
023 1456 0.0347
023 1329 0.0347
023 1553 0.0346
023 1525 0.0345
023 349 0.0344
023 1276 0.0343
023 101 0.0343
023 1374 0.0342
023 833 0.0342
023 1079 0.0341
023 339 0.0340
023 875 0.0337
023 603 0.0337
023 1253 0.0335
023 1020 0.0335
023 892 0.0334
023 502 0.0334
023 213 0.0333
023 1221 0.0333
023 254 0.0332
023 1255 0.0331
023 685 0.0330
023 28 0.0329
023 604 0.0329
023 691 0.0328
023 797 0.0328
023 1459 0.0328
023 924 0.0322
023 602 0.0322
023 598 0.0322
023 1420 0.0320
023 1293 0.0320
023 564 0.0319
023 773 0.0318
023 110 0.0317
023 843 0.0317
023 485 0.0317
023 1173 0.0314
023 1355 0.0313
023 1513 0.0313
023 1199 0.0311
023 630 0.0309
023 201 0.0309
023 1054 0.0309
023 488 0.0309
023 408 0.0307
023 1547 0.0303
023 1130 0.0302
023 1164 0.0302
023 1385 0.0302
023 1507 0.0301
023 930 0.0301
023 1352 0.0300
023 1279 0.0299
023 486 0.0298
023 476 0.0295
023 1085 0.0295
023 390 0.0292
023 1151 0.0291
023 1370 0.0289
023 613 0.0288
023 561 0.0287
023 1342 0.0287
023 1065 0.0286
023 615 0.0285
023 337 0.0285
023 871 0.0284
023 696 0.0284
023 334 0.0283
023 573 0.0283
023 815 0.0282
023 362 0.0279
023 666 0.0278
023 928 0.0277
023 1047 0.0276
023 805 0.0275
023 671 0.0275
023 931 0.0274
023 406 0.0273
023 823 0.0273
023 732 0.0272
023 1535 0.0272
023 1468 0.0272
023 1363 0.0272
023 1005 0.0270
023 326 0.0270
023 215 0.0269
023 1251 0.0269
023 828 0.0269
023 331 0.0268
023 877 0.0268
023 1350 0.0266
023 1067 0.0266
023 1058 0.0264
023 1539 0.0264
023 420 0.0264
023 736 0.0262
023 946 0.0261
023 1220 0.0261
023 1203 0.0259
023 940 0.0258
023 975 0.0258
023 913 0.0258
023 1208 0.0258
023 850 0.0257
023 328 0.0257
023 582 0.0256
023 1150 0.0255
023 1519 0.0255
023 1371 0.0255
023 950 0.0253
023 158 0.0253
023 1520 0.0253
023 62 0.0253
023 640 0.0252
023 151 0.0251
023 1348 0.0250
023 1034 0.0249
023 1043 0.0248
023 706 0.0247
023 492 0.0246
023 987 0.0245
023 567 0.0244
023 1003 0.0244
023 152 0.0241
023 39 0.0241
023 207 0.0240
023 998 0.0240
023 1570 0.0240
023 303 0.0239
023 1118 0.0237
023 929 0.0237
023 777 0.0237
023 511 0.0236
023 746 0.0234
023 1211 0.0233
023 496 0.0233
023 1218 0.0232
023 994 0.0232
023 187 0.0232
023 1516 0.0232
023 1225 0.0230
023 681 0.0230
023 1506 0.0230
023 509 0.0229
023 967 0.0229
023 726 0.0228
023 1305 0.0228
023 574 0.0227
023 1450 0.0227
023 866 0.0226
023 718 0.0226
023 54 0.0226
023 829 0.0225
023 661 0.0224
023 210 0.0224
023 1119 0.0224
023 974 0.0224
023 308 0.0223
023 318 0.0223
023 1359 0.0223
023 1262 0.0223
023 178 0.0222
023 1431 0.0220
023 663 0.0220
023 747 0.0220
023 1406 0.0220
023 1571 0.0218
023 1536 0.0217
023 954 0.0217
023 271 0.0215
023 889 0.0213
023 1343 0.0213
023 397 0.0213
023 38 0.0212
023 869 0.0212
023 594 0.0212
023 846 0.0211
023 291 0.0211
023 710 0.0211
023 1098 0.0211
023 1015 0.0210
023 1028 0.0209
023 853 0.0206
023 1073 0.0205
023 648 0.0204
023 1104 0.0203
023 791 0.0203
023 752 0.0203
023 1155 0.0202
023 117 0.0202
023 993 0.0202
023 552 0.0202
023 8 0.0202
023 357 0.0201
023 959 0.0201
023 1019 0.0201
023 371 0.0200
023 738 0.0199
023 278 0.0199
023 1557 0.0197
023 1257 0.0197
023 1475 0.0197
023 1467 0.0196
023 1341 0.0196
023 1443 0.0194
023 776 0.0193
023 932 0.0193
023 1108 0.0193
023 65 0.0193
023 273 0.0193
023 1446 0.0192
023 1529 0.0192
023 1168 0.0192
023 960 0.0192
023 232 0.0192
023 181 0.0191
023 654 0.0190
023 936 0.0189
023 1159 0.0189
023 938 0.0189
023 992 0.0189
023 265 0.0189
023 1314 0.0187
023 951 0.0187
023 1483 0.0187
023 722 0.0186
023 1466 0.0186
023 1273 0.0185
023 788 0.0185
023 261 0.0184
023 949 0.0184
023 1115 0.0184
023 504 0.0183
023 784 0.0183
023 549 0.0182
023 876 0.0182
023 782 0.0182
023 235 0.0182
023 1325 0.0181
023 18 0.0180
023 655 0.0179
023 611 0.0179
023 1418 0.0178
023 1087 0.0178
023 760 0.0178
023 652 0.0177
023 457 0.0177
023 962 0.0176
023 664 0.0176
023 1128 0.0176
023 515 0.0175
023 465 0.0175
023 638 0.0174
023 527 0.0174
023 667 0.0173
023 49 0.0173
023 1036 0.0172
023 370 0.0172
023 952 0.0172
023 1288 0.0171
023 856 0.0171
023 305 0.0170
023 832 0.0170
023 182 0.0169
023 299 0.0168
023 282 0.0168
023 1324 0.0168
023 435 0.0167
023 576 0.0167
023 739 0.0167
023 625 0.0166
023 989 0.0166
023 125 0.0165
023 289 0.0165
023 694 0.0165
023 819 0.0164
023 384 0.0164
023 1229 0.0164
023 857 0.0163
023 886 0.0163
023 516 0.0162
023 413 0.0162
023 617 0.0160
023 1048 0.0160
023 1391 0.0160
023 1296 0.0160
023 1470 0.0159
023 972 0.0159
023 1502 0.0158
023 421 0.0157
023 1298 0.0157
023 128 0.0156
023 40 0.0156
023 108 0.0156
023 341 0.0155
023 359 0.0155
023 471 0.0154
023 1309 0.0153
023 827 0.0152
023 1538 0.0152
023 1214 0.0151
023 842 0.0150
023 614 0.0150
023 1383 0.0149
023 1433 0.0149
023 1338 0.0149
023 379 0.0148
023 1522 0.0148
023 482 0.0148
023 623 0.0148
023 321 0.0147
023 112 0.0146
023 27 0.0146
023 380 0.0146
023 1358 0.0146
023 997 0.0145
023 1096 0.0145
023 11 0.0144
023 19 0.0143
023 161 0.0143
023 1090 0.0143
023 280 0.0142
023 1583 0.0142
023 620 0.0141
023 565 0.0139
023 1428 0.0138
023 521 0.0138
023 1241 0.0137
023 906 0.0137
023 462 0.0136
023 704 0.0136
023 699 0.0135
023 896 0.0135
023 1068 0.0133
023 9 0.0133
023 100 0.0132
023 958 0.0132
023 268 0.0131
023 310 0.0130
023 811 0.0130
023 1489 0.0130
023 369 0.0129
023 350 0.0129
023 1369 0.0128
023 71 0.0128
023 880 0.0127
023 44 0.0127
023 720 0.0127
023 33 0.0126
023 670 0.0125
023 272 0.0125
023 454 0.0124
023 550 0.0124
023 1414 0.0124
023 459 0.0123
023 1235 0.0122
023 759 0.0122
023 6 0.0122
023 845 0.0122
023 1082 0.0122
023 330 0.0122
023 988 0.0121
023 744 0.0120
023 1006 0.0120
023 1505 0.0119
023 1544 0.0119
023 407 0.0119
023 709 0.0118
023 632 0.0118
023 145 0.0117
023 673 0.0117
023 1238 0.0117
023 293 0.0116
023 355 0.0116
023 336 0.0116
023 1361 0.0116
023 1291 0.0115
023 1176 0.0115
023 503 0.0115
023 982 0.0115
023 894 0.0114
023 1142 0.0114
023 1581 0.0114
023 493 0.0113
023 1330 0.0113
023 580 0.0112
023 723 0.0112
023 177 0.0112
023 1037 0.0112
023 338 0.0111
023 619 0.0111
023 242 0.0111
023 1224 0.0110
023 1053 0.0110
023 1249 0.0110
023 969 0.0110
023 985 0.0110
023 1426 0.0109
023 634 0.0109
023 217 0.0108
023 1399 0.0107
023 312 0.0107
023 414 0.0106
023 1183 0.0106
023 1063 0.0105
023 383 0.0104
023 893 0.0104
023 1163 0.0104
023 176 0.0103
023 209 0.0103
023 1195 0.0102
023 1044 0.0102
023 53 0.0102
023 900 0.0102
023 659 0.0102
023 216 0.0102
023 1248 0.0101
023 160 0.0101
023 294 0.0101
023 912 0.0101
023 171 0.0100
023 1367 0.0100
023 977 0.0099
023 188 0.0099
023 1146 0.0098
023 557 0.0098
023 24 0.0097
023 633 0.0097
023 628 0.0097
023 1569 0.0097
023 531 0.0097
023 597 0.0097
023 90 0.0097
023 674 0.0096
023 590 0.0096
023 658 0.0096
023 31 0.0095
023 1301 0.0095
023 89 0.0094
023 13 0.0094
023 83 0.0094
023 849 0.0093
023 629 0.0093
023 1395 0.0093
023 70 0.0093
023 1246 0.0093
023 1216 0.0093
023 1556 0.0093
023 415 0.0093
023 1382 0.0093
023 251 0.0092
023 361 0.0091
023 131 0.0091
023 172 0.0089
023 494 0.0089
023 863 0.0089
023 74 0.0089
023 69 0.0088
023 1310 0.0088
023 94 0.0088
023 7 0.0088
023 606 0.0087
023 589 0.0087
023 225 0.0087
023 1278 0.0087
023 1543 0.0087
023 772 0.0087
023 837 0.0087
023 1449 0.0086
023 578 0.0086
023 444 0.0086
023 424 0.0085
023 1439 0.0085
023 1113 0.0085
023 645 0.0084
023 676 0.0084
023 984 0.0084
023 445 0.0084
023 387 0.0083
023 724 0.0082
023 830 0.0082
023 1572 0.0082
023 966 0.0081
023 1416 0.0081
023 1126 0.0081
023 21 0.0081
023 346 0.0080
023 1477 0.0080
023 497 0.0080
023 1030 0.0080
023 1419 0.0080
023 939 0.0080
023 1125 0.0079
023 423 0.0079
023 490 0.0079
023 1422 0.0079
023 239 0.0079
023 264 0.0078
023 583 0.0078
023 164 0.0078
023 1479 0.0077
023 1441 0.0076
023 82 0.0076
023 329 0.0076
023 399 0.0075
023 456 0.0075
023 1185 0.0074
023 446 0.0074
023 35 0.0074
023 115 0.0073
023 559 0.0073
023 1480 0.0073
023 600 0.0073
023 1072 0.0072
023 43 0.0072
023 477 0.0072
023 467 0.0071
023 302 0.0071
023 1017 0.0070
023 767 0.0070
023 479 0.0069
023 700 0.0069
023 1236 0.0069
023 635 0.0068
023 259 0.0068
023 1193 0.0068
023 656 0.0068
023 222 0.0068
023 250 0.0068
023 142 0.0067
023 701 0.0067
023 449 0.0067
023 3 0.0066
023 636 0.0066
023 541 0.0066
023 719 0.0066
023 1392 0.0066
023 218 0.0065
023 29 0.0065
023 163 0.0065
023 1496 0.0065
023 1407 0.0065
023 872 0.0065
023 806 0.0064
023 14 0.0064
023 528 0.0064
023 1302 0.0064
023 137 0.0063
023 180 0.0063
023 1055 0.0063
023 835 0.0063
023 1086 0.0063
023 901 0.0063
023 363 0.0062
023 50 0.0062
023 345 0.0062
023 522 0.0061
023 733 0.0061
023 1377 0.0061
023 126 0.0061
023 22 0.0061
023 1294 0.0061
023 296 0.0060
023 473 0.0060
023 154 0.0060
023 510 0.0060
023 439 0.0059
023 592 0.0059
023 986 0.0059
023 475 0.0059
023 348 0.0058
023 122 0.0058
023 468 0.0058
023 921 0.0058
023 150 0.0057
023 1120 0.0057
023 267 0.0057
023 4 0.0057
023 300 0.0057
023 106 0.0057
023 1515 0.0056
023 538 0.0056
023 803 0.0056
023 184 0.0056
023 995 0.0055
023 1365 0.0055
023 1432 0.0055
023 221 0.0055
023 1574 0.0055
023 166 0.0055
023 1526 0.0054
023 763 0.0054
023 683 0.0054
023 440 0.0054
023 740 0.0053
023 342 0.0053
023 774 0.0053
023 20 0.0053
023 1455 0.0053
023 120 0.0052
023 771 0.0052
023 1287 0.0052
023 12 0.0052
023 947 0.0052
023 196 0.0052
023 149 0.0052
023 377 0.0051
023 257 0.0051
023 418 0.0050
023 430 0.0050
023 595 0.0050
023 141 0.0050
023 1112 0.0049
023 17 0.0049
023 537 0.0049
023 368 0.0049
023 1290 0.0049
023 322 0.0049
023 374 0.0049
023 244 0.0049
023 487 0.0049
023 441 0.0049
023 798 0.0049
023 705 0.0048
023 1171 0.0048
023 1457 0.0048
023 1264 0.0048
023 650 0.0048
023 144 0.0048
023 713 0.0047
023 162 0.0047
023 333 0.0047
023 87 0.0047
023 1289 0.0047
023 97 0.0047
023 129 0.0047
023 1579 0.0046
023 165 0.0046
023 436 0.0046
023 1227 0.0046
023 945 0.0046
023 86 0.0046
023 190 0.0045
023 935 0.0045
023 1499 0.0044
023 508 0.0044
023 1095 0.0044
023 1202 0.0044
023 1339 0.0043
023 450 0.0043
023 1008 0.0043
023 519 0.0043
023 26 0.0043
023 304 0.0043
023 918 0.0043
023 136 0.0043
023 186 0.0042
023 1263 0.0042
023 751 0.0042
023 1107 0.0042
023 1084 0.0042
023 1172 0.0042
023 540 0.0041
023 1275 0.0041
023 1066 0.0041
023 1196 0.0041
023 466 0.0040
023 553 0.0040
023 243 0.0040
023 1135 0.0040
023 572 0.0039
023 1562 0.0039
023 498 0.0039
023 702 0.0038
023 593 0.0038
023 1153 0.0037
023 891 0.0037
023 1510 0.0037
023 1528 0.0037
023 765 0.0036
023 98 0.0036
023 1390 0.0035
023 75 0.0035
023 612 0.0034
023 882 0.0034
023 249 0.0033
023 46 0.0033
023 77 0.0033
023 1501 0.0033
023 99 0.0032
023 91 0.0032
023 909 0.0031
023 1116 0.0031
023 1272 0.0031
023 1381 0.0031
023 1045 0.0030
023 253 0.0030
023 5 0.0030
023 1205 0.0028
023 1061 0.0027
023 1158 0.0027
023 395 0.0027
023 1542 0.0025
023 266 0.0025
023 520 0.0025
023 1465 0.0024
023 1442 0.0024
023 749 0.0024
023 707 0.0024
023 895 0.0023
023 240 0.0022
023 1486 0.0021
023 1111 0.0019
023 1444 0.0017
024 588 0.4861
024 393 0.1703
024 483 0.1538
024 414 0.1442
024 1065 0.1436
024 1210 0.1304
024 702 0.1149
024 289 0.1111
024 1196 0.1104
024 1297 0.1014
024 1509 0.0938
024 280 0.0901
024 22 0.0899
024 757 0.0895
024 266 0.0881
024 1414 0.0816
024 287 0.0784
024 1185 0.0783
024 874 0.0771
024 1436 0.0769
024 418 0.0744
024 1324 0.0723
024 495 0.0701
024 415 0.0686
024 879 0.0670
024 961 0.0664
024 357 0.0653
024 1539 0.0647
024 937 0.0636
024 435 0.0632
024 507 0.0630
024 1395 0.0613
024 185 0.0600
024 154 0.0600
024 1 0.0593
024 935 0.0592
024 1003 0.0591
024 735 0.0587
024 859 0.0578
024 416 0.0575
024 624 0.0571
024 994 0.0543
024 1359 0.0541
024 506 0.0531
024 230 0.0529
024 12 0.0519
024 696 0.0519
024 626 0.0512
024 1423 0.0508
024 1022 0.0500
024 484 0.0498
024 541 0.0489
024 369 0.0478
024 502 0.0477
024 201 0.0474
024 215 0.0470
024 901 0.0466
024 1342 0.0460
024 983 0.0460
024 1527 0.0457
024 267 0.0453
024 444 0.0451
024 1576 0.0450
024 235 0.0441
024 655 0.0441
024 569 0.0441
024 1315 0.0437
024 547 0.0435
024 664 0.0433
024 219 0.0432
024 1501 0.0429
024 907 0.0423
024 1375 0.0423
024 978 0.0420
024 574 0.0420
024 258 0.0416
024 1284 0.0412
024 596 0.0410
024 1258 0.0410
024 718 0.0409
024 1245 0.0409
024 627 0.0407
024 860 0.0403
024 252 0.0398
024 766 0.0395
024 67 0.0394
024 64 0.0393
024 977 0.0391
024 295 0.0387
024 605 0.0386
024 712 0.0386
024 985 0.0385
024 736 0.0384
024 1548 0.0382
024 329 0.0382
024 176 0.0382
024 138 0.0381
024 902 0.0379
024 1462 0.0375
024 312 0.0374
024 912 0.0372
024 535 0.0371
024 794 0.0369
024 403 0.0364
024 1331 0.0364
024 17 0.0364
024 368 0.0362
024 1074 0.0359
024 1457 0.0355
024 948 0.0352
024 1446 0.0351
024 742 0.0349
024 268 0.0346
024 481 0.0345
024 1514 0.0345
024 1386 0.0345
024 422 0.0344
024 1166 0.0342
024 515 0.0342
024 662 0.0341
024 788 0.0341
024 867 0.0341
024 48 0.0339
024 1318 0.0334
024 44 0.0334
024 1057 0.0333
024 1408 0.0332
024 823 0.0330
024 494 0.0330
024 1373 0.0330
024 670 0.0328
024 526 0.0326
024 1194 0.0326
024 1077 0.0325
024 1524 0.0323
024 1067 0.0322
024 225 0.0322
024 1008 0.0319
024 1493 0.0317
024 39 0.0316
024 1451 0.0315
024 850 0.0312
024 113 0.0312
024 1059 0.0312
024 1494 0.0311
024 412 0.0311
024 998 0.0310
024 1141 0.0309
024 631 0.0307
024 433 0.0303
024 1120 0.0302
024 790 0.0302
024 805 0.0290
024 559 0.0288
024 1526 0.0287
024 1393 0.0284
024 1223 0.0282
024 1205 0.0281
024 886 0.0281
024 1028 0.0280
024 593 0.0280
024 270 0.0278
024 639 0.0278
024 567 0.0276
024 1383 0.0276
024 1014 0.0276
024 723 0.0272
024 402 0.0271
024 1321 0.0269
024 376 0.0267
024 8 0.0265
024 595 0.0263
024 486 0.0261
024 75 0.0260
024 776 0.0258
024 1467 0.0258
024 607 0.0257
024 290 0.0257
024 90 0.0255
024 1504 0.0253
024 1495 0.0252
024 1044 0.0252
024 1492 0.0251
024 173 0.0248
024 89 0.0248
024 629 0.0246
024 129 0.0245
024 738 0.0242
024 784 0.0241
024 231 0.0241
024 741 0.0240
024 895 0.0240
024 168 0.0237
024 1418 0.0235
024 241 0.0234
024 834 0.0233
024 107 0.0233
024 1310 0.0232
024 425 0.0229
024 638 0.0229
024 1564 0.0229
024 1339 0.0228
024 236 0.0228
024 519 0.0227
024 1483 0.0226
024 1556 0.0225
024 1137 0.0224
024 1184 0.0222
024 299 0.0221
024 576 0.0219
024 76 0.0217
024 404 0.0217
024 1238 0.0216
024 854 0.0215
024 1239 0.0214
024 220 0.0214
024 395 0.0212
024 371 0.0210
024 497 0.0210
024 1317 0.0210
024 1113 0.0209
024 1409 0.0208
024 490 0.0208
024 709 0.0207
024 1250 0.0206
024 264 0.0206
024 657 0.0204
024 1370 0.0202
024 61 0.0201
024 456 0.0197
024 841 0.0197
024 1523 0.0197
024 318 0.0196
024 1260 0.0196
024 1048 0.0194
024 1461 0.0194
024 284 0.0191
024 862 0.0191
024 217 0.0190
024 942 0.0189
024 786 0.0189
024 1147 0.0188
024 889 0.0184
024 890 0.0183
024 906 0.0180
024 1199 0.0179
024 847 0.0178
024 134 0.0177
024 485 0.0174
024 143 0.0174
024 213 0.0174
024 719 0.0173
024 438 0.0173
024 197 0.0170
024 320 0.0169
024 518 0.0169
024 582 0.0168
024 590 0.0168
024 884 0.0168
024 66 0.0167
024 965 0.0167
024 63 0.0167
024 654 0.0167
024 180 0.0167
024 427 0.0166
024 470 0.0166
024 489 0.0165
024 32 0.0164
024 451 0.0163
024 1478 0.0162
024 1272 0.0162
024 660 0.0161
024 875 0.0161
024 461 0.0160
024 1021 0.0159
024 296 0.0159
024 941 0.0159
024 663 0.0154
024 1087 0.0154
024 135 0.0154
024 119 0.0154
024 799 0.0152
024 447 0.0152
024 122 0.0152
024 1078 0.0152
024 1291 0.0152
024 468 0.0151
024 503 0.0151
024 150 0.0151
024 300 0.0151
024 78 0.0150
024 1513 0.0149
024 337 0.0149
024 305 0.0149
024 1515 0.0149
024 1438 0.0148
024 981 0.0147
024 1148 0.0147
024 88 0.0146
024 619 0.0146
024 242 0.0146
024 1432 0.0145
024 442 0.0144
024 1303 0.0144
024 739 0.0144
024 517 0.0143
024 536 0.0143
024 366 0.0143
024 283 0.0143
024 426 0.0142
024 1177 0.0141
024 384 0.0141
024 331 0.0141
024 271 0.0141
024 774 0.0140
024 20 0.0139
024 1455 0.0139
024 347 0.0139
024 653 0.0138
024 1058 0.0138
024 92 0.0137
024 247 0.0135
024 1448 0.0135
024 157 0.0135
024 1537 0.0135
024 1269 0.0135
024 1007 0.0134
024 257 0.0134
024 630 0.0133
024 471 0.0133
024 469 0.0131
024 1547 0.0131
024 255 0.0130
024 623 0.0129
024 244 0.0128
024 780 0.0128
024 379 0.0128
024 487 0.0128
024 1035 0.0128
024 955 0.0128
024 273 0.0127
024 674 0.0127
024 675 0.0126
024 19 0.0126
024 1323 0.0125
024 144 0.0125
024 936 0.0125
024 1277 0.0124
024 155 0.0123
024 97 0.0123
024 1484 0.0123
024 28 0.0122
024 1357 0.0120
024 1227 0.0120
024 676 0.0120
024 86 0.0120
024 1206 0.0117
024 840 0.0117
024 1354 0.0117
024 1119 0.0116
024 555 0.0115
024 836 0.0115
024 1092 0.0114
024 1571 0.0113
024 1424 0.0113
024 186 0.0112
024 832 0.0112
024 1031 0.0110
024 625 0.0109
024 205 0.0109
024 1032 0.0109
024 813 0.0108
024 1066 0.0107
024 661 0.0107
024 330 0.0107
024 737 0.0107
024 1477 0.0106
024 1374 0.0106
024 744 0.0106
024 914 0.0106
024 566 0.0104
024 1240 0.0104
024 423 0.0104
024 1380 0.0104
024 1020 0.0103
024 164 0.0102
024 336 0.0101
024 673 0.0101
024 1015 0.0100
024 1476 0.0099
024 1517 0.0099
024 722 0.0098
024 1153 0.0098
024 1528 0.0097
024 1358 0.0096
024 1480 0.0096
024 600 0.0096
024 233 0.0095
024 1531 0.0095
024 760 0.0094
024 817 0.0092
024 1379 0.0092
024 1183 0.0091
024 1036 0.0091
024 612 0.0090
024 179 0.0090
024 904 0.0090
024 781 0.0089
024 587 0.0089
024 721 0.0089
024 1064 0.0087
024 36 0.0087
024 77 0.0087
024 1385 0.0087
024 99 0.0085
024 668 0.0084
024 1335 0.0084
024 307 0.0082
024 1377 0.0080
024 1294 0.0080
024 671 0.0079
024 510 0.0079
024 963 0.0078
024 437 0.0075
024 1333 0.0074
024 549 0.0074
024 424 0.0073
024 1253 0.0073
024 1308 0.0070
024 1347 0.0068
024 93 0.0067
024 1292 0.0067
024 351 0.0065
024 1470 0.0064
024 924 0.0060
024 3 0.0058
024 1155 0.0033
025 946 0.6944
025 560 0.4568
025 1441 0.3945
025 530 0.3575
025 1070 0.3385
025 1382 0.3246
025 479 0.3085
025 345 0.2979
025 187 0.2909
025 1021 0.2868
025 1280 0.2803
025 468 0.2784
025 1278 0.2714
025 1459 0.2405
025 731 0.2367
025 715 0.2357
025 737 0.2216
025 947 0.2194
025 1533 0.2171
025 963 0.2074
025 605 0.2069
025 1142 0.2057
025 591 0.2017
025 1478 0.2012
025 1398 0.1984
025 1065 0.1901
025 739 0.1898
025 1388 0.1871
025 981 0.1864
025 1297 0.1807
025 185 0.1803
025 459 0.1783
025 586 0.1723
025 1301 0.1723
025 994 0.1720
025 921 0.1719
025 1173 0.1716
025 1240 0.1709
025 1225 0.1696
025 484 0.1676
025 1058 0.1675
025 504 0.1646
025 629 0.1640
025 441 0.1630
025 1411 0.1630
025 1195 0.1606
025 130 0.1570
025 1387 0.1566
025 1372 0.1564
025 1125 0.1540
025 1272 0.1529
025 862 0.1514
025 18 0.1497
025 724 0.1497
025 1464 0.1495
025 330 0.1491
025 1172 0.1487
025 473 0.1481
025 271 0.1473
025 304 0.1469
025 1145 0.1460
025 186 0.1455
025 776 0.1448
025 189 0.1435
025 1226 0.1434
025 1523 0.1426
025 896 0.1410
025 1457 0.1387
025 1317 0.1381
025 1461 0.1371
025 912 0.1367
025 650 0.1366
025 177 0.1347
025 576 0.1320
025 1386 0.1303
025 1377 0.1302
025 1082 0.1276
025 1306 0.1265
025 418 0.1235
025 482 0.1232
025 979 0.1221
025 1147 0.1214
025 149 0.1194
025 709 0.1186
025 778 0.1172
025 1202 0.1172
025 525 0.1148
025 1192 0.1144
025 590 0.1129
025 256 0.1125
025 1309 0.1124
025 1522 0.1120
025 918 0.1118
025 727 0.1105
025 1508 0.1105
025 1262 0.1100
025 982 0.1069
025 315 0.1056
025 702 0.1055
025 661 0.1049
025 1437 0.1042
025 510 0.1037
025 1014 0.1006
025 1011 0.1005
025 999 0.0991
025 45 0.0988
025 1530 0.0962
025 394 0.0944
025 145 0.0938
025 925 0.0932
025 309 0.0931
025 885 0.0929
025 788 0.0924
025 89 0.0923
025 62 0.0920
025 614 0.0910
025 244 0.0909
025 1020 0.0899
025 348 0.0899
025 587 0.0895
025 310 0.0891
025 1358 0.0888
025 1440 0.0888
025 1115 0.0884
025 1079 0.0876
025 721 0.0870
025 485 0.0862
025 1204 0.0860
025 362 0.0857
025 942 0.0842
025 1083 0.0841
025 1422 0.0833
025 989 0.0831
025 1451 0.0830
025 1236 0.0827
025 1088 0.0826
025 1077 0.0826
025 805 0.0820
025 1023 0.0810
025 884 0.0810
025 1357 0.0809
025 1296 0.0798
025 218 0.0787
025 86 0.0785
025 299 0.0783
025 252 0.0782
025 1246 0.0779
025 467 0.0778
025 294 0.0773
025 1176 0.0765
025 728 0.0765
025 180 0.0762
025 36 0.0761
025 582 0.0759
025 355 0.0752
025 138 0.0752
025 1291 0.0748
025 945 0.0740
025 337 0.0733
025 438 0.0733
025 1450 0.0732
025 361 0.0730
025 1027 0.0729
025 492 0.0724
025 1288 0.0720
025 760 0.0720
025 695 0.0717
025 1475 0.0717
025 290 0.0713
025 502 0.0713
025 713 0.0704
025 874 0.0703
025 511 0.0703
025 1196 0.0698
025 1344 0.0698
025 636 0.0693
025 1467 0.0685
025 399 0.0684
025 334 0.0683
025 447 0.0683
025 980 0.0676
025 811 0.0663
025 1208 0.0662
025 1180 0.0662
025 476 0.0654
025 205 0.0648
025 291 0.0628
025 1178 0.0625
025 1015 0.0620
025 1175 0.0617
025 6 0.0611
025 618 0.0609
025 1390 0.0608
025 1520 0.0606
025 1345 0.0603
025 926 0.0600
025 766 0.0594
025 391 0.0591
025 726 0.0586
025 464 0.0582
025 1069 0.0581
025 92 0.0577
025 74 0.0574
025 1419 0.0566
025 1303 0.0561
025 938 0.0561
025 471 0.0560
025 567 0.0555
025 719 0.0552
025 1396 0.0551
025 829 0.0549
025 1253 0.0545
025 1420 0.0545
025 1325 0.0538
025 1019 0.0536
025 379 0.0533
025 557 0.0531
025 1581 0.0531
025 1095 0.0528
025 1260 0.0528
025 19 0.0522
025 628 0.0522
025 1421 0.0521
025 746 0.0519
025 73 0.0515
025 82 0.0515
025 1218 0.0514
025 1428 0.0512
025 598 0.0508
025 806 0.0507
025 452 0.0505
025 1412 0.0501
025 1295 0.0497
025 312 0.0494
025 1146 0.0490
025 1230 0.0488
025 480 0.0487
025 668 0.0485
025 448 0.0484
025 662 0.0483
025 1313 0.0481
025 1307 0.0480
025 696 0.0479
025 1270 0.0479
025 385 0.0477
025 722 0.0476
025 734 0.0475
025 12 0.0470
025 1183 0.0468
025 1028 0.0468
025 1319 0.0464
025 686 0.0462
025 1129 0.0461
025 154 0.0460
025 1194 0.0451
025 1179 0.0451
025 630 0.0449
025 342 0.0446
025 1512 0.0438
025 1141 0.0438
025 384 0.0437
025 1171 0.0436
025 1097 0.0435
025 1279 0.0434
025 1264 0.0433
025 435 0.0433
025 1477 0.0430
025 393 0.0429
025 1566 0.0429
025 978 0.0428
025 46 0.0426
025 1563 0.0426
025 1205 0.0424
025 1432 0.0423
025 937 0.0422
025 412 0.0421
025 1470 0.0419
025 210 0.0418
025 1182 0.0416
025 1089 0.0416
025 165 0.0416
025 1305 0.0406
025 426 0.0403
025 1061 0.0403
025 1430 0.0401
025 70 0.0401
025 162 0.0396
025 748 0.0395
025 87 0.0392
025 1546 0.0391
025 207 0.0391
025 1029 0.0387
025 732 0.0387
025 1326 0.0381
025 69 0.0380
025 446 0.0379
025 3 0.0376
025 15 0.0376
025 1404 0.0376
025 558 0.0375
025 1557 0.0374
025 54 0.0368
025 307 0.0365
025 1446 0.0365
025 823 0.0364
025 1062 0.0364
025 753 0.0364
025 201 0.0363
025 331 0.0362
025 830 0.0361
025 129 0.0357
025 1337 0.0357
025 1210 0.0356
025 1351 0.0356
025 1456 0.0355
025 712 0.0352
025 39 0.0350
025 98 0.0348
025 1190 0.0348
025 581 0.0348
025 301 0.0347
025 486 0.0346
025 851 0.0346
025 1304 0.0345
025 1454 0.0344
025 1118 0.0344
025 986 0.0341
025 577 0.0340
025 437 0.0339
025 239 0.0338
025 1239 0.0338
025 575 0.0337
025 1149 0.0336
025 472 0.0334
025 566 0.0331
025 764 0.0331
025 585 0.0327
025 1181 0.0326
025 1355 0.0326
025 344 0.0325
025 444 0.0320
025 101 0.0319
025 60 0.0318
025 656 0.0317
025 799 0.0317
025 540 0.0316
025 204 0.0314
025 397 0.0314
025 281 0.0311
025 1379 0.0308
025 914 0.0308
025 503 0.0308
025 88 0.0305
025 773 0.0302
025 949 0.0300
025 939 0.0297
025 1403 0.0297
025 1300 0.0296
025 564 0.0296
025 1383 0.0296
025 529 0.0294
025 1120 0.0294
025 1252 0.0294
025 1389 0.0293
025 474 0.0290
025 761 0.0289
025 183 0.0288
025 1214 0.0287
025 1407 0.0287
025 984 0.0286
025 465 0.0285
025 1101 0.0283
025 909 0.0283
025 1392 0.0283
025 117 0.0282
025 803 0.0282
025 1024 0.0276
025 1282 0.0276
025 1273 0.0276
025 992 0.0275
025 1414 0.0275
025 632 0.0274
025 38 0.0272
025 625 0.0271
025 848 0.0271
025 1525 0.0271
025 1151 0.0271
025 906 0.0270
025 1406 0.0270
025 1442 0.0270
025 507 0.0269
025 1009 0.0267
025 784 0.0267
025 561 0.0267
025 1380 0.0266
025 615 0.0265
025 190 0.0265
025 1006 0.0265
025 612 0.0264
025 578 0.0261
025 1443 0.0261
025 268 0.0260
025 919 0.0259
025 409 0.0259
025 969 0.0256
025 931 0.0255
025 284 0.0254
025 873 0.0252
025 217 0.0252
025 1174 0.0250
025 487 0.0250
025 1354 0.0248
025 1138 0.0248
025 878 0.0247
025 995 0.0246
025 1506 0.0245
025 178 0.0245
025 29 0.0244
025 1384 0.0242
025 1292 0.0242
025 940 0.0240
025 328 0.0239
025 1476 0.0238
025 1536 0.0237
025 681 0.0237
025 835 0.0235
025 950 0.0235
025 640 0.0235
025 151 0.0234
025 589 0.0233
025 65 0.0233
025 837 0.0232
025 293 0.0231
025 1299 0.0230
025 255 0.0230
025 367 0.0227
025 1243 0.0227
025 514 0.0226
025 152 0.0224
025 771 0.0223
025 430 0.0223
025 730 0.0222
025 462 0.0222
025 303 0.0222
025 49 0.0222
025 704 0.0221
025 519 0.0221
025 470 0.0221
025 562 0.0221
025 1219 0.0215
025 1516 0.0215
025 251 0.0215
025 549 0.0214
025 267 0.0214
025 78 0.0212
025 574 0.0211
025 953 0.0209
025 936 0.0209
025 1549 0.0209
025 469 0.0209
025 164 0.0208
025 974 0.0208
025 1312 0.0208
025 318 0.0207
025 1483 0.0207
025 1365 0.0206
025 1057 0.0206
025 1050 0.0205
025 985 0.0205
025 670 0.0203
025 972 0.0203
025 954 0.0201
025 11 0.0201
025 802 0.0200
025 1343 0.0198
025 877 0.0198
025 1113 0.0197
025 869 0.0197
025 1418 0.0197
025 794 0.0196
025 710 0.0196
025 977 0.0196
025 1012 0.0195
025 407 0.0193
025 1016 0.0192
025 842 0.0192
025 1539 0.0191
025 257 0.0190
025 1104 0.0189
025 336 0.0189
025 1263 0.0188
025 552 0.0188
025 669 0.0188
025 8 0.0187
025 326 0.0186
025 742 0.0186
025 1030 0.0186
025 371 0.0186
025 392 0.0185
025 278 0.0185
025 1084 0.0185
025 1036 0.0184
025 863 0.0184
025 1330 0.0183
025 296 0.0183
025 161 0.0183
025 1341 0.0182
025 1583 0.0182
025 749 0.0181
025 932 0.0179
025 1108 0.0179
025 273 0.0179
025 1479 0.0179
025 1168 0.0178
025 232 0.0178
025 329 0.0178
025 181 0.0177
025 654 0.0177
025 265 0.0175
025 1347 0.0175
025 895 0.0175
025 1474 0.0174
025 1314 0.0174
025 4 0.0174
025 1308 0.0173
025 414 0.0172
025 108 0.0172
025 623 0.0172
025 261 0.0171
025 857 0.0171
025 461 0.0171
025 292 0.0170
025 559 0.0170
025 380 0.0170
025 213 0.0169
025 1096 0.0169
025 861 0.0167
025 121 0.0167
025 351 0.0166
025 655 0.0166
025 47 0.0164
025 518 0.0164
025 664 0.0163
025 563 0.0163
025 335 0.0163
025 1534 0.0163
025 720 0.0162
025 824 0.0162
025 1294 0.0162
025 638 0.0162
025 1339 0.0162
025 573 0.0162
025 816 0.0161
025 667 0.0161
025 741 0.0160
025 20 0.0160
025 370 0.0160
025 1000 0.0160
025 1361 0.0159
025 1576 0.0159
025 856 0.0159
025 1513 0.0159
025 597 0.0158
025 90 0.0158
025 751 0.0158
025 305 0.0158
025 832 0.0158
025 196 0.0157
025 282 0.0156
025 373 0.0156
025 920 0.0155
025 987 0.0155
025 915 0.0155
025 868 0.0154
025 657 0.0154
025 1434 0.0154
025 125 0.0154
025 555 0.0154
025 191 0.0153
025 536 0.0153
025 819 0.0152
025 790 0.0152
025 163 0.0152
025 1395 0.0152
025 711 0.0152
025 516 0.0151
025 350 0.0150
025 173 0.0150
025 14 0.0149
025 1517 0.0149
025 880 0.0148
025 63 0.0148
025 137 0.0148
025 421 0.0146
025 641 0.0145
025 128 0.0145
025 40 0.0145
025 359 0.0144
025 1501 0.0144
025 1037 0.0143
025 157 0.0143
025 1075 0.0143
025 660 0.0142
025 847 0.0142
025 1329 0.0142
025 619 0.0142
025 772 0.0141
025 1234 0.0141
025 1140 0.0141
025 1374 0.0140
025 744 0.0140
025 439 0.0138
025 1091 0.0137
025 622 0.0137
025 1212 0.0137
025 663 0.0136
025 27 0.0136
025 387 0.0135
025 997 0.0135
025 673 0.0134
025 508 0.0134
025 1405 0.0134
025 66 0.0134
025 253 0.0133
025 1285 0.0133
025 246 0.0133
025 736 0.0133
025 280 0.0132
025 106 0.0132
025 911 0.0132
025 1515 0.0132
025 346 0.0131
025 620 0.0131
025 451 0.0130
025 1410 0.0129
025 822 0.0128
025 872 0.0128
025 928 0.0128
025 1241 0.0127
025 1123 0.0127
025 699 0.0126
025 440 0.0126
025 93 0.0125
025 672 0.0124
025 1068 0.0124
025 9 0.0123
025 870 0.0123
025 674 0.0123
025 817 0.0123
025 119 0.0123
025 1221 0.0123
025 958 0.0122
025 820 0.0121
025 1287 0.0121
025 1187 0.0121
025 1429 0.0121
025 1356 0.0120
025 369 0.0120
025 35 0.0120
025 377 0.0119
025 395 0.0119
025 406 0.0118
025 44 0.0118
025 43 0.0117
025 33 0.0117
025 1286 0.0116
025 272 0.0116
025 454 0.0116
025 550 0.0115
025 537 0.0114
025 366 0.0114
025 374 0.0114
025 767 0.0113
025 1458 0.0113
025 1541 0.0113
025 991 0.0113
025 266 0.0113
025 216 0.0112
025 705 0.0112
025 988 0.0112
025 1342 0.0112
025 970 0.0112
025 259 0.0111
025 601 0.0111
025 1544 0.0111
025 898 0.0110
025 1054 0.0110
025 333 0.0110
025 142 0.0110
025 1560 0.0109
025 565 0.0109
025 759 0.0109
025 1238 0.0108
025 1465 0.0108
025 627 0.0108
025 541 0.0108
025 1211 0.0107
025 888 0.0106
025 1026 0.0106
025 967 0.0106
025 493 0.0105
025 1001 0.0105
025 64 0.0105
025 866 0.0104
025 528 0.0104
025 107 0.0103
025 338 0.0103
025 242 0.0103
025 651 0.0103
025 1249 0.0102
025 238 0.0102
025 1093 0.0102
025 626 0.0102
025 1200 0.0101
025 1469 0.0101
025 860 0.0101
025 634 0.0101
025 1158 0.0101
025 1008 0.0101
025 867 0.0101
025 26 0.0100
025 136 0.0100
025 1399 0.0099
025 941 0.0098
025 1370 0.0098
025 1063 0.0098
025 1207 0.0098
025 653 0.0097
025 25 0.0097
025 1331 0.0097
025 973 0.0097
025 81 0.0096
025 176 0.0096
025 209 0.0096
025 390 0.0096
025 1066 0.0095
025 1044 0.0095
025 900 0.0095
025 1248 0.0094
025 160 0.0094
025 214 0.0094
025 171 0.0093
025 752 0.0093
025 600 0.0093
025 1367 0.0093
025 1022 0.0093
025 844 0.0093
025 964 0.0092
025 243 0.0092
025 1222 0.0092
025 188 0.0092
025 1514 0.0092
025 1471 0.0092
025 1466 0.0091
025 1562 0.0091
025 706 0.0091
025 24 0.0091
025 633 0.0091
025 1569 0.0091
025 531 0.0090
025 789 0.0090
025 1203 0.0089
025 1268 0.0089
025 763 0.0089
025 31 0.0089
025 1561 0.0088
025 13 0.0087
025 1193 0.0087
025 222 0.0087
025 83 0.0087
025 849 0.0087
025 774 0.0087
025 287 0.0087
025 1216 0.0086
025 415 0.0086
025 701 0.0086
025 124 0.0086
025 349 0.0086
025 934 0.0086
025 449 0.0086
025 458 0.0085
025 1100 0.0085
025 887 0.0085
025 131 0.0084
025 1555 0.0083
025 172 0.0083
025 494 0.0083
025 795 0.0083
025 2 0.0083
025 1335 0.0082
025 1310 0.0082
025 94 0.0082
025 7 0.0082
025 174 0.0081
025 1431 0.0081
025 606 0.0081
025 1564 0.0081
025 225 0.0081
025 1543 0.0081
025 1112 0.0081
025 340 0.0080
025 1571 0.0080
025 798 0.0079
025 968 0.0079
025 1439 0.0079
025 645 0.0078
025 509 0.0078
025 445 0.0078
025 1122 0.0077
025 127 0.0077
025 1245 0.0077
025 1266 0.0077
025 1144 0.0076
025 1289 0.0076
025 422 0.0076
025 685 0.0076
025 283 0.0076
025 1572 0.0076
025 966 0.0076
025 1416 0.0076
025 604 0.0076
025 691 0.0075
025 1126 0.0075
025 754 0.0075
025 21 0.0075
025 436 0.0075
025 67 0.0075
025 930 0.0074
025 411 0.0074
025 497 0.0074
025 959 0.0074
025 118 0.0074
025 602 0.0074
025 327 0.0074
025 52 0.0074
025 423 0.0073
025 490 0.0073
025 846 0.0073
025 264 0.0073
025 1116 0.0072
025 583 0.0072
025 247 0.0072
025 179 0.0072
025 1109 0.0072
025 546 0.0071
025 836 0.0071
025 1548 0.0071
025 1128 0.0071
025 408 0.0070
025 456 0.0070
025 491 0.0069
025 1185 0.0069
025 212 0.0068
025 1198 0.0068
025 115 0.0068
025 716 0.0068
025 1032 0.0068
025 1480 0.0068
025 1072 0.0067
025 233 0.0067
025 1492 0.0067
025 477 0.0067
025 813 0.0067
025 215 0.0066
025 302 0.0066
025 466 0.0066
025 155 0.0066
025 1017 0.0065
025 1150 0.0065
025 572 0.0064
025 700 0.0064
025 635 0.0064
025 432 0.0063
025 250 0.0063
025 1376 0.0062
025 1554 0.0062
025 804 0.0062
025 687 0.0061
025 983 0.0061
025 1481 0.0061
025 420 0.0061
025 1496 0.0060
025 1092 0.0060
025 223 0.0060
025 443 0.0060
025 1524 0.0060
025 1510 0.0060
025 1528 0.0060
025 97 0.0060
025 858 0.0060
025 975 0.0059
025 1055 0.0059
025 1086 0.0059
025 901 0.0059
025 363 0.0058
025 1156 0.0058
025 50 0.0058
025 1298 0.0058
025 522 0.0057
025 167 0.0057
025 733 0.0057
025 793 0.0057
025 126 0.0057
025 22 0.0057
025 886 0.0056
025 428 0.0055
025 588 0.0055
025 996 0.0055
025 592 0.0055
025 475 0.0054
025 1255 0.0054
025 463 0.0054
025 905 0.0054
025 609 0.0054
025 122 0.0054
025 923 0.0054
025 150 0.0053
025 907 0.0053
025 300 0.0053
025 99 0.0053
025 262 0.0053
025 894 0.0053
025 538 0.0052
025 1333 0.0052
025 91 0.0052
025 382 0.0052
025 184 0.0052
025 221 0.0051
025 916 0.0051
025 1574 0.0051
025 416 0.0051
025 166 0.0051
025 1526 0.0051
025 229 0.0050
025 683 0.0050
025 316 0.0050
025 1045 0.0050
025 740 0.0050
025 1455 0.0049
025 890 0.0049
025 34 0.0049
025 607 0.0049
025 120 0.0049
025 1349 0.0049
025 339 0.0048
025 1121 0.0048
025 1049 0.0048
025 208 0.0048
025 1040 0.0047
025 948 0.0047
025 692 0.0047
025 791 0.0047
025 717 0.0046
025 595 0.0046
025 141 0.0046
025 729 0.0046
025 1244 0.0046
025 17 0.0046
025 368 0.0045
025 1290 0.0045
025 322 0.0045
025 814 0.0045
025 314 0.0045
025 523 0.0045
025 714 0.0045
025 1052 0.0045
025 965 0.0045
025 427 0.0044
025 961 0.0044
025 144 0.0044
025 962 0.0044
025 658 0.0044
025 489 0.0044
025 431 0.0044
025 750 0.0043
025 1368 0.0043
025 1579 0.0043
025 28 0.0043
025 311 0.0043
025 951 0.0043
025 434 0.0043
025 1540 0.0043
025 917 0.0043
025 48 0.0043
025 1227 0.0042
025 924 0.0042
025 109 0.0042
025 935 0.0042
025 1114 0.0042
025 584 0.0042
025 797 0.0042
025 1542 0.0042
025 1499 0.0041
025 1360 0.0041
025 1087 0.0041
025 219 0.0041
025 631 0.0041
025 599 0.0041
025 1473 0.0041
025 450 0.0040
025 1132 0.0040
025 515 0.0040
025 1375 0.0040
025 527 0.0040
025 1161 0.0040
025 193 0.0040
025 1164 0.0040
025 1425 0.0039
025 58 0.0039
025 1107 0.0039
025 147 0.0039
025 933 0.0039
025 1275 0.0038
025 922 0.0038
025 289 0.0038
025 1229 0.0038
025 910 0.0038
025 642 0.0038
025 1103 0.0037
025 1033 0.0037
025 321 0.0037
025 553 0.0037
025 1117 0.0037
025 815 0.0037
025 1135 0.0037
025 666 0.0036
025 498 0.0036
025 372 0.0036
025 1247 0.0036
025 269 0.0036
025 1460 0.0036
025 593 0.0035
025 1538 0.0035
025 1153 0.0035
025 1127 0.0035
025 891 0.0034
025 1338 0.0034
025 402 0.0034
025 1350 0.0034
025 112 0.0034
025 786 0.0033
025 765 0.0033
025 1233 0.0033
025 1346 0.0033
025 755 0.0033
025 1090 0.0033
025 75 0.0033
025 1415 0.0033
025 521 0.0032
025 1047 0.0032
025 882 0.0032
025 1373 0.0031
025 230 0.0031
025 249 0.0031
025 1503 0.0031
025 1487 0.0031
025 77 0.0031
025 425 0.0031
025 1558 0.0030
025 1283 0.0030
025 1494 0.0029
025 1369 0.0029
025 308 0.0029
025 1046 0.0029
025 783 0.0029
025 1381 0.0028
025 768 0.0028
025 1235 0.0028
025 1511 0.0028
025 845 0.0028
025 613 0.0028
025 1148 0.0028
025 1397 0.0028
025 5 0.0027
025 1505 0.0027
025 883 0.0027
025 1444 0.0027
025 580 0.0026
025 533 0.0026
025 1224 0.0025
025 1402 0.0025
025 317 0.0025
025 248 0.0024
025 1271 0.0024
025 520 0.0023
025 707 0.0022
025 676 0.0021
025 1453 0.0021
025 1119 0.0021
025 240 0.0020
025 1267 0.0019
025 1486 0.0019
025 114 0.0019
025 1048 0.0018
025 1007 0.0018
025 61 0.0018
025 971 0.0018
025 1111 0.0018
025 1099 0.0018
025 1155 0.0012
026 1514 0.3828
026 1117 0.2919
026 1324 0.2757
026 270 0.2703
026 1436 0.2652
026 1109 0.2400
026 416 0.2359
026 948 0.2128
026 1179 0.2123
026 674 0.2082
026 1069 0.2022
026 986 0.2018
026 983 0.1981
026 1441 0.1955
026 89 0.1896
026 1170 0.1845
026 1490 0.1835
026 217 0.1738
026 845 0.1716
026 164 0.1607
026 1123 0.1599
026 207 0.1578
026 72 0.1501
026 342 0.1450
026 162 0.1433
026 562 0.1407
026 1540 0.1318
026 1494 0.1317
026 576 0.1308
026 4 0.1301
026 330 0.1201
026 984 0.1200
026 1288 0.1174
026 591 0.1168
026 510 0.1160
026 443 0.1141
026 1352 0.1136
026 834 0.1133
026 977 0.1126
026 321 0.1118
026 1347 0.1115
026 797 0.1077
026 431 0.1077
026 1016 0.1052
026 651 0.1039
026 947 0.1031
026 579 0.1025
026 1294 0.1013
026 942 0.0995
026 935 0.0987
026 824 0.0983
026 1346 0.0979
026 1313 0.0973
026 1287 0.0941
026 121 0.0940
026 963 0.0938
026 837 0.0934
026 167 0.0933
026 1262 0.0933
026 656 0.0928
026 190 0.0925
026 28 0.0920
026 1080 0.0896
026 480 0.0891
026 163 0.0874
026 1015 0.0873
026 794 0.0857
026 1176 0.0849
026 744 0.0834
026 631 0.0821
026 125 0.0820
026 1270 0.0808
026 29 0.0799
026 626 0.0778
026 430 0.0772
026 326 0.0764
026 20 0.0757
026 290 0.0750
026 1580 0.0741
026 1577 0.0739
026 1457 0.0738
026 230 0.0735
026 339 0.0733
026 822 0.0724
026 1028 0.0716
026 468 0.0714
026 1421 0.0712
026 38 0.0711
026 949 0.0704
026 1272 0.0704
026 1077 0.0694
026 786 0.0676
026 1194 0.0673
026 191 0.0668
026 447 0.0662
026 50 0.0652
026 90 0.0648
026 1539 0.0641
026 1250 0.0639
026 344 0.0639
026 1348 0.0637
026 1247 0.0635
026 1149 0.0634
026 1120 0.0633
026 1292 0.0629
026 19 0.0628
026 448 0.0626
026 705 0.0622
026 767 0.0614
026 973 0.0596
026 492 0.0595
026 357 0.0590
026 785 0.0587
026 49 0.0580
026 898 0.0564
026 307 0.0555
026 1136 0.0552
026 469 0.0548
026 195 0.0542
026 284 0.0541
026 559 0.0541
026 103 0.0540
026 277 0.0538
026 677 0.0537
026 1066 0.0527
026 1476 0.0526
026 816 0.0526
026 392 0.0520
026 1162 0.0519
026 1285 0.0518
026 1513 0.0516
026 54 0.0514
026 102 0.0509
026 945 0.0504
026 1058 0.0501
026 271 0.0500
026 508 0.0497
026 996 0.0490
026 82 0.0485
026 1523 0.0485
026 1057 0.0484
026 293 0.0475
026 961 0.0475
026 1303 0.0472
026 795 0.0469
026 1417 0.0468
026 312 0.0466
026 266 0.0456
026 735 0.0455
026 960 0.0455
026 1286 0.0451
026 1406 0.0450
026 479 0.0450
026 1263 0.0447
026 1164 0.0446
026 762 0.0446
026 1100 0.0438
026 62 0.0436
026 1443 0.0436
026 1226 0.0434
026 246 0.0432
026 742 0.0431
026 1141 0.0430
026 1383 0.0430
026 1036 0.0427
026 446 0.0427
026 1133 0.0426
026 1052 0.0426
026 439 0.0425
026 1196 0.0425
026 1461 0.0424
026 1517 0.0424
026 251 0.0421
026 1181 0.0419
026 1339 0.0416
026 573 0.0415
026 42 0.0413
026 566 0.0413
026 873 0.0411
026 805 0.0410
026 379 0.0410
026 615 0.0409
026 411 0.0406
026 1010 0.0403
026 1009 0.0402
026 1478 0.0401
026 668 0.0400
026 760 0.0400
026 335 0.0399
026 625 0.0399
026 1093 0.0397
026 403 0.0397
026 799 0.0396
026 1048 0.0395
026 1147 0.0395
026 546 0.0390
026 107 0.0389
026 978 0.0385
026 1195 0.0382
026 612 0.0378
026 1331 0.0376
026 267 0.0372
026 329 0.0365
026 354 0.0365
026 181 0.0365
026 1319 0.0362
026 33 0.0361
026 635 0.0360
026 567 0.0358
026 1282 0.0357
026 1382 0.0357
026 969 0.0357
026 32 0.0356
026 774 0.0356
026 1581 0.0355
026 1408 0.0355
026 349 0.0352
026 212 0.0352
026 789 0.0348
026 757 0.0347
026 979 0.0343
026 1384 0.0343
026 661 0.0341
026 731 0.0337
026 1419 0.0335
026 371 0.0334
026 985 0.0334
026 1033 0.0333
026 747 0.0332
026 39 0.0332
026 1527 0.0332
026 1293 0.0332
026 444 0.0330
026 987 0.0330
026 1217 0.0328
026 437 0.0328
026 1320 0.0328
026 555 0.0327
026 526 0.0326
026 695 0.0325
026 432 0.0324
026 589 0.0324
026 1333 0.0323
026 600 0.0322
026 650 0.0320
026 256 0.0319
026 862 0.0315
026 517 0.0313
026 860 0.0312
026 852 0.0312
026 1407 0.0312
026 1332 0.0308
026 939 0.0307
026 730 0.0306
026 470 0.0304
026 122 0.0304
026 299 0.0302
026 1455 0.0302
026 1509 0.0300
026 1366 0.0296
026 1115 0.0295
026 1448 0.0295
026 1278 0.0293
026 14 0.0292
026 210 0.0288
026 896 0.0287
026 904 0.0286
026 673 0.0286
026 1050 0.0286
026 485 0.0285
026 972 0.0285
026 605 0.0283
026 1398 0.0282
026 487 0.0281
026 630 0.0280
026 24 0.0279
026 348 0.0279
026 531 0.0279
026 660 0.0279
026 802 0.0279
026 458 0.0278
026 1563 0.0278
026 1063 0.0277
026 503 0.0277
026 1420 0.0276
026 1070 0.0275
026 149 0.0272
026 715 0.0271
026 1012 0.0268
026 1470 0.0267
026 97 0.0267
026 995 0.0267
026 1469 0.0267
026 790 0.0265
026 504 0.0262
026 669 0.0262
026 1030 0.0259
026 43 0.0259
026 1536 0.0258
026 1140 0.0257
026 1330 0.0257
026 813 0.0255
026 1495 0.0252
026 1245 0.0252
026 946 0.0251
026 1297 0.0251
026 1355 0.0250
026 578 0.0249
026 739 0.0249
026 519 0.0249
026 200 0.0249
026 1459 0.0249
026 1479 0.0249
026 283 0.0247
026 1158 0.0247
026 1025 0.0245
026 129 0.0245
026 835 0.0243
026 1501 0.0243
026 118 0.0241
026 885 0.0239
026 717 0.0239
026 970 0.0238
026 1113 0.0237
026 438 0.0236
026 1409 0.0235
026 922 0.0235
026 1082 0.0235
026 811 0.0235
026 461 0.0235
026 292 0.0234
026 377 0.0233
026 592 0.0233
026 1088 0.0233
026 84 0.0232
026 1260 0.0232
026 1178 0.0230
026 222 0.0228
026 1175 0.0227
026 227 0.0227
026 632 0.0226
026 47 0.0226
026 253 0.0224
026 1427 0.0224
026 737 0.0224
026 1308 0.0222
026 467 0.0222
026 311 0.0221
026 741 0.0220
026 1361 0.0219
026 886 0.0218
026 502 0.0217
026 1054 0.0216
026 373 0.0215
026 854 0.0215
026 722 0.0213
026 1365 0.0213
026 577 0.0212
026 1316 0.0212
026 1360 0.0211
026 1097 0.0210
026 536 0.0210
026 507 0.0210
026 711 0.0209
026 1357 0.0209
026 1132 0.0207
026 1375 0.0206
026 919 0.0202
026 1393 0.0202
026 981 0.0201
026 1548 0.0201
026 1084 0.0201
026 1520 0.0200
026 641 0.0200
026 178 0.0199
026 691 0.0198
026 848 0.0198
026 194 0.0198
026 1428 0.0198
026 906 0.0197
026 867 0.0197
026 1065 0.0197
026 98 0.0197
026 1214 0.0197
026 257 0.0196
026 358 0.0196
026 1185 0.0196
026 847 0.0195
026 1234 0.0194
026 858 0.0194
026 1064 0.0190
026 1237 0.0190
026 268 0.0190
026 1205 0.0188
026 280 0.0187
026 1498 0.0187
026 587 0.0186
026 1356 0.0185
026 1524 0.0185
026 66 0.0184
026 106 0.0184
026 713 0.0183
026 486 0.0183
026 1183 0.0183
026 484 0.0183
026 825 0.0181
026 390 0.0181
026 1442 0.0180
026 451 0.0179
026 1104 0.0178
026 1522 0.0178
026 623 0.0177
026 614 0.0176
026 1192 0.0176
026 249 0.0176
026 648 0.0176
026 1554 0.0176
026 1334 0.0176
026 397 0.0175
026 1021 0.0175
026 380 0.0175
026 296 0.0175
026 1062 0.0174
026 1568 0.0174
026 93 0.0173
026 1354 0.0171
026 870 0.0170
026 817 0.0169
026 119 0.0169
026 465 0.0168
026 647 0.0168
026 187 0.0167
026 512 0.0167
026 1187 0.0166
026 148 0.0165
026 391 0.0165
026 272 0.0164
026 1131 0.0164
026 52 0.0163
026 751 0.0163
026 1418 0.0160
026 205 0.0160
026 915 0.0160
026 154 0.0158
026 169 0.0157
026 366 0.0157
026 1128 0.0156
026 1049 0.0156
026 331 0.0155
026 918 0.0154
026 748 0.0154
026 333 0.0153
026 601 0.0153
026 1240 0.0153
026 1546 0.0153
026 680 0.0152
026 1078 0.0152
026 709 0.0151
026 921 0.0151
026 1530 0.0151
026 1560 0.0150
026 189 0.0150
026 759 0.0149
026 196 0.0149
026 262 0.0149
026 627 0.0149
026 305 0.0149
026 139 0.0148
026 1211 0.0147
026 1284 0.0147
026 184 0.0147
026 878 0.0146
026 590 0.0146
026 1432 0.0145
026 897 0.0145
026 1362 0.0144
026 1511 0.0144
026 1001 0.0144
026 64 0.0144
026 1083 0.0143
026 1273 0.0143
026 1353 0.0143
026 1467 0.0142
026 628 0.0141
026 1410 0.0141
026 1358 0.0140
026 740 0.0140
026 108 0.0140
026 393 0.0140
026 1239 0.0140
026 1200 0.0140
026 138 0.0139
026 81 0.0137
026 992 0.0136
026 525 0.0136
026 1173 0.0136
026 707 0.0135
026 1386 0.0135
026 1454 0.0134
026 1207 0.0134
026 8 0.0133
026 784 0.0133
026 462 0.0131
026 1578 0.0131
026 704 0.0131
026 1508 0.0131
026 1456 0.0130
026 1224 0.0130
026 117 0.0130
026 395 0.0129
026 226 0.0129
026 1146 0.0129
026 214 0.0129
026 925 0.0129
026 322 0.0129
026 1402 0.0129
026 752 0.0128
026 1074 0.0128
026 636 0.0128
026 844 0.0127
026 464 0.0127
026 585 0.0127
026 964 0.0127
026 1222 0.0127
026 1471 0.0126
026 776 0.0126
026 806 0.0124
026 1474 0.0123
026 1203 0.0123
026 1034 0.0123
026 63 0.0123
026 137 0.0122
026 769 0.0122
026 1561 0.0120
026 449 0.0120
026 670 0.0120
026 287 0.0119
026 879 0.0119
026 1318 0.0119
026 1465 0.0118
026 1027 0.0118
026 937 0.0117
026 1000 0.0116
026 1575 0.0116
026 575 0.0116
026 91 0.0115
026 1555 0.0115
026 407 0.0114
026 2 0.0114
026 622 0.0113
026 663 0.0113
026 174 0.0112
026 336 0.0111
026 702 0.0111
026 340 0.0110
026 1371 0.0110
026 1209 0.0110
026 1225 0.0110
026 509 0.0110
026 1515 0.0109
026 968 0.0109
026 540 0.0108
026 1463 0.0108
026 289 0.0107
026 88 0.0107
026 1180 0.0107
026 516 0.0107
026 127 0.0107
026 657 0.0106
026 914 0.0106
026 1266 0.0105
026 1317 0.0105
026 1061 0.0105
026 1380 0.0104
026 440 0.0104
026 1533 0.0103
026 1020 0.0103
026 67 0.0103
026 414 0.0102
026 602 0.0102
026 846 0.0100
026 265 0.0099
026 1466 0.0099
026 247 0.0099
026 179 0.0099
026 866 0.0098
026 1309 0.0098
026 1091 0.0097
026 891 0.0097
026 418 0.0097
026 1307 0.0097
026 112 0.0095
026 537 0.0094
026 215 0.0094
026 374 0.0094
026 244 0.0094
026 716 0.0094
026 872 0.0093
026 597 0.0093
026 869 0.0093
026 560 0.0093
026 11 0.0093
026 1492 0.0092
026 155 0.0090
026 1395 0.0090
026 1246 0.0090
026 1150 0.0089
026 1076 0.0089
026 77 0.0087
026 1336 0.0087
026 823 0.0086
026 1328 0.0085
026 804 0.0085
026 1202 0.0084
026 1481 0.0084
026 772 0.0084
026 728 0.0083
026 420 0.0083
026 1008 0.0083
026 1092 0.0083
026 26 0.0083
026 309 0.0083
026 136 0.0082
026 581 0.0082
026 1485 0.0082
026 909 0.0082
026 871 0.0082
026 1216 0.0081
026 1483 0.0081
026 387 0.0080
026 435 0.0080
026 3 0.0080
026 565 0.0079
026 1299 0.0079
026 724 0.0079
026 863 0.0079
026 953 0.0079
026 346 0.0078
026 243 0.0076
026 1125 0.0076
026 428 0.0076
026 1422 0.0076
026 1562 0.0075
026 1255 0.0074
026 463 0.0074
026 65 0.0074
026 923 0.0074
026 672 0.0073
026 982 0.0073
026 842 0.0072
026 1451 0.0072
026 382 0.0071
026 773 0.0071
026 35 0.0071
026 406 0.0070
026 316 0.0069
026 161 0.0069
026 1583 0.0068
026 1304 0.0067
026 890 0.0067
026 607 0.0067
026 1349 0.0067
026 991 0.0067
026 618 0.0066
026 259 0.0066
026 1388 0.0066
026 721 0.0065
026 142 0.0065
026 1363 0.0065
026 692 0.0064
026 541 0.0064
026 213 0.0064
026 719 0.0064
026 1244 0.0063
026 310 0.0063
026 999 0.0063
026 662 0.0063
026 1411 0.0062
026 814 0.0062
026 314 0.0062
026 523 0.0062
026 518 0.0062
026 528 0.0061
026 1534 0.0061
026 965 0.0061
026 720 0.0061
026 427 0.0061
026 658 0.0061
026 489 0.0060
026 1444 0.0060
026 1396 0.0060
026 1116 0.0060
026 924 0.0060
026 750 0.0060
026 951 0.0059
026 434 0.0059
026 941 0.0058
026 109 0.0058
026 473 0.0058
026 1114 0.0058
026 584 0.0057
026 1087 0.0056
026 219 0.0056
026 599 0.0056
026 1161 0.0055
026 193 0.0055
026 58 0.0054
026 1037 0.0054
026 147 0.0054
026 619 0.0053
026 933 0.0053
026 763 0.0052
026 426 0.0052
026 761 0.0052
026 642 0.0052
026 1103 0.0052
026 736 0.0050
026 372 0.0050
026 1460 0.0049
026 912 0.0048
026 173 0.0048
026 1112 0.0048
026 1127 0.0048
026 1344 0.0047
026 1279 0.0047
026 798 0.0047
026 1096 0.0047
026 1350 0.0046
026 1210 0.0046
026 1122 0.0046
026 936 0.0046
026 820 0.0046
026 1233 0.0045
026 755 0.0045
026 87 0.0045
026 1289 0.0045
026 629 0.0045
026 1208 0.0045
026 422 0.0045
026 1415 0.0045
026 1387 0.0044
026 1506 0.0044
026 436 0.0044
026 361 0.0044
026 1047 0.0044
026 1373 0.0043
026 764 0.0043
026 836 0.0042
026 425 0.0042
026 1558 0.0042
026 1129 0.0041
026 350 0.0041
026 304 0.0041
026 1283 0.0041
026 60 0.0041
026 880 0.0041
026 1046 0.0040
026 1172 0.0040
026 1032 0.0040
026 753 0.0040
026 1329 0.0039
026 768 0.0039
026 466 0.0039
026 1235 0.0039
026 1477 0.0039
026 1374 0.0039
026 1148 0.0038
026 572 0.0038
026 1397 0.0038
026 734 0.0038
026 1118 0.0037
026 1370 0.0037
026 1142 0.0036
026 580 0.0035
026 1510 0.0035
026 1528 0.0035
026 533 0.0035
026 732 0.0035
026 317 0.0034
026 1089 0.0034
026 696 0.0034
026 1379 0.0034
026 248 0.0033
026 1271 0.0033
026 1193 0.0033
026 701 0.0032
026 46 0.0032
026 36 0.0032
026 681 0.0032
026 99 0.0031
026 1335 0.0031
026 558 0.0031
026 1045 0.0029
026 676 0.0029
026 1453 0.0029
026 78 0.0027
026 472 0.0027
026 1267 0.0027
026 1253 0.0027
026 1252 0.0026
026 857 0.0026
026 962 0.0026
026 114 0.0026
026 1007 0.0025
026 1542 0.0025
026 61 0.0025
026 216 0.0024
026 971 0.0024
026 1099 0.0024
027 1406 0.4190
027 1142 0.3059
027 1226 0.2819
027 1329 0.2814
027 1386 0.2663
027 1317 0.2286
027 611 0.2188
027 1567 0.2152
027 1396 0.2152
027 1096 0.1942
027 461 0.1842
027 925 0.1825
027 1278 0.1799
027 947 0.1786
027 742 0.1783
027 1093 0.1728
027 1032 0.1719
027 1000 0.1702
027 550 0.1693
027 1339 0.1660
027 906 0.1610
027 695 0.1606
027 1273 0.1604
027 331 0.1568
027 1012 0.1556
027 996 0.1554
027 549 0.1524
027 1054 0.1522
027 857 0.1447
027 484 0.1433
027 741 0.1428
027 597 0.1422
027 1147 0.1400
027 1036 0.1382
027 1141 0.1346
027 1030 0.1319
027 630 0.1310
027 629 0.1294
027 210 0.1286
027 1194 0.1263
027 1539 0.1245
027 1443 0.1241
027 1481 0.1229
027 1166 0.1208
027 425 0.1208
027 934 0.1204
027 392 0.1186
027 717 0.1162
027 942 0.1161
027 660 0.1134
027 970 0.1128
027 870 0.1102
027 969 0.1102
027 152 0.1094
027 985 0.1087
027 1370 0.1086
027 1049 0.1061
027 155 0.1056
027 842 0.1055
027 562 0.1046
027 631 0.1021
027 1441 0.1019
027 451 0.1003
027 1528 0.0997
027 163 0.0988
027 806 0.0973
027 536 0.0970
027 994 0.0969
027 1062 0.0968
027 342 0.0961
027 444 0.0941
027 1271 0.0933
027 669 0.0928
027 626 0.0924
027 986 0.0924
027 407 0.0898
027 1580 0.0897
027 1534 0.0896
027 576 0.0895
027 510 0.0881
027 504 0.0874
027 171 0.0872
027 1282 0.0865
027 1286 0.0864
027 676 0.0862
027 941 0.0849
027 88 0.0842
027 430 0.0832
027 790 0.0817
027 628 0.0816
027 795 0.0810
027 1159 0.0809
027 1056 0.0808
027 290 0.0808
027 138 0.0808
027 239 0.0804
027 799 0.0804
027 1464 0.0804
027 1457 0.0795
027 1037 0.0787
027 573 0.0771
027 52 0.0767
027 470 0.0759
027 1046 0.0755
027 642 0.0755
027 1077 0.0748
027 537 0.0741
027 952 0.0735
027 1154 0.0733
027 11 0.0726
027 1383 0.0720
027 190 0.0717
027 34 0.0715
027 1526 0.0711
027 438 0.0702
027 1123 0.0701
027 900 0.0695
027 656 0.0694
027 1344 0.0692
027 639 0.0689
027 1225 0.0686
027 1120 0.0683
027 1240 0.0681
027 92 0.0678
027 19 0.0677
027 1175 0.0675
027 1507 0.0674
027 325 0.0673
027 1371 0.0663
027 1063 0.0658
027 987 0.0657
027 1208 0.0657
027 309 0.0651
027 144 0.0648
027 480 0.0646
027 390 0.0642
027 817 0.0639
027 1290 0.0638
027 851 0.0637
027 1456 0.0635
027 371 0.0635
027 97 0.0634
027 1129 0.0632
027 1402 0.0626
027 1113 0.0624
027 1469 0.0617
027 866 0.0615
027 1558 0.0613
027 1540 0.0600
027 1422 0.0597
027 776 0.0592
027 469 0.0591
027 667 0.0591
027 984 0.0585
027 195 0.0584
027 284 0.0583
027 65 0.0583
027 1069 0.0582
027 913 0.0577
027 590 0.0573
027 1431 0.0570
027 673 0.0570
027 1476 0.0566
027 816 0.0566
027 257 0.0558
027 1285 0.0558
027 1513 0.0556
027 54 0.0554
027 945 0.0543
027 303 0.0543
027 139 0.0541
027 164 0.0532
027 614 0.0524
027 988 0.0524
027 82 0.0523
027 1523 0.0522
027 580 0.0519
027 293 0.0512
027 841 0.0510
027 732 0.0509
027 721 0.0509
027 1442 0.0509
027 338 0.0505
027 701 0.0493
027 794 0.0490
027 395 0.0490
027 1116 0.0488
027 1323 0.0488
027 1354 0.0486
027 479 0.0485
027 1461 0.0480
027 396 0.0478
027 1100 0.0471
027 837 0.0471
027 62 0.0470
027 1378 0.0470
027 682 0.0468
027 1426 0.0468
027 246 0.0466
027 446 0.0460
027 1048 0.0459
027 918 0.0459
027 439 0.0458
027 29 0.0457
027 251 0.0454
027 948 0.0449
027 805 0.0442
027 379 0.0441
027 230 0.0437
027 1532 0.0437
027 1514 0.0434
027 1009 0.0433
027 1478 0.0432
027 335 0.0430
027 217 0.0429
027 1486 0.0425
027 207 0.0419
027 6 0.0417
027 978 0.0415
027 1117 0.0414
027 1541 0.0414
027 1195 0.0411
027 1394 0.0406
027 307 0.0405
027 1301 0.0405
027 824 0.0405
027 1331 0.0405
027 1209 0.0403
027 267 0.0401
027 877 0.0400
027 1334 0.0400
027 1261 0.0398
027 1109 0.0397
027 962 0.0396
027 905 0.0396
027 1205 0.0395
027 1342 0.0393
027 1319 0.0390
027 635 0.0388
027 1008 0.0384
027 1382 0.0384
027 1262 0.0384
027 1581 0.0383
027 1408 0.0382
027 191 0.0382
027 702 0.0382
027 136 0.0380
027 212 0.0379
027 114 0.0377
027 603 0.0377
027 789 0.0375
027 705 0.0373
027 979 0.0369
027 1384 0.0369
027 579 0.0369
027 661 0.0368
027 1333 0.0368
027 731 0.0363
027 1419 0.0361
027 1033 0.0358
027 559 0.0358
027 39 0.0358
027 971 0.0356
027 651 0.0356
027 1047 0.0355
027 1217 0.0354
027 1190 0.0352
027 555 0.0352
027 526 0.0351
027 432 0.0350
027 589 0.0349
027 764 0.0349
027 600 0.0347
027 256 0.0344
027 1028 0.0344
027 91 0.0343
027 862 0.0339
027 1407 0.0336
027 60 0.0335
027 880 0.0334
027 939 0.0331
027 730 0.0330
027 773 0.0330
027 122 0.0328
027 299 0.0326
027 192 0.0324
027 768 0.0318
027 1115 0.0318
027 1066 0.0316
027 14 0.0315
027 344 0.0314
027 917 0.0314
027 734 0.0308
027 1050 0.0308
027 972 0.0307
027 605 0.0305
027 1398 0.0304
027 487 0.0303
027 785 0.0303
027 74 0.0302
027 348 0.0300
027 802 0.0300
027 458 0.0300
027 503 0.0298
027 1420 0.0297
027 1070 0.0296
027 977 0.0295
027 89 0.0294
027 149 0.0293
027 995 0.0288
027 412 0.0287
027 1281 0.0286
027 1016 0.0285
027 922 0.0280
027 43 0.0279
027 1536 0.0278
027 963 0.0278
027 548 0.0278
027 1140 0.0277
027 1330 0.0276
027 326 0.0276
027 696 0.0276
027 813 0.0275
027 1088 0.0273
027 1495 0.0272
027 1245 0.0272
027 946 0.0271
027 1297 0.0270
027 1355 0.0269
027 578 0.0269
027 739 0.0269
027 519 0.0269
027 200 0.0268
027 1459 0.0268
027 1479 0.0268
027 1162 0.0268
027 283 0.0266
027 1158 0.0266
027 129 0.0264
027 508 0.0263
027 835 0.0262
027 1501 0.0262
027 118 0.0260
027 1326 0.0259
027 885 0.0258
027 616 0.0253
027 1153 0.0253
027 1082 0.0253
027 811 0.0253
027 292 0.0252
027 377 0.0251
027 592 0.0251
027 84 0.0250
027 1260 0.0249
027 1178 0.0248
027 619 0.0246
027 227 0.0244
027 632 0.0244
027 47 0.0243
027 253 0.0242
027 737 0.0241
027 467 0.0239
027 311 0.0238
027 107 0.0237
027 1361 0.0236
027 1179 0.0235
027 700 0.0235
027 886 0.0234
027 502 0.0234
027 668 0.0233
027 373 0.0232
027 854 0.0232
027 1365 0.0230
027 577 0.0229
027 1360 0.0227
027 1097 0.0227
027 507 0.0226
027 711 0.0225
027 1357 0.0225
027 1517 0.0224
027 1132 0.0223
027 1375 0.0222
027 472 0.0222
027 566 0.0221
027 1263 0.0220
027 924 0.0219
027 919 0.0218
027 1393 0.0218
027 1058 0.0217
027 981 0.0217
027 1548 0.0216
027 1084 0.0216
027 1520 0.0215
027 641 0.0215
027 178 0.0215
027 983 0.0215
027 691 0.0214
027 848 0.0213
027 194 0.0213
027 873 0.0212
027 867 0.0212
027 1065 0.0212
027 98 0.0212
027 1214 0.0212
027 760 0.0212
027 1185 0.0211
027 847 0.0210
027 1234 0.0210
027 858 0.0209
027 271 0.0208
027 1184 0.0205
027 1237 0.0205
027 268 0.0205
027 266 0.0204
027 280 0.0202
027 1498 0.0201
027 587 0.0201
027 1007 0.0200
027 216 0.0199
027 66 0.0198
027 106 0.0198
027 713 0.0197
027 1099 0.0197
027 486 0.0197
027 1183 0.0197
027 591 0.0195
027 612 0.0195
027 825 0.0195
027 1104 0.0192
027 1522 0.0192
027 949 0.0191
027 623 0.0191
027 1192 0.0190
027 249 0.0190
027 648 0.0190
027 1554 0.0190
027 397 0.0189
027 1021 0.0189
027 380 0.0188
027 296 0.0188
027 1568 0.0187
027 674 0.0186
027 93 0.0186
027 162 0.0183
027 119 0.0182
027 465 0.0181
027 647 0.0181
027 187 0.0180
027 512 0.0180
027 1187 0.0179
027 4 0.0178
027 148 0.0178
027 391 0.0177
027 272 0.0177
027 1131 0.0176
027 751 0.0176
027 625 0.0173
027 1418 0.0173
027 205 0.0173
027 915 0.0172
027 1303 0.0170
027 443 0.0170
027 154 0.0170
027 169 0.0169
027 366 0.0169
027 1128 0.0168
027 748 0.0166
027 333 0.0165
027 601 0.0165
027 1546 0.0164
027 20 0.0164
027 680 0.0164
027 1078 0.0164
027 898 0.0164
027 1494 0.0163
027 709 0.0163
027 921 0.0163
027 1530 0.0163
027 1560 0.0162
027 189 0.0161
027 759 0.0161
027 196 0.0161
027 852 0.0161
027 262 0.0161
027 627 0.0161
027 305 0.0160
027 1211 0.0159
027 1417 0.0159
027 329 0.0158
027 1284 0.0158
027 184 0.0158
027 878 0.0157
027 1294 0.0157
027 1432 0.0156
027 897 0.0156
027 1362 0.0156
027 744 0.0155
027 1511 0.0155
027 567 0.0155
027 1001 0.0155
027 64 0.0155
027 961 0.0155
027 1083 0.0154
027 1353 0.0154
027 1467 0.0153
027 1410 0.0152
027 1358 0.0151
027 740 0.0151
027 108 0.0151
027 393 0.0151
027 1239 0.0151
027 1200 0.0150
027 339 0.0148
027 81 0.0147
027 992 0.0147
027 525 0.0147
027 1173 0.0146
027 1454 0.0145
027 1207 0.0145
027 1133 0.0145
027 8 0.0143
027 784 0.0143
027 462 0.0142
027 1578 0.0142
027 704 0.0141
027 1508 0.0141
027 1224 0.0140
027 117 0.0140
027 226 0.0139
027 1146 0.0139
027 214 0.0139
027 322 0.0138
027 767 0.0138
027 752 0.0138
027 1470 0.0138
027 1074 0.0138
027 636 0.0137
027 844 0.0137
027 464 0.0137
027 585 0.0137
027 964 0.0137
027 1222 0.0137
027 1471 0.0136
027 1474 0.0133
027 1203 0.0132
027 63 0.0132
027 137 0.0132
027 1057 0.0131
027 769 0.0131
027 1561 0.0130
027 449 0.0130
027 670 0.0129
027 287 0.0129
027 879 0.0129
027 1318 0.0128
027 1348 0.0128
027 1465 0.0127
027 1027 0.0127
027 937 0.0126
027 1575 0.0125
027 575 0.0125
027 1555 0.0123
027 1270 0.0123
027 2 0.0123
027 1313 0.0123
027 1170 0.0122
027 622 0.0122
027 663 0.0122
027 174 0.0120
027 336 0.0120
027 468 0.0119
027 340 0.0119
027 509 0.0118
027 1515 0.0117
027 968 0.0117
027 540 0.0117
027 1463 0.0116
027 289 0.0116
027 1180 0.0115
027 516 0.0115
027 127 0.0115
027 657 0.0115
027 914 0.0114
027 1266 0.0114
027 747 0.0113
027 1061 0.0113
027 1380 0.0112
027 440 0.0112
027 1533 0.0111
027 1020 0.0111
027 67 0.0111
027 38 0.0110
027 411 0.0110
027 414 0.0110
027 602 0.0110
027 846 0.0108
027 1287 0.0108
027 1176 0.0107
027 265 0.0107
027 1466 0.0107
027 247 0.0107
027 179 0.0107
027 1309 0.0106
027 546 0.0106
027 1091 0.0105
027 891 0.0105
027 418 0.0105
027 1307 0.0104
027 896 0.0104
027 485 0.0103
027 112 0.0103
027 786 0.0102
027 215 0.0101
027 374 0.0101
027 244 0.0101
027 716 0.0101
027 312 0.0101
027 872 0.0101
027 90 0.0100
027 1563 0.0100
027 869 0.0100
027 560 0.0100
027 1492 0.0099
027 960 0.0098
027 904 0.0097
027 1395 0.0097
027 1246 0.0097
027 1150 0.0096
027 1076 0.0096
027 77 0.0094
027 1336 0.0093
027 823 0.0093
027 492 0.0092
027 1328 0.0092
027 804 0.0092
027 1202 0.0091
027 772 0.0090
027 49 0.0090
027 728 0.0090
027 420 0.0090
027 1092 0.0090
027 26 0.0090
027 581 0.0089
027 1485 0.0089
027 909 0.0088
027 871 0.0088
027 1216 0.0088
027 1483 0.0087
027 387 0.0086
027 435 0.0086
027 3 0.0086
027 565 0.0086
027 1299 0.0085
027 724 0.0085
027 863 0.0085
027 953 0.0085
027 167 0.0085
027 330 0.0084
027 346 0.0084
027 243 0.0082
027 1125 0.0082
027 428 0.0082
027 1288 0.0082
027 1562 0.0081
027 1255 0.0080
027 463 0.0080
027 1409 0.0080
027 923 0.0080
027 672 0.0079
027 982 0.0078
027 1451 0.0078
027 382 0.0077
027 35 0.0076
027 416 0.0076
027 1308 0.0075
027 406 0.0075
027 316 0.0074
027 161 0.0074
027 1583 0.0074
027 1304 0.0072
027 890 0.0072
027 607 0.0072
027 1349 0.0072
027 991 0.0072
027 618 0.0072
027 259 0.0071
027 1388 0.0071
027 142 0.0070
027 1363 0.0070
027 692 0.0069
027 541 0.0069
027 213 0.0069
027 719 0.0068
027 1244 0.0068
027 310 0.0068
027 999 0.0068
027 662 0.0067
027 1411 0.0067
027 814 0.0067
027 314 0.0067
027 523 0.0067
027 518 0.0067
027 528 0.0066
027 1052 0.0066
027 965 0.0066
027 720 0.0066
027 427 0.0066
027 658 0.0065
027 489 0.0065
027 431 0.0065
027 1444 0.0065
027 1421 0.0065
027 750 0.0064
027 951 0.0064
027 434 0.0063
027 109 0.0062
027 473 0.0062
027 1114 0.0062
027 584 0.0062
027 797 0.0062
027 1087 0.0061
027 219 0.0061
027 599 0.0061
027 447 0.0060
027 1161 0.0059
027 193 0.0059
027 58 0.0058
027 147 0.0058
027 933 0.0057
027 448 0.0057
027 763 0.0056
027 426 0.0056
027 761 0.0056
027 1103 0.0056
027 774 0.0055
027 321 0.0055
027 349 0.0055
027 736 0.0054
027 372 0.0054
027 1247 0.0053
027 1460 0.0053
027 1292 0.0053
027 912 0.0052
027 173 0.0051
027 1112 0.0051
027 1127 0.0051
027 1279 0.0051
027 798 0.0050
027 1350 0.0050
027 1210 0.0050
027 650 0.0050
027 1122 0.0049
027 936 0.0049
027 820 0.0049
027 1233 0.0049
027 1346 0.0049
027 755 0.0049
027 87 0.0049
027 1289 0.0049
027 422 0.0048
027 1415 0.0048
027 1387 0.0048
027 1506 0.0048
027 436 0.0048
027 361 0.0047
027 1373 0.0046
027 836 0.0045
027 350 0.0045
027 304 0.0045
027 1283 0.0044
027 1172 0.0043
027 753 0.0043
027 466 0.0042
027 1235 0.0042
027 1477 0.0042
027 1374 0.0042
027 845 0.0042
027 1148 0.0041
027 572 0.0041
027 1397 0.0041
027 1118 0.0040
027 1510 0.0038
027 533 0.0038
027 317 0.0037
027 1089 0.0037
027 1379 0.0036
027 248 0.0036
027 1193 0.0035
027 222 0.0035
027 46 0.0035
027 36 0.0034
027 681 0.0034
027 99 0.0034
027 1335 0.0033
027 558 0.0033
027 1045 0.0032
027 1453 0.0031
027 437 0.0030
027 78 0.0030
027 1267 0.0029
027 1253 0.0029
027 1252 0.0029
027 1542 0.0026
027 61 0.0026
028 1270 0.5777
028 1425 0.5235
028 581 0.4036
028 1216 0.3580
028 587 0.3067
028 1358 0.2973
028 304 0.2927
028 1305 0.2826
028 869 0.2812
028 978 0.2722
028 1372 0.2700
028 1356 0.2478
028 523 0.2256
028 68 0.2134
028 1519 0.2096
028 1053 0.2075
028 131 0.2061
028 609 0.2031
028 753 0.1955
028 1173 0.1805
028 721 0.1649
028 1543 0.1594
028 915 0.1520
028 1023 0.1381
028 58 0.1274
028 670 0.1264
028 1307 0.1141
028 1433 0.1136
028 1431 0.1013
028 700 0.0904
028 707 0.0870
028 532 0.0789
028 1513 0.0788
028 1085 0.0778
028 173 0.0735
028 191 0.0734
028 987 0.0730
028 624 0.0672
028 1315 0.0672
028 337 0.0669
028 945 0.0664
028 1436 0.0664
028 355 0.0659
028 1458 0.0639
028 1520 0.0638
028 639 0.0617
028 785 0.0607
028 1376 0.0589
028 998 0.0584
028 466 0.0583
028 383 0.0582
028 1309 0.0579
028 66 0.0576
028 88 0.0574
028 1192 0.0560
028 426 0.0558
028 934 0.0551
028 776 0.0541
028 309 0.0533
028 1386 0.0530
028 1057 0.0521
028 699 0.0513
028 623 0.0507
028 970 0.0493
028 1370 0.0492
028 1553 0.0483
028 994 0.0477
028 924 0.0469
028 1523 0.0462
028 147 0.0460
028 54 0.0455
028 155 0.0451
028 346 0.0443
028 763 0.0439
028 1054 0.0438
028 1459 0.0436
028 360 0.0431
028 1476 0.0429
028 533 0.0403
028 189 0.0401
028 870 0.0400
028 69 0.0400
028 997 0.0399
028 1035 0.0393
028 720 0.0393
028 591 0.0388
028 1236 0.0378
028 682 0.0378
028 559 0.0376
028 1232 0.0372
028 491 0.0371
028 1101 0.0365
028 668 0.0364
028 61 0.0363
028 163 0.0359
028 369 0.0355
028 1013 0.0355
028 518 0.0352
028 528 0.0351
028 181 0.0350
028 1534 0.0350
028 515 0.0348
028 1009 0.0345
028 999 0.0344
028 1339 0.0334
028 395 0.0332
028 417 0.0332
028 918 0.0330
028 439 0.0325
028 1288 0.0324
028 1022 0.0323
028 657 0.0313
028 73 0.0312
028 1001 0.0308
028 473 0.0308
028 1284 0.0307
028 1419 0.0307
028 184 0.0307
028 1273 0.0306
028 933 0.0304
028 295 0.0303
028 632 0.0301
028 392 0.0301
028 1334 0.0298
028 468 0.0295
028 1122 0.0294
028 638 0.0291
028 1089 0.0291
028 947 0.0291
028 514 0.0290
028 40 0.0286
028 196 0.0284
028 1451 0.0283
028 935 0.0278
028 398 0.0275
028 637 0.0275
028 984 0.0273
028 964 0.0272
028 41 0.0269
028 588 0.0267
028 1469 0.0266
028 1019 0.0265
028 162 0.0260
028 904 0.0259
028 1295 0.0259
028 287 0.0255
028 1160 0.0254
028 1150 0.0254
028 1138 0.0254
028 233 0.0250
028 271 0.0248
028 1030 0.0247
028 37 0.0246
028 621 0.0246
028 868 0.0245
028 113 0.0245
028 806 0.0243
028 524 0.0242
028 83 0.0240
028 547 0.0239
028 340 0.0236
028 1482 0.0234
028 968 0.0233
028 722 0.0230
028 1365 0.0228
028 1303 0.0226
028 1352 0.0224
028 737 0.0223
028 67 0.0220
028 775 0.0219
028 1117 0.0218
028 695 0.0216
028 358 0.0212
028 741 0.0210
028 122 0.0205
028 341 0.0205
028 676 0.0204
028 537 0.0202
028 538 0.0200
028 732 0.0199
028 273 0.0199
028 31 0.0197
028 575 0.0196
028 715 0.0195
028 1406 0.0194
028 367 0.0192
028 210 0.0192
028 63 0.0191
028 124 0.0190
028 1331 0.0190
028 1116 0.0190
028 979 0.0190
028 1522 0.0190
028 1328 0.0189
028 1271 0.0189
028 1041 0.0184
028 161 0.0183
028 908 0.0182
028 1240 0.0182
028 77 0.0182
028 1210 0.0181
028 425 0.0180
028 728 0.0178
028 630 0.0178
028 889 0.0177
028 641 0.0177
028 1576 0.0176
028 594 0.0176
028 824 0.0176
028 1322 0.0176
028 1142 0.0172
028 1225 0.0172
028 95 0.0167
028 939 0.0164
028 814 0.0164
028 565 0.0164
028 274 0.0163
028 1227 0.0162
028 835 0.0162
028 391 0.0162
028 888 0.0161
028 474 0.0161
028 1123 0.0161
028 1348 0.0160
028 830 0.0160
028 1529 0.0160
028 1549 0.0159
028 577 0.0159
028 1165 0.0158
028 923 0.0158
028 266 0.0157
028 1159 0.0157
028 1292 0.0157
028 1398 0.0156
028 335 0.0155
028 589 0.0155
028 842 0.0154
028 858 0.0151
028 357 0.0150
028 663 0.0150
028 416 0.0150
028 284 0.0150
028 600 0.0150
028 1136 0.0150
028 217 0.0149
028 42 0.0149
028 1084 0.0148
028 72 0.0148
028 114 0.0147
028 961 0.0146
028 1191 0.0146
028 1029 0.0144
028 488 0.0143
028 810 0.0143
028 1181 0.0142
028 242 0.0142
028 507 0.0142
028 1388 0.0140
028 517 0.0140
028 216 0.0140
028 1034 0.0138
028 504 0.0138
028 831 0.0137
028 742 0.0137
028 694 0.0137
028 384 0.0136
028 907 0.0135
028 1162 0.0134
028 1407 0.0133
028 799 0.0133
028 1287 0.0133
028 677 0.0133
028 1517 0.0132
028 301 0.0132
028 1448 0.0132
028 1317 0.0132
028 1012 0.0132
028 801 0.0131
028 1452 0.0131
028 769 0.0131
028 654 0.0131
028 1319 0.0130
028 1357 0.0130
028 1071 0.0130
028 1318 0.0128
028 454 0.0128
028 451 0.0128
028 761 0.0128
028 1478 0.0127
028 919 0.0127
028 214 0.0126
028 1512 0.0126
028 317 0.0126
028 1083 0.0125
028 628 0.0125
028 531 0.0125
028 626 0.0125
028 563 0.0125
028 1010 0.0123
028 1114 0.0123
028 169 0.0123
028 973 0.0123
028 1229 0.0123
028 1182 0.0122
028 372 0.0122
028 107 0.0122
028 783 0.0122
028 351 0.0121
028 1169 0.0121
028 599 0.0120
028 460 0.0120
028 1460 0.0120
028 388 0.0120
028 1274 0.0120
028 1040 0.0120
028 1400 0.0119
028 680 0.0119
028 1132 0.0119
028 666 0.0118
028 1344 0.0116
028 1037 0.0115
028 768 0.0115
028 738 0.0115
028 914 0.0114
028 1299 0.0114
028 1495 0.0113
028 1430 0.0112
028 1145 0.0112
028 857 0.0112
028 424 0.0112
028 1518 0.0112
028 683 0.0112
028 1353 0.0112
028 734 0.0111
028 1360 0.0111
028 859 0.0111
028 47 0.0111
028 556 0.0111
028 1128 0.0110
028 774 0.0110
028 321 0.0110
028 411 0.0109
028 414 0.0109
028 1420 0.0109
028 1351 0.0109
028 832 0.0109
028 1540 0.0109
028 1509 0.0108
028 672 0.0108
028 811 0.0108
028 878 0.0107
028 339 0.0107
028 1560 0.0107
028 483 0.0107
028 1453 0.0106
028 696 0.0106
028 1066 0.0105
028 1212 0.0104
028 860 0.0103
028 759 0.0103
028 711 0.0102
028 1007 0.0102
028 368 0.0101
028 290 0.0101
028 485 0.0100
028 487 0.0100
028 955 0.0100
028 108 0.0100
028 990 0.0100
028 743 0.0100
028 560 0.0099
028 1281 0.0099
028 1020 0.0099
028 25 0.0099
028 336 0.0099
028 675 0.0099
028 1070 0.0098
028 821 0.0098
028 82 0.0098
028 1121 0.0098
028 208 0.0097
028 1144 0.0097
028 1335 0.0096
028 1252 0.0096
028 1091 0.0095
028 1051 0.0094
028 862 0.0093
028 432 0.0093
028 464 0.0091
028 94 0.0091
028 1514 0.0090
028 836 0.0090
028 1558 0.0090
028 489 0.0089
028 1259 0.0089
028 248 0.0088
028 1283 0.0088
028 818 0.0088
028 60 0.0088
028 789 0.0088
028 1368 0.0088
028 1174 0.0088
028 1494 0.0087
028 402 0.0087
028 576 0.0086
028 1031 0.0086
028 505 0.0085
028 813 0.0084
028 661 0.0084
028 330 0.0084
028 378 0.0084
028 1464 0.0084
028 381 0.0083
028 371 0.0082
028 1143 0.0082
028 1564 0.0082
028 1546 0.0082
028 1527 0.0082
028 1380 0.0081
028 164 0.0080
028 1076 0.0080
028 851 0.0080
028 956 0.0080
028 658 0.0080
028 1075 0.0079
028 1479 0.0079
028 920 0.0079
028 1209 0.0079
028 1503 0.0079
028 1298 0.0079
028 1245 0.0078
028 1028 0.0078
028 334 0.0078
028 1440 0.0077
028 953 0.0077
028 1466 0.0077
028 1383 0.0077
028 347 0.0075
028 1280 0.0074
028 324 0.0074
028 586 0.0073
028 1219 0.0073
028 1537 0.0073
028 1105 0.0073
028 269 0.0072
028 1454 0.0072
028 787 0.0071
028 963 0.0070
028 255 0.0070
028 1198 0.0070
028 230 0.0069
028 1074 0.0069
028 714 0.0068
028 513 0.0068
028 325 0.0068
028 1402 0.0068
028 99 0.0067
028 911 0.0067
028 1134 0.0067
028 1474 0.0066
028 1484 0.0066
028 422 0.0066
028 1545 0.0066
028 991 0.0065
028 1254 0.0065
028 887 0.0065
028 1485 0.0064
028 909 0.0064
028 1447 0.0064
028 1206 0.0063
028 717 0.0063
028 1077 0.0062
028 687 0.0062
028 1342 0.0062
028 1442 0.0062
028 1394 0.0061
028 1129 0.0061
028 592 0.0061
028 453 0.0061
028 1332 0.0061
028 1410 0.0060
028 1566 0.0060
028 228 0.0060
028 1239 0.0060
028 1141 0.0059
028 1413 0.0059
028 443 0.0059
028 205 0.0059
028 32 0.0059
028 803 0.0058
028 1463 0.0058
028 534 0.0058
028 1205 0.0058
028 660 0.0058
028 745 0.0058
028 1541 0.0057
028 910 0.0057
028 394 0.0057
028 1267 0.0057
028 252 0.0056
028 1256 0.0056
028 622 0.0055
028 1427 0.0055
028 748 0.0055
028 1152 0.0055
028 1393 0.0054
028 1548 0.0054
028 771 0.0054
028 1260 0.0053
028 1258 0.0052
028 603 0.0052
028 254 0.0052
028 691 0.0051
028 410 0.0050
028 602 0.0050
028 529 0.0050
028 110 0.0049
028 843 0.0049
028 81 0.0049
028 157 0.0048
028 1199 0.0048
028 97 0.0048
028 1340 0.0048
028 894 0.0048
028 1547 0.0047
028 1385 0.0047
028 1507 0.0047
028 1204 0.0046
028 1279 0.0046
028 476 0.0046
028 240 0.0045
028 1277 0.0045
028 1156 0.0044
028 871 0.0044
028 28 0.0044
028 917 0.0043
028 1047 0.0043
028 671 0.0043
028 823 0.0042
028 1468 0.0042
028 795 0.0042
028 1005 0.0042
028 326 0.0042
028 1251 0.0042
028 828 0.0042
028 877 0.0042
028 1471 0.0041
028 1067 0.0041
028 1384 0.0041
028 420 0.0041
028 1429 0.0041
028 1220 0.0040
028 727 0.0040
028 1164 0.0040
028 1203 0.0040
028 913 0.0040
028 472 0.0040
028 850 0.0040
028 412 0.0040
028 1371 0.0039
028 158 0.0039
028 62 0.0039
028 1253 0.0039
028 685 0.0039
028 604 0.0038
028 1003 0.0038
028 815 0.0038
028 1570 0.0037
028 1118 0.0037
028 929 0.0037
028 777 0.0037
028 746 0.0036
028 1211 0.0036
028 496 0.0036
028 1218 0.0036
028 408 0.0036
028 839 0.0035
028 1014 0.0035
028 1539 0.0035
028 1359 0.0035
028 1349 0.0033
028 846 0.0033
028 822 0.0033
028 853 0.0032
028 1079 0.0032
028 1073 0.0032
028 648 0.0032
028 752 0.0031
028 1119 0.0031
028 993 0.0031
028 213 0.0031
028 1221 0.0031
028 1336 0.0031
028 1257 0.0031
028 1524 0.0030
028 975 0.0030
028 1175 0.0030
028 308 0.0030
028 1155 0.0029
028 951 0.0029
028 1483 0.0029
028 876 0.0028
028 782 0.0028
028 235 0.0028
028 1060 0.0028
028 883 0.0028
028 1087 0.0028
028 511 0.0028
028 652 0.0027
028 457 0.0027
028 952 0.0027
028 182 0.0026
028 1324 0.0026
028 1262 0.0026
028 739 0.0026
028 536 0.0026
028 1223 0.0025
028 1536 0.0025
028 886 0.0025
028 598 0.0025
028 413 0.0025
028 617 0.0025
028 1048 0.0025
028 1391 0.0025
028 1058 0.0025
028 291 0.0025
028 1502 0.0025
028 736 0.0025
028 1355 0.0024
028 525 0.0024
028 471 0.0024
028 791 0.0024
028 827 0.0024
028 614 0.0023
028 1069 0.0023
028 706 0.0023
028 1557 0.0023
028 379 0.0023
028 1446 0.0022
028 903 0.0022
028 928 0.0022
028 452 0.0021
028 726 0.0021
028 1325 0.0021
028 100 0.0020
028 867 0.0020
028 1571 0.0020
028 527 0.0020
028 1489 0.0020
028 71 0.0020
028 980 0.0020
028 435 0.0020
028 922 0.0019
028 289 0.0019
028 1414 0.0019
028 1235 0.0019
028 1525 0.0019
028 1511 0.0019
028 1276 0.0019
028 845 0.0019
028 959 0.0019
028 1521 0.0019
028 1006 0.0019
028 1255 0.0018
028 145 0.0018
028 673 0.0018
028 1361 0.0018
028 967 0.0018
028 1176 0.0018
028 982 0.0018
028 1538 0.0018
028 1214 0.0018
028 866 0.0018
028 773 0.0018
028 1338 0.0017
028 651 0.0017
028 580 0.0017
028 723 0.0017
028 1456 0.0017
028 1224 0.0017
028 112 0.0017
028 942 0.0017
028 1426 0.0017
028 786 0.0017
028 1090 0.0017
028 1183 0.0016
028 179 0.0016
028 893 0.0016
028 1163 0.0016
028 521 0.0016
028 53 0.0016
028 659 0.0016
028 896 0.0016
028 829 0.0015
028 1369 0.0015
028 1301 0.0015
028 1556 0.0014
028 613 0.0014
028 1505 0.0014
028 1449 0.0013
028 1099 0.0012
028 863 0.0010
028 1302 0.0010
029 1430 0.2592
029 1338 0.2296
029 1127 0.1807
029 726 0.1740
029 1213 0.1636
029 849 0.1634
029 371 0.1478
029 1496 0.1445
029 891 0.1392
029 1170 0.1351
029 1220 0.1341
029 824 0.1247
029 575 0.1172
029 1210 0.1141
029 664 0.1116
029 1234 0.1084
029 589 0.1073
029 453 0.1065
029 1006 0.1054
029 514 0.1048
029 154 0.1041
029 400 0.1031
029 743 0.1000
029 769 0.0986
029 871 0.0940
029 541 0.0935
029 1343 0.0931
029 1104 0.0929
029 1517 0.0925
029 218 0.0916
029 1573 0.0902
029 603 0.0888
029 495 0.0828
029 372 0.0828
029 802 0.0823
029 1311 0.0809
029 23 0.0803
029 685 0.0798
029 846 0.0794
029 1420 0.0794
029 80 0.0769
029 809 0.0767
029 1060 0.0763
029 242 0.0746
029 1105 0.0735
029 1071 0.0727
029 214 0.0724
029 1527 0.0716
029 859 0.0712
029 1328 0.0711
029 398 0.0696
029 611 0.0695
029 181 0.0692
029 300 0.0689
029 1136 0.0678
029 905 0.0671
029 225 0.0670
029 1140 0.0669
029 734 0.0667
029 213 0.0663
029 1019 0.0661
029 162 0.0661
029 1156 0.0659
029 48 0.0649
029 598 0.0648
029 1017 0.0648
029 380 0.0645
029 237 0.0636
029 1162 0.0634
029 644 0.0616
029 894 0.0615
029 999 0.0615
029 1040 0.0614
029 1077 0.0605
029 599 0.0602
029 302 0.0601
029 775 0.0601
029 1315 0.0601
029 1224 0.0600
029 1552 0.0594
029 917 0.0594
029 1112 0.0592
029 879 0.0589
029 911 0.0584
029 1504 0.0581
029 831 0.0581
029 59 0.0572
029 460 0.0569
029 688 0.0568
029 1009 0.0566
029 952 0.0565
029 1084 0.0562
029 155 0.0561
029 967 0.0560
029 568 0.0558
029 219 0.0545
029 7 0.0542
029 681 0.0535
029 458 0.0533
029 1004 0.0532
029 945 0.0528
029 1580 0.0527
029 768 0.0527
029 902 0.0510
029 166 0.0509
029 168 0.0509
029 1415 0.0502
029 1421 0.0501
029 659 0.0500
029 1026 0.0498
029 637 0.0491
029 706 0.0490
029 924 0.0488
029 544 0.0485
029 583 0.0482
029 1114 0.0480
029 1429 0.0478
029 1303 0.0478
029 1359 0.0477
029 1371 0.0473
029 1458 0.0472
029 960 0.0468
029 77 0.0468
029 278 0.0464
029 1138 0.0463
029 714 0.0461
029 1344 0.0457
029 919 0.0457
029 717 0.0453
029 1203 0.0452
029 347 0.0450
029 254 0.0449
029 1495 0.0446
029 104 0.0444
029 1336 0.0444
029 953 0.0443
029 888 0.0443
029 246 0.0442
029 97 0.0437
029 1549 0.0436
029 1448 0.0436
029 1031 0.0435
029 1186 0.0435
029 989 0.0434
029 1258 0.0433
029 1182 0.0430
029 1397 0.0428
029 489 0.0421
029 1199 0.0421
029 1259 0.0421
029 586 0.0420
029 1181 0.0418
029 1122 0.0415
029 216 0.0414
029 1547 0.0409
029 887 0.0408
029 1081 0.0404
029 236 0.0404
029 1160 0.0404
029 65 0.0402
029 1394 0.0401
029 1051 0.0400
029 1085 0.0399
029 323 0.0398
029 1464 0.0396
029 990 0.0392
029 810 0.0391
029 235 0.0389
029 1095 0.0383
029 934 0.0380
029 1368 0.0372
029 907 0.0371
029 580 0.0370
029 1511 0.0369
029 1072 0.0367
029 1500 0.0365
029 677 0.0364
029 877 0.0363
029 1317 0.0361
029 1012 0.0361
029 570 0.0360
029 1355 0.0360
029 801 0.0360
029 540 0.0360
029 723 0.0360
029 1024 0.0358
029 739 0.0356
029 1319 0.0356
029 1357 0.0355
029 1207 0.0354
029 1053 0.0354
029 727 0.0351
029 1318 0.0351
029 1426 0.0351
029 1324 0.0351
029 471 0.0351
029 1347 0.0350
029 324 0.0350
029 693 0.0350
029 761 0.0350
029 1554 0.0349
029 91 0.0349
029 412 0.0347
029 486 0.0345
029 830 0.0344
029 1039 0.0342
029 1294 0.0342
029 62 0.0342
029 455 0.0341
029 563 0.0341
029 189 0.0340
029 985 0.0337
029 973 0.0337
029 490 0.0335
029 1364 0.0335
029 232 0.0333
029 1384 0.0333
029 1052 0.0332
029 1057 0.0330
029 1189 0.0329
029 1460 0.0328
029 1274 0.0328
029 1406 0.0328
029 1132 0.0326
029 674 0.0324
029 233 0.0324
029 1022 0.0323
029 1083 0.0322
029 311 0.0321
029 793 0.0319
029 58 0.0317
029 1305 0.0315
029 1474 0.0315
029 609 0.0314
029 1484 0.0313
029 914 0.0312
029 829 0.0312
029 238 0.0311
029 1299 0.0311
029 1130 0.0309
029 1145 0.0308
029 1546 0.0307
029 269 0.0307
029 1345 0.0307
029 1061 0.0307
029 362 0.0307
029 1518 0.0306
029 202 0.0306
029 631 0.0305
029 1360 0.0304
029 47 0.0304
029 925 0.0303
029 325 0.0303
029 348 0.0302
029 1078 0.0301
029 1447 0.0301
029 270 0.0299
029 1168 0.0298
029 1540 0.0298
029 262 0.0296
029 672 0.0296
029 874 0.0295
029 1400 0.0295
029 878 0.0294
029 339 0.0294
029 1205 0.0293
029 483 0.0292
029 1280 0.0292
029 491 0.0290
029 1320 0.0288
029 1184 0.0288
029 602 0.0286
029 1212 0.0286
029 683 0.0283
029 860 0.0282
029 1230 0.0281
029 711 0.0280
029 545 0.0280
029 1533 0.0280
029 18 0.0279
029 766 0.0279
029 1173 0.0279
029 1526 0.0277
029 797 0.0277
029 1146 0.0277
029 963 0.0276
029 565 0.0276
029 648 0.0276
029 20 0.0275
029 1049 0.0275
029 120 0.0274
029 671 0.0273
029 1281 0.0272
029 25 0.0271
029 899 0.0269
029 857 0.0269
029 821 0.0268
029 1507 0.0268
029 1121 0.0268
029 1197 0.0268
029 922 0.0268
029 267 0.0267
029 208 0.0267
029 1144 0.0266
029 1279 0.0266
029 87 0.0265
029 646 0.0263
029 415 0.0262
029 1376 0.0260
029 1563 0.0259
029 1192 0.0259
029 1101 0.0256
029 1277 0.0256
029 1582 0.0256
029 738 0.0255
029 229 0.0253
029 951 0.0253
029 1544 0.0252
029 1035 0.0252
029 1413 0.0251
029 11 0.0251
029 616 0.0251
029 650 0.0249
029 610 0.0247
029 591 0.0246
029 68 0.0245
029 1047 0.0245
029 667 0.0245
029 728 0.0244
029 1226 0.0244
029 88 0.0243
029 823 0.0242
029 1579 0.0242
029 818 0.0242
029 765 0.0242
029 1366 0.0241
029 1137 0.0241
029 149 0.0241
029 852 0.0241
029 992 0.0240
029 1174 0.0240
029 828 0.0239
029 845 0.0238
029 299 0.0238
029 402 0.0238
029 521 0.0237
029 1067 0.0236
029 699 0.0236
029 1519 0.0235
029 505 0.0234
029 337 0.0233
029 492 0.0232
029 840 0.0232
029 908 0.0231
029 804 0.0230
029 548 0.0230
029 378 0.0229
029 754 0.0228
029 374 0.0228
029 244 0.0228
029 441 0.0227
029 1409 0.0227
029 381 0.0226
029 1183 0.0226
029 1143 0.0226
029 1564 0.0226
029 747 0.0225
029 536 0.0225
029 309 0.0225
029 1520 0.0225
029 1380 0.0223
029 360 0.0221
029 159 0.0219
029 1435 0.0219
029 1076 0.0219
029 627 0.0219
029 956 0.0218
029 920 0.0216
029 1209 0.0216
029 1503 0.0216
029 1245 0.0215
029 813 0.0214
029 854 0.0213
029 998 0.0213
029 361 0.0212
029 841 0.0211
029 341 0.0210
029 771 0.0209
029 172 0.0208
029 1369 0.0206
029 779 0.0206
029 284 0.0205
029 1048 0.0205
029 547 0.0203
029 316 0.0202
029 614 0.0202
029 1014 0.0202
029 1539 0.0201
029 379 0.0201
029 1219 0.0200
029 1537 0.0199
029 186 0.0198
029 1454 0.0198
029 787 0.0196
029 873 0.0195
029 1383 0.0195
029 923 0.0195
029 682 0.0194
029 635 0.0193
029 686 0.0193
029 895 0.0193
029 1028 0.0193
029 1388 0.0193
029 255 0.0192
029 351 0.0192
029 927 0.0191
029 533 0.0191
029 1295 0.0191
029 1198 0.0191
029 1403 0.0190
029 142 0.0190
029 696 0.0190
029 1074 0.0189
029 3 0.0188
029 636 0.0187
029 504 0.0187
029 513 0.0187
029 268 0.0186
029 438 0.0186
029 1475 0.0185
029 1402 0.0185
029 29 0.0185
029 1089 0.0184
029 75 0.0184
029 1134 0.0183
029 1094 0.0182
029 422 0.0181
029 1545 0.0180
029 965 0.0180
029 612 0.0180
029 884 0.0180
029 512 0.0179
029 991 0.0179
029 180 0.0179
029 427 0.0179
029 391 0.0178
029 867 0.0178
029 1254 0.0177
029 272 0.0176
029 851 0.0176
029 401 0.0176
029 811 0.0175
029 526 0.0175
029 230 0.0175
029 1335 0.0174
029 1115 0.0173
029 1206 0.0173
029 875 0.0173
029 71 0.0173
029 687 0.0171
029 308 0.0170
029 231 0.0170
029 1356 0.0169
029 376 0.0169
029 1453 0.0168
029 1129 0.0167
029 1486 0.0167
029 523 0.0167
029 532 0.0166
029 63 0.0165
029 1566 0.0165
029 228 0.0164
029 1521 0.0164
029 1141 0.0162
029 1120 0.0162
029 4 0.0162
029 205 0.0162
029 32 0.0161
029 574 0.0161
029 73 0.0161
029 1334 0.0160
029 613 0.0160
029 783 0.0160
029 54 0.0159
029 1463 0.0159
029 534 0.0159
029 660 0.0158
029 145 0.0158
029 549 0.0158
029 745 0.0158
029 1541 0.0157
029 1342 0.0157
029 910 0.0157
029 394 0.0157
029 916 0.0155
029 1362 0.0155
029 442 0.0155
029 1538 0.0155
029 1142 0.0154
029 252 0.0154
029 588 0.0154
029 1158 0.0153
029 1256 0.0153
029 622 0.0152
029 1427 0.0152
029 748 0.0152
029 99 0.0151
029 1023 0.0151
029 411 0.0150
029 1152 0.0150
029 1393 0.0149
029 1063 0.0149
029 1548 0.0148
029 34 0.0148
029 942 0.0148
029 421 0.0148
029 1553 0.0147
029 12 0.0146
029 947 0.0146
029 196 0.0146
029 301 0.0146
029 886 0.0144
029 1260 0.0144
029 900 0.0144
029 1133 0.0144
029 1423 0.0143
029 1578 0.0141
029 469 0.0140
029 691 0.0140
029 729 0.0139
029 226 0.0139
029 605 0.0138
029 410 0.0137
029 529 0.0137
029 273 0.0136
029 675 0.0135
029 110 0.0135
029 1191 0.0135
029 843 0.0135
029 192 0.0134
029 81 0.0134
029 749 0.0133
029 157 0.0133
029 620 0.0133
029 1292 0.0132
029 1340 0.0132
029 630 0.0131
029 1387 0.0130
029 436 0.0130
029 211 0.0129
029 1385 0.0128
029 1204 0.0127
029 476 0.0126
029 695 0.0125
029 1473 0.0124
029 836 0.0124
029 1389 0.0123
029 26 0.0122
029 1283 0.0121
029 136 0.0121
029 28 0.0120
029 125 0.0117
029 1194 0.0117
029 1450 0.0116
029 1468 0.0116
029 795 0.0115
029 1180 0.0115
029 1005 0.0115
029 326 0.0115
029 1251 0.0114
029 51 0.0114
029 1471 0.0113
029 420 0.0112
029 423 0.0112
029 572 0.0111
029 239 0.0111
029 1466 0.0111
029 1164 0.0110
029 684 0.0110
029 913 0.0110
029 1425 0.0110
029 472 0.0110
029 850 0.0109
029 702 0.0109
029 1512 0.0108
029 158 0.0107
029 1253 0.0107
029 1252 0.0107
029 1476 0.0107
029 334 0.0106
029 604 0.0105
029 1153 0.0105
029 1510 0.0104
029 1528 0.0104
029 1249 0.0104
029 1003 0.0104
029 559 0.0103
029 815 0.0103
029 862 0.0103
029 1570 0.0102
029 666 0.0102
029 1372 0.0101
029 1118 0.0101
029 929 0.0101
029 777 0.0101
029 746 0.0100
029 1007 0.0099
029 1211 0.0099
029 496 0.0099
029 1218 0.0099
029 408 0.0098
029 839 0.0097
029 1271 0.0097
029 358 0.0097
029 1193 0.0096
029 656 0.0096
029 134 0.0095
029 46 0.0095
029 868 0.0094
029 143 0.0093
029 1392 0.0093
029 1010 0.0091
029 889 0.0091
029 863 0.0090
029 594 0.0090
029 1349 0.0090
029 822 0.0089
029 1485 0.0088
029 909 0.0088
029 853 0.0088
029 1079 0.0088
029 1216 0.0088
029 1073 0.0087
029 752 0.0086
029 1119 0.0086
029 993 0.0086
029 1221 0.0085
029 814 0.0084
029 1257 0.0084
029 1524 0.0084
029 404 0.0083
029 475 0.0083
029 1410 0.0083
029 975 0.0083
029 1175 0.0082
029 1529 0.0082
029 1155 0.0081
029 1159 0.0080
029 1190 0.0080
029 1483 0.0079
029 657 0.0078
029 524 0.0078
029 876 0.0077
029 782 0.0077
029 883 0.0076
029 1087 0.0076
029 511 0.0076
029 652 0.0075
029 457 0.0075
029 1304 0.0072
029 61 0.0072
029 182 0.0072
029 1262 0.0071
029 694 0.0070
029 384 0.0070
029 1223 0.0069
029 1536 0.0069
029 413 0.0069
029 617 0.0068
029 1391 0.0068
029 1058 0.0068
029 291 0.0068
029 1502 0.0067
029 736 0.0067
029 525 0.0067
029 767 0.0066
029 791 0.0065
029 827 0.0065
029 1433 0.0063
029 1069 0.0063
029 1557 0.0063
029 1440 0.0062
029 1446 0.0062
029 903 0.0061
029 928 0.0059
029 741 0.0059
029 452 0.0059
029 1325 0.0058
029 1431 0.0057
029 1148 0.0056
029 1128 0.0056
029 566 0.0056
029 515 0.0056
029 100 0.0056
029 1571 0.0056
029 527 0.0056
029 1034 0.0055
029 1489 0.0055
029 915 0.0054
029 980 0.0054
029 435 0.0054
029 289 0.0053
029 1414 0.0053
029 1229 0.0052
029 1235 0.0052
029 1525 0.0052
029 1276 0.0052
029 959 0.0052
029 1240 0.0051
029 1020 0.0051
029 1255 0.0050
029 673 0.0050
029 1361 0.0049
029 1176 0.0049
029 982 0.0049
029 1214 0.0048
029 866 0.0048
029 773 0.0048
029 651 0.0048
029 1444 0.0047
029 1456 0.0047
029 112 0.0047
029 786 0.0046
029 1090 0.0046
029 383 0.0044
029 179 0.0044
029 893 0.0044
029 1163 0.0044
029 53 0.0043
029 896 0.0043
029 676 0.0043
029 485 0.0043
029 658 0.0041
029 1301 0.0040
029 1298 0.0040
029 1556 0.0039
029 1505 0.0038
029 799 0.0037
029 1449 0.0037
029 424 0.0036
029 1099 0.0032
029 1302 0.0027
030 135 0.3504
030 719 0.3382
030 277 0.3378
030 1050 0.2527
030 61 0.2178
030 386 0.2004
030 676 0.1997
030 1067 0.1802
030 617 0.1792
030 558 0.1715
030 1354 0.1592
030 29 0.1354
030 960 0.1322
030 357 0.1309
030 1245 0.1279
030 731 0.1277
030 85 0.1239
030 1222 0.1235
030 730 0.1153
030 994 0.1152
030 210 0.1141
030 261 0.1105
030 932 0.1089
030 196 0.1066
030 33 0.1065
030 1199 0.1055
030 1122 0.1041
030 780 0.1007
030 1291 0.0976
030 117 0.0973
030 267 0.0970
030 312 0.0968
030 1007 0.0949
030 1125 0.0915
030 1154 0.0909
030 318 0.0891
030 589 0.0883
030 510 0.0864
030 341 0.0863
030 1561 0.0859
030 1120 0.0859
030 1037 0.0858
030 773 0.0857
030 331 0.0842
030 526 0.0835
030 426 0.0830
030 1030 0.0826
030 497 0.0825
030 1504 0.0816
030 1382 0.0807
030 315 0.0805
030 1476 0.0799
030 398 0.0799
030 458 0.0781
030 1197 0.0747
030 528 0.0737
030 190 0.0736
030 379 0.0730
030 1545 0.0719
030 612 0.0711
030 968 0.0708
030 1509 0.0706
030 927 0.0699
030 1012 0.0696
030 559 0.0695
030 1114 0.0690
030 1042 0.0690
030 790 0.0690
030 679 0.0688
030 1093 0.0683
030 974 0.0678
030 335 0.0668
030 103 0.0654
030 1089 0.0640
030 567 0.0632
030 874 0.0625
030 891 0.0624
030 253 0.0611
030 695 0.0598
030 1419 0.0597
030 422 0.0587
030 742 0.0579
030 781 0.0576
030 424 0.0575
030 658 0.0573
030 1100 0.0572
030 144 0.0569
030 221 0.0569
030 1277 0.0565
030 1465 0.0565
030 3 0.0558
030 895 0.0557
030 469 0.0556
030 149 0.0554
030 446 0.0546
030 1278 0.0540
030 1478 0.0539
030 942 0.0538
030 525 0.0534
030 796 0.0533
030 566 0.0531
030 1128 0.0519
030 1192 0.0514
030 632 0.0513
030 945 0.0510
030 750 0.0506
030 986 0.0505
030 1072 0.0501
030 978 0.0493
030 461 0.0492
030 292 0.0484
030 1469 0.0483
030 969 0.0480
030 747 0.0476
030 536 0.0476
030 1540 0.0475
030 452 0.0470
030 1020 0.0468
030 733 0.0464
030 776 0.0462
030 1297 0.0462
030 1401 0.0461
030 961 0.0456
030 268 0.0450
030 284 0.0448
030 947 0.0447
030 1365 0.0447
030 616 0.0445
030 912 0.0444
030 963 0.0442
030 987 0.0441
030 1103 0.0438
030 293 0.0436
030 661 0.0428
030 1508 0.0424
030 1028 0.0424
030 444 0.0423
030 289 0.0421
030 759 0.0420
030 594 0.0416
030 140 0.0415
030 844 0.0414
030 1556 0.0411
030 591 0.0411
030 577 0.0409
030 256 0.0408
030 1065 0.0407
030 1436 0.0405
030 309 0.0405
030 652 0.0404
030 862 0.0403
030 333 0.0399
030 1407 0.0399
030 1057 0.0395
030 1026 0.0395
030 1193 0.0395
030 1123 0.0395
030 674 0.0393
030 939 0.0393
030 902 0.0391
030 470 0.0390
030 562 0.0389
030 307 0.0389
030 449 0.0387
030 1520 0.0386
030 534 0.0385
030 1115 0.0377
030 1119 0.0374
030 344 0.0373
030 977 0.0371
030 665 0.0371
030 1523 0.0369
030 240 0.0368
030 605 0.0362
030 1069 0.0362
030 697 0.0361
030 487 0.0360
030 576 0.0360
030 170 0.0359
030 836 0.0357
030 348 0.0357
030 677 0.0355
030 503 0.0354
030 1070 0.0352
030 404 0.0351
030 1386 0.0349
030 89 0.0349
030 991 0.0348
030 794 0.0346
030 259 0.0344
030 479 0.0342
030 995 0.0342
030 805 0.0339
030 1016 0.0339
030 625 0.0336
030 1343 0.0335
030 504 0.0335
030 1328 0.0335
030 675 0.0332
030 1536 0.0330
030 1272 0.0329
030 326 0.0328
030 1501 0.0325
030 247 0.0322
030 224 0.0322
030 946 0.0321
030 1355 0.0319
030 578 0.0319
030 519 0.0319
030 1309 0.0319
030 811 0.0318
030 808 0.0317
030 1334 0.0317
030 1195 0.0316
030 1113 0.0316
030 1421 0.0313
030 835 0.0311
030 430 0.0310
030 389 0.0309
030 374 0.0306
030 799 0.0305
030 1194 0.0305
030 592 0.0305
030 1271 0.0303
030 123 0.0303
030 290 0.0301
030 705 0.0301
030 1082 0.0301
030 1514 0.0299
030 1457 0.0296
030 207 0.0296
030 107 0.0294
030 599 0.0293
030 957 0.0290
030 47 0.0289
030 1357 0.0286
030 824 0.0286
030 816 0.0284
030 979 0.0284
030 1441 0.0283
030 432 0.0282
030 1517 0.0282
030 741 0.0281
030 1361 0.0280
030 1513 0.0279
030 1052 0.0279
030 54 0.0278
030 668 0.0277
030 1383 0.0277
030 373 0.0275
030 1550 0.0275
030 1539 0.0275
030 954 0.0274
030 763 0.0273
030 1461 0.0272
030 1262 0.0271
030 215 0.0271
030 1013 0.0271
030 555 0.0270
030 191 0.0270
030 1489 0.0268
030 395 0.0267
030 837 0.0267
030 711 0.0267
030 217 0.0267
030 1226 0.0266
030 1117 0.0265
030 1147 0.0264
030 822 0.0262
030 265 0.0262
030 1378 0.0261
030 1263 0.0261
030 736 0.0261
030 1319 0.0261
030 846 0.0260
030 722 0.0258
030 1058 0.0258
030 1084 0.0257
030 641 0.0255
030 447 0.0254
030 848 0.0253
030 906 0.0253
030 480 0.0252
030 257 0.0251
030 847 0.0250
030 896 0.0249
030 1234 0.0249
030 59 0.0248
030 1127 0.0248
030 1341 0.0247
030 1202 0.0246
030 1327 0.0242
030 654 0.0240
030 164 0.0240
030 1529 0.0239
030 962 0.0238
030 673 0.0237
030 401 0.0236
030 982 0.0236
030 66 0.0235
030 82 0.0235
030 1265 0.0235
030 1289 0.0235
030 1285 0.0235
030 713 0.0234
030 246 0.0234
030 484 0.0234
030 1398 0.0234
030 345 0.0233
030 349 0.0231
030 436 0.0230
030 451 0.0230
030 417 0.0229
030 1522 0.0228
030 251 0.0228
030 154 0.0227
030 949 0.0227
030 372 0.0226
030 1253 0.0225
030 1315 0.0224
030 1021 0.0224
030 1373 0.0224
030 296 0.0223
030 302 0.0223
030 39 0.0222
030 1460 0.0222
030 93 0.0221
030 870 0.0217
030 817 0.0216
030 119 0.0216
030 465 0.0216
030 187 0.0214
030 1339 0.0214
030 573 0.0214
030 1187 0.0212
030 4 0.0212
030 198 0.0211
030 648 0.0210
030 1420 0.0210
030 751 0.0209
030 1324 0.0208
030 1352 0.0205
030 205 0.0205
030 915 0.0205
030 1286 0.0205
030 768 0.0204
030 766 0.0203
030 1303 0.0202
030 1364 0.0202
030 740 0.0202
030 320 0.0202
030 1374 0.0202
030 1511 0.0202
030 133 0.0201
030 366 0.0201
030 52 0.0199
030 712 0.0198
030 148 0.0198
030 973 0.0197
030 970 0.0197
030 601 0.0196
030 1240 0.0195
030 20 0.0195
030 116 0.0194
030 1182 0.0194
030 898 0.0194
030 709 0.0194
030 1530 0.0194
030 1133 0.0193
030 875 0.0192
030 1560 0.0192
030 189 0.0192
030 22 0.0191
030 425 0.0191
030 810 0.0191
030 627 0.0191
030 1459 0.0189
030 1479 0.0189
030 1578 0.0189
030 1367 0.0189
030 1129 0.0189
030 1211 0.0189
030 297 0.0189
030 329 0.0188
030 569 0.0188
030 630 0.0188
030 878 0.0187
030 802 0.0187
030 1294 0.0187
030 1528 0.0185
030 664 0.0184
030 1001 0.0184
030 64 0.0184
030 585 0.0184
030 1083 0.0183
030 1273 0.0183
030 600 0.0182
030 1400 0.0182
030 1456 0.0182
030 1171 0.0182
030 1467 0.0182
030 561 0.0181
030 985 0.0181
030 753 0.0180
030 628 0.0180
030 1410 0.0180
030 1446 0.0180
030 626 0.0180
030 1358 0.0180
030 393 0.0179
030 813 0.0179
030 1239 0.0179
030 1200 0.0179
030 138 0.0178
030 204 0.0176
030 1477 0.0176
030 1579 0.0176
030 1284 0.0176
030 669 0.0175
030 1160 0.0175
030 801 0.0175
030 992 0.0175
030 928 0.0173
030 1140 0.0172
030 1207 0.0172
030 699 0.0171
030 1353 0.0171
030 1331 0.0170
030 55 0.0170
030 784 0.0170
030 172 0.0169
030 462 0.0168
030 1068 0.0168
030 704 0.0168
030 1575 0.0167
030 214 0.0165
030 752 0.0164
030 1170 0.0164
030 508 0.0163
030 636 0.0163
030 464 0.0163
030 199 0.0163
030 964 0.0163
030 1471 0.0161
030 1164 0.0161
030 1510 0.0161
030 163 0.0161
030 364 0.0160
030 471 0.0159
030 806 0.0159
030 14 0.0158
030 1225 0.0158
030 789 0.0158
030 1203 0.0157
030 258 0.0157
030 1270 0.0157
030 266 0.0157
030 63 0.0157
030 1402 0.0157
030 137 0.0156
030 1144 0.0156
030 356 0.0156
030 1490 0.0155
030 1024 0.0155
030 670 0.0154
030 1074 0.0153
030 394 0.0153
030 287 0.0153
030 988 0.0152
030 1181 0.0152
030 660 0.0151
030 637 0.0150
030 737 0.0150
030 1453 0.0150
030 1155 0.0149
030 937 0.0149
030 201 0.0149
030 1000 0.0149
030 1442 0.0149
030 1162 0.0149
030 929 0.0147
030 684 0.0147
030 1555 0.0147
030 407 0.0146
030 2 0.0146
030 439 0.0146
030 622 0.0145
030 663 0.0144
030 1443 0.0143
030 174 0.0143
030 336 0.0143
030 702 0.0142
030 1292 0.0142
030 468 0.0142
030 340 0.0141
030 1325 0.0141
030 1153 0.0141
030 621 0.0141
030 984 0.0141
030 106 0.0140
030 651 0.0140
030 378 0.0139
030 1515 0.0139
030 402 0.0139
030 1330 0.0139
030 94 0.0138
030 1009 0.0138
030 1053 0.0137
030 88 0.0137
030 1282 0.0137
030 127 0.0136
030 657 0.0136
030 1266 0.0135
030 739 0.0135
030 1322 0.0134
030 1061 0.0134
030 608 0.0134
030 283 0.0134
030 1158 0.0134
030 855 0.0133
030 691 0.0133
030 440 0.0133
030 367 0.0132
030 1533 0.0132
030 98 0.0132
030 760 0.0132
030 67 0.0131
030 38 0.0131
030 411 0.0131
030 414 0.0131
030 118 0.0130
030 602 0.0130
030 885 0.0129
030 521 0.0129
030 1287 0.0128
030 1180 0.0128
030 216 0.0127
030 230 0.0127
030 179 0.0127
030 171 0.0127
030 1109 0.0126
030 377 0.0126
030 546 0.0126
030 437 0.0126
030 507 0.0126
030 1516 0.0125
030 815 0.0125
030 587 0.0125
030 1336 0.0125
030 1380 0.0124
030 418 0.0124
030 738 0.0124
030 1307 0.0124
030 239 0.0124
030 633 0.0123
030 486 0.0122
030 485 0.0122
030 1085 0.0122
030 537 0.0121
030 212 0.0121
030 244 0.0120
030 716 0.0120
030 1326 0.0120
030 872 0.0120
030 597 0.0119
030 90 0.0119
030 1563 0.0119
030 560 0.0119
030 11 0.0118
030 1156 0.0118
030 871 0.0118
030 873 0.0118
030 1301 0.0118
030 1492 0.0118
030 1216 0.0117
030 1054 0.0117
030 1406 0.0116
030 155 0.0116
030 1395 0.0115
030 1246 0.0115
030 1150 0.0114
030 786 0.0113
030 1332 0.0111
030 475 0.0111
030 823 0.0110
030 492 0.0110
030 804 0.0109
030 907 0.0108
030 700 0.0108
030 983 0.0108
030 904 0.0108
030 1481 0.0108
030 772 0.0107
030 49 0.0107
030 728 0.0107
030 420 0.0107
030 1008 0.0107
030 867 0.0107
030 1092 0.0106
030 26 0.0106
030 640 0.0106
030 1243 0.0106
030 443 0.0106
030 136 0.0105
030 581 0.0105
030 858 0.0105
030 1385 0.0104
030 299 0.0104
030 1141 0.0103
030 387 0.0102
030 435 0.0102
030 565 0.0102
030 724 0.0101
030 953 0.0101
030 1308 0.0101
030 1066 0.0101
030 167 0.0101
030 330 0.0100
030 346 0.0099
030 886 0.0099
030 972 0.0098
030 243 0.0098
030 428 0.0097
030 1422 0.0097
030 996 0.0097
030 1288 0.0097
030 1562 0.0096
030 1255 0.0095
030 463 0.0095
030 65 0.0095
030 397 0.0095
030 1342 0.0095
030 923 0.0094
030 1062 0.0094
030 672 0.0094
030 877 0.0092
030 842 0.0092
030 1451 0.0092
030 382 0.0091
030 1546 0.0091
030 35 0.0091
030 416 0.0090
030 406 0.0089
030 1333 0.0089
030 43 0.0089
030 1409 0.0089
030 316 0.0088
030 161 0.0088
030 1583 0.0088
030 890 0.0086
030 767 0.0086
030 607 0.0086
030 1349 0.0086
030 618 0.0085
030 1049 0.0084
030 1388 0.0084
030 721 0.0083
030 142 0.0083
030 948 0.0083
030 692 0.0082
030 1347 0.0082
030 717 0.0082
030 541 0.0082
030 213 0.0081
030 438 0.0081
030 1244 0.0081
030 310 0.0080
030 999 0.0080
030 1425 0.0080
030 662 0.0080
030 1411 0.0080
030 814 0.0080
030 314 0.0080
030 523 0.0079
030 1302 0.0079
030 518 0.0079
030 1178 0.0079
030 590 0.0079
030 1534 0.0078
030 965 0.0078
030 720 0.0078
030 427 0.0078
030 1175 0.0078
030 489 0.0077
030 431 0.0077
030 1396 0.0077
030 1116 0.0077
030 311 0.0076
030 951 0.0076
030 434 0.0075
030 1179 0.0075
030 502 0.0075
030 941 0.0074
030 109 0.0074
030 473 0.0074
030 584 0.0073
030 797 0.0073
030 1360 0.0072
030 1087 0.0072
030 1097 0.0072
030 219 0.0072
030 631 0.0072
030 1132 0.0071
030 1375 0.0071
030 1581 0.0070
030 1161 0.0070
030 193 0.0070
030 58 0.0069
030 981 0.0069
030 147 0.0069
030 178 0.0068
030 619 0.0068
030 933 0.0068
030 448 0.0067
030 761 0.0067
030 271 0.0066
030 642 0.0066
030 1033 0.0066
030 342 0.0066
030 774 0.0066
030 321 0.0066
030 1247 0.0063
030 173 0.0061
030 1112 0.0061
030 623 0.0061
030 1344 0.0061
030 1279 0.0060
030 614 0.0060
030 380 0.0060
030 798 0.0060
030 1096 0.0060
030 1350 0.0059
030 1210 0.0059
030 650 0.0059
030 936 0.0058
030 162 0.0058
030 820 0.0058
030 1233 0.0058
030 1346 0.0058
030 755 0.0058
030 87 0.0058
030 629 0.0058
030 1208 0.0058
030 1415 0.0057
030 1387 0.0057
030 1506 0.0057
030 361 0.0056
030 1047 0.0056
030 1418 0.0055
030 764 0.0055
030 1466 0.0054
030 1558 0.0054
030 350 0.0053
030 304 0.0053
030 918 0.0053
030 1283 0.0053
030 60 0.0053
030 880 0.0052
030 1494 0.0052
030 392 0.0052
030 1046 0.0051
030 1172 0.0051
030 1032 0.0051
030 1329 0.0050
030 466 0.0050
030 1235 0.0050
030 744 0.0049
030 845 0.0049
030 1148 0.0049
030 572 0.0049
030 1397 0.0049
030 734 0.0048
030 108 0.0048
030 1118 0.0048
030 1370 0.0047
030 1142 0.0046
030 1260 0.0046
030 580 0.0045
030 533 0.0045
030 1224 0.0045
030 732 0.0045
030 925 0.0044
030 467 0.0044
030 317 0.0044
030 696 0.0043
030 1379 0.0043
030 1088 0.0043
030 248 0.0042
030 1036 0.0042
030 656 0.0042
030 222 0.0042
030 701 0.0041
030 46 0.0041
030 36 0.0041
030 681 0.0040
030 99 0.0040
030 1335 0.0040
030 91 0.0040
030 509 0.0038
030 1045 0.0038
030 78 0.0035
030 472 0.0035
030 1205 0.0035
030 1267 0.0034
030 1252 0.0034
030 857 0.0034
030 114 0.0033
030 391 0.0033
030 1048 0.0032
030 1542 0.0031
030 971 0.0031
030 1099 0.0031
030 97 0.0029
030 863 0.0027
030 1444 0.0021
031 1440 0.3987
031 582 0.2876
031 815 0.2489
031 338 0.2341
031 1250 0.1762
031 495 0.1693
031 232 0.1676
031 78 0.1637
031 722 0.1610
031 701 0.1594
031 1325 0.1590
031 1253 0.1517
031 919 0.1506
031 1410 0.1386
031 619 0.1369
031 1455 0.1360
031 880 0.1343
031 374 0.1249
031 977 0.1174
031 1518 0.1126
031 1430 0.1062
031 758 0.1057
031 1529 0.1053
031 1204 0.1034
031 932 0.0989
031 113 0.0988
031 304 0.0971
031 206 0.0939
031 889 0.0904
031 369 0.0899
031 196 0.0889
031 85 0.0888
031 295 0.0866
031 607 0.0865
031 1527 0.0865
031 1007 0.0858
031 1345 0.0852
031 1105 0.0805
031 312 0.0802
031 558 0.0799
031 733 0.0793
031 743 0.0782
031 1408 0.0771
031 33 0.0763
031 1315 0.0758
031 1291 0.0758
031 670 0.0756
031 1154 0.0751
031 790 0.0748
031 601 0.0748
031 213 0.0742
031 347 0.0726
031 829 0.0725
031 1541 0.0723
031 1304 0.0722
031 898 0.0703
031 1079 0.0695
031 269 0.0685
031 916 0.0684
031 380 0.0666
031 1308 0.0663
031 81 0.0658
031 35 0.0656
031 236 0.0650
031 476 0.0649
031 644 0.0643
031 1061 0.0626
031 341 0.0618
031 850 0.0615
031 402 0.0607
031 1131 0.0606
031 731 0.0606
031 862 0.0597
031 403 0.0589
031 10 0.0581
031 315 0.0577
031 1330 0.0573
031 1181 0.0571
031 650 0.0568
031 486 0.0568
031 389 0.0559
031 544 0.0558
031 415 0.0553
031 1433 0.0548
031 361 0.0544
031 370 0.0543
031 762 0.0537
031 1132 0.0535
031 1037 0.0531
031 604 0.0528
031 182 0.0528
031 820 0.0527
031 611 0.0526
031 1229 0.0526
031 1474 0.0516
031 252 0.0513
031 367 0.0509
031 1245 0.0509
031 1561 0.0505
031 460 0.0505
031 956 0.0502
031 1336 0.0502
031 943 0.0500
031 750 0.0490
031 1391 0.0467
031 1452 0.0464
031 1126 0.0460
031 953 0.0455
031 16 0.0452
031 217 0.0449
031 891 0.0447
031 781 0.0447
031 1152 0.0446
031 1222 0.0445
031 443 0.0441
031 330 0.0440
031 471 0.0440
031 282 0.0439
031 1198 0.0438
031 828 0.0436
031 158 0.0436
031 706 0.0436
031 61 0.0431
031 503 0.0431
031 1418 0.0431
031 1089 0.0428
031 287 0.0427
031 780 0.0423
031 1003 0.0420
031 638 0.0417
031 115 0.0416
031 934 0.0415
031 12 0.0413
031 512 0.0412
031 230 0.0411
031 1120 0.0406
031 843 0.0406
031 372 0.0403
031 1274 0.0402
031 1342 0.0402
031 1579 0.0398
031 6 0.0397
031 20 0.0396
031 77 0.0394
031 501 0.0393
031 689 0.0393
031 1533 0.0393
031 1019 0.0392
031 268 0.0391
031 671 0.0388
031 1436 0.0387
031 592 0.0383
031 392 0.0383
031 551 0.0381
031 179 0.0381
031 1576 0.0379
031 987 0.0378
031 1021 0.0378
031 29 0.0375
031 397 0.0373
031 615 0.0373
031 417 0.0372
031 45 0.0371
031 421 0.0371
031 1577 0.0369
031 942 0.0368
031 1542 0.0368
031 895 0.0367
031 907 0.0367
031 1548 0.0363
031 1158 0.0363
031 721 0.0362
031 172 0.0361
031 1241 0.0359
031 515 0.0358
031 446 0.0357
031 215 0.0357
031 903 0.0356
031 1340 0.0355
031 1060 0.0353
031 994 0.0351
031 553 0.0351
031 795 0.0348
031 416 0.0348
031 863 0.0347
031 541 0.0346
031 38 0.0345
031 150 0.0345
031 1119 0.0343
031 974 0.0343
031 1578 0.0342
031 1232 0.0342
031 117 0.0341
031 231 0.0341
031 552 0.0341
031 25 0.0340
031 1525 0.0336
031 118 0.0336
031 209 0.0335
031 875 0.0334
031 756 0.0334
031 720 0.0332
031 218 0.0330
031 329 0.0330
031 509 0.0330
031 147 0.0329
031 1206 0.0328
031 1324 0.0327
031 937 0.0327
031 655 0.0326
031 28 0.0321
031 271 0.0320
031 936 0.0319
031 393 0.0317
031 1351 0.0314
031 519 0.0313
031 885 0.0313
031 794 0.0311
031 930 0.0310
031 844 0.0310
031 1312 0.0310
031 520 0.0309
031 777 0.0309
031 1368 0.0308
031 1121 0.0308
031 566 0.0308
031 1523 0.0307
031 822 0.0305
031 47 0.0304
031 1035 0.0303
031 1057 0.0302
031 1423 0.0302
031 1185 0.0300
031 1085 0.0300
031 261 0.0300
031 949 0.0299
031 284 0.0299
031 800 0.0299
031 449 0.0299
031 1367 0.0297
031 1465 0.0297
031 1321 0.0297
031 1277 0.0295
031 1179 0.0293
031 719 0.0293
031 259 0.0290
031 1411 0.0290
031 292 0.0289
031 992 0.0289
031 1262 0.0288
031 201 0.0288
031 1004 0.0287
031 5 0.0287
031 1365 0.0285
031 229 0.0284
031 1417 0.0283
031 667 0.0282
031 419 0.0282
031 351 0.0281
031 768 0.0278
031 564 0.0278
031 1246 0.0277
031 467 0.0277
031 561 0.0277
031 1002 0.0276
031 961 0.0276
031 769 0.0275
031 456 0.0274
031 1501 0.0273
031 40 0.0272
031 426 0.0271
031 1230 0.0271
031 422 0.0271
031 801 0.0271
031 39 0.0267
031 480 0.0266
031 1451 0.0266
031 1150 0.0265
031 70 0.0264
031 240 0.0263
031 435 0.0263
031 622 0.0262
031 1147 0.0261
031 149 0.0261
031 1449 0.0261
031 358 0.0260
031 379 0.0260
031 321 0.0259
031 154 0.0259
031 1524 0.0258
031 1166 0.0257
031 805 0.0257
031 1373 0.0256
031 1298 0.0256
031 1203 0.0253
031 1489 0.0253
031 91 0.0253
031 176 0.0252
031 1531 0.0251
031 412 0.0250
031 506 0.0250
031 37 0.0249
031 915 0.0247
031 652 0.0246
031 198 0.0245
031 87 0.0245
031 83 0.0245
031 1208 0.0244
031 784 0.0242
031 507 0.0241
031 1223 0.0238
031 1318 0.0237
031 468 0.0236
031 1137 0.0235
031 1395 0.0235
031 165 0.0234
031 251 0.0233
031 696 0.0233
031 1478 0.0233
031 186 0.0233
031 1065 0.0232
031 917 0.0232
031 444 0.0232
031 911 0.0230
031 128 0.0230
031 1197 0.0229
031 1134 0.0227
031 935 0.0227
031 101 0.0225
031 1194 0.0224
031 1495 0.0223
031 247 0.0223
031 116 0.0223
031 686 0.0222
031 1000 0.0222
031 766 0.0222
031 1191 0.0222
031 1077 0.0222
031 941 0.0220
031 1104 0.0220
031 1338 0.0220
031 624 0.0219
031 559 0.0218
031 1341 0.0217
031 978 0.0216
031 26 0.0216
031 1426 0.0214
031 1421 0.0214
031 1123 0.0212
031 1091 0.0212
031 1038 0.0212
031 687 0.0211
031 160 0.0211
031 1509 0.0211
031 1526 0.0211
031 737 0.0210
031 106 0.0209
031 371 0.0209
031 227 0.0208
031 401 0.0207
031 867 0.0206
031 1265 0.0206
031 1397 0.0206
031 1428 0.0206
031 905 0.0203
031 1539 0.0203
031 7 0.0203
031 1100 0.0202
031 362 0.0202
031 853 0.0201
031 846 0.0199
031 692 0.0199
031 896 0.0198
031 357 0.0197
031 626 0.0196
031 586 0.0196
031 498 0.0195
031 760 0.0195
031 21 0.0195
031 86 0.0194
031 742 0.0194
031 363 0.0194
031 1328 0.0193
031 407 0.0193
031 322 0.0192
031 849 0.0192
031 565 0.0191
031 484 0.0191
031 274 0.0191
031 1446 0.0190
031 576 0.0190
031 187 0.0188
031 710 0.0185
031 1390 0.0185
031 1177 0.0184
031 1275 0.0183
031 41 0.0183
031 502 0.0183
031 839 0.0181
031 184 0.0181
031 899 0.0181
031 1414 0.0181
031 1163 0.0179
031 1184 0.0179
031 1301 0.0178
031 1419 0.0178
031 754 0.0178
031 166 0.0178
031 1375 0.0178
031 634 0.0177
031 779 0.0176
031 983 0.0176
031 479 0.0176
031 205 0.0176
031 1544 0.0176
031 1251 0.0175
031 440 0.0175
031 470 0.0175
031 1406 0.0174
031 139 0.0174
031 69 0.0174
031 267 0.0174
031 411 0.0173
031 640 0.0172
031 1050 0.0172
031 1332 0.0172
031 255 0.0169
031 97 0.0169
031 398 0.0168
031 1207 0.0168
031 1467 0.0166
031 1016 0.0166
031 122 0.0166
031 336 0.0164
031 378 0.0164
031 1205 0.0164
031 1339 0.0164
031 1240 0.0163
031 1493 0.0163
031 1514 0.0162
031 530 0.0161
031 752 0.0161
031 728 0.0160
031 981 0.0160
031 929 0.0160
031 1078 0.0159
031 1221 0.0159
031 1086 0.0158
031 679 0.0158
031 1563 0.0157
031 1503 0.0157
031 725 0.0157
031 945 0.0156
031 11 0.0156
031 627 0.0156
031 748 0.0155
031 55 0.0155
031 1438 0.0155
031 989 0.0154
031 1264 0.0154
031 1534 0.0154
031 1160 0.0153
031 1285 0.0153
031 1189 0.0152
031 524 0.0152
031 1199 0.0151
031 64 0.0151
031 272 0.0151
031 1415 0.0150
031 1358 0.0150
031 1505 0.0149
031 1464 0.0149
031 1305 0.0148
031 455 0.0148
031 605 0.0148
031 1092 0.0148
031 1107 0.0148
031 985 0.0148
031 824 0.0146
031 138 0.0146
031 1271 0.0145
031 387 0.0145
031 360 0.0145
031 494 0.0145
031 1114 0.0144
031 1462 0.0144
031 587 0.0144
031 1555 0.0144
031 280 0.0144
031 683 0.0143
031 334 0.0143
031 299 0.0142
031 395 0.0142
031 1448 0.0142
031 868 0.0142
031 1030 0.0142
031 1169 0.0142
031 51 0.0141
031 910 0.0141
031 527 0.0140
031 1331 0.0139
031 955 0.0139
031 210 0.0139
031 273 0.0138
031 744 0.0137
031 574 0.0137
031 767 0.0137
031 577 0.0137
031 1295 0.0137
031 276 0.0137
031 474 0.0136
031 107 0.0136
031 258 0.0136
031 948 0.0135
031 1528 0.0135
031 1513 0.0135
031 922 0.0134
031 535 0.0133
031 136 0.0133
031 1171 0.0133
031 789 0.0132
031 1051 0.0132
031 860 0.0132
031 1583 0.0132
031 1353 0.0131
031 662 0.0131
031 1480 0.0129
031 44 0.0128
031 999 0.0128
031 239 0.0128
031 1236 0.0127
031 1063 0.0127
031 349 0.0127
031 651 0.0126
031 324 0.0126
031 543 0.0126
031 1287 0.0125
031 1355 0.0125
031 904 0.0125
031 1366 0.0125
031 526 0.0125
031 1279 0.0125
031 675 0.0124
031 620 0.0124
031 1517 0.0124
031 1316 0.0123
031 812 0.0123
031 654 0.0121
031 23 0.0121
031 589 0.0120
031 381 0.0120
031 960 0.0119
031 1490 0.0119
031 998 0.0119
031 755 0.0119
031 614 0.0119
031 1069 0.0118
031 631 0.0118
031 441 0.0118
031 1272 0.0118
031 433 0.0116
031 1268 0.0116
031 1278 0.0116
031 778 0.0115
031 1070 0.0115
031 951 0.0114
031 155 0.0111
031 99 0.0111
031 1511 0.0111
031 664 0.0109
031 88 0.0108
031 965 0.0108
031 886 0.0108
031 270 0.0107
031 639 0.0106
031 94 0.0106
031 489 0.0106
031 1581 0.0106
031 73 0.0105
031 876 0.0105
031 1313 0.0105
031 569 0.0105
031 1008 0.0104
031 952 0.0104
031 536 0.0104
031 1374 0.0104
031 584 0.0104
031 1270 0.0104
031 1148 0.0104
031 373 0.0103
031 296 0.0102
031 8 0.0102
031 595 0.0101
031 1520 0.0100
031 140 0.0099
031 866 0.0099
031 894 0.0099
031 290 0.0099
031 437 0.0098
031 516 0.0098
031 90 0.0098
031 1479 0.0097
031 1492 0.0096
031 1422 0.0095
031 424 0.0095
031 89 0.0095
031 1483 0.0095
031 469 0.0095
031 765 0.0095
031 629 0.0094
031 129 0.0094
031 242 0.0094
031 93 0.0094
031 145 0.0094
031 1399 0.0093
031 1255 0.0093
031 1144 0.0093
031 984 0.0093
031 533 0.0093
031 1459 0.0093
031 1020 0.0093
031 678 0.0093
031 442 0.0093
031 674 0.0092
031 741 0.0092
031 472 0.0092
031 1553 0.0091
031 500 0.0091
031 1142 0.0091
031 17 0.0091
031 912 0.0091
031 168 0.0091
031 893 0.0091
031 368 0.0091
031 521 0.0091
031 1026 0.0091
031 842 0.0091
031 1323 0.0090
031 241 0.0090
031 834 0.0089
031 1310 0.0089
031 665 0.0089
031 940 0.0088
031 659 0.0088
031 285 0.0088
031 173 0.0088
031 425 0.0088
031 1564 0.0088
031 1357 0.0088
031 697 0.0086
031 1352 0.0086
031 830 0.0086
031 170 0.0086
031 103 0.0085
031 1090 0.0085
031 677 0.0085
031 1056 0.0085
031 1022 0.0084
031 216 0.0084
031 1012 0.0084
031 879 0.0084
031 1382 0.0084
031 836 0.0084
031 76 0.0083
031 736 0.0082
031 854 0.0082
031 190 0.0082
031 220 0.0082
031 1243 0.0081
031 1202 0.0081
031 1309 0.0081
031 53 0.0081
031 1067 0.0081
031 1256 0.0081
031 475 0.0081
031 497 0.0081
031 144 0.0080
031 1317 0.0080
031 729 0.0080
031 490 0.0080
031 681 0.0079
031 709 0.0079
031 264 0.0079
031 1282 0.0079
031 1128 0.0079
031 1263 0.0078
031 751 0.0078
031 1370 0.0077
031 1300 0.0077
031 224 0.0077
031 695 0.0077
031 127 0.0076
031 808 0.0076
031 841 0.0075
031 548 0.0075
031 238 0.0075
031 318 0.0075
031 1260 0.0075
031 1442 0.0075
031 1461 0.0074
031 1386 0.0074
031 1190 0.0074
031 175 0.0073
031 436 0.0073
031 786 0.0072
031 123 0.0072
031 1476 0.0072
031 976 0.0072
031 1153 0.0071
031 771 0.0071
031 625 0.0070
031 890 0.0070
031 600 0.0070
031 906 0.0069
031 430 0.0069
031 661 0.0069
031 847 0.0068
031 1477 0.0068
031 914 0.0068
031 134 0.0068
031 409 0.0067
031 537 0.0067
031 485 0.0067
031 143 0.0067
031 1151 0.0066
031 1099 0.0066
031 438 0.0066
031 698 0.0066
031 571 0.0066
031 1550 0.0066
031 1072 0.0065
031 954 0.0065
031 197 0.0065
031 246 0.0065
031 320 0.0065
031 518 0.0065
031 1015 0.0064
031 590 0.0064
031 66 0.0064
031 63 0.0064
031 818 0.0064
031 180 0.0064
031 427 0.0064
031 831 0.0064
031 124 0.0063
031 637 0.0063
031 1445 0.0063
031 32 0.0063
031 991 0.0063
031 451 0.0063
031 1378 0.0062
031 1319 0.0062
031 462 0.0062
031 131 0.0062
031 660 0.0062
031 266 0.0061
031 461 0.0061
031 1508 0.0061
031 1029 0.0061
031 307 0.0060
031 864 0.0060
031 1481 0.0060
031 1 0.0060
031 222 0.0060
031 1239 0.0060
031 817 0.0059
031 59 0.0059
031 513 0.0059
031 663 0.0059
031 1087 0.0059
031 135 0.0059
031 1379 0.0059
031 119 0.0059
031 799 0.0058
031 447 0.0058
031 612 0.0058
031 913 0.0058
031 1327 0.0058
031 300 0.0058
031 510 0.0057
031 337 0.0057
031 305 0.0057
031 1515 0.0057
031 963 0.0057
031 345 0.0056
031 1432 0.0056
031 95 0.0055
031 1466 0.0055
031 1303 0.0055
031 739 0.0055
031 517 0.0055
031 1413 0.0055
031 366 0.0055
031 283 0.0055
031 391 0.0054
031 1335 0.0054
031 384 0.0054
031 331 0.0054
031 428 0.0054
031 996 0.0054
031 774 0.0054
031 1372 0.0053
031 632 0.0053
031 1219 0.0053
031 463 0.0053
031 599 0.0053
031 653 0.0053
031 1058 0.0053
031 293 0.0053
031 92 0.0052
031 1211 0.0052
031 408 0.0052
031 157 0.0052
031 1537 0.0052
031 1269 0.0052
031 399 0.0052
031 257 0.0051
031 1155 0.0051
031 630 0.0051
031 968 0.0051
031 1412 0.0051
031 382 0.0051
031 1547 0.0050
031 969 0.0050
031 623 0.0050
031 763 0.0049
031 244 0.0049
031 43 0.0049
031 487 0.0049
031 962 0.0049
031 1288 0.0049
031 302 0.0049
031 1103 0.0048
031 740 0.0048
031 19 0.0048
031 253 0.0048
031 1117 0.0048
031 712 0.0047
031 549 0.0047
031 641 0.0047
031 1484 0.0047
031 973 0.0047
031 1133 0.0046
031 1227 0.0046
031 676 0.0046
031 810 0.0046
031 636 0.0045
031 297 0.0045
031 840 0.0045
031 1354 0.0045
031 1127 0.0045
031 579 0.0045
031 555 0.0044
031 1364 0.0044
031 585 0.0044
031 547 0.0044
031 705 0.0044
031 1571 0.0044
031 1055 0.0043
031 1424 0.0043
031 148 0.0043
031 1259 0.0043
031 1320 0.0043
031 832 0.0043
031 909 0.0043
031 591 0.0043
031 454 0.0043
031 1289 0.0042
031 105 0.0042
031 204 0.0042
031 522 0.0042
031 1031 0.0042
031 1032 0.0042
031 126 0.0042
031 22 0.0042
031 928 0.0041
031 813 0.0041
031 718 0.0041
031 1066 0.0041
031 18 0.0041
031 699 0.0041
031 432 0.0041
031 588 0.0041
031 1068 0.0040
031 1575 0.0040
031 219 0.0040
031 423 0.0040
031 1380 0.0040
031 1400 0.0040
031 164 0.0039
031 1170 0.0039
031 309 0.0039
031 702 0.0039
031 673 0.0039
031 1164 0.0039
031 811 0.0038
031 924 0.0038
031 902 0.0038
031 995 0.0038
031 1225 0.0038
031 3 0.0037
031 1024 0.0037
031 114 0.0037
031 642 0.0037
031 703 0.0037
031 785 0.0037
031 394 0.0036
031 233 0.0036
031 988 0.0036
031 413 0.0036
031 1337 0.0036
031 414 0.0036
031 34 0.0036
031 208 0.0035
031 684 0.0035
031 1183 0.0035
031 1036 0.0035
031 418 0.0034
031 1028 0.0034
031 827 0.0034
031 265 0.0034
031 982 0.0034
031 1297 0.0034
031 1064 0.0034
031 36 0.0034
031 531 0.0033
031 1385 0.0033
031 514 0.0033
031 1457 0.0033
031 1456 0.0033
031 1053 0.0033
031 1488 0.0033
031 668 0.0032
031 608 0.0032
031 855 0.0032
031 788 0.0032
031 281 0.0032
031 1506 0.0031
031 1059 0.0031
031 838 0.0031
031 504 0.0031
031 1377 0.0031
031 1294 0.0031
031 171 0.0030
031 1516 0.0030
031 450 0.0030
031 573 0.0030
031 738 0.0030
031 633 0.0029
031 1444 0.0029
031 1283 0.0029
031 1186 0.0029
031 60 0.0029
031 1494 0.0029
031 1209 0.0029
031 1084 0.0029
031 658 0.0028
031 1333 0.0028
031 1156 0.0028
031 871 0.0028
031 1450 0.0028
031 1216 0.0028
031 724 0.0028
031 1196 0.0028
031 845 0.0027
031 1521 0.0027
031 1135 0.0027
031 1453 0.0027
031 583 0.0027
031 1075 0.0026
031 1347 0.0026
031 567 0.0026
031 1113 0.0026
031 1292 0.0026
031 616 0.0025
031 376 0.0025
031 1237 0.0025
031 1470 0.0025
031 98 0.0024
031 776 0.0024
031 383 0.0023
031 1504 0.0023
031 882 0.0023
031 1182 0.0021
031 1334 0.0021
031 883 0.0020
031 1425 0.0019
031 1302 0.0019
031 1048 0.0018
031 1434 0.0016
031 966 0.0014
032 1525 0.5311
032 495 0.4166
032 785 0.3973
032 853 0.3829
032 233 0.3820
032 1110 0.3762
032 839 0.3694
032 743 0.3263
032 460 0.3244
032 671 0.3040
032 1121 0.2723
032 1293 0.2609
032 1040 0.2485
032 1035 0.2477
032 1380 0.2389
032 1162 0.2362
032 924 0.1984
032 1413 0.1871
032 854 0.1840
032 782 0.1829
032 1541 0.1697
032 1298 0.1691
032 476 0.1660
032 898 0.1580
032 975 0.1480
032 706 0.1412
032 727 0.1345
032 10 0.1287
032 444 0.1275
032 762 0.1266
032 1060 0.1249
032 662 0.1246
032 758 0.1188
032 1002 0.1115
032 387 0.1087
032 1518 0.1074
032 697 0.1057
032 1017 0.1046
032 402 0.1040
032 1430 0.1032
032 607 0.1015
032 1233 0.1009
032 1076 0.0955
032 1158 0.0954
032 1334 0.0949
032 730 0.0946
032 1547 0.0945
032 916 0.0935
032 1336 0.0932
032 31 0.0891
032 635 0.0869
032 457 0.0833
032 1105 0.0820
032 411 0.0811
032 777 0.0811
032 1455 0.0794
032 1156 0.0784
032 1154 0.0782
032 225 0.0761
032 1315 0.0745
032 196 0.0744
032 1426 0.0734
032 1384 0.0723
032 622 0.0718
032 889 0.0715
032 1085 0.0710
032 1059 0.0707
032 701 0.0704
032 715 0.0704
032 1411 0.0704
032 1512 0.0698
032 1331 0.0685
032 269 0.0681
032 815 0.0678
032 1527 0.0672
032 449 0.0671
032 425 0.0666
032 85 0.0665
032 860 0.0646
032 195 0.0641
032 1511 0.0633
032 875 0.0613
032 1210 0.0611
032 1022 0.0609
032 795 0.0596
032 717 0.0592
032 932 0.0584
032 1219 0.0581
032 558 0.0577
032 33 0.0572
032 1474 0.0557
032 408 0.0551
032 74 0.0545
032 1403 0.0543
032 596 0.0528
032 956 0.0526
032 1291 0.0524
032 66 0.0519
032 1223 0.0514
032 907 0.0511
032 341 0.0509
032 1083 0.0505
032 214 0.0500
032 1524 0.0497
032 415 0.0490
032 420 0.0488
032 1300 0.0484
032 372 0.0482
032 81 0.0480
032 800 0.0477
032 252 0.0476
032 315 0.0471
032 868 0.0470
032 850 0.0469
032 1198 0.0459
032 731 0.0454
032 769 0.0454
032 1275 0.0452
032 830 0.0447
032 186 0.0444
032 1539 0.0439
032 1496 0.0435
032 672 0.0427
032 650 0.0426
032 1245 0.0417
032 1019 0.0417
032 775 0.0415
032 389 0.0414
032 588 0.0413
032 1005 0.0405
032 446 0.0401
032 1534 0.0400
032 16 0.0400
032 768 0.0398
032 900 0.0396
032 711 0.0394
032 903 0.0393
032 670 0.0388
032 397 0.0386
032 1152 0.0385
032 29 0.0382
032 1079 0.0382
032 1134 0.0381
032 922 0.0381
032 891 0.0380
032 1561 0.0378
032 991 0.0378
032 972 0.0377
032 1328 0.0376
032 1368 0.0373
032 1212 0.0372
032 1205 0.0370
032 666 0.0366
032 255 0.0363
032 696 0.0362
032 520 0.0358
032 61 0.0358
032 999 0.0357
032 637 0.0355
032 213 0.0353
032 959 0.0352
032 863 0.0346
032 690 0.0345
032 1429 0.0339
032 551 0.0338
032 312 0.0337
032 885 0.0337
032 755 0.0336
032 1136 0.0334
032 1179 0.0329
032 1160 0.0328
032 1132 0.0327
032 1458 0.0326
032 801 0.0325
032 843 0.0324
032 934 0.0322
032 1573 0.0322
032 824 0.0321
032 1089 0.0320
032 914 0.0320
032 363 0.0318
032 272 0.0317
032 1373 0.0315
032 1391 0.0314
032 1129 0.0312
032 781 0.0309
032 1203 0.0307
032 888 0.0305
032 1311 0.0303
032 1469 0.0303
032 1221 0.0302
032 1549 0.0301
032 383 0.0298
032 1520 0.0295
032 831 0.0294
032 828 0.0294
032 1236 0.0291
032 1357 0.0290
032 25 0.0289
032 779 0.0288
032 1044 0.0284
032 324 0.0281
032 1191 0.0280
032 242 0.0280
032 930 0.0280
032 1084 0.0279
032 652 0.0275
032 422 0.0270
032 471 0.0270
032 810 0.0270
032 21 0.0268
032 1279 0.0268
032 205 0.0268
032 1268 0.0267
032 412 0.0263
032 1433 0.0262
032 1489 0.0262
032 1533 0.0261
032 1318 0.0261
032 1119 0.0260
032 32 0.0259
032 180 0.0259
032 1504 0.0258
032 1000 0.0258
032 1207 0.0257
032 208 0.0255
032 216 0.0253
032 677 0.0251
032 271 0.0251
032 846 0.0250
032 1451 0.0250
032 73 0.0250
032 419 0.0249
032 1317 0.0249
032 1375 0.0249
032 1012 0.0249
032 1465 0.0246
032 1319 0.0246
032 88 0.0244
032 818 0.0243
032 1517 0.0242
032 681 0.0242
032 45 0.0242
032 761 0.0241
032 919 0.0240
032 1234 0.0240
032 752 0.0240
032 915 0.0239
032 566 0.0238
032 902 0.0238
032 1308 0.0237
032 1021 0.0237
032 945 0.0237
032 563 0.0235
032 1351 0.0235
032 802 0.0235
032 227 0.0234
032 867 0.0233
032 1576 0.0232
032 973 0.0232
032 920 0.0231
032 35 0.0230
032 401 0.0230
032 115 0.0229
032 1127 0.0229
032 1208 0.0228
032 1542 0.0227
032 1460 0.0226
032 1274 0.0226
032 351 0.0223
032 1189 0.0223
032 1578 0.0222
032 1251 0.0222
032 522 0.0221
032 1126 0.0220
032 741 0.0220
032 1344 0.0219
032 979 0.0219
032 648 0.0219
032 997 0.0218
032 737 0.0215
032 240 0.0215
032 1100 0.0215
032 274 0.0215
032 1299 0.0214
032 1495 0.0214
032 644 0.0213
032 184 0.0213
032 1338 0.0212
032 39 0.0212
032 1145 0.0212
032 5 0.0212
032 1091 0.0211
032 734 0.0210
032 967 0.0210
032 1360 0.0210
032 859 0.0210
032 47 0.0209
032 346 0.0209
032 1246 0.0207
032 41 0.0206
032 1540 0.0205
032 533 0.0205
032 1553 0.0204
032 360 0.0204
032 1523 0.0203
032 878 0.0203
032 483 0.0202
032 491 0.0200
032 1177 0.0198
032 505 0.0198
032 862 0.0198
032 284 0.0197
032 1301 0.0196
032 489 0.0194
032 1138 0.0194
032 356 0.0193
032 1259 0.0193
032 994 0.0193
032 1446 0.0191
032 1227 0.0191
032 794 0.0190
032 77 0.0189
032 1096 0.0189
032 335 0.0189
032 990 0.0188
032 1171 0.0188
032 1281 0.0187
032 1355 0.0187
032 1016 0.0187
032 1114 0.0186
032 515 0.0186
032 1023 0.0185
032 821 0.0185
032 1199 0.0184
032 1144 0.0183
032 1184 0.0183
032 117 0.0183
032 1271 0.0183
032 417 0.0182
032 692 0.0181
032 579 0.0181
032 910 0.0180
032 529 0.0180
032 1146 0.0180
032 844 0.0180
032 998 0.0180
032 1376 0.0179
032 1423 0.0179
032 682 0.0178
032 1051 0.0178
032 1305 0.0178
032 1341 0.0177
032 614 0.0177
032 1069 0.0176
032 1101 0.0176
032 1232 0.0176
032 63 0.0176
032 1070 0.0176
032 992 0.0174
032 598 0.0174
032 1439 0.0173
032 1452 0.0173
032 1285 0.0172
032 1342 0.0171
032 1058 0.0170
032 163 0.0170
032 667 0.0170
032 514 0.0169
032 1265 0.0168
032 369 0.0168
032 602 0.0168
032 884 0.0167
032 647 0.0167
032 1254 0.0167
032 518 0.0166
032 1209 0.0166
032 528 0.0166
032 1174 0.0165
032 181 0.0165
032 154 0.0163
032 94 0.0162
032 963 0.0162
032 1295 0.0162
032 1050 0.0162
032 1090 0.0162
032 1555 0.0161
032 960 0.0161
032 1531 0.0161
032 1321 0.0160
032 1169 0.0159
032 378 0.0158
032 1464 0.0158
032 1014 0.0158
032 285 0.0158
032 575 0.0157
032 468 0.0156
032 381 0.0156
032 1143 0.0156
032 1564 0.0156
032 911 0.0155
032 1546 0.0155
032 574 0.0154
032 157 0.0154
032 1490 0.0154
032 1428 0.0154
032 1224 0.0154
032 53 0.0154
032 439 0.0154
032 56 0.0153
032 1141 0.0153
032 1330 0.0153
032 1194 0.0152
032 139 0.0152
032 1417 0.0152
032 1449 0.0152
032 905 0.0152
032 1356 0.0151
032 409 0.0150
032 1365 0.0150
032 556 0.0149
032 1503 0.0149
032 1487 0.0149
032 1253 0.0149
032 1149 0.0148
032 1353 0.0147
032 1093 0.0147
032 1414 0.0147
032 426 0.0147
032 54 0.0147
032 953 0.0146
032 215 0.0146
032 345 0.0146
032 929 0.0146
032 1284 0.0145
032 687 0.0144
032 933 0.0144
032 516 0.0143
032 1157 0.0143
032 1063 0.0143
032 1427 0.0143
032 1240 0.0143
032 349 0.0143
032 109 0.0143
032 1202 0.0143
032 1173 0.0142
032 1459 0.0142
032 807 0.0142
032 364 0.0141
032 763 0.0141
032 347 0.0141
032 1287 0.0141
032 1340 0.0141
032 1366 0.0140
032 1408 0.0140
032 1280 0.0140
032 247 0.0140
032 1548 0.0139
032 1255 0.0139
032 334 0.0139
032 586 0.0139
032 917 0.0138
032 1394 0.0138
032 1538 0.0138
032 1483 0.0138
032 812 0.0138
032 1537 0.0137
032 639 0.0137
032 1454 0.0137
032 40 0.0135
032 787 0.0135
032 69 0.0133
032 441 0.0132
032 1043 0.0132
032 925 0.0131
032 912 0.0131
032 760 0.0131
032 840 0.0130
032 1074 0.0130
032 732 0.0129
032 714 0.0129
032 337 0.0129
032 513 0.0129
032 201 0.0129
032 748 0.0129
032 1379 0.0128
032 1204 0.0128
032 1402 0.0128
032 1320 0.0128
032 424 0.0128
032 331 0.0128
032 70 0.0126
032 235 0.0126
032 1579 0.0126
032 1484 0.0125
032 1359 0.0125
032 1383 0.0125
032 1243 0.0124
032 1545 0.0124
032 418 0.0123
032 162 0.0123
032 1123 0.0123
032 149 0.0123
032 783 0.0123
032 1225 0.0122
032 866 0.0122
032 887 0.0122
032 155 0.0122
032 974 0.0122
032 1258 0.0122
032 472 0.0122
032 1418 0.0121
032 1347 0.0121
032 987 0.0120
032 895 0.0120
032 1447 0.0120
032 1150 0.0120
032 329 0.0119
032 1206 0.0119
032 1550 0.0118
032 565 0.0118
032 1077 0.0118
032 1313 0.0118
032 740 0.0117
032 1008 0.0117
032 1092 0.0117
032 304 0.0117
032 37 0.0116
032 621 0.0116
032 136 0.0116
032 789 0.0116
032 380 0.0116
032 653 0.0115
032 523 0.0115
032 453 0.0115
032 532 0.0115
032 724 0.0114
032 871 0.0114
032 1566 0.0113
032 1067 0.0113
032 228 0.0113
032 993 0.0113
032 816 0.0113
032 547 0.0113
032 530 0.0113
032 254 0.0112
032 686 0.0112
032 896 0.0111
032 1182 0.0110
032 330 0.0110
032 1463 0.0110
032 1335 0.0110
032 534 0.0109
032 660 0.0109
032 744 0.0109
032 745 0.0109
032 97 0.0109
032 394 0.0108
032 62 0.0108
032 1422 0.0107
032 797 0.0107
032 874 0.0106
032 827 0.0106
032 1256 0.0105
032 1491 0.0105
032 1425 0.0105
032 1137 0.0104
032 1099 0.0104
032 609 0.0104
032 512 0.0104
032 870 0.0103
032 1557 0.0103
032 659 0.0103
032 1393 0.0103
032 1086 0.0103
032 776 0.0103
032 151 0.0103
032 1385 0.0102
032 842 0.0102
032 746 0.0100
032 1155 0.0100
032 322 0.0100
032 1260 0.0100
032 220 0.0099
032 1358 0.0099
032 757 0.0099
032 603 0.0099
032 823 0.0098
032 679 0.0097
032 2 0.0097
032 452 0.0096
032 691 0.0096
032 1471 0.0096
032 219 0.0095
032 410 0.0095
032 182 0.0095
032 1034 0.0094
032 976 0.0093
032 110 0.0093
032 1371 0.0092
032 1010 0.0092
032 1116 0.0091
032 379 0.0091
032 367 0.0091
032 1166 0.0091
032 630 0.0091
032 261 0.0090
032 535 0.0090
032 617 0.0090
032 1222 0.0089
032 904 0.0089
032 1507 0.0088
032 99 0.0088
032 545 0.0088
032 695 0.0086
032 771 0.0085
032 611 0.0085
032 199 0.0084
032 1277 0.0084
032 899 0.0084
032 1257 0.0084
032 723 0.0084
032 806 0.0084
032 858 0.0083
032 28 0.0083
032 1387 0.0083
032 506 0.0082
032 404 0.0081
032 1047 0.0081
032 1567 0.0081
032 59 0.0080
032 557 0.0080
032 1332 0.0080
032 1468 0.0080
032 326 0.0079
032 877 0.0079
032 524 0.0078
032 450 0.0078
032 437 0.0078
032 443 0.0078
032 435 0.0077
032 1071 0.0077
032 106 0.0077
032 183 0.0077
032 1325 0.0076
032 1220 0.0076
032 511 0.0076
032 984 0.0076
032 1164 0.0076
032 1229 0.0076
032 463 0.0076
032 913 0.0076
032 1382 0.0076
032 124 0.0075
032 957 0.0075
032 1192 0.0075
032 766 0.0074
032 158 0.0074
032 1033 0.0074
032 131 0.0074
032 100 0.0074
032 1252 0.0074
032 1006 0.0073
032 1020 0.0073
032 685 0.0073
032 467 0.0073
032 604 0.0073
032 1003 0.0071
032 388 0.0071
032 1570 0.0070
032 316 0.0070
032 1372 0.0070
032 1018 0.0070
032 114 0.0070
032 1118 0.0069
032 266 0.0069
032 580 0.0069
032 1215 0.0069
032 173 0.0069
032 57 0.0069
032 1007 0.0068
032 1211 0.0068
032 496 0.0068
032 1218 0.0068
032 786 0.0067
032 1193 0.0067
032 1388 0.0067
032 230 0.0066
032 1442 0.0066
032 778 0.0064
032 34 0.0064
032 359 0.0063
032 651 0.0063
032 582 0.0063
032 1178 0.0063
032 935 0.0062
032 594 0.0062
032 1349 0.0062
032 470 0.0062
032 1057 0.0062
032 1401 0.0062
032 822 0.0062
032 698 0.0062
032 194 0.0061
032 454 0.0061
032 1073 0.0060
032 829 0.0060
032 928 0.0060
032 1440 0.0059
032 941 0.0059
032 273 0.0059
032 726 0.0059
032 543 0.0059
032 169 0.0058
032 738 0.0058
032 814 0.0058
032 1409 0.0057
032 323 0.0057
032 1175 0.0056
032 1042 0.0056
032 433 0.0056
032 1529 0.0056
032 308 0.0056
032 1472 0.0056
032 259 0.0056
032 1181 0.0055
032 1482 0.0055
032 1159 0.0055
032 1113 0.0055
032 951 0.0055
032 352 0.0055
032 799 0.0054
032 876 0.0053
032 366 0.0053
032 314 0.0053
032 395 0.0053
032 883 0.0053
032 1087 0.0052
032 354 0.0052
032 353 0.0052
032 965 0.0052
032 118 0.0052
032 654 0.0052
032 971 0.0052
032 1055 0.0052
032 901 0.0051
032 474 0.0051
032 1306 0.0051
032 116 0.0050
032 952 0.0050
032 275 0.0050
032 1195 0.0050
032 145 0.0050
032 480 0.0050
032 1324 0.0049
032 1262 0.0049
032 739 0.0049
032 297 0.0049
032 536 0.0049
032 542 0.0049
032 817 0.0049
032 694 0.0048
032 384 0.0048
032 374 0.0048
032 1536 0.0048
032 24 0.0048
032 628 0.0048
032 886 0.0048
032 286 0.0047
032 413 0.0047
032 174 0.0047
032 1078 0.0047
032 1048 0.0047
032 1488 0.0047
032 942 0.0047
032 291 0.0047
032 1026 0.0046
032 1502 0.0046
032 669 0.0046
032 1197 0.0046
032 736 0.0046
032 820 0.0046
032 525 0.0046
032 481 0.0046
032 1386 0.0046
032 1395 0.0046
032 373 0.0046
032 791 0.0045
032 140 0.0045
032 1303 0.0045
032 229 0.0044
032 440 0.0044
032 765 0.0044
032 1343 0.0043
032 464 0.0043
032 1552 0.0043
032 120 0.0043
032 890 0.0043
032 1213 0.0042
032 209 0.0042
032 1420 0.0042
032 1494 0.0041
032 1369 0.0041
032 288 0.0041
032 1172 0.0041
032 504 0.0040
032 188 0.0040
032 1065 0.0040
032 605 0.0040
032 290 0.0040
032 548 0.0040
032 780 0.0040
032 716 0.0040
032 1556 0.0040
032 1151 0.0040
032 1108 0.0039
032 96 0.0039
032 371 0.0039
032 1302 0.0039
032 1431 0.0039
032 1122 0.0039
032 1128 0.0039
032 1571 0.0039
032 13 0.0038
032 527 0.0038
032 68 0.0038
032 189 0.0038
032 646 0.0038
032 811 0.0038
032 577 0.0038
032 702 0.0038
032 1479 0.0038
032 923 0.0038
032 71 0.0037
032 980 0.0037
032 725 0.0037
032 172 0.0036
032 289 0.0036
032 338 0.0036
032 1235 0.0036
032 985 0.0036
032 1095 0.0036
032 1410 0.0036
032 1276 0.0036
032 845 0.0036
032 864 0.0036
032 1543 0.0035
032 946 0.0035
032 1521 0.0035
032 837 0.0035
032 236 0.0035
032 728 0.0035
032 78 0.0035
032 770 0.0035
032 224 0.0035
032 299 0.0034
032 673 0.0034
032 1500 0.0034
032 1361 0.0034
032 1176 0.0034
032 700 0.0034
032 1036 0.0034
032 982 0.0034
032 1142 0.0033
032 1214 0.0033
032 405 0.0033
032 185 0.0033
032 773 0.0033
032 152 0.0033
032 809 0.0033
032 553 0.0033
032 36 0.0033
032 735 0.0032
032 1456 0.0032
032 601 0.0032
032 1053 0.0032
032 112 0.0032
032 1397 0.0032
032 156 0.0032
032 501 0.0032
032 590 0.0031
032 1183 0.0031
032 593 0.0031
032 1124 0.0031
032 179 0.0031
032 893 0.0031
032 1163 0.0031
032 909 0.0031
032 521 0.0030
032 1185 0.0030
032 1216 0.0030
032 1497 0.0030
032 485 0.0030
032 253 0.0029
032 1544 0.0029
032 615 0.0029
032 1462 0.0029
032 608 0.0029
032 658 0.0028
032 906 0.0028
032 704 0.0028
032 803 0.0028
032 398 0.0027
032 268 0.0027
032 613 0.0027
032 1392 0.0027
032 218 0.0027
032 857 0.0027
032 1505 0.0026
032 197 0.0026
032 1485 0.0025
032 1478 0.0025
032 1011 0.0025
032 311 0.0025
032 1272 0.0025
032 1381 0.0025
032 126 0.0025
032 1270 0.0025
032 1493 0.0025
032 18 0.0024
032 655 0.0024
032 569 0.0024
032 584 0.0024
032 206 0.0024
032 632 0.0024
032 355 0.0024
032 187 0.0024
032 150 0.0023
032 300 0.0023
032 1161 0.0023
032 455 0.0023
032 262 0.0023
032 1438 0.0023
032 147 0.0023
032 198 0.0023
032 221 0.0022
032 805 0.0022
032 683 0.0022
032 693 0.0022
032 759 0.0022
032 391 0.0022
032 500 0.0021
032 339 0.0021
032 552 0.0021
032 17 0.0020
032 226 0.0020
032 531 0.0020
032 626 0.0020
032 798 0.0020
032 560 0.0020
032 1457 0.0020
032 749 0.0019
032 1139 0.0019
032 87 0.0019
032 1415 0.0019
032 1081 0.0019
032 788 0.0019
032 879 0.0018
032 1027 0.0018
032 1473 0.0018
032 26 0.0018
032 1283 0.0017
032 570 0.0017
032 1107 0.0017
032 1046 0.0017
032 894 0.0017
032 813 0.0017
032 790 0.0017
032 1196 0.0017
032 754 0.0016
032 1148 0.0016
032 1135 0.0016
032 1476 0.0015
032 722 0.0015
032 1316 0.0015
032 1237 0.0015
032 1445 0.0015
032 317 0.0014
032 75 0.0014
032 612 0.0014
032 486 0.0013
032 231 0.0013
032 592 0.0012
032 852 0.0012
032 1267 0.0011
032 657 0.0011
032 729 0.0010
033 1233 0.3573
033 457 0.3346
033 387 0.3006
033 10 0.2833
033 635 0.2742
033 1076 0.2499
033 348 0.2271
033 1002 0.1940
033 697 0.1924
033 768 0.1871
033 777 0.1569
033 197 0.1521
033 513 0.1423
033 1299 0.1396
033 953 0.1342
033 821 0.1222
033 231 0.1213
033 1538 0.1187
033 779 0.1159
033 364 0.1158
033 795 0.1149
033 863 0.1146
033 1156 0.1132
033 546 0.1055
033 655 0.1004
033 341 0.0985
033 1289 0.0972
033 1234 0.0968
033 1507 0.0960
033 710 0.0958
033 315 0.0942
033 313 0.0927
033 1570 0.0903
033 85 0.0902
033 235 0.0893
033 976 0.0888
033 558 0.0880
033 1345 0.0873
033 898 0.0873
033 643 0.0869
033 1104 0.0864
033 1158 0.0858
033 476 0.0858
033 1474 0.0854
033 515 0.0848
033 651 0.0832
033 1179 0.0821
033 1512 0.0820
033 1504 0.0809
033 750 0.0808
033 1129 0.0802
033 932 0.0793
033 755 0.0778
033 33 0.0776
033 390 0.0770
033 1411 0.0767
033 354 0.0763
033 196 0.0759
033 1150 0.0755
033 706 0.0724
033 1072 0.0723
033 598 0.0722
033 1291 0.0711
033 347 0.0696
033 701 0.0695
033 402 0.0692
033 314 0.0681
033 1154 0.0662
033 116 0.0661
033 754 0.0625
033 731 0.0616
033 352 0.0616
033 1539 0.0615
033 780 0.0614
033 1360 0.0612
033 225 0.0608
033 860 0.0604
033 312 0.0602
033 1579 0.0598
033 202 0.0597
033 1162 0.0594
033 1357 0.0593
033 822 0.0589
033 891 0.0584
033 1079 0.0578
033 715 0.0569
033 526 0.0567
033 359 0.0567
033 812 0.0560
033 888 0.0560
033 163 0.0557
033 584 0.0551
033 182 0.0543
033 22 0.0543
033 622 0.0531
033 1075 0.0529
033 471 0.0527
033 157 0.0521
033 1173 0.0521
033 1475 0.0519
033 1518 0.0518
033 1561 0.0513
033 1077 0.0512
033 781 0.0511
033 181 0.0495
033 1455 0.0493
033 164 0.0492
033 276 0.0490
033 303 0.0488
033 1039 0.0487
033 185 0.0483
033 127 0.0480
033 191 0.0476
033 463 0.0473
033 1119 0.0471
033 678 0.0466
033 919 0.0466
033 417 0.0464
033 725 0.0460
033 1384 0.0460
033 374 0.0456
033 653 0.0455
033 579 0.0455
033 1302 0.0448
033 596 0.0448
033 1017 0.0447
033 677 0.0443
033 158 0.0443
033 1089 0.0434
033 1212 0.0434
033 648 0.0431
033 690 0.0428
033 1003 0.0427
033 1084 0.0426
033 529 0.0425
033 1209 0.0422
033 921 0.0421
033 57 0.0419
033 360 0.0417
033 365 0.0415
033 1044 0.0415
033 486 0.0412
033 1363 0.0411
033 553 0.0410
033 1501 0.0409
033 1259 0.0408
033 575 0.0405
033 426 0.0401
033 1143 0.0401
033 1023 0.0401
033 689 0.0399
033 1095 0.0399
033 885 0.0396
033 568 0.0396
033 195 0.0393
033 675 0.0391
033 1214 0.0388
033 199 0.0387
033 965 0.0378
033 1246 0.0378
033 1159 0.0377
033 397 0.0377
033 1334 0.0375
033 1052 0.0375
033 61 0.0373
033 361 0.0372
033 1220 0.0371
033 1231 0.0369
033 462 0.0368
033 547 0.0368
033 55 0.0367
033 418 0.0367
033 559 0.0365
033 899 0.0365
033 198 0.0363
033 522 0.0362
033 1278 0.0361
033 1336 0.0359
033 1138 0.0358
033 959 0.0357
033 588 0.0351
033 916 0.0347
033 652 0.0346
033 819 0.0345
033 1397 0.0344
033 428 0.0343
033 645 0.0340
033 756 0.0339
033 1256 0.0339
033 1226 0.0339
033 753 0.0336
033 26 0.0333
033 154 0.0333
033 1330 0.0332
033 1340 0.0330
033 47 0.0329
033 1438 0.0326
033 733 0.0325
033 336 0.0325
033 414 0.0324
033 330 0.0324
033 449 0.0322
033 533 0.0321
033 1338 0.0320
033 186 0.0319
033 910 0.0319
033 766 0.0318
033 1069 0.0316
033 1223 0.0316
033 252 0.0314
033 1528 0.0312
033 120 0.0312
033 339 0.0308
033 734 0.0307
033 1513 0.0307
033 1346 0.0306
033 51 0.0306
033 1107 0.0306
033 444 0.0306
033 1082 0.0306
033 837 0.0305
033 1390 0.0303
033 1465 0.0302
033 1448 0.0299
033 789 0.0298
033 769 0.0296
033 1038 0.0296
033 221 0.0296
033 1242 0.0296
033 810 0.0295
033 17 0.0293
033 1524 0.0292
033 519 0.0291
033 149 0.0289
033 557 0.0288
033 70 0.0285
033 1427 0.0284
033 999 0.0284
033 403 0.0283
033 1286 0.0283
033 106 0.0282
033 1284 0.0282
033 889 0.0282
033 566 0.0282
033 518 0.0281
033 103 0.0281
033 172 0.0279
033 973 0.0279
033 862 0.0279
033 1260 0.0278
033 875 0.0277
033 1275 0.0276
033 824 0.0275
033 1210 0.0274
033 957 0.0274
033 1496 0.0273
033 1443 0.0273
033 1403 0.0270
033 240 0.0268
033 440 0.0268
033 1257 0.0264
033 945 0.0264
033 1392 0.0264
033 1232 0.0263
033 787 0.0262
033 1569 0.0262
033 74 0.0261
033 611 0.0260
033 1460 0.0260
033 740 0.0259
033 1564 0.0259
033 367 0.0257
033 1245 0.0256
033 63 0.0255
033 920 0.0255
033 205 0.0254
033 758 0.0253
033 1451 0.0253
033 1311 0.0252
033 751 0.0252
033 362 0.0251
033 820 0.0251
033 470 0.0250
033 155 0.0250
033 73 0.0250
033 1458 0.0248
033 552 0.0247
033 815 0.0247
033 193 0.0246
033 1548 0.0245
033 1206 0.0244
033 1240 0.0243
033 1373 0.0242
033 383 0.0242
033 230 0.0240
033 243 0.0240
033 802 0.0240
033 1293 0.0237
033 242 0.0233
033 717 0.0232
033 60 0.0232
033 466 0.0229
033 1014 0.0228
033 77 0.0228
033 1482 0.0228
033 215 0.0227
033 538 0.0227
033 1218 0.0227
033 530 0.0226
033 1198 0.0225
033 166 0.0223
033 1537 0.0222
033 494 0.0221
033 532 0.0221
033 239 0.0221
033 711 0.0221
033 1208 0.0219
033 523 0.0218
033 78 0.0218
033 299 0.0218
033 934 0.0217
033 1394 0.0216
033 790 0.0215
033 289 0.0215
033 817 0.0215
033 1318 0.0214
033 712 0.0213
033 91 0.0213
033 438 0.0213
033 605 0.0212
033 1583 0.0211
033 317 0.0211
033 967 0.0210
033 1034 0.0210
033 422 0.0210
033 190 0.0209
033 1193 0.0209
033 273 0.0208
033 1535 0.0207
033 1127 0.0207
033 905 0.0207
033 467 0.0207
033 267 0.0207
033 290 0.0206
033 592 0.0205
033 89 0.0205
033 1469 0.0205
033 852 0.0205
033 1228 0.0204
033 1470 0.0204
033 439 0.0203
033 1454 0.0203
033 1160 0.0203
033 1131 0.0201
033 8 0.0201
033 924 0.0201
033 162 0.0201
033 145 0.0200
033 1495 0.0199
033 1192 0.0199
033 1100 0.0198
033 801 0.0198
033 391 0.0198
033 569 0.0197
033 923 0.0196
033 88 0.0196
033 441 0.0196
033 744 0.0196
033 87 0.0196
033 958 0.0196
033 268 0.0196
033 1054 0.0195
033 54 0.0194
033 805 0.0194
033 938 0.0193
033 771 0.0193
033 901 0.0193
033 455 0.0191
033 830 0.0191
033 1280 0.0190
033 737 0.0189
033 353 0.0189
033 831 0.0189
033 346 0.0189
033 545 0.0188
033 1577 0.0187
033 81 0.0187
033 1029 0.0187
033 254 0.0185
033 1328 0.0183
033 413 0.0183
033 1241 0.0182
033 1142 0.0181
033 2 0.0181
033 757 0.0180
033 1319 0.0180
033 666 0.0180
033 160 0.0180
033 563 0.0179
033 514 0.0179
033 1517 0.0179
033 1573 0.0179
033 465 0.0179
033 36 0.0178
033 834 0.0178
033 895 0.0178
033 1262 0.0176
033 541 0.0176
033 342 0.0174
033 219 0.0174
033 1378 0.0173
033 393 0.0173
033 1148 0.0173
033 118 0.0171
033 997 0.0170
033 989 0.0170
033 1372 0.0170
033 698 0.0169
033 11 0.0169
033 720 0.0169
033 1290 0.0168
033 1549 0.0167
033 58 0.0167
033 870 0.0167
033 980 0.0167
033 216 0.0166
033 373 0.0166
033 1503 0.0166
033 960 0.0165
033 1405 0.0165
033 738 0.0164
033 126 0.0164
033 1103 0.0164
033 948 0.0163
033 1449 0.0163
033 394 0.0162
033 542 0.0162
033 1236 0.0161
033 682 0.0161
033 184 0.0161
033 18 0.0161
033 1021 0.0161
033 79 0.0161
033 97 0.0160
033 311 0.0159
033 902 0.0159
033 45 0.0158
033 1169 0.0157
033 865 0.0157
033 1381 0.0156
033 747 0.0156
033 1426 0.0156
033 508 0.0155
033 723 0.0155
033 736 0.0154
033 12 0.0154
033 612 0.0154
033 1408 0.0153
033 1191 0.0153
033 456 0.0153
033 210 0.0153
033 1170 0.0152
033 1137 0.0152
033 369 0.0152
033 765 0.0151
033 1088 0.0151
033 594 0.0151
033 567 0.0150
033 115 0.0150
033 528 0.0150
033 641 0.0150
033 1534 0.0150
033 66 0.0149
033 595 0.0149
033 520 0.0148
033 1486 0.0148
033 1463 0.0148
033 129 0.0146
033 683 0.0145
033 487 0.0145
033 1377 0.0145
033 229 0.0144
033 724 0.0144
033 516 0.0143
033 1207 0.0142
033 947 0.0141
033 564 0.0141
033 283 0.0140
033 1472 0.0140
033 179 0.0140
033 1440 0.0139
033 421 0.0139
033 554 0.0139
033 681 0.0138
033 505 0.0138
033 358 0.0137
033 619 0.0137
033 1105 0.0137
033 1135 0.0136
033 1227 0.0136
033 211 0.0136
033 1307 0.0135
033 1396 0.0135
033 1006 0.0135
033 269 0.0135
033 1078 0.0134
033 1410 0.0134
033 525 0.0134
033 1435 0.0133
033 1490 0.0133
033 99 0.0133
033 1195 0.0133
033 647 0.0132
033 1541 0.0132
033 628 0.0131
033 1342 0.0131
033 671 0.0130
033 1433 0.0130
033 19 0.0130
033 933 0.0130
033 881 0.0130
033 416 0.0130
033 1035 0.0129
033 800 0.0129
033 1317 0.0129
033 412 0.0129
033 1063 0.0128
033 763 0.0128
033 543 0.0128
033 1436 0.0127
033 620 0.0126
033 925 0.0126
033 626 0.0126
033 345 0.0126
033 481 0.0126
033 1277 0.0125
033 83 0.0124
033 639 0.0124
033 1031 0.0124
033 1540 0.0124
033 509 0.0124
033 28 0.0123
033 337 0.0123
033 473 0.0123
033 40 0.0122
033 699 0.0121
033 113 0.0121
033 866 0.0121
033 1140 0.0120
033 1374 0.0119
033 974 0.0119
033 189 0.0119
033 464 0.0119
033 1445 0.0118
033 517 0.0118
033 1526 0.0118
033 213 0.0118
033 746 0.0118
033 778 0.0117
033 395 0.0117
033 309 0.0116
033 1235 0.0115
033 183 0.0115
033 702 0.0114
033 370 0.0114
033 576 0.0114
033 1128 0.0112
033 670 0.0112
033 1352 0.0111
033 1420 0.0110
033 759 0.0110
033 430 0.0110
033 384 0.0110
033 1347 0.0109
033 1229 0.0109
033 1371 0.0108
033 1483 0.0108
033 1351 0.0108
033 1136 0.0108
033 813 0.0107
033 482 0.0107
033 1058 0.0107
033 291 0.0107
033 876 0.0106
033 1545 0.0106
033 930 0.0106
033 1417 0.0106
033 37 0.0105
033 621 0.0105
033 608 0.0105
033 1457 0.0105
033 1048 0.0105
033 245 0.0105
033 1171 0.0104
033 69 0.0104
033 1578 0.0103
033 192 0.0103
033 1122 0.0103
033 288 0.0103
033 1152 0.0103
033 1446 0.0103
033 700 0.0102
033 150 0.0102
033 1380 0.0102
033 993 0.0101
033 173 0.0101
033 867 0.0100
033 1467 0.0100
033 1243 0.0100
033 1425 0.0100
033 318 0.0100
033 1557 0.0100
033 904 0.0099
033 86 0.0099
033 1123 0.0099
033 695 0.0098
033 560 0.0098
033 1176 0.0098
033 510 0.0098
033 1070 0.0097
033 68 0.0096
033 986 0.0096
033 1386 0.0095
033 1399 0.0095
033 204 0.0095
033 1471 0.0095
033 788 0.0094
033 1387 0.0094
033 637 0.0093
033 500 0.0093
033 504 0.0093
033 1263 0.0092
033 1447 0.0092
033 743 0.0092
033 782 0.0091
033 1163 0.0091
033 1430 0.0091
033 674 0.0091
033 764 0.0091
033 721 0.0091
033 1354 0.0090
033 62 0.0090
033 828 0.0090
033 1194 0.0090
033 46 0.0090
033 1064 0.0089
033 1144 0.0089
033 985 0.0089
033 1305 0.0089
033 613 0.0089
033 1196 0.0088
033 217 0.0088
033 1466 0.0087
033 590 0.0087
033 1335 0.0086
033 551 0.0086
033 996 0.0086
033 1327 0.0086
033 732 0.0085
033 233 0.0085
033 1061 0.0085
033 729 0.0085
033 1298 0.0083
033 480 0.0083
033 536 0.0083
033 1416 0.0083
033 1329 0.0083
033 1441 0.0083
033 371 0.0083
033 1098 0.0083
033 555 0.0083
033 1015 0.0083
033 884 0.0081
033 1493 0.0081
033 1271 0.0081
033 1153 0.0081
033 811 0.0080
033 1391 0.0080
033 1509 0.0080
033 5 0.0079
033 1300 0.0078
033 253 0.0078
033 329 0.0078
033 1339 0.0077
033 982 0.0077
033 806 0.0076
033 580 0.0075
033 1224 0.0075
033 1037 0.0075
033 1249 0.0075
033 640 0.0075
033 767 0.0074
033 657 0.0074
033 1531 0.0074
033 853 0.0073
033 1488 0.0073
033 1065 0.0073
033 1532 0.0073
033 994 0.0073
033 868 0.0072
033 693 0.0072
033 1181 0.0071
033 1081 0.0071
033 1355 0.0070
033 498 0.0069
033 474 0.0069
033 1285 0.0069
033 409 0.0068
033 1217 0.0068
033 896 0.0068
033 1067 0.0067
033 1294 0.0066
033 460 0.0065
033 565 0.0065
033 1251 0.0064
033 1332 0.0064
033 587 0.0064
033 1059 0.0064
033 419 0.0063
033 293 0.0063
033 258 0.0063
033 122 0.0063
033 114 0.0063
033 816 0.0063
033 1120 0.0063
033 82 0.0062
033 1581 0.0062
033 907 0.0062
033 949 0.0062
033 784 0.0062
033 809 0.0061
033 1009 0.0061
033 521 0.0061
033 222 0.0061
033 966 0.0061
033 883 0.0060
033 1238 0.0060
033 1481 0.0059
033 600 0.0059
033 1239 0.0059
033 1255 0.0059
033 909 0.0059
033 785 0.0058
033 1033 0.0058
033 1092 0.0058
033 1085 0.0057
033 1174 0.0057
033 1267 0.0056
033 1086 0.0056
033 1109 0.0056
033 1413 0.0056
033 857 0.0056
033 548 0.0055
033 469 0.0054
033 212 0.0053
033 1093 0.0053
033 1562 0.0053
033 705 0.0052
033 246 0.0052
033 200 0.0052
033 251 0.0050
033 1331 0.0050
033 894 0.0050
033 616 0.0050
033 1434 0.0049
033 432 0.0049
033 84 0.0048
033 335 0.0048
033 1270 0.0047
033 799 0.0047
033 227 0.0047
033 1046 0.0045
033 854 0.0045
033 1066 0.0044
033 507 0.0043
033 872 0.0043
033 972 0.0043
033 829 0.0043
033 1323 0.0042
033 1252 0.0042
033 1393 0.0042
033 1476 0.0041
033 194 0.0041
033 873 0.0041
033 1523 0.0041
033 1149 0.0041
033 1185 0.0041
033 284 0.0040
033 1237 0.0039
033 43 0.0039
033 1444 0.0039
033 1147 0.0039
033 280 0.0039
033 1498 0.0039
033 437 0.0039
033 794 0.0038
033 479 0.0038
033 1183 0.0038
033 825 0.0037
033 656 0.0037
033 249 0.0036
033 1554 0.0036
033 742 0.0036
033 1568 0.0036
033 29 0.0036
033 14 0.0035
033 1178 0.0035
033 512 0.0035
033 1175 0.0034
033 148 0.0034
033 307 0.0034
033 272 0.0034
033 1478 0.0034
033 1155 0.0034
033 660 0.0033
033 458 0.0033
033 351 0.0033
033 502 0.0033
033 39 0.0033
033 207 0.0033
033 169 0.0033
033 748 0.0032
033 1097 0.0032
033 631 0.0032
033 1546 0.0032
033 680 0.0032
033 1132 0.0031
033 1375 0.0031
033 262 0.0031
033 305 0.0031
033 1580 0.0031
033 1190 0.0031
033 139 0.0031
033 981 0.0031
033 178 0.0030
033 1432 0.0030
033 897 0.0030
033 969 0.0030
033 1362 0.0030
033 739 0.0030
033 1353 0.0030
033 271 0.0029
033 886 0.0029
033 1050 0.0028
033 377 0.0028
033 1133 0.0028
033 630 0.0028
033 977 0.0027
033 623 0.0027
033 226 0.0027
033 614 0.0027
033 1146 0.0027
033 322 0.0027
033 379 0.0027
033 380 0.0027
033 1074 0.0026
033 585 0.0026
033 669 0.0026
033 1111 0.0025
033 979 0.0025
033 52 0.0025
033 879 0.0025
033 1348 0.0025
033 1027 0.0024
033 1418 0.0024
033 987 0.0024
033 1575 0.0024
033 983 0.0024
033 589 0.0024
033 1313 0.0024
033 918 0.0023
033 858 0.0023
033 1494 0.0023
033 1141 0.0023
033 1225 0.0023
033 540 0.0022
033 1180 0.0022
033 661 0.0022
033 914 0.0022
033 1511 0.0022
033 1030 0.0022
033 1419 0.0022
033 1020 0.0021
033 108 0.0021
033 577 0.0021
033 1459 0.0021
033 673 0.0021
033 1479 0.0021
033 1062 0.0021
033 1028 0.0021
033 1398 0.0021
033 265 0.0021
033 1091 0.0020
033 1456 0.0020
033 112 0.0020
033 691 0.0020
033 786 0.0020
033 1402 0.0019
033 98 0.0019
033 760 0.0019
033 869 0.0019
033 776 0.0019
033 1049 0.0019
033 970 0.0017
033 961 0.0017
033 1485 0.0017
033 871 0.0017
033 1216 0.0017
033 107 0.0016
033 443 0.0016
033 1113 0.0015
033 1409 0.0015
033 1308 0.0014
033 1304 0.0014
033 266 0.0014
033 1442 0.0013
033 333 0.0013
033 3 0.0012
034 1503 0.3725
034 471 0.2914
034 417 0.2710
034 543 0.2704
034 188 0.2444
034 499 0.2393
034 756 0.1843
034 998 0.1754
034 59 0.1616
034 133 0.1574
034 383 0.1378
034 1236 0.1342
034 552 0.1311
034 22 0.1278
034 196 0.1253
034 1072 0.1206
034 61 0.1117
034 725 0.1105
034 372 0.1068
034 527 0.1061
034 758 0.1050
034 551 0.1047
034 639 0.1000
034 146 0.0998
034 530 0.0967
034 495 0.0957
034 1576 0.0949
034 269 0.0886
034 572 0.0880
034 515 0.0874
034 528 0.0854
034 734 0.0851
034 37 0.0849
034 379 0.0844
034 738 0.0807
034 227 0.0796
034 197 0.0796
034 453 0.0793
034 505 0.0782
034 315 0.0766
034 931 0.0762
034 896 0.0742
034 934 0.0724
034 652 0.0718
034 945 0.0716
034 91 0.0715
034 220 0.0704
034 40 0.0696
034 909 0.0696
034 400 0.0665
034 1218 0.0660
034 88 0.0655
034 1315 0.0654
034 1518 0.0637
034 346 0.0632
034 1399 0.0623
034 160 0.0623
034 360 0.0615
034 1574 0.0609
034 612 0.0603
034 1430 0.0601
034 1248 0.0577
034 102 0.0575
034 533 0.0574
034 997 0.0569
034 218 0.0567
034 266 0.0565
034 1227 0.0564
034 726 0.0558
034 355 0.0553
034 682 0.0539
034 341 0.0538
034 1232 0.0531
034 910 0.0525
034 163 0.0512
034 425 0.0509
034 369 0.0507
034 1450 0.0506
034 518 0.0503
034 85 0.0502
034 181 0.0499
034 1534 0.0499
034 66 0.0499
034 150 0.0498
034 689 0.0486
034 373 0.0484
034 182 0.0480
034 889 0.0471
034 857 0.0469
034 1019 0.0465
034 439 0.0464
034 342 0.0462
034 347 0.0456
034 73 0.0446
034 54 0.0442
034 932 0.0441
034 1284 0.0437
034 184 0.0437
034 1001 0.0437
034 608 0.0436
034 558 0.0436
034 933 0.0433
034 33 0.0432
034 763 0.0427
034 743 0.0426
034 888 0.0421
034 43 0.0420
034 769 0.0412
034 1541 0.0409
034 1291 0.0395
034 1527 0.0390
034 964 0.0385
034 1578 0.0384
034 1182 0.0381
034 514 0.0381
034 1469 0.0379
034 1516 0.0377
034 162 0.0371
034 189 0.0370
034 1154 0.0368
034 155 0.0368
034 645 0.0365
034 1160 0.0362
034 1150 0.0362
034 114 0.0359
034 1455 0.0355
034 1268 0.0354
034 548 0.0353
034 621 0.0351
034 69 0.0346
034 1395 0.0344
034 731 0.0343
034 547 0.0341
034 267 0.0335
034 1145 0.0330
034 10 0.0329
034 45 0.0329
034 1037 0.0327
034 650 0.0321
034 737 0.0318
034 415 0.0312
034 637 0.0312
034 640 0.0311
034 298 0.0309
034 1228 0.0308
034 980 0.0306
034 185 0.0300
034 822 0.0299
034 1191 0.0297
034 1296 0.0295
034 297 0.0291
034 1138 0.0288
034 1561 0.0286
034 460 0.0285
034 850 0.0284
034 732 0.0284
034 956 0.0284
034 233 0.0283
034 670 0.0280
034 64 0.0276
034 389 0.0275
034 367 0.0274
034 70 0.0272
034 696 0.0270
034 1271 0.0270
034 904 0.0268
034 252 0.0267
034 826 0.0260
034 77 0.0260
034 16 0.0255
034 999 0.0255
034 838 0.0254
034 891 0.0253
034 806 0.0252
034 1198 0.0248
034 1004 0.0247
034 1068 0.0246
034 742 0.0245
034 576 0.0244
034 312 0.0244
034 1089 0.0242
034 1341 0.0241
034 23 0.0241
034 183 0.0237
034 1566 0.0235
034 1055 0.0233
034 781 0.0233
034 1259 0.0231
034 1240 0.0231
034 951 0.0226
034 397 0.0225
034 757 0.0224
034 1173 0.0223
034 82 0.0223
034 213 0.0222
034 1336 0.0222
034 1030 0.0221
034 154 0.0221
034 588 0.0220
034 912 0.0218
034 1449 0.0218
034 632 0.0217
034 865 0.0216
034 565 0.0216
034 1143 0.0214
034 1112 0.0214
034 1342 0.0212
034 600 0.0212
034 830 0.0210
034 925 0.0209
034 800 0.0208
034 842 0.0208
034 1273 0.0206
034 1404 0.0206
034 671 0.0202
034 1060 0.0200
034 358 0.0200
034 216 0.0199
034 642 0.0198
034 1152 0.0195
034 1132 0.0194
034 1058 0.0193
034 594 0.0193
034 907 0.0193
034 324 0.0193
034 1321 0.0189
034 1245 0.0186
034 418 0.0186
034 1307 0.0186
034 1344 0.0182
034 1533 0.0181
034 633 0.0180
034 1308 0.0179
034 1351 0.0178
034 885 0.0177
034 51 0.0175
034 843 0.0175
034 201 0.0175
034 510 0.0175
034 1121 0.0174
034 1157 0.0173
034 629 0.0172
034 1542 0.0171
034 498 0.0169
034 583 0.0169
034 1118 0.0169
034 1034 0.0168
034 1465 0.0168
034 409 0.0166
034 1544 0.0165
034 1433 0.0165
034 708 0.0164
034 1170 0.0159
034 419 0.0159
034 443 0.0159
034 1474 0.0158
034 1246 0.0157
034 1368 0.0156
034 321 0.0155
034 1141 0.0154
034 205 0.0154
034 1119 0.0152
034 1029 0.0151
034 724 0.0151
034 795 0.0150
034 466 0.0149
034 240 0.0149
034 828 0.0149
034 1203 0.0143
034 1489 0.0143
034 145 0.0142
034 412 0.0142
034 557 0.0141
034 915 0.0140
034 1314 0.0138
034 1142 0.0138
034 333 0.0138
034 768 0.0136
034 566 0.0136
034 1413 0.0136
034 1525 0.0135
034 75 0.0130
034 817 0.0129
034 1379 0.0129
034 179 0.0127
034 1110 0.0126
034 701 0.0124
034 1338 0.0124
034 1487 0.0122
034 862 0.0122
034 1101 0.0122
034 1531 0.0121
034 1426 0.0121
034 994 0.0120
034 1428 0.0116
034 1116 0.0115
034 853 0.0114
034 1312 0.0114
034 1334 0.0113
034 692 0.0112
034 1328 0.0109
034 1085 0.0109
034 520 0.0108
034 1184 0.0101
034 5 0.0099
034 1251 0.0099
034 884 0.0098
034 966 0.0088
034 767 0.0086
034 1305 0.0084
034 895 0.0077
035 441 0.2954
035 1147 0.2002
035 1082 0.1706
035 1258 0.1701
035 372 0.1543
035 1054 0.1325
035 844 0.1227
035 41 0.1155
035 1014 0.1144
035 1460 0.1083
035 47 0.1063
035 1210 0.1035
035 383 0.1029
035 122 0.1023
035 734 0.1004
035 278 0.0982
035 1556 0.0945
035 1582 0.0943
035 1458 0.0899
035 377 0.0885
035 1578 0.0882
035 552 0.0871
035 951 0.0857
035 1271 0.0853
035 379 0.0823
035 471 0.0813
035 491 0.0802
035 1192 0.0770
035 505 0.0762
035 342 0.0724
035 1019 0.0714
035 1084 0.0668
035 159 0.0651
035 846 0.0637
035 13 0.0631
035 843 0.0628
035 1364 0.0626
035 775 0.0624
035 541 0.0621
035 543 0.0619
035 824 0.0618
035 849 0.0607
035 381 0.0607
035 1496 0.0606
035 269 0.0597
035 199 0.0594
035 1467 0.0594
035 1466 0.0590
035 1568 0.0576
035 588 0.0559
035 1311 0.0559
035 287 0.0554
035 551 0.0552
035 499 0.0548
035 94 0.0547
035 514 0.0541
035 1218 0.0540
035 1348 0.0537
035 538 0.0536
035 999 0.0532
035 530 0.0529
035 845 0.0529
035 280 0.0526
035 242 0.0515
035 347 0.0515
035 910 0.0511
035 382 0.0506
035 861 0.0500
035 378 0.0492
035 563 0.0491
035 953 0.0487
035 374 0.0487
035 524 0.0484
035 1319 0.0477
035 332 0.0475
035 802 0.0470
035 1230 0.0470
035 220 0.0467
035 801 0.0467
035 903 0.0463
035 1162 0.0461
035 736 0.0460
035 1127 0.0460
035 422 0.0459
035 888 0.0459
035 858 0.0458
035 1318 0.0456
035 695 0.0453
035 22 0.0453
035 1549 0.0452
035 239 0.0452
035 1517 0.0452
035 924 0.0451
035 1484 0.0448
035 1581 0.0448
035 373 0.0446
035 339 0.0443
035 1128 0.0443
035 1040 0.0442
035 1424 0.0441
035 859 0.0437
035 1317 0.0437
035 991 0.0434
035 825 0.0430
035 907 0.0429
035 66 0.0427
035 31 0.0426
035 595 0.0425
035 1136 0.0425
035 112 0.0423
035 8 0.0420
035 162 0.0413
035 1022 0.0413
035 1145 0.0412
035 341 0.0411
035 1344 0.0407
035 810 0.0405
035 967 0.0404
035 182 0.0393
035 15 0.0392
035 1518 0.0392
035 589 0.0390
035 831 0.0389
035 914 0.0386
035 380 0.0382
035 912 0.0381
035 1176 0.0381
035 677 0.0378
035 218 0.0377
035 1012 0.0374
035 769 0.0372
035 1401 0.0372
035 534 0.0372
035 1299 0.0370
035 1357 0.0368
035 548 0.0367
035 227 0.0367
035 1580 0.0367
035 167 0.0365
035 761 0.0363
035 919 0.0361
035 1199 0.0359
035 214 0.0359
035 920 0.0355
035 902 0.0353
035 361 0.0351
035 1004 0.0350
035 973 0.0349
035 1328 0.0348
035 947 0.0348
035 696 0.0345
035 95 0.0344
035 1095 0.0343
035 583 0.0342
035 460 0.0341
035 1274 0.0340
035 507 0.0336
035 1072 0.0330
035 150 0.0330
035 1455 0.0330
035 748 0.0328
035 426 0.0328
035 768 0.0327
035 887 0.0326
035 960 0.0323
035 689 0.0322
035 1495 0.0322
035 1342 0.0321
035 1453 0.0320
035 1430 0.0319
035 1468 0.0319
035 1365 0.0317
035 345 0.0317
035 1360 0.0315
035 177 0.0311
035 486 0.0311
035 637 0.0311
035 110 0.0310
035 795 0.0309
035 198 0.0309
035 351 0.0309
035 1540 0.0309
035 1227 0.0307
035 945 0.0307
035 232 0.0307
035 672 0.0306
035 1341 0.0306
035 32 0.0306
035 681 0.0306
035 10 0.0306
035 878 0.0305
035 1123 0.0304
035 483 0.0303
035 1165 0.0300
035 69 0.0297
035 963 0.0296
035 1212 0.0296
035 335 0.0294
035 301 0.0293
035 860 0.0293
035 204 0.0292
035 848 0.0292
035 822 0.0292
035 711 0.0291
035 1426 0.0290
035 297 0.0290
035 700 0.0290
035 488 0.0289
035 581 0.0287
035 1173 0.0287
035 1347 0.0286
035 1159 0.0286
035 1105 0.0284
035 990 0.0283
035 743 0.0283
035 1546 0.0283
035 1493 0.0282
035 996 0.0282
035 1281 0.0282
035 25 0.0281
035 1393 0.0280
035 119 0.0280
035 670 0.0279
035 821 0.0278
035 1074 0.0278
035 1121 0.0278
035 1394 0.0277
035 208 0.0277
035 1477 0.0276
035 1144 0.0276
035 190 0.0274
035 1182 0.0270
035 296 0.0270
035 1376 0.0269
035 1047 0.0269
035 1181 0.0269
035 1353 0.0269
035 261 0.0269
035 1051 0.0268
035 1316 0.0268
035 1101 0.0265
035 113 0.0265
035 331 0.0265
035 749 0.0262
035 1437 0.0261
035 1035 0.0261
035 1413 0.0259
035 233 0.0258
035 942 0.0257
035 164 0.0254
035 489 0.0253
035 1402 0.0253
035 1259 0.0252
035 24 0.0252
035 818 0.0251
035 1037 0.0250
035 1368 0.0249
035 1174 0.0249
035 402 0.0246
035 1129 0.0246
035 717 0.0245
035 645 0.0243
035 87 0.0242
035 828 0.0241
035 1385 0.0240
035 317 0.0238
035 1464 0.0237
035 856 0.0237
035 216 0.0237
035 868 0.0237
035 575 0.0236
035 950 0.0235
035 1143 0.0234
035 1564 0.0234
035 148 0.0233
035 1527 0.0233
035 526 0.0230
035 1332 0.0227
035 508 0.0227
035 1076 0.0227
035 956 0.0226
035 721 0.0226
035 394 0.0225
035 424 0.0224
035 249 0.0224
035 1209 0.0224
035 1503 0.0224
035 519 0.0223
035 1245 0.0223
035 357 0.0221
035 81 0.0220
035 428 0.0220
035 229 0.0219
035 671 0.0219
035 44 0.0219
035 97 0.0218
035 1156 0.0217
035 1118 0.0216
035 48 0.0216
035 882 0.0212
035 61 0.0212
035 246 0.0212
035 1510 0.0211
035 1280 0.0211
035 324 0.0210
035 1116 0.0209
035 586 0.0208
035 646 0.0208
035 965 0.0208
035 1219 0.0207
035 1579 0.0207
035 1052 0.0207
035 1163 0.0207
035 1583 0.0207
035 1537 0.0206
035 1334 0.0206
035 1044 0.0206
035 1454 0.0205
035 99 0.0203
035 608 0.0203
035 648 0.0203
035 787 0.0203
035 197 0.0202
035 1489 0.0201
035 621 0.0200
035 255 0.0199
035 1295 0.0198
035 1198 0.0198
035 1038 0.0197
035 658 0.0197
035 1015 0.0197
035 386 0.0196
035 18 0.0196
035 714 0.0194
035 566 0.0194
035 513 0.0194
035 1153 0.0192
035 438 0.0191
035 968 0.0191
035 219 0.0191
035 1472 0.0191
035 1461 0.0190
035 911 0.0190
035 1134 0.0189
035 1474 0.0189
035 299 0.0188
035 1524 0.0188
035 1252 0.0187
035 1545 0.0187
035 124 0.0187
035 423 0.0186
035 1254 0.0183
035 1155 0.0183
035 756 0.0183
035 1520 0.0182
035 1164 0.0181
035 1447 0.0181
035 1343 0.0180
035 1536 0.0180
035 346 0.0180
035 1362 0.0179
035 1206 0.0179
035 932 0.0179
035 1512 0.0178
035 391 0.0178
035 1077 0.0177
035 687 0.0177
035 274 0.0177
035 652 0.0177
035 258 0.0176
035 815 0.0174
035 790 0.0174
035 523 0.0173
035 453 0.0172
035 532 0.0172
035 221 0.0172
035 883 0.0171
035 594 0.0171
035 63 0.0171
035 1566 0.0171
035 228 0.0170
035 1315 0.0170
035 434 0.0170
035 511 0.0170
035 899 0.0169
035 1141 0.0168
035 877 0.0168
035 679 0.0168
035 467 0.0168
035 205 0.0167
035 173 0.0167
035 1229 0.0167
035 812 0.0166
035 783 0.0165
035 1497 0.0165
035 1463 0.0165
035 660 0.0164
035 952 0.0164
035 1469 0.0164
035 1521 0.0164
035 745 0.0163
035 1541 0.0163
035 1514 0.0162
035 496 0.0162
035 88 0.0162
035 252 0.0160
035 103 0.0160
035 617 0.0159
035 1018 0.0159
035 1256 0.0159
035 179 0.0158
035 893 0.0158
035 1253 0.0158
035 622 0.0158
035 1427 0.0157
035 674 0.0157
035 1023 0.0157
035 957 0.0156
035 1223 0.0156
035 609 0.0156
035 1152 0.0155
035 1336 0.0155
035 565 0.0154
035 1233 0.0154
035 1548 0.0154
035 1267 0.0153
035 1504 0.0153
035 1386 0.0152
035 1391 0.0152
035 1553 0.0152
035 811 0.0152
035 577 0.0151
035 1502 0.0151
035 1160 0.0151
035 1483 0.0151
035 1260 0.0150
035 896 0.0149
035 603 0.0148
035 1138 0.0148
035 1440 0.0147
035 254 0.0146
035 1013 0.0146
035 984 0.0145
035 691 0.0145
035 1205 0.0144
035 1083 0.0144
035 853 0.0144
035 1498 0.0143
035 528 0.0143
035 1112 0.0142
035 410 0.0142
035 602 0.0142
035 529 0.0142
035 800 0.0138
035 157 0.0138
035 927 0.0137
035 1340 0.0137
035 884 0.0136
035 630 0.0136
035 225 0.0136
035 1325 0.0136
035 1511 0.0135
035 281 0.0134
035 784 0.0134
035 1114 0.0133
035 1547 0.0133
035 1507 0.0133
035 1204 0.0132
035 1279 0.0132
035 419 0.0131
035 662 0.0131
035 631 0.0130
035 476 0.0130
035 1085 0.0130
035 840 0.0129
035 1397 0.0129
035 724 0.0128
035 300 0.0128
035 1476 0.0128
035 470 0.0128
035 375 0.0127
035 86 0.0127
035 1277 0.0127
035 1142 0.0126
035 871 0.0125
035 1098 0.0125
035 28 0.0125
035 934 0.0124
035 1125 0.0124
035 186 0.0124
035 917 0.0123
035 873 0.0122
035 994 0.0120
035 302 0.0120
035 823 0.0120
035 1449 0.0120
035 1005 0.0119
035 326 0.0119
035 289 0.0119
035 1251 0.0119
035 599 0.0118
035 751 0.0118
035 1471 0.0117
035 841 0.0117
035 1067 0.0117
035 1384 0.0117
035 51 0.0116
035 420 0.0116
035 1429 0.0116
035 1220 0.0115
035 1157 0.0115
035 727 0.0114
035 1203 0.0114
035 913 0.0114
035 1425 0.0114
035 472 0.0114
035 690 0.0113
035 850 0.0113
035 1417 0.0113
035 412 0.0113
035 1531 0.0113
035 498 0.0112
035 1371 0.0112
035 1075 0.0112
035 158 0.0111
035 1432 0.0111
035 268 0.0111
035 62 0.0111
035 409 0.0110
035 1345 0.0110
035 685 0.0110
035 604 0.0109
035 786 0.0109
035 320 0.0109
035 556 0.0108
035 585 0.0108
035 1428 0.0108
035 133 0.0108
035 1392 0.0107
035 1003 0.0107
035 651 0.0107
035 998 0.0106
035 1570 0.0106
035 666 0.0105
035 1237 0.0105
035 1372 0.0105
035 750 0.0105
035 155 0.0105
035 116 0.0105
035 1050 0.0105
035 929 0.0104
035 777 0.0104
035 1064 0.0104
035 875 0.0103
035 746 0.0103
035 461 0.0103
035 1100 0.0103
035 958 0.0103
035 1007 0.0103
035 1211 0.0103
035 310 0.0102
035 408 0.0102
035 569 0.0101
035 406 0.0101
035 839 0.0101
035 1029 0.0100
035 1305 0.0100
035 1539 0.0100
035 664 0.0099
035 98 0.0099
035 1436 0.0099
035 1359 0.0098
035 1400 0.0098
035 447 0.0098
035 817 0.0097
035 367 0.0097
035 451 0.0097
035 1026 0.0096
035 1115 0.0096
035 404 0.0096
035 458 0.0095
035 1010 0.0094
035 1284 0.0094
035 889 0.0094
035 557 0.0094
035 1349 0.0093
035 986 0.0092
035 1079 0.0091
035 1103 0.0091
035 1073 0.0090
035 267 0.0090
035 74 0.0090
035 752 0.0089
035 349 0.0089
035 1119 0.0089
035 993 0.0089
035 1509 0.0089
035 213 0.0089
035 1221 0.0088
035 799 0.0088
035 738 0.0088
035 149 0.0087
035 814 0.0087
035 596 0.0087
035 1257 0.0087
035 1335 0.0086
035 916 0.0086
035 364 0.0086
035 1505 0.0086
035 975 0.0086
035 1175 0.0085
035 1529 0.0085
035 308 0.0084
035 400 0.0084
035 356 0.0084
035 1490 0.0084
035 1542 0.0083
035 854 0.0083
035 559 0.0082
035 771 0.0081
035 675 0.0081
035 1238 0.0081
035 1366 0.0081
035 876 0.0080
035 201 0.0080
035 782 0.0080
035 235 0.0080
035 1060 0.0080
035 443 0.0079
035 1087 0.0079
035 245 0.0079
035 803 0.0078
035 457 0.0078
035 52 0.0077
035 290 0.0076
035 337 0.0076
035 974 0.0076
035 273 0.0075
035 705 0.0075
035 1488 0.0075
035 19 0.0075
035 114 0.0074
035 144 0.0074
035 1202 0.0074
035 836 0.0074
035 938 0.0074
035 1324 0.0074
035 1262 0.0074
035 425 0.0074
035 739 0.0073
035 536 0.0073
035 309 0.0073
035 694 0.0073
035 215 0.0072
035 384 0.0072
035 1322 0.0072
035 760 0.0072
035 886 0.0072
035 520 0.0072
035 598 0.0071
035 413 0.0071
035 625 0.0070
035 1048 0.0070
035 1408 0.0070
035 1058 0.0070
035 291 0.0070
035 1373 0.0070
035 753 0.0070
035 1355 0.0070
035 525 0.0069
035 813 0.0069
035 1180 0.0069
035 661 0.0069
035 1278 0.0068
035 547 0.0068
035 837 0.0068
035 791 0.0067
035 827 0.0067
035 1380 0.0067
035 832 0.0066
035 614 0.0066
035 1433 0.0066
035 1069 0.0066
035 706 0.0066
035 1557 0.0066
035 1225 0.0065
035 1326 0.0064
035 1275 0.0064
035 459 0.0064
035 265 0.0064
035 1446 0.0064
035 754 0.0063
035 722 0.0063
035 928 0.0061
035 741 0.0061
035 452 0.0061
035 108 0.0061
035 504 0.0061
035 726 0.0061
035 1124 0.0059
035 1431 0.0059
035 966 0.0059
035 567 0.0059
035 515 0.0058
035 100 0.0058
035 867 0.0058
035 904 0.0058
035 1571 0.0058
035 1486 0.0058
035 527 0.0058
035 1034 0.0058
035 1243 0.0057
035 71 0.0056
035 915 0.0056
035 980 0.0056
035 435 0.0056
035 922 0.0055
035 1414 0.0055
035 1235 0.0054
035 1525 0.0054
035 558 0.0054
035 1276 0.0054
035 959 0.0054
035 656 0.0053
035 1240 0.0053
035 1282 0.0053
035 1006 0.0053
035 1020 0.0052
035 1272 0.0052
035 1255 0.0052
035 145 0.0052
035 673 0.0052
035 1361 0.0051
035 982 0.0051
035 1538 0.0050
035 1214 0.0050
035 866 0.0050
035 773 0.0050
035 1338 0.0050
035 580 0.0049
035 723 0.0049
035 1442 0.0049
035 1456 0.0049
035 1224 0.0049
035 1053 0.0049
035 437 0.0049
035 1377 0.0048
035 1333 0.0048
035 1409 0.0048
035 1090 0.0047
035 253 0.0047
035 1183 0.0047
035 592 0.0046
035 521 0.0046
035 53 0.0045
035 659 0.0045
035 78 0.0045
035 485 0.0044
035 549 0.0044
035 1292 0.0043
035 829 0.0043
035 1369 0.0043
035 1061 0.0042
035 1301 0.0042
035 1298 0.0042
035 1308 0.0042
035 613 0.0040
035 830 0.0036
035 1099 0.0034
035 1111 0.0030
035 863 0.0029
035 1302 0.0028
035 676 0.0026
035 894 0.0025
036 810 0.4608
036 308 0.4589
036 1159 0.4249
036 787 0.3922
036 351 0.3906
036 768 0.2922
036 637 0.2522
036 385 0.2493
036 1254 0.2467
036 1193 0.2350
036 812 0.2342
036 529 0.2318
036 209 0.2089
036 1164 0.2039
036 1102 0.2003
036 648 0.1968
036 386 0.1964
036 156 0.1929
036 658 0.1896
036 262 0.1853
036 260 0.1827
036 1189 0.1806
036 179 0.1778
036 858 0.1769
036 1295 0.1744
036 1317 0.1686
036 1074 0.1666
036 328 0.1657
036 1258 0.1649
036 488 0.1620
036 1150 0.1587
036 472 0.1572
036 501 0.1553
036 660 0.1447
036 474 0.1400
036 422 0.1382
036 492 0.1350
036 1392 0.1331
036 579 0.1298
036 965 0.1288
036 1092 0.1284
036 1032 0.1263
036 757 0.1207
036 549 0.1196
036 575 0.1190
036 867 0.1136
036 1225 0.1119
036 238 0.1115
036 1042 0.1106
036 381 0.1105
036 1564 0.1101
036 489 0.1101
036 711 0.1099
036 786 0.1096
036 1468 0.1056
036 245 0.1054
036 578 0.1046
036 991 0.1035
036 69 0.1014
036 1384 0.1014
036 524 0.1009
036 1239 0.1001
036 1162 0.0962
036 1163 0.0961
036 1222 0.0959
036 1553 0.0959
036 89 0.0956
036 597 0.0951
036 1206 0.0948
036 1573 0.0943
036 1318 0.0920
036 672 0.0916
036 665 0.0903
036 45 0.0901
036 1464 0.0899
036 526 0.0894
036 1495 0.0893
036 1134 0.0892
036 959 0.0875
036 1128 0.0875
036 257 0.0868
036 1333 0.0866
036 454 0.0861
036 880 0.0860
036 999 0.0858
036 62 0.0843
036 423 0.0822
036 1126 0.0821
036 1577 0.0814
036 152 0.0813
036 753 0.0812
036 944 0.0803
036 816 0.0799
036 331 0.0792
036 775 0.0791
036 1368 0.0787
036 213 0.0782
036 882 0.0780
036 1328 0.0770
036 360 0.0769
036 1518 0.0765
036 1210 0.0763
036 897 0.0763
036 977 0.0759
036 1166 0.0748
036 1000 0.0744
036 1133 0.0736
036 428 0.0729
036 938 0.0728
036 615 0.0723
036 1221 0.0721
036 595 0.0721
036 929 0.0720
036 401 0.0718
036 1438 0.0717
036 362 0.0717
036 1073 0.0701
036 1052 0.0701
036 855 0.0701
036 593 0.0700
036 297 0.0689
036 679 0.0687
036 493 0.0685
036 452 0.0684
036 437 0.0679
036 1290 0.0678
036 281 0.0673
036 447 0.0668
036 719 0.0668
036 1264 0.0662
036 215 0.0661
036 484 0.0656
036 714 0.0656
036 1224 0.0655
036 1332 0.0654
036 1008 0.0653
036 1374 0.0649
036 356 0.0647
036 647 0.0646
036 1476 0.0632
036 550 0.0629
036 425 0.0629
036 28 0.0628
036 116 0.0625
036 522 0.0622
036 1458 0.0622
036 253 0.0616
036 288 0.0612
036 636 0.0611
036 1310 0.0611
036 265 0.0610
036 349 0.0608
036 823 0.0605
036 439 0.0599
036 1427 0.0596
036 902 0.0592
036 1261 0.0591
036 705 0.0591
036 905 0.0588
036 1536 0.0585
036 888 0.0582
036 1549 0.0574
036 412 0.0569
036 58 0.0568
036 1483 0.0567
036 854 0.0566
036 798 0.0561
036 95 0.0561
036 659 0.0553
036 1079 0.0548
036 1423 0.0547
036 545 0.0543
036 332 0.0542
036 1136 0.0539
036 1354 0.0537
036 1337 0.0536
036 1360 0.0536
036 945 0.0527
036 53 0.0521
036 446 0.0511
036 94 0.0508
036 1334 0.0506
036 1385 0.0503
036 1345 0.0501
036 824 0.0500
036 32 0.0499
036 1312 0.0499
036 623 0.0498
036 1177 0.0496
036 831 0.0494
036 628 0.0494
036 785 0.0493
036 509 0.0491
036 1539 0.0491
036 907 0.0488
036 1548 0.0487
036 1323 0.0483
036 449 0.0483
036 1465 0.0480
036 677 0.0479
036 1054 0.0479
036 54 0.0478
036 487 0.0478
036 1470 0.0477
036 755 0.0477
036 1012 0.0475
036 801 0.0473
036 769 0.0473
036 1321 0.0472
036 289 0.0470
036 1319 0.0469
036 1357 0.0468
036 1559 0.0466
036 1370 0.0465
036 230 0.0464
036 761 0.0460
036 919 0.0458
036 671 0.0458
036 214 0.0455
036 1127 0.0455
036 1325 0.0455
036 438 0.0455
036 716 0.0450
036 563 0.0449
036 967 0.0448
036 585 0.0447
036 877 0.0447
036 1469 0.0446
036 1336 0.0446
036 973 0.0443
036 357 0.0442
036 1534 0.0441
036 372 0.0440
036 688 0.0438
036 485 0.0438
036 170 0.0438
036 764 0.0436
036 103 0.0436
036 13 0.0434
036 460 0.0433
036 424 0.0433
036 1460 0.0432
036 1274 0.0431
036 1040 0.0431
036 70 0.0430
036 1263 0.0429
036 751 0.0428
036 1022 0.0425
036 780 0.0424
036 434 0.0424
036 436 0.0423
036 752 0.0420
036 892 0.0419
036 1252 0.0419
036 1344 0.0419
036 1194 0.0418
036 1450 0.0415
036 1582 0.0415
036 1064 0.0413
036 102 0.0411
036 760 0.0411
036 914 0.0410
036 1299 0.0409
036 1340 0.0408
036 744 0.0406
036 1430 0.0405
036 1145 0.0405
036 119 0.0404
036 734 0.0401
036 680 0.0401
036 49 0.0400
036 1313 0.0400
036 1380 0.0400
036 859 0.0400
036 47 0.0399
036 1175 0.0399
036 1397 0.0399
036 1187 0.0398
036 1557 0.0395
036 904 0.0395
036 583 0.0394
036 1540 0.0392
036 30 0.0391
036 1494 0.0389
036 1007 0.0389
036 1422 0.0387
036 878 0.0387
036 88 0.0386
036 483 0.0385
036 922 0.0385
036 649 0.0384
036 1365 0.0383
036 933 0.0383
036 168 0.0381
036 491 0.0381
036 1567 0.0381
036 1212 0.0376
036 366 0.0376
036 229 0.0376
036 516 0.0374
036 860 0.0371
036 497 0.0369
036 507 0.0368
036 532 0.0367
036 1426 0.0365
036 1063 0.0365
036 572 0.0364
036 1010 0.0364
036 63 0.0364
036 1482 0.0362
036 990 0.0359
036 743 0.0359
036 1281 0.0358
036 25 0.0357
036 821 0.0353
036 1121 0.0352
036 784 0.0351
036 208 0.0351
036 1491 0.0351
036 41 0.0350
036 1144 0.0350
036 334 0.0348
036 535 0.0347
036 1490 0.0342
036 1376 0.0342
036 1243 0.0341
036 1051 0.0340
036 692 0.0338
036 1101 0.0337
036 1350 0.0334
036 617 0.0332
036 477 0.0331
036 1035 0.0331
036 1501 0.0330
036 280 0.0329
036 817 0.0324
036 1259 0.0320
036 1160 0.0320
036 818 0.0318
036 603 0.0316
036 1174 0.0316
036 402 0.0313
036 250 0.0312
036 15 0.0311
036 994 0.0309
036 1165 0.0309
036 505 0.0308
036 319 0.0306
036 908 0.0306
036 335 0.0303
036 378 0.0302
036 839 0.0301
036 1143 0.0297
036 1546 0.0296
036 1527 0.0296
036 1327 0.0294
036 730 0.0294
036 566 0.0292
036 427 0.0292
036 148 0.0290
036 375 0.0290
036 741 0.0289
036 1076 0.0288
036 956 0.0287
036 258 0.0287
036 920 0.0285
036 1209 0.0285
036 1503 0.0285
036 1245 0.0283
036 953 0.0279
036 1349 0.0279
036 169 0.0276
036 695 0.0275
036 243 0.0274
036 1158 0.0274
036 347 0.0269
036 233 0.0268
036 1280 0.0268
036 324 0.0267
036 577 0.0266
036 1132 0.0266
036 586 0.0264
036 300 0.0264
036 329 0.0264
036 612 0.0263
036 1219 0.0263
036 574 0.0263
036 193 0.0262
036 1537 0.0262
036 1105 0.0261
036 269 0.0261
036 305 0.0261
036 1580 0.0261
036 1454 0.0261
036 795 0.0255
036 963 0.0253
036 448 0.0253
036 255 0.0253
036 1130 0.0252
036 1466 0.0251
036 1198 0.0251
036 426 0.0250
036 729 0.0249
036 1563 0.0247
036 513 0.0246
036 91 0.0245
036 870 0.0244
036 1402 0.0244
036 1552 0.0243
036 911 0.0241
036 40 0.0240
036 1474 0.0240
036 1371 0.0239
036 1484 0.0239
036 1545 0.0237
036 887 0.0233
036 249 0.0232
036 1434 0.0231
036 1447 0.0229
036 942 0.0227
036 717 0.0226
036 1077 0.0225
036 687 0.0224
036 3 0.0224
036 1129 0.0220
036 192 0.0220
036 523 0.0220
036 1070 0.0219
036 246 0.0219
036 453 0.0219
036 496 0.0218
036 1346 0.0217
036 1566 0.0217
036 228 0.0216
036 1223 0.0215
036 1141 0.0214
036 1413 0.0214
036 251 0.0213
036 261 0.0213
036 205 0.0213
036 211 0.0210
036 1182 0.0210
036 783 0.0210
036 291 0.0209
036 1463 0.0209
036 1348 0.0209
036 534 0.0209
036 745 0.0207
036 1541 0.0207
036 910 0.0206
036 966 0.0206
036 394 0.0206
036 508 0.0204
036 252 0.0203
036 588 0.0203
036 555 0.0203
036 864 0.0202
036 1256 0.0201
036 622 0.0200
036 748 0.0200
036 1023 0.0199
036 1083 0.0199
036 609 0.0198
036 1080 0.0197
036 581 0.0197
036 1152 0.0197
036 183 0.0197
036 1393 0.0196
036 1301 0.0196
036 1069 0.0196
036 299 0.0194
036 445 0.0193
036 298 0.0193
036 1270 0.0192
036 1446 0.0191
036 1260 0.0190
036 478 0.0189
036 1138 0.0188
036 254 0.0186
036 123 0.0184
036 691 0.0184
036 327 0.0184
036 799 0.0183
036 410 0.0181
036 602 0.0180
036 110 0.0177
036 843 0.0177
036 81 0.0177
036 894 0.0177
036 676 0.0176
036 1173 0.0176
036 157 0.0175
036 1199 0.0174
036 630 0.0173
036 873 0.0173
036 841 0.0173
036 210 0.0173
036 1547 0.0169
036 1507 0.0169
036 1204 0.0167
036 1279 0.0167
036 376 0.0167
036 1041 0.0166
036 476 0.0165
036 1085 0.0165
036 312 0.0164
036 1207 0.0161
036 1277 0.0161
036 960 0.0160
036 1156 0.0160
036 871 0.0159
036 1240 0.0159
036 1016 0.0159
036 848 0.0158
036 934 0.0157
036 917 0.0157
036 924 0.0155
036 948 0.0155
036 1047 0.0154
036 1005 0.0151
036 326 0.0151
036 1251 0.0150
036 828 0.0150
036 1471 0.0149
036 1067 0.0149
036 1364 0.0148
036 320 0.0148
036 420 0.0147
036 1429 0.0147
036 1452 0.0147
036 66 0.0147
036 1057 0.0146
036 1220 0.0146
036 727 0.0145
036 1203 0.0145
036 431 0.0145
036 913 0.0144
036 1425 0.0144
036 850 0.0144
036 1421 0.0144
036 50 0.0144
036 833 0.0143
036 1512 0.0143
036 158 0.0141
036 1520 0.0141
036 793 0.0141
036 1253 0.0141
036 502 0.0140
036 685 0.0139
036 1342 0.0139
036 604 0.0138
036 510 0.0138
036 383 0.0138
036 1565 0.0136
036 1003 0.0136
036 815 0.0135
036 1436 0.0135
036 599 0.0135
036 998 0.0134
036 1570 0.0134
036 666 0.0134
036 1078 0.0133
036 1291 0.0133
036 1372 0.0133
036 1118 0.0133
036 1120 0.0132
036 777 0.0132
036 746 0.0131
036 1513 0.0131
036 1211 0.0130
036 1218 0.0130
036 408 0.0129
036 1517 0.0128
036 1305 0.0127
036 1014 0.0127
036 1362 0.0127
036 517 0.0126
036 1526 0.0126
036 1359 0.0125
036 642 0.0124
036 703 0.0123
036 740 0.0123
036 774 0.0123
036 712 0.0121
036 1347 0.0120
036 696 0.0120
036 889 0.0119
036 594 0.0118
036 93 0.0118
036 846 0.0118
036 1247 0.0118
036 822 0.0118
036 853 0.0115
036 469 0.0115
036 1119 0.0113
036 993 0.0113
036 24 0.0113
036 1019 0.0112
036 1096 0.0112
036 738 0.0111
036 1171 0.0111
036 814 0.0110
036 1257 0.0110
036 1524 0.0110
036 1335 0.0109
036 591 0.0109
036 975 0.0109
036 1529 0.0107
036 979 0.0106
036 1155 0.0106
036 838 0.0106
036 190 0.0105
036 951 0.0104
036 1401 0.0103
036 796 0.0103
036 876 0.0102
036 804 0.0102
036 782 0.0102
036 235 0.0102
036 1060 0.0101
036 836 0.0101
036 638 0.0101
036 883 0.0100
036 1087 0.0100
036 26 0.0100
036 511 0.0100
036 652 0.0099
036 457 0.0099
036 337 0.0096
036 576 0.0096
036 1031 0.0096
036 625 0.0096
036 952 0.0096
036 182 0.0094
036 1324 0.0094
036 330 0.0094
036 1262 0.0094
036 739 0.0093
036 536 0.0093
036 1419 0.0092
036 694 0.0092
036 542 0.0092
036 384 0.0091
036 886 0.0091
036 598 0.0091
036 413 0.0091
036 189 0.0090
036 684 0.0090
036 1048 0.0089
036 1391 0.0089
036 1058 0.0089
036 397 0.0089
036 1502 0.0088
036 736 0.0088
036 1355 0.0088
036 525 0.0088
036 1111 0.0088
036 1028 0.0088
036 341 0.0087
036 471 0.0086
036 791 0.0085
036 827 0.0085
036 533 0.0084
036 1302 0.0084
036 614 0.0084
036 1433 0.0083
036 1531 0.0083
036 706 0.0083
036 379 0.0083
036 514 0.0083
036 903 0.0080
036 1271 0.0079
036 781 0.0079
036 928 0.0078
036 504 0.0077
036 726 0.0077
036 486 0.0076
036 1431 0.0074
036 806 0.0074
036 515 0.0074
036 100 0.0074
036 1571 0.0074
036 527 0.0073
036 1034 0.0073
036 811 0.0072
036 1489 0.0072
036 909 0.0072
036 71 0.0071
036 915 0.0071
036 980 0.0071
036 435 0.0070
036 365 0.0070
036 1414 0.0069
036 1229 0.0069
036 1394 0.0069
036 1235 0.0068
036 1525 0.0068
036 1511 0.0068
036 1276 0.0068
036 845 0.0068
036 592 0.0068
036 404 0.0068
036 1521 0.0068
036 1006 0.0067
036 1020 0.0067
036 1255 0.0066
036 145 0.0065
036 673 0.0065
036 1361 0.0065
036 1176 0.0064
036 982 0.0064
036 1538 0.0064
036 1142 0.0064
036 1214 0.0064
036 866 0.0064
036 773 0.0063
036 1338 0.0063
036 651 0.0063
036 580 0.0063
036 723 0.0063
036 114 0.0062
036 1456 0.0062
036 1053 0.0062
036 112 0.0062
036 1090 0.0060
036 1183 0.0059
036 893 0.0058
036 521 0.0058
036 1363 0.0057
036 896 0.0057
036 333 0.0054
036 829 0.0054
036 1369 0.0054
036 1298 0.0053
036 1556 0.0052
036 759 0.0051
036 613 0.0051
036 1505 0.0050
036 1449 0.0048
036 565 0.0047
036 830 0.0046
036 1099 0.0043
036 863 0.0037
037 909 0.3796
037 983 0.3490
037 1133 0.3188
037 1362 0.2574
037 1324 0.2097
037 1527 0.2075
037 1364 0.1929
037 1067 0.1874
037 36 0.1808
037 1492 0.1779
037 1494 0.1710
037 1349 0.1709
037 90 0.1630
037 605 0.1494
037 662 0.1457
037 1353 0.1447
037 1028 0.1428
037 1123 0.1427
037 124 0.1426
037 1424 0.1424
037 1534 0.1401
037 1514 0.1398
037 1345 0.1389
037 1415 0.1342
037 1063 0.1270
037 446 0.1253
037 397 0.1230
037 210 0.1223
037 237 0.1190
037 1436 0.1178
037 771 0.1148
037 1229 0.1089
037 895 0.1074
037 245 0.1064
037 164 0.1029
037 572 0.1019
037 35 0.0996
037 1528 0.0993
037 1495 0.0988
037 1441 0.0976
037 38 0.0973
037 384 0.0957
037 1224 0.0945
037 444 0.0939
037 554 0.0938
037 1219 0.0933
037 174 0.0922
037 1491 0.0917
037 1080 0.0904
037 1493 0.0899
037 196 0.0875
037 665 0.0873
037 1363 0.0863
037 976 0.0855
037 281 0.0844
037 965 0.0842
037 1000 0.0837
037 257 0.0834
037 886 0.0812
037 585 0.0806
037 1154 0.0785
037 781 0.0784
037 626 0.0780
037 623 0.0773
037 648 0.0773
037 927 0.0767
037 674 0.0758
037 29 0.0755
037 846 0.0753
037 774 0.0752
037 776 0.0743
037 169 0.0739
037 1458 0.0737
037 544 0.0734
037 170 0.0732
037 277 0.0726
037 1125 0.0724
037 284 0.0722
037 558 0.0715
037 1122 0.0709
037 259 0.0709
037 1355 0.0709
037 526 0.0697
037 1471 0.0687
037 796 0.0687
037 1476 0.0686
037 625 0.0683
037 85 0.0683
037 786 0.0682
037 1455 0.0680
037 1140 0.0672
037 159 0.0663
037 231 0.0661
037 770 0.0660
037 1301 0.0659
037 272 0.0655
037 39 0.0652
037 616 0.0650
037 221 0.0650
037 847 0.0646
037 191 0.0644
037 318 0.0642
037 107 0.0642
037 949 0.0642
037 1302 0.0636
037 1572 0.0629
037 1211 0.0625
037 95 0.0625
037 960 0.0620
037 270 0.0617
037 742 0.0616
037 797 0.0615
037 688 0.0615
037 312 0.0612
037 267 0.0611
037 357 0.0610
037 1291 0.0605
037 903 0.0605
037 827 0.0604
037 932 0.0600
037 536 0.0600
037 1500 0.0598
037 145 0.0593
037 33 0.0587
037 641 0.0580
037 599 0.0577
037 1271 0.0577
037 735 0.0576
037 1289 0.0574
037 1097 0.0569
037 891 0.0567
037 961 0.0565
037 948 0.0564
037 1402 0.0560
037 1293 0.0560
037 293 0.0560
037 885 0.0556
037 583 0.0554
037 72 0.0553
037 1181 0.0551
037 668 0.0548
037 731 0.0546
037 1505 0.0538
037 1069 0.0531
037 1051 0.0528
037 1185 0.0527
037 1082 0.0526
037 405 0.0524
037 48 0.0523
037 5 0.0523
037 1194 0.0522
037 680 0.0516
037 86 0.0516
037 661 0.0514
037 841 0.0513
037 1348 0.0513
037 889 0.0513
037 441 0.0512
037 854 0.0509
037 902 0.0508
037 400 0.0504
037 1100 0.0503
037 1383 0.0502
037 866 0.0501
037 1109 0.0501
037 1257 0.0500
037 1509 0.0499
037 1083 0.0494
037 896 0.0491
037 1242 0.0491
037 1486 0.0490
037 101 0.0488
037 426 0.0488
037 1342 0.0484
037 839 0.0482
037 127 0.0481
037 610 0.0479
037 190 0.0478
037 341 0.0476
037 486 0.0474
037 775 0.0473
037 1398 0.0473
037 685 0.0465
037 465 0.0463
037 1395 0.0462
037 508 0.0461
037 394 0.0458
037 1126 0.0457
037 730 0.0457
037 728 0.0454
037 416 0.0447
037 1551 0.0446
037 1511 0.0446
037 340 0.0445
037 315 0.0444
037 147 0.0443
037 924 0.0442
037 704 0.0441
037 1227 0.0440
037 760 0.0439
037 73 0.0439
037 1576 0.0438
037 201 0.0437
037 942 0.0437
037 1297 0.0435
037 138 0.0435
037 411 0.0434
037 580 0.0433
037 1373 0.0430
037 198 0.0429
037 801 0.0429
037 41 0.0427
037 516 0.0426
037 507 0.0423
037 794 0.0423
037 1008 0.0421
037 1561 0.0417
037 122 0.0417
037 395 0.0417
037 227 0.0416
037 443 0.0416
037 1303 0.0411
037 63 0.0411
037 1020 0.0410
037 1432 0.0408
037 1177 0.0407
037 1278 0.0405
037 488 0.0405
037 1460 0.0403
037 329 0.0402
037 1490 0.0401
037 861 0.0400
037 858 0.0399
037 506 0.0398
037 1272 0.0398
037 683 0.0397
037 587 0.0396
037 979 0.0396
037 1347 0.0394
037 463 0.0391
037 1409 0.0390
037 304 0.0389
037 64 0.0389
037 1201 0.0388
037 535 0.0387
037 614 0.0385
037 1578 0.0385
037 1321 0.0385
037 356 0.0382
037 172 0.0381
037 1046 0.0380
037 1413 0.0379
037 525 0.0378
037 393 0.0378
037 811 0.0376
037 627 0.0373
037 559 0.0368
037 1311 0.0367
037 986 0.0366
037 1132 0.0365
037 503 0.0365
037 1038 0.0365
037 1523 0.0363
037 1555 0.0362
037 361 0.0362
037 204 0.0359
037 1283 0.0359
037 335 0.0359
037 1166 0.0357
037 1305 0.0357
037 637 0.0355
037 748 0.0354
037 1179 0.0352
037 812 0.0351
037 658 0.0349
037 510 0.0347
037 725 0.0346
037 904 0.0345
037 310 0.0344
037 708 0.0344
037 448 0.0343
037 1575 0.0341
037 451 0.0340
037 813 0.0340
037 1223 0.0340
037 870 0.0338
037 1203 0.0338
037 1089 0.0337
037 1519 0.0335
037 207 0.0334
037 61 0.0332
037 1021 0.0332
037 427 0.0331
037 183 0.0328
037 753 0.0327
037 470 0.0325
037 1114 0.0325
037 1178 0.0324
037 1313 0.0323
037 768 0.0322
037 44 0.0320
037 309 0.0317
037 1245 0.0316
037 1073 0.0314
037 26 0.0314
037 1180 0.0314
037 1138 0.0314
037 759 0.0314
037 1182 0.0313
037 834 0.0310
037 154 0.0309
037 937 0.0309
037 1267 0.0309
037 1454 0.0308
037 1054 0.0308
037 217 0.0307
037 414 0.0306
037 4 0.0306
037 1096 0.0303
037 702 0.0303
037 941 0.0303
037 212 0.0301
037 461 0.0300
037 322 0.0299
037 1199 0.0299
037 502 0.0298
037 77 0.0297
037 1160 0.0297
037 339 0.0296
037 1246 0.0295
037 215 0.0295
037 324 0.0294
037 1070 0.0294
037 136 0.0294
037 331 0.0294
037 437 0.0294
037 1208 0.0293
037 173 0.0292
037 1314 0.0289
037 1375 0.0289
037 89 0.0288
037 1506 0.0288
037 193 0.0288
037 1357 0.0287
037 205 0.0287
037 436 0.0287
037 1517 0.0284
037 1007 0.0283
037 334 0.0281
037 1308 0.0277
037 60 0.0277
037 978 0.0277
037 194 0.0275
037 452 0.0275
037 230 0.0275
037 1442 0.0274
037 1287 0.0274
037 21 0.0274
037 433 0.0273
037 890 0.0272
037 66 0.0271
037 28 0.0270
037 350 0.0269
037 741 0.0269
037 566 0.0267
037 671 0.0267
037 1463 0.0266
037 1522 0.0266
037 484 0.0264
037 1090 0.0263
037 1134 0.0262
037 1480 0.0262
037 935 0.0262
037 853 0.0261
037 908 0.0260
037 333 0.0258
037 1119 0.0258
037 805 0.0257
037 410 0.0256
037 1465 0.0256
037 371 0.0255
037 116 0.0255
037 1016 0.0254
037 468 0.0254
037 266 0.0253
037 624 0.0253
037 653 0.0252
037 892 0.0249
037 573 0.0249
037 45 0.0248
037 1539 0.0247
037 667 0.0247
037 862 0.0247
037 1244 0.0246
037 782 0.0246
037 1013 0.0245
037 403 0.0245
037 1390 0.0244
037 1175 0.0244
037 930 0.0242
037 950 0.0241
037 1200 0.0239
037 8 0.0239
037 709 0.0239
037 1418 0.0238
037 1209 0.0238
037 1006 0.0237
037 737 0.0237
037 88 0.0237
037 1560 0.0235
037 365 0.0233
037 1171 0.0233
037 888 0.0232
037 455 0.0231
037 1346 0.0230
037 1407 0.0230
037 1469 0.0230
037 603 0.0228
037 184 0.0227
037 1251 0.0227
037 247 0.0227
037 1501 0.0227
037 1207 0.0226
037 1238 0.0225
037 1438 0.0225
037 424 0.0225
037 271 0.0224
037 1484 0.0224
037 1417 0.0224
037 721 0.0223
037 126 0.0223
037 1176 0.0222
037 242 0.0222
037 412 0.0222
037 1358 0.0221
037 129 0.0221
037 1443 0.0221
037 274 0.0221
037 447 0.0221
037 884 0.0220
037 1285 0.0220
037 785 0.0220
037 631 0.0220
037 875 0.0219
037 299 0.0219
037 117 0.0219
037 1098 0.0217
037 752 0.0216
037 1136 0.0215
037 844 0.0215
037 99 0.0214
037 168 0.0214
037 576 0.0214
037 1536 0.0213
037 799 0.0212
037 14 0.0212
037 1120 0.0212
037 519 0.0211
037 243 0.0211
037 1338 0.0210
037 1414 0.0208
037 977 0.0207
037 1448 0.0206
037 1110 0.0206
037 693 0.0206
037 115 0.0205
037 1365 0.0204
037 985 0.0204
037 779 0.0204
037 240 0.0203
037 1170 0.0201
037 1423 0.0200
037 789 0.0200
037 1569 0.0199
037 268 0.0198
037 673 0.0198
037 822 0.0197
037 1205 0.0195
037 255 0.0195
037 1162 0.0195
037 125 0.0193
037 1240 0.0193
037 681 0.0193
037 1331 0.0192
037 1092 0.0190
037 967 0.0190
037 1372 0.0189
037 1065 0.0189
037 325 0.0187
037 984 0.0187
037 1174 0.0186
037 106 0.0185
037 1078 0.0185
037 296 0.0184
037 1221 0.0184
037 1015 0.0184
037 1548 0.0183
037 1330 0.0183
037 399 0.0182
037 1341 0.0182
037 880 0.0182
037 1468 0.0182
037 336 0.0181
037 1461 0.0180
037 1050 0.0180
037 330 0.0179
037 1485 0.0178
037 97 0.0178
037 1452 0.0178
037 833 0.0176
037 1352 0.0176
037 1189 0.0176
037 1057 0.0176
037 1550 0.0176
037 118 0.0175
037 363 0.0174
037 1035 0.0174
037 987 0.0174
037 670 0.0173
037 401 0.0173
037 1265 0.0173
037 321 0.0173
037 273 0.0173
037 287 0.0172
037 651 0.0172
037 213 0.0172
037 1058 0.0172
037 1498 0.0171
037 295 0.0171
037 1457 0.0171
037 867 0.0170
037 882 0.0170
037 1010 0.0170
037 933 0.0170
037 567 0.0170
037 1394 0.0170
037 474 0.0169
037 290 0.0169
037 1256 0.0168
037 744 0.0168
037 1270 0.0168
037 664 0.0167
037 518 0.0167
037 1009 0.0167
037 1462 0.0166
037 1261 0.0166
037 431 0.0166
037 280 0.0166
037 1254 0.0165
037 992 0.0164
037 1169 0.0163
037 435 0.0163
037 1043 0.0163
037 1520 0.0163
037 53 0.0162
037 1420 0.0160
037 999 0.0160
037 134 0.0160
037 349 0.0159
037 574 0.0159
037 11 0.0159
037 139 0.0156
037 780 0.0156
037 1503 0.0156
037 638 0.0154
037 71 0.0153
037 1226 0.0153
037 1113 0.0153
037 860 0.0152
037 832 0.0152
037 873 0.0152
037 515 0.0151
037 258 0.0149
037 1334 0.0148
037 351 0.0148
037 1467 0.0148
037 954 0.0147
037 149 0.0147
037 1411 0.0147
037 479 0.0147
037 1391 0.0146
037 233 0.0145
037 81 0.0145
037 1370 0.0144
037 1366 0.0144
037 1274 0.0144
037 1459 0.0142
037 297 0.0142
037 787 0.0141
037 751 0.0141
037 422 0.0141
037 1339 0.0140
037 1105 0.0140
037 1504 0.0139
037 1104 0.0138
037 705 0.0138
037 113 0.0138
037 244 0.0138
037 784 0.0138
037 249 0.0138
037 998 0.0137
037 46 0.0136
037 337 0.0134
037 1268 0.0134
037 1024 0.0133
037 916 0.0133
037 868 0.0133
037 155 0.0133
037 1446 0.0133
037 1356 0.0132
037 1147 0.0132
037 509 0.0131
037 70 0.0130
037 211 0.0130
037 556 0.0130
037 1566 0.0130
037 848 0.0129
037 1579 0.0129
037 726 0.0129
037 1161 0.0129
037 1422 0.0128
037 1478 0.0128
037 1526 0.0127
037 1037 0.0127
037 1159 0.0126
037 378 0.0126
037 906 0.0126
037 178 0.0126
037 1255 0.0125
037 1408 0.0125
037 469 0.0125
037 974 0.0125
037 994 0.0124
037 1044 0.0124
037 379 0.0123
037 639 0.0123
037 487 0.0123
037 94 0.0123
037 824 0.0123
037 676 0.0122
037 1537 0.0122
037 1222 0.0122
037 842 0.0121
037 1367 0.0121
037 679 0.0120
037 629 0.0119
037 1535 0.0119
037 557 0.0118
037 907 0.0118
037 1513 0.0117
037 595 0.0116
037 1253 0.0115
037 715 0.0115
037 1129 0.0114
037 1323 0.0113
037 1333 0.0113
037 1258 0.0113
037 1135 0.0113
037 1525 0.0112
037 425 0.0111
037 971 0.0110
037 1230 0.0110
037 703 0.0109
037 496 0.0109
037 480 0.0108
037 119 0.0108
037 78 0.0107
037 162 0.0107
037 466 0.0107
037 1553 0.0105
037 1440 0.0105
037 179 0.0105
037 1374 0.0104
037 241 0.0104
037 547 0.0103
037 1310 0.0103
037 282 0.0102
037 729 0.0102
037 1564 0.0101
037 236 0.0101
037 555 0.0101
037 366 0.0100
037 485 0.0099
037 1137 0.0099
037 531 0.0099
037 660 0.0099
037 358 0.0097
037 20 0.0097
037 303 0.0096
037 76 0.0096
037 863 0.0095
037 963 0.0095
037 1260 0.0095
037 663 0.0095
037 220 0.0095
037 600 0.0094
037 467 0.0094
037 1243 0.0094
037 1540 0.0094
037 630 0.0094
037 838 0.0093
037 746 0.0093
037 1075 0.0093
037 497 0.0093
037 1317 0.0093
037 1218 0.0092
037 1093 0.0092
037 490 0.0092
037 1336 0.0092
037 1111 0.0092
037 657 0.0092
037 1354 0.0092
037 719 0.0092
037 438 0.0091
037 1515 0.0091
037 264 0.0091
037 1538 0.0091
037 308 0.0090
037 1036 0.0089
037 1095 0.0089
037 82 0.0089
037 1533 0.0089
037 750 0.0089
037 590 0.0089
037 739 0.0088
037 311 0.0088
037 722 0.0088
037 783 0.0088
037 283 0.0088
037 489 0.0087
037 42 0.0087
037 456 0.0087
037 762 0.0087
037 790 0.0086
037 307 0.0086
037 1483 0.0086
037 1309 0.0085
037 3 0.0084
037 1382 0.0084
037 877 0.0084
037 947 0.0082
037 1332 0.0082
037 767 0.0082
037 537 0.0081
037 1087 0.0081
037 959 0.0081
037 817 0.0080
037 1019 0.0080
037 696 0.0080
037 1039 0.0079
037 59 0.0079
037 763 0.0078
037 1094 0.0078
037 1470 0.0078
037 981 0.0078
037 1099 0.0077
037 619 0.0077
037 143 0.0077
037 1524 0.0077
037 216 0.0077
037 695 0.0076
037 148 0.0076
037 375 0.0076
037 197 0.0075
037 256 0.0075
037 1451 0.0075
037 970 0.0075
037 320 0.0075
037 582 0.0075
037 793 0.0074
037 492 0.0074
037 1191 0.0074
037 654 0.0074
037 180 0.0074
037 1247 0.0073
037 577 0.0073
037 1377 0.0073
037 32 0.0072
037 939 0.0072
037 562 0.0072
037 1344 0.0071
037 93 0.0070
037 921 0.0070
037 1294 0.0070
037 1115 0.0069
037 1 0.0069
037 852 0.0069
037 344 0.0069
037 135 0.0068
037 1239 0.0068
037 1549 0.0068
037 689 0.0068
037 150 0.0067
037 300 0.0067
037 549 0.0066
037 1066 0.0066
037 936 0.0066
037 305 0.0066
037 348 0.0066
037 829 0.0065
037 598 0.0064
037 442 0.0064
037 517 0.0063
037 1012 0.0063
037 973 0.0063
037 995 0.0063
037 1558 0.0063
037 1381 0.0062
037 945 0.0062
037 1149 0.0062
037 504 0.0062
037 1248 0.0061
037 347 0.0061
037 836 0.0061
037 92 0.0060
037 12 0.0060
037 326 0.0060
037 1507 0.0060
037 157 0.0060
037 1269 0.0060
037 17 0.0060
037 946 0.0059
037 24 0.0059
037 471 0.0059
037 578 0.0059
037 1195 0.0058
037 1022 0.0058
037 1032 0.0058
037 1547 0.0058
037 835 0.0057
037 1518 0.0057
037 938 0.0057
037 430 0.0057
037 620 0.0057
037 83 0.0057
037 955 0.0056
037 108 0.0056
037 1477 0.0056
037 788 0.0056
037 675 0.0056
037 19 0.0056
037 928 0.0055
037 144 0.0055
037 292 0.0055
037 1277 0.0055
037 1419 0.0054
037 795 0.0054
037 632 0.0053
037 47 0.0053
037 1543 0.0053
037 816 0.0052
037 1456 0.0052
037 1206 0.0052
037 840 0.0052
037 1361 0.0052
037 54 0.0051
037 373 0.0051
037 1571 0.0050
037 969 0.0050
037 1262 0.0050
037 459 0.0050
037 186 0.0049
037 589 0.0049
037 1155 0.0049
037 1416 0.0049
037 837 0.0049
037 711 0.0049
037 1031 0.0049
037 1379 0.0048
037 1263 0.0048
037 718 0.0048
037 1084 0.0047
037 914 0.0047
037 252 0.0046
037 423 0.0046
037 1380 0.0046
037 1234 0.0046
037 1282 0.0045
037 338 0.0045
037 1335 0.0045
037 1249 0.0044
037 1403 0.0044
037 1153 0.0043
037 713 0.0043
037 246 0.0043
037 591 0.0043
037 1531 0.0042
037 251 0.0042
037 1192 0.0041
037 1292 0.0041
037 1183 0.0040
037 612 0.0040
037 738 0.0040
037 187 0.0039
037 1187 0.0039
037 1064 0.0039
037 1385 0.0038
037 1369 0.0038
037 915 0.0038
037 1286 0.0038
037 1059 0.0036
037 1466 0.0036
037 1030 0.0036
037 601 0.0036
037 898 0.0036
037 1530 0.0036
037 189 0.0035
037 1479 0.0035
037 878 0.0034
037 802 0.0034
037 253 0.0034
037 1001 0.0034
037 1273 0.0034
037 628 0.0033
037 1410 0.0033
037 1148 0.0033
037 669 0.0032
037 1386 0.0032
037 462 0.0031
037 1508 0.0031
037 214 0.0030
037 636 0.0030
037 464 0.0030
037 964 0.0030
037 163 0.0030
037 806 0.0029
037 137 0.0029
037 458 0.0028
037 407 0.0027
037 2 0.0027
037 439 0.0027
037 622 0.0027
037 1425 0.0026
037 968 0.0026
037 1266 0.0025
037 1061 0.0025
037 1158 0.0025
037 691 0.0024
037 440 0.0024
037 98 0.0024
037 67 0.0024
037 602 0.0024
037 377 0.0023
037 546 0.0023
037 418 0.0023
037 1307 0.0023
037 374 0.0022
037 716 0.0022
037 872 0.0022
037 597 0.0022
037 1563 0.0022
037 560 0.0022
037 1406 0.0021
037 1150 0.0021
037 1190 0.0021
037 432 0.0020
037 823 0.0020
037 804 0.0020
037 1202 0.0020
037 1481 0.0020
037 772 0.0020
037 49 0.0020
037 420 0.0020
037 581 0.0019
037 1141 0.0019
037 387 0.0019
037 565 0.0019
037 724 0.0019
037 953 0.0019
037 167 0.0018
037 346 0.0018
037 972 0.0018
037 428 0.0018
037 996 0.0018
037 1288 0.0018
037 1562 0.0018
037 65 0.0017
037 923 0.0017
037 1062 0.0017
037 672 0.0017
037 982 0.0017
037 382 0.0017
037 773 0.0017
037 406 0.0016
037 43 0.0016
037 316 0.0016
037 161 0.0016
037 1583 0.0016
037 607 0.0016
037 991 0.0016
037 618 0.0016
037 1049 0.0016
037 1388 0.0015
037 142 0.0015
037 692 0.0015
037 717 0.0015
037 541 0.0015
037 814 0.0015
037 314 0.0015
037 523 0.0015
037 528 0.0014
037 1052 0.0014
037 720 0.0014
037 1396 0.0014
037 1421 0.0014
037 1116 0.0014
037 951 0.0014
037 434 0.0014
037 109 0.0014
037 473 0.0014
037 584 0.0013
037 1360 0.0013
037 219 0.0013
037 1581 0.0013
037 58 0.0013
037 761 0.0012
037 642 0.0012
037 1103 0.0012
037 1033 0.0012
037 342 0.0012
037 1117 0.0012
037 736 0.0012
037 372 0.0012
037 912 0.0011
037 1112 0.0011
037 1127 0.0011
037 1279 0.0011
037 380 0.0011
037 798 0.0011
037 1350 0.0011
037 1210 0.0011
037 650 0.0011
037 820 0.0011
037 1233 0.0011
037 755 0.0011
037 87 0.0011
037 1387 0.0010
037 52 0.0010
037 1047 0.0010
037 764 0.0010
037 1128 0.0010
037 918 0.0010
037 392 0.0009
037 1172 0.0009
037 1329 0.0009
037 1235 0.0009
037 845 0.0009
037 1397 0.0009
037 734 0.0009
037 1118 0.0009
037 1142 0.0008
037 1510 0.0008
037 533 0.0008
037 732 0.0008
037 925 0.0008
037 317 0.0008
037 1088 0.0008
037 248 0.0008
037 1193 0.0008
037 656 0.0008
037 222 0.0008
037 701 0.0008
037 449 0.0008
037 91 0.0007
037 1045 0.0007
037 1453 0.0007
037 472 0.0006
037 1252 0.0006
037 857 0.0006
037 962 0.0006
037 114 0.0006
037 391 0.0006
037 1048 0.0006
037 1542 0.0006
037 1444 0.0004
038 909 0.2528
038 1349 0.2487
038 796 0.2197
038 1133 0.2193
038 1285 0.2039
038 1492 0.1987
038 898 0.1897
038 1364 0.1894
038 360 0.1713
038 759 0.1686
038 1362 0.1500
038 535 0.1448
038 1226 0.1441
038 132 0.1384
038 1494 0.1270
038 1424 0.1263
038 72 0.1246
038 1534 0.1208
038 1242 0.1198
038 501 0.1185
038 1476 0.1184
038 1347 0.1183
038 637 0.1177
038 1489 0.1175
038 1028 0.1090
038 1067 0.1074
038 858 0.1066
038 1093 0.1043
038 1348 0.1020
038 846 0.1014
038 90 0.0981
038 124 0.0936
038 290 0.0934
038 357 0.0932
038 1278 0.0919
038 968 0.0906
038 1345 0.0897
038 593 0.0867
038 768 0.0791
038 799 0.0787
038 1166 0.0777
038 1363 0.0772
038 212 0.0759
038 210 0.0758
038 1063 0.0755
038 1254 0.0748
038 334 0.0731
038 1027 0.0719
038 787 0.0698
038 817 0.0697
038 1313 0.0696
038 318 0.0695
038 1123 0.0688
038 1199 0.0681
038 335 0.0639
038 1240 0.0636
038 648 0.0620
038 35 0.0618
038 38 0.0609
038 1342 0.0596
038 924 0.0595
038 579 0.0589
038 174 0.0588
038 1150 0.0581
038 384 0.0580
038 237 0.0571
038 665 0.0560
038 1545 0.0557
038 260 0.0538
038 526 0.0534
038 1089 0.0531
038 585 0.0523
038 813 0.0518
038 321 0.0515
038 1399 0.0500
038 221 0.0499
038 895 0.0498
038 77 0.0494
038 652 0.0492
038 592 0.0487
038 1495 0.0486
038 786 0.0484
038 170 0.0480
038 240 0.0479
038 927 0.0477
038 277 0.0476
038 590 0.0465
038 580 0.0464
038 1078 0.0462
038 73 0.0454
038 1125 0.0453
038 190 0.0448
038 1580 0.0446
038 26 0.0444
038 574 0.0441
038 1046 0.0441
038 259 0.0437
038 810 0.0436
038 444 0.0435
038 708 0.0434
038 1080 0.0434
038 770 0.0433
038 776 0.0432
038 351 0.0428
038 933 0.0420
038 231 0.0416
038 1572 0.0413
038 95 0.0410
038 425 0.0401
038 960 0.0398
038 1505 0.0397
038 1528 0.0397
038 587 0.0393
038 1140 0.0390
038 145 0.0389
038 1328 0.0389
038 1211 0.0388
038 344 0.0382
038 797 0.0379
038 616 0.0377
038 1368 0.0372
038 514 0.0369
038 88 0.0368
038 308 0.0364
038 474 0.0363
038 1402 0.0362
038 1318 0.0362
038 1097 0.0362
038 183 0.0359
038 1159 0.0359
038 688 0.0356
038 1192 0.0355
038 1357 0.0355
038 827 0.0354
038 464 0.0353
038 1019 0.0352
038 641 0.0350
038 55 0.0349
038 97 0.0349
038 1331 0.0347
038 605 0.0345
038 595 0.0344
038 405 0.0344
038 847 0.0343
038 1449 0.0340
038 885 0.0336
038 293 0.0334
038 179 0.0333
038 680 0.0331
038 1302 0.0331
038 732 0.0328
038 1257 0.0328
038 723 0.0324
038 965 0.0322
038 1182 0.0321
038 1000 0.0320
038 29 0.0318
038 1521 0.0318
038 310 0.0317
038 267 0.0317
038 809 0.0317
038 162 0.0317
038 272 0.0316
038 536 0.0313
038 1334 0.0312
038 1082 0.0309
038 1171 0.0308
038 69 0.0306
038 23 0.0305
038 169 0.0302
038 1455 0.0302
038 1549 0.0300
038 383 0.0300
038 627 0.0300
038 695 0.0297
038 904 0.0296
038 489 0.0294
038 812 0.0294
038 39 0.0292
038 86 0.0292
038 376 0.0290
038 1553 0.0285
038 979 0.0285
038 414 0.0283
038 147 0.0282
038 198 0.0282
038 801 0.0282
038 452 0.0280
038 597 0.0280
038 36 0.0279
038 622 0.0275
038 1271 0.0275
038 1369 0.0275
038 1087 0.0274
038 719 0.0272
038 66 0.0270
038 774 0.0270
038 934 0.0270
038 411 0.0269
038 1398 0.0267
038 945 0.0266
038 427 0.0266
038 515 0.0263
038 1355 0.0263
038 781 0.0263
038 854 0.0261
038 661 0.0259
038 658 0.0258
038 1460 0.0257
038 1051 0.0253
038 1578 0.0253
038 938 0.0253
038 356 0.0251
038 578 0.0249
038 441 0.0247
038 1164 0.0246
038 217 0.0244
038 1396 0.0242
038 233 0.0242
038 1122 0.0241
038 1034 0.0240
038 1060 0.0238
038 60 0.0236
038 1581 0.0236
038 204 0.0236
038 346 0.0235
038 1509 0.0232
038 465 0.0231
038 85 0.0231
038 361 0.0231
038 518 0.0230
038 745 0.0229
038 154 0.0228
038 156 0.0227
038 725 0.0227
038 1160 0.0227
038 1575 0.0224
038 508 0.0224
038 1230 0.0222
038 1375 0.0222
038 258 0.0221
038 1465 0.0219
038 118 0.0219
038 1560 0.0218
038 1042 0.0217
038 554 0.0217
038 371 0.0214
038 533 0.0214
038 67 0.0213
038 157 0.0212
038 997 0.0212
038 1227 0.0212
038 486 0.0211
038 171 0.0211
038 1554 0.0211
038 730 0.0210
038 617 0.0210
038 1388 0.0210
038 1519 0.0210
038 752 0.0210
038 638 0.0209
038 753 0.0209
038 964 0.0208
038 1163 0.0207
038 442 0.0206
038 1180 0.0206
038 1341 0.0206
038 297 0.0206
038 516 0.0205
038 463 0.0204
038 385 0.0204
038 1181 0.0203
038 100 0.0203
038 1033 0.0201
038 1236 0.0201
038 682 0.0201
038 349 0.0198
038 488 0.0198
038 1232 0.0198
038 1193 0.0197
038 583 0.0197
038 1083 0.0197
038 1289 0.0196
038 1246 0.0196
038 107 0.0195
038 763 0.0195
038 6 0.0193
038 284 0.0192
038 28 0.0192
038 163 0.0191
038 1314 0.0190
038 866 0.0189
038 369 0.0189
038 655 0.0188
038 1373 0.0187
038 1112 0.0186
038 528 0.0186
038 181 0.0186
038 908 0.0186
038 1102 0.0184
038 1224 0.0184
038 1162 0.0183
038 1189 0.0182
038 902 0.0181
038 674 0.0181
038 11 0.0181
038 675 0.0180
038 760 0.0180
038 437 0.0178
038 436 0.0178
038 417 0.0176
038 757 0.0175
038 649 0.0175
038 1456 0.0174
038 439 0.0173
038 644 0.0172
038 662 0.0172
038 853 0.0172
038 1514 0.0170
038 1178 0.0169
038 1203 0.0169
038 63 0.0168
038 1426 0.0168
038 155 0.0168
038 1170 0.0168
038 378 0.0167
038 1172 0.0166
038 942 0.0166
038 1048 0.0165
038 930 0.0165
038 54 0.0165
038 836 0.0165
038 493 0.0163
038 870 0.0163
038 1366 0.0163
038 199 0.0163
038 1284 0.0163
038 184 0.0163
038 625 0.0162
038 312 0.0161
038 670 0.0161
038 1258 0.0160
038 570 0.0160
038 1096 0.0160
038 1272 0.0160
038 1054 0.0157
038 125 0.0156
038 547 0.0156
038 1208 0.0154
038 336 0.0154
038 1101 0.0154
038 639 0.0154
038 365 0.0153
038 671 0.0152
038 40 0.0152
038 510 0.0151
038 976 0.0151
038 1085 0.0151
038 243 0.0151
038 196 0.0151
038 193 0.0150
038 1157 0.0150
038 1251 0.0149
038 1135 0.0149
038 839 0.0149
038 1238 0.0148
038 1297 0.0148
038 70 0.0147
038 288 0.0146
038 737 0.0145
038 1387 0.0145
038 191 0.0145
038 1014 0.0145
038 783 0.0144
038 426 0.0143
038 504 0.0143
038 1469 0.0141
038 487 0.0141
038 1470 0.0141
038 46 0.0141
038 1074 0.0140
038 410 0.0140
038 1260 0.0140
038 840 0.0140
038 402 0.0138
038 999 0.0138
038 659 0.0138
038 1516 0.0137
038 1481 0.0136
038 1370 0.0136
038 1009 0.0136
038 765 0.0135
038 693 0.0135
038 422 0.0135
038 645 0.0133
038 485 0.0132
038 1113 0.0132
038 37 0.0131
038 621 0.0131
038 614 0.0130
038 1049 0.0129
038 1206 0.0129
038 764 0.0128
038 91 0.0128
038 1354 0.0128
038 138 0.0128
038 1045 0.0126
038 1384 0.0125
038 1175 0.0125
038 657 0.0123
038 451 0.0123
038 1501 0.0123
038 1007 0.0122
038 877 0.0121
038 475 0.0121
038 1225 0.0120
038 961 0.0120
038 1021 0.0120
038 941 0.0120
038 1308 0.0119
038 289 0.0118
038 1116 0.0117
038 599 0.0116
038 396 0.0115
038 1293 0.0115
038 573 0.0115
038 1422 0.0114
038 994 0.0112
038 1158 0.0112
038 205 0.0110
038 1379 0.0110
038 1324 0.0109
038 1303 0.0109
038 1539 0.0107
038 1138 0.0107
038 1177 0.0107
038 331 0.0107
038 1511 0.0106
038 1372 0.0103
038 164 0.0103
038 367 0.0102
038 729 0.0102
038 855 0.0102
038 886 0.0101
038 399 0.0100
038 64 0.0099
038 1185 0.0098
038 1301 0.0098
038 449 0.0097
038 416 0.0096
038 393 0.0096
038 1550 0.0096
038 1222 0.0095
038 443 0.0095
038 806 0.0094
038 1498 0.0094
038 1010 0.0093
038 1484 0.0093
038 1148 0.0093
038 1395 0.0093
038 1546 0.0091
038 1043 0.0089
038 506 0.0089
038 1312 0.0089
038 749 0.0089
038 1440 0.0087
038 1407 0.0086
038 1332 0.0085
038 136 0.0085
038 391 0.0083
038 431 0.0083
038 1333 0.0081
038 875 0.0081
038 1458 0.0080
038 565 0.0080
038 394 0.0080
038 1493 0.0080
038 507 0.0079
038 1114 0.0079
038 114 0.0078
038 830 0.0078
038 1020 0.0078
038 1191 0.0077
038 447 0.0077
038 433 0.0076
038 1548 0.0076
038 329 0.0076
038 884 0.0075
038 61 0.0074
038 567 0.0074
038 216 0.0074
038 1245 0.0073
038 916 0.0073
038 1154 0.0071
038 395 0.0071
038 556 0.0071
038 1321 0.0068
038 1044 0.0068
038 8 0.0067
038 1367 0.0066
038 679 0.0066
038 1535 0.0065
038 557 0.0065
038 1035 0.0064
038 273 0.0064
038 705 0.0064
038 1457 0.0064
038 558 0.0063
038 201 0.0063
038 715 0.0063
038 89 0.0062
038 129 0.0062
038 741 0.0060
038 168 0.0060
038 1129 0.0057
038 613 0.0057
038 832 0.0056
038 751 0.0056
038 412 0.0056
038 299 0.0056
038 282 0.0056
038 466 0.0053
038 303 0.0053
038 735 0.0053
038 746 0.0051
038 1075 0.0051
038 1218 0.0050
038 1111 0.0050
038 1538 0.0050
038 862 0.0048
038 42 0.0048
038 215 0.0047
038 467 0.0047
038 479 0.0046
038 403 0.0046
038 848 0.0045
038 134 0.0045
038 948 0.0044
038 213 0.0044
038 1039 0.0043
038 59 0.0043
038 1244 0.0043
038 99 0.0043
038 1094 0.0043
038 148 0.0042
038 375 0.0042
038 750 0.0041
038 311 0.0041
038 793 0.0040
038 502 0.0040
038 296 0.0040
038 631 0.0039
038 824 0.0038
038 921 0.0038
038 503 0.0038
038 852 0.0038
038 337 0.0037
038 689 0.0037
038 1417 0.0037
038 1267 0.0037
038 1432 0.0036
038 805 0.0036
038 1352 0.0036
038 683 0.0036
038 1223 0.0036
038 1533 0.0035
038 598 0.0035
038 1058 0.0035
038 973 0.0034
038 1537 0.0034
038 1247 0.0034
038 1309 0.0034
038 480 0.0034
038 1248 0.0034
038 173 0.0033
038 1507 0.0033
038 1490 0.0033
038 17 0.0033
038 1344 0.0033
038 537 0.0032
038 244 0.0032
038 24 0.0032
038 1442 0.0032
038 1323 0.0032
038 1518 0.0031
038 620 0.0031
038 903 0.0031
038 83 0.0031
038 788 0.0031
038 949 0.0030
038 928 0.0030
038 172 0.0030
038 795 0.0030
038 492 0.0029
038 3 0.0029
038 1558 0.0029
038 1543 0.0029
038 519 0.0029
038 309 0.0028
038 789 0.0028
038 880 0.0028
038 44 0.0028
038 576 0.0028
038 459 0.0027
038 1024 0.0027
038 790 0.0027
038 1416 0.0027
038 1229 0.0027
038 21 0.0027
038 1374 0.0027
038 108 0.0026
038 577 0.0025
038 1441 0.0025
038 82 0.0025
038 1176 0.0025
038 873 0.0025
038 722 0.0025
038 338 0.0025
038 1461 0.0024
038 1249 0.0024
038 1403 0.0024
038 1358 0.0024
038 600 0.0024
038 1390 0.0023
038 1036 0.0023
038 1504 0.0023
038 230 0.0022
038 896 0.0022
038 868 0.0022
038 738 0.0022
038 1524 0.0021
038 970 0.0021
038 1282 0.0021
038 1377 0.0020
038 1239 0.0019
038 78 0.0019
038 549 0.0018
038 771 0.0017
038 1270 0.0017
038 1466 0.0014
038 1425 0.0014
038 1190 0.0011
039 1133 0.4042
039 1362 0.2942
039 1492 0.2932
039 1348 0.2764
039 680 0.2743
039 909 0.2732
039 854 0.2697
039 1364 0.2666
039 1000 0.2534
039 526 0.2247
039 1349 0.2244
039 797 0.1953
039 796 0.1932
039 1494 0.1886
039 1345 0.1833
039 665 0.1728
039 1424 0.1679
039 114 0.1644
039 991 0.1642
039 1063 0.1599
039 1150 0.1558
039 1028 0.1506
039 519 0.1500
039 92 0.1492
039 1347 0.1490
039 90 0.1484
039 585 0.1443
039 1221 0.1442
039 124 0.1416
039 824 0.1411
039 536 0.1394
039 816 0.1390
039 1123 0.1362
039 593 0.1342
039 847 0.1337
039 277 0.1337
039 210 0.1320
039 1094 0.1318
039 1166 0.1309
039 705 0.1300
039 30 0.1259
039 1177 0.1252
039 257 0.1243
039 1264 0.1226
039 444 0.1220
039 1374 0.1200
039 452 0.1194
039 1363 0.1184
039 95 0.1182
039 334 0.1177
039 170 0.1165
039 948 0.1134
039 1342 0.1130
039 328 0.1129
039 858 0.1124
039 305 0.1124
039 942 0.1121
039 1572 0.1119
039 244 0.1119
039 454 0.1107
039 753 0.1100
039 72 0.1093
039 401 0.1086
039 425 0.1062
039 146 0.1060
039 245 0.1057
039 1536 0.1057
039 13 0.1052
039 76 0.1044
039 508 0.1038
039 484 0.1030
039 1193 0.1015
039 169 0.1014
039 1192 0.1003
039 785 0.1001
039 274 0.0997
039 1490 0.0995
039 820 0.0993
039 908 0.0991
039 447 0.0984
039 516 0.0983
039 1313 0.0981
039 215 0.0978
039 904 0.0975
039 1290 0.0967
039 1564 0.0967
039 927 0.0964
039 1227 0.0958
039 1480 0.0955
039 1321 0.0946
039 650 0.0939
039 212 0.0936
039 437 0.0920
039 960 0.0911
039 1565 0.0911
039 846 0.0907
039 428 0.0902
039 38 0.0894
039 174 0.0890
039 273 0.0884
039 63 0.0873
039 384 0.0864
039 237 0.0863
039 1120 0.0857
039 416 0.0856
039 1080 0.0854
039 258 0.0839
039 1128 0.0837
039 839 0.0835
039 994 0.0830
039 270 0.0827
039 423 0.0824
039 786 0.0820
039 555 0.0818
039 1577 0.0816
039 1293 0.0813
039 770 0.0813
039 381 0.0809
039 1495 0.0808
039 776 0.0808
039 897 0.0807
039 944 0.0805
039 329 0.0797
039 1357 0.0792
039 231 0.0789
039 760 0.0789
039 1476 0.0786
039 434 0.0785
039 410 0.0784
039 1271 0.0783
039 730 0.0783
039 1330 0.0782
039 1187 0.0775
039 778 0.0774
039 477 0.0767
039 1118 0.0764
039 574 0.0764
039 679 0.0763
039 375 0.0749
039 319 0.0742
039 774 0.0741
039 1102 0.0736
039 535 0.0733
039 145 0.0731
039 53 0.0725
039 648 0.0719
039 362 0.0718
039 929 0.0717
039 1402 0.0716
039 54 0.0712
039 349 0.0707
039 1160 0.0705
039 510 0.0701
039 356 0.0699
039 945 0.0697
039 297 0.0691
039 230 0.0688
039 1550 0.0680
039 290 0.0680
039 1074 0.0676
039 156 0.0672
039 793 0.0671
039 1580 0.0666
039 1125 0.0666
039 88 0.0662
039 684 0.0657
039 193 0.0656
039 1134 0.0653
039 1225 0.0649
039 365 0.0648
039 487 0.0645
039 265 0.0640
039 1240 0.0632
039 1097 0.0632
039 502 0.0628
039 438 0.0628
039 259 0.0627
039 436 0.0626
039 1418 0.0625
039 1511 0.0623
039 1499 0.0613
039 636 0.0613
039 1310 0.0612
039 424 0.0611
039 507 0.0607
039 278 0.0603
039 292 0.0597
039 190 0.0592
039 1528 0.0591
039 94 0.0590
039 662 0.0588
039 1211 0.0586
039 1217 0.0581
039 358 0.0580
039 293 0.0580
039 1282 0.0575
039 492 0.0572
039 247 0.0571
039 616 0.0570
039 172 0.0568
039 1140 0.0567
039 394 0.0566
039 1127 0.0563
039 798 0.0563
039 1489 0.0561
039 856 0.0560
039 151 0.0545
039 547 0.0545
039 644 0.0545
039 1575 0.0545
039 239 0.0544
039 1571 0.0544
039 1302 0.0544
039 486 0.0535
039 806 0.0534
039 74 0.0530
039 641 0.0529
039 672 0.0528
039 42 0.0527
039 902 0.0526
039 272 0.0526
039 885 0.0522
039 405 0.0520
039 1064 0.0517
039 119 0.0513
039 446 0.0512
039 567 0.0512
039 431 0.0512
039 1238 0.0510
039 1301 0.0510
039 1170 0.0506
039 658 0.0504
039 1420 0.0504
039 1457 0.0503
039 148 0.0502
039 504 0.0502
039 1272 0.0501
039 249 0.0498
039 1257 0.0496
039 599 0.0496
039 366 0.0494
039 771 0.0492
039 980 0.0489
039 1010 0.0488
039 260 0.0488
039 965 0.0488
039 1400 0.0487
039 1104 0.0486
039 605 0.0485
039 1469 0.0484
039 1175 0.0483
039 759 0.0478
039 1292 0.0477
039 811 0.0477
039 159 0.0471
039 335 0.0470
039 1082 0.0467
039 480 0.0465
039 1162 0.0464
039 1242 0.0463
039 817 0.0462
039 866 0.0462
039 986 0.0460
039 557 0.0458
039 1261 0.0454
039 376 0.0454
039 618 0.0452
039 716 0.0451
039 572 0.0451
039 183 0.0449
039 676 0.0448
039 361 0.0448
039 1455 0.0444
039 1534 0.0442
039 117 0.0442
039 781 0.0442
039 103 0.0437
039 308 0.0436
039 73 0.0436
039 164 0.0435
039 1327 0.0433
039 70 0.0431
039 752 0.0430
039 870 0.0430
039 789 0.0429
039 712 0.0429
039 385 0.0429
039 291 0.0428
039 147 0.0427
039 198 0.0426
039 637 0.0426
039 801 0.0426
039 631 0.0426
039 595 0.0426
039 732 0.0422
039 221 0.0422
039 537 0.0422
039 1578 0.0421
039 892 0.0420
039 86 0.0418
039 813 0.0415
039 426 0.0413
039 102 0.0412
039 411 0.0407
039 192 0.0405
039 1398 0.0405
039 398 0.0404
039 661 0.0403
039 976 0.0401
039 49 0.0401
039 320 0.0400
039 1129 0.0399
039 1475 0.0398
039 1355 0.0397
039 55 0.0396
039 695 0.0395
039 573 0.0395
039 1165 0.0392
039 872 0.0392
039 1224 0.0390
039 188 0.0389
039 300 0.0389
039 1460 0.0389
039 1168 0.0388
039 649 0.0385
039 280 0.0384
039 1365 0.0384
039 933 0.0384
039 1051 0.0383
039 583 0.0383
039 767 0.0383
039 485 0.0383
039 1529 0.0382
039 1567 0.0382
039 369 0.0381
039 1068 0.0380
039 205 0.0379
039 229 0.0376
039 1265 0.0376
039 312 0.0375
039 1549 0.0373
039 441 0.0373
039 1312 0.0373
039 1188 0.0372
039 1486 0.0371
039 348 0.0370
039 497 0.0370
039 331 0.0369
039 1164 0.0368
039 818 0.0367
039 924 0.0366
039 1436 0.0365
039 1122 0.0364
039 938 0.0364
039 864 0.0363
039 1540 0.0362
039 587 0.0359
039 357 0.0358
039 1339 0.0357
039 625 0.0356
039 204 0.0356
039 668 0.0356
039 699 0.0355
039 865 0.0355
039 962 0.0354
039 836 0.0352
039 1491 0.0351
039 41 0.0351
039 391 0.0349
039 60 0.0344
039 725 0.0343
039 1180 0.0343
039 688 0.0342
039 1456 0.0342
039 83 0.0342
039 946 0.0342
039 1195 0.0341
039 708 0.0341
039 627 0.0340
039 728 0.0340
039 1182 0.0340
039 1083 0.0337
039 40 0.0337
039 1350 0.0335
039 1278 0.0334
039 216 0.0333
039 729 0.0333
039 853 0.0333
039 1025 0.0331
039 837 0.0329
039 681 0.0328
039 1183 0.0328
039 538 0.0326
039 577 0.0325
039 1252 0.0323
039 1519 0.0323
039 299 0.0322
039 1041 0.0322
039 860 0.0321
039 281 0.0320
039 926 0.0319
039 812 0.0317
039 368 0.0313
039 250 0.0313
039 433 0.0312
039 15 0.0312
039 1132 0.0311
039 768 0.0311
039 936 0.0310
039 1581 0.0310
039 1250 0.0309
039 653 0.0308
039 360 0.0308
039 1181 0.0307
039 843 0.0306
039 1246 0.0305
039 243 0.0305
039 1222 0.0304
039 787 0.0304
039 389 0.0301
039 821 0.0300
039 1176 0.0299
039 1333 0.0297
039 963 0.0297
039 1375 0.0296
039 1548 0.0294
039 1052 0.0294
039 1096 0.0293
039 427 0.0293
039 246 0.0292
039 556 0.0291
039 750 0.0290
039 954 0.0290
039 1194 0.0289
039 576 0.0288
039 32 0.0288
039 1314 0.0287
039 1466 0.0285
039 251 0.0285
039 1179 0.0285
039 351 0.0282
039 1408 0.0280
039 741 0.0280
039 581 0.0277
039 1396 0.0274
039 284 0.0274
039 914 0.0274
039 795 0.0274
039 1253 0.0273
039 1514 0.0273
039 1020 0.0271
039 917 0.0271
039 1206 0.0269
039 686 0.0269
039 840 0.0269
039 1403 0.0267
039 592 0.0266
039 799 0.0266
039 594 0.0265
039 566 0.0264
039 981 0.0263
039 1380 0.0263
039 136 0.0263
039 465 0.0263
039 1099 0.0261
039 325 0.0260
039 1085 0.0260
039 873 0.0259
039 657 0.0258
039 1262 0.0256
039 479 0.0256
039 673 0.0256
039 1171 0.0256
039 1411 0.0255
039 1319 0.0255
039 451 0.0254
039 1255 0.0254
039 448 0.0253
039 1130 0.0253
039 524 0.0250
039 1284 0.0249
039 1055 0.0248
039 342 0.0246
039 979 0.0246
039 107 0.0244
039 550 0.0244
039 1552 0.0243
039 617 0.0243
039 1276 0.0243
039 116 0.0243
039 66 0.0243
039 1173 0.0242
039 970 0.0242
039 1303 0.0242
039 1178 0.0241
039 1331 0.0241
039 898 0.0239
039 1340 0.0235
039 1435 0.0235
039 175 0.0233
039 463 0.0232
039 217 0.0230
039 671 0.0230
039 412 0.0229
039 751 0.0228
039 1423 0.0227
039 25 0.0227
039 652 0.0226
039 1505 0.0226
039 1251 0.0226
039 1076 0.0225
039 968 0.0222
039 154 0.0221
039 881 0.0221
039 248 0.0220
039 579 0.0220
039 474 0.0220
039 1070 0.0220
039 1037 0.0220
039 1371 0.0219
039 1111 0.0219
039 692 0.0219
039 1513 0.0218
039 1346 0.0218
039 422 0.0216
039 949 0.0215
039 1054 0.0214
039 261 0.0213
039 52 0.0213
039 440 0.0212
039 211 0.0211
039 848 0.0210
039 1108 0.0209
039 1075 0.0209
039 1417 0.0206
039 191 0.0206
039 321 0.0204
039 693 0.0204
039 1306 0.0204
039 1077 0.0203
039 1573 0.0202
039 36 0.0201
039 578 0.0200
039 947 0.0199
039 393 0.0199
039 1354 0.0199
039 471 0.0198
039 862 0.0197
039 1470 0.0197
039 44 0.0196
039 1209 0.0195
039 445 0.0194
039 298 0.0193
039 241 0.0193
039 895 0.0192
039 1024 0.0192
039 1203 0.0192
039 469 0.0191
039 478 0.0189
039 1069 0.0188
039 612 0.0188
039 1298 0.0188
039 827 0.0188
039 992 0.0186
039 404 0.0186
039 614 0.0185
039 123 0.0185
039 104 0.0185
039 179 0.0184
039 327 0.0184
039 87 0.0184
039 913 0.0184
039 19 0.0183
039 950 0.0183
039 670 0.0183
039 443 0.0182
039 920 0.0181
039 1360 0.0181
039 48 0.0180
039 449 0.0180
039 462 0.0179
039 784 0.0178
039 1078 0.0178
039 565 0.0176
039 823 0.0176
039 1208 0.0175
039 262 0.0175
039 1304 0.0174
039 841 0.0173
039 629 0.0172
039 496 0.0171
039 984 0.0170
039 1185 0.0169
039 330 0.0169
039 304 0.0169
039 318 0.0168
039 1297 0.0168
039 691 0.0167
039 570 0.0167
039 869 0.0166
039 1535 0.0165
039 1223 0.0164
039 740 0.0164
039 1014 0.0164
039 533 0.0164
039 1500 0.0164
039 915 0.0163
039 1512 0.0163
039 1035 0.0163
039 435 0.0163
039 1207 0.0161
039 1498 0.0161
039 1046 0.0160
039 548 0.0160
039 402 0.0159
039 1016 0.0159
039 195 0.0158
039 613 0.0157
039 1322 0.0157
039 1247 0.0157
039 1073 0.0156
039 430 0.0155
039 777 0.0153
039 1483 0.0151
039 1524 0.0151
039 1442 0.0150
039 24 0.0149
039 532 0.0149
039 1142 0.0147
039 1452 0.0147
039 139 0.0147
039 1057 0.0146
039 1189 0.0146
039 184 0.0146
039 489 0.0145
039 1376 0.0145
039 138 0.0145
039 1421 0.0144
039 50 0.0144
039 1316 0.0144
039 1159 0.0144
039 833 0.0143
039 739 0.0143
039 129 0.0141
039 878 0.0140
039 790 0.0137
039 470 0.0137
039 607 0.0137
039 1021 0.0136
039 941 0.0136
039 1119 0.0134
039 638 0.0134
039 1291 0.0134
039 1110 0.0133
039 733 0.0133
039 1226 0.0131
039 493 0.0131
039 267 0.0130
039 235 0.0130
039 603 0.0128
039 62 0.0127
039 390 0.0127
039 1034 0.0126
039 517 0.0126
039 1526 0.0126
039 1335 0.0126
039 1245 0.0126
039 704 0.0125
039 642 0.0124
039 1324 0.0124
039 703 0.0124
039 1026 0.0124
039 1518 0.0123
039 1419 0.0123
039 1116 0.0122
039 996 0.0121
039 995 0.0120
039 814 0.0120
039 397 0.0119
039 879 0.0119
039 93 0.0118
039 1308 0.0118
039 354 0.0118
039 1370 0.0118
039 202 0.0117
039 1372 0.0117
039 761 0.0117
039 288 0.0117
039 82 0.0117
039 810 0.0117
039 877 0.0115
039 20 0.0114
039 8 0.0114
039 983 0.0114
039 347 0.0114
039 951 0.0113
039 399 0.0113
039 780 0.0113
039 1205 0.0113
039 736 0.0113
039 12 0.0112
039 64 0.0112
039 554 0.0112
039 372 0.0112
039 1093 0.0111
039 894 0.0111
039 600 0.0111
039 1210 0.0111
039 782 0.0110
039 1449 0.0110
039 1446 0.0110
039 1274 0.0110
039 1060 0.0110
039 1244 0.0109
039 160 0.0109
039 591 0.0109
039 467 0.0108
039 187 0.0107
039 1009 0.0107
039 1042 0.0106
039 838 0.0106
039 635 0.0105
039 1484 0.0105
039 1395 0.0105
039 1401 0.0103
039 1254 0.0103
039 804 0.0102
039 1288 0.0102
039 1043 0.0101
039 506 0.0101
039 1384 0.0100
039 1008 0.0100
039 26 0.0100
039 29 0.0099
039 1230 0.0099
039 1228 0.0098
039 1285 0.0098
039 1407 0.0097
039 494 0.0097
039 1031 0.0097
039 764 0.0096
039 1501 0.0096
039 899 0.0095
039 208 0.0095
039 1100 0.0094
039 311 0.0093
039 731 0.0092
039 542 0.0092
039 1334 0.0092
039 875 0.0092
039 743 0.0092
039 39 0.0091
039 1415 0.0091
039 1458 0.0091
039 439 0.0091
039 1493 0.0090
039 189 0.0090
039 1114 0.0090
039 122 0.0089
039 560 0.0089
039 561 0.0088
039 921 0.0087
039 930 0.0087
039 1157 0.0086
039 852 0.0086
039 1440 0.0086
039 549 0.0086
039 884 0.0085
039 1286 0.0085
039 738 0.0085
039 1432 0.0084
039 805 0.0084
039 233 0.0084
039 1531 0.0084
039 974 0.0083
039 916 0.0083
039 1033 0.0082
039 1154 0.0081
039 395 0.0081
039 1471 0.0081
039 450 0.0080
039 509 0.0080
039 383 0.0079
039 149 0.0079
039 544 0.0079
039 1283 0.0079
039 1109 0.0079
039 762 0.0079
039 1048 0.0077
039 1561 0.0077
039 317 0.0077
039 1044 0.0077
039 367 0.0076
039 1367 0.0075
039 1521 0.0073
039 1135 0.0073
039 200 0.0073
039 333 0.0073
039 558 0.0072
039 201 0.0071
039 715 0.0071
039 89 0.0071
039 429 0.0070
039 432 0.0069
039 1394 0.0069
039 580 0.0068
039 1332 0.0068
039 84 0.0068
039 168 0.0068
039 227 0.0066
039 855 0.0065
039 890 0.0064
039 832 0.0064
039 282 0.0063
039 1481 0.0063
039 1066 0.0063
039 1243 0.0062
039 737 0.0062
039 972 0.0061
039 371 0.0061
039 1392 0.0061
039 466 0.0061
039 303 0.0060
039 735 0.0060
039 108 0.0059
039 919 0.0059
039 1393 0.0059
039 194 0.0058
039 746 0.0058
039 1523 0.0057
039 1214 0.0057
039 863 0.0057
039 1218 0.0057
039 1260 0.0057
039 1538 0.0056
039 985 0.0056
039 559 0.0056
039 1237 0.0055
039 43 0.0055
039 1147 0.0055
039 794 0.0054
039 825 0.0053
039 656 0.0052
039 403 0.0052
039 1554 0.0051
039 707 0.0051
039 742 0.0051
039 717 0.0051
039 1568 0.0051
039 134 0.0050
039 3 0.0050
039 213 0.0050
039 1019 0.0049
039 14 0.0049
039 1039 0.0049
039 59 0.0049
039 647 0.0049
039 310 0.0049
039 999 0.0049
039 512 0.0049
039 99 0.0049
039 307 0.0048
039 518 0.0048
039 961 0.0048
039 1131 0.0048
039 1478 0.0047
039 1542 0.0047
039 660 0.0047
039 458 0.0047
039 207 0.0046
039 296 0.0045
039 748 0.0045
039 1546 0.0045
039 503 0.0043
039 1113 0.0043
039 178 0.0043
039 337 0.0042
039 969 0.0042
039 689 0.0042
039 488 0.0042
039 283 0.0042
039 1353 0.0042
039 1158 0.0042
039 1267 0.0041
039 271 0.0041
039 886 0.0041
039 763 0.0041
039 1352 0.0041
039 683 0.0041
039 118 0.0041
039 1533 0.0040
039 339 0.0040
039 598 0.0040
039 81 0.0040
039 1050 0.0040
039 525 0.0040
039 414 0.0040
039 1509 0.0039
039 377 0.0039
039 1058 0.0039
039 1454 0.0039
039 973 0.0039
039 630 0.0039
039 802 0.0039
039 1537 0.0038
039 1309 0.0038
039 1270 0.0038
039 977 0.0038
039 1248 0.0038
039 623 0.0038
039 226 0.0038
039 1146 0.0038
039 322 0.0038
039 379 0.0037
039 380 0.0037
039 626 0.0037
039 173 0.0037
039 1507 0.0037
039 674 0.0037
039 17 0.0037
039 1344 0.0037
039 669 0.0036
039 162 0.0036
039 1474 0.0036
039 1323 0.0036
039 769 0.0036
039 620 0.0035
039 903 0.0035
039 155 0.0035
039 1318 0.0035
039 788 0.0035
039 1027 0.0034
039 928 0.0034
039 987 0.0034
039 575 0.0034
039 589 0.0033
039 867 0.0033
039 918 0.0033
039 1558 0.0033
039 1543 0.0033
039 309 0.0032
039 1141 0.0032
039 880 0.0032
039 540 0.0032
039 1463 0.0031
039 289 0.0031
039 744 0.0031
039 459 0.0031
039 1030 0.0031
039 1317 0.0031
039 747 0.0031
039 1416 0.0031
039 1229 0.0030
039 21 0.0030
039 1443 0.0030
039 1459 0.0030
039 1479 0.0029
039 1062 0.0029
039 1517 0.0029
039 1441 0.0029
039 1091 0.0028
039 891 0.0028
039 651 0.0028
039 722 0.0028
039 112 0.0028
039 338 0.0028
039 1461 0.0028
039 1249 0.0028
039 925 0.0027
039 98 0.0027
039 1358 0.0027
039 1390 0.0027
039 1049 0.0026
039 1036 0.0026
039 1504 0.0026
039 77 0.0025
039 1336 0.0025
039 896 0.0025
039 868 0.0025
039 1328 0.0025
039 91 0.0025
039 590 0.0025
039 1485 0.0024
039 871 0.0024
039 1369 0.0024
039 1216 0.0024
039 253 0.0023
039 1299 0.0023
039 1377 0.0023
039 1239 0.0022
039 106 0.0022
039 1409 0.0022
039 78 0.0021
039 266 0.0020
039 1007 0.0019
039 97 0.0018
039 1425 0.0016
039 1148 0.0015
039 1190 0.0013
039 1444 0.0013
040 507 0.2976
040 1133 0.2784
040 1347 0.2403
040 1276 0.2307
040 489 0.2234
040 447 0.2211
040 124 0.2209
040 1495 0.2116
040 847 0.2037
040 76 0.1987
040 665 0.1934
040 1362 0.1912
040 299 0.1893
040 215 0.1848
040 1051 0.1832
040 1364 0.1812
040 858 0.1798
040 1000 0.1790
040 909 0.1748
040 1345 0.1724
040 375 0.1722
040 1492 0.1663
040 201 0.1658
040 745 0.1650
040 673 0.1622
040 1349 0.1592
040 119 0.1575
040 1444 0.1575
040 245 0.1563
040 1564 0.1542
040 526 0.1534
040 679 0.1510
040 478 0.1496
040 1394 0.1478
040 781 0.1478
040 945 0.1473
040 401 0.1467
040 585 0.1461
040 1494 0.1459
040 403 0.1421
040 944 0.1378
040 1501 0.1377
040 200 0.1330
040 739 0.1320
040 692 0.1307
040 328 0.1306
040 437 0.1305
040 53 0.1299
040 21 0.1294
040 335 0.1287
040 280 0.1281
040 1274 0.1272
040 785 0.1268
040 1183 0.1256
040 991 0.1227
040 1166 0.1214
040 1257 0.1195
040 854 0.1190
040 72 0.1168
040 95 0.1165
040 1128 0.1154
040 1348 0.1150
040 1123 0.1142
040 196 0.1127
040 426 0.1118
040 536 0.1118
040 41 0.1108
040 454 0.1103
040 942 0.1097
040 66 0.1095
040 170 0.1084
040 823 0.1079
040 423 0.1073
040 334 0.1072
040 90 0.1068
040 1340 0.1060
040 1210 0.1055
040 1063 0.1048
040 210 0.1046
040 1577 0.1043
040 94 0.1038
040 381 0.1035
040 816 0.1024
040 58 0.1015
040 1028 0.1014
040 1297 0.1013
040 786 0.1006
040 1221 0.1006
040 193 0.1005
040 897 0.1005
040 265 0.1003
040 320 0.0995
040 341 0.0985
040 1097 0.0982
040 1317 0.0981
040 1192 0.0977
040 1424 0.0976
040 1102 0.0973
040 1083 0.0971
040 1138 0.0962
040 88 0.0950
040 362 0.0949
040 904 0.0937
040 428 0.0935
040 1260 0.0934
040 432 0.0934
040 1374 0.0929
040 156 0.0926
040 1160 0.0917
040 680 0.0915
040 262 0.0908
040 297 0.0908
040 1215 0.0899
040 593 0.0897
040 1264 0.0895
040 1177 0.0895
040 902 0.0891
040 117 0.0890
040 446 0.0872
040 535 0.0869
040 422 0.0868
040 1290 0.0868
040 730 0.0865
040 1134 0.0858
040 1403 0.0857
040 192 0.0856
040 452 0.0851
040 558 0.0843
040 484 0.0841
040 1227 0.0835
040 103 0.0835
040 349 0.0831
040 311 0.0831
040 366 0.0827
040 436 0.0819
040 85 0.0813
040 1291 0.0811
040 839 0.0806
040 155 0.0806
040 927 0.0799
040 1534 0.0799
040 796 0.0798
040 938 0.0796
040 38 0.0791
040 870 0.0790
040 833 0.0790
040 293 0.0785
040 636 0.0783
040 1165 0.0783
040 1310 0.0783
040 776 0.0781
040 40 0.0778
040 230 0.0776
040 221 0.0774
040 307 0.0756
040 174 0.0755
040 1321 0.0752
040 1154 0.0752
040 1469 0.0749
040 1175 0.0741
040 595 0.0735
040 524 0.0730
040 770 0.0725
040 410 0.0725
040 1080 0.0725
040 1193 0.0724
040 960 0.0722
040 760 0.0722
040 424 0.0722
040 798 0.0719
040 637 0.0715
040 932 0.0715
040 824 0.0713
040 1130 0.0707
040 1010 0.0706
040 123 0.0705
040 516 0.0703
040 1360 0.0702
040 33 0.0699
040 1293 0.0686
040 599 0.0684
040 1339 0.0682
040 169 0.0682
040 1296 0.0682
040 574 0.0680
040 672 0.0675
040 753 0.0674
040 1458 0.0674
040 312 0.0674
040 841 0.0673
040 1054 0.0673
040 384 0.0669
040 229 0.0669
040 357 0.0668
040 310 0.0668
040 933 0.0666
040 1536 0.0660
040 980 0.0652
040 425 0.0650
040 491 0.0649
040 438 0.0648
040 243 0.0648
040 572 0.0639
040 1019 0.0635
040 695 0.0632
040 183 0.0628
040 892 0.0627
040 1074 0.0623
040 1178 0.0621
040 237 0.0621
040 528 0.0619
040 1255 0.0612
040 1127 0.0608
040 813 0.0605
040 581 0.0604
040 278 0.0601
040 284 0.0598
040 1476 0.0597
040 1140 0.0592
040 1209 0.0587
040 256 0.0583
040 716 0.0577
040 298 0.0575
040 70 0.0574
040 259 0.0574
040 327 0.0574
040 102 0.0570
040 549 0.0570
040 1181 0.0568
040 648 0.0567
040 356 0.0565
040 1363 0.0564
040 818 0.0563
040 1392 0.0561
040 658 0.0558
040 797 0.0557
040 13 0.0557
040 731 0.0555
040 63 0.0554
040 1466 0.0554
040 32 0.0551
040 1125 0.0550
040 331 0.0550
040 231 0.0547
040 465 0.0547
040 434 0.0543
040 395 0.0540
040 814 0.0539
040 741 0.0537
040 1313 0.0534
040 1490 0.0534
040 1035 0.0529
040 1567 0.0529
040 315 0.0528
040 671 0.0528
040 42 0.0527
040 948 0.0526
040 1084 0.0523
040 329 0.0522
040 485 0.0522
040 728 0.0522
040 73 0.0522
040 649 0.0520
040 277 0.0518
040 49 0.0513
040 1150 0.0511
040 1187 0.0510
040 840 0.0509
040 1196 0.0509
040 1484 0.0507
040 605 0.0505
040 508 0.0505
040 69 0.0502
040 30 0.0501
040 1407 0.0500
040 1096 0.0491
040 1365 0.0491
040 538 0.0490
040 263 0.0490
040 700 0.0490
040 588 0.0488
040 258 0.0488
040 1332 0.0482
040 1423 0.0481
040 1350 0.0476
040 122 0.0474
040 444 0.0473
040 497 0.0473
040 879 0.0471
040 138 0.0469
040 1561 0.0463
040 148 0.0462
040 1528 0.0458
040 1043 0.0456
040 257 0.0452
040 774 0.0451
040 190 0.0450
040 1572 0.0450
040 1491 0.0449
040 1302 0.0447
040 906 0.0446
040 383 0.0445
040 463 0.0445
040 1171 0.0443
040 1334 0.0443
040 145 0.0443
040 1021 0.0442
040 885 0.0441
040 1344 0.0440
040 941 0.0439
040 715 0.0436
040 365 0.0433
040 376 0.0432
040 431 0.0428
040 531 0.0428
040 107 0.0425
040 477 0.0425
040 947 0.0425
040 1400 0.0424
040 567 0.0424
040 705 0.0423
040 386 0.0422
040 1222 0.0422
040 1211 0.0422
040 1271 0.0418
040 1342 0.0417
040 817 0.0415
040 1401 0.0415
040 1225 0.0411
040 1398 0.0410
040 616 0.0410
040 891 0.0410
040 281 0.0409
040 1327 0.0409
040 427 0.0406
040 848 0.0403
040 250 0.0400
040 660 0.0399
040 15 0.0399
040 288 0.0397
040 577 0.0397
040 1402 0.0394
040 752 0.0393
040 1455 0.0393
040 319 0.0392
040 908 0.0392
040 1089 0.0392
040 853 0.0391
040 1554 0.0390
040 1203 0.0388
040 1509 0.0385
040 86 0.0383
040 720 0.0383
040 1098 0.0383
040 846 0.0382
040 1242 0.0382
040 1208 0.0382
040 1182 0.0381
040 661 0.0381
040 641 0.0381
040 1052 0.0377
040 721 0.0376
040 61 0.0376
040 1282 0.0376
040 486 0.0376
040 405 0.0374
040 662 0.0374
040 1007 0.0370
040 951 0.0370
040 1396 0.0366
040 827 0.0360
040 533 0.0359
040 318 0.0358
040 999 0.0358
040 24 0.0357
040 589 0.0357
040 799 0.0354
040 1087 0.0353
040 448 0.0351
040 965 0.0351
040 1511 0.0350
040 241 0.0349
040 1117 0.0344
040 1498 0.0344
040 272 0.0344
040 134 0.0343
040 510 0.0342
040 1132 0.0341
040 670 0.0341
040 351 0.0341
040 1143 0.0339
040 300 0.0339
040 566 0.0338
040 759 0.0337
040 179 0.0337
040 1082 0.0336
040 979 0.0335
040 305 0.0335
040 1580 0.0334
040 801 0.0334
040 793 0.0330
040 1247 0.0326
040 114 0.0326
040 502 0.0326
040 1224 0.0325
040 99 0.0321
040 1170 0.0320
040 474 0.0320
040 1432 0.0319
040 1223 0.0316
040 191 0.0315
040 974 0.0315
040 1355 0.0311
040 1552 0.0311
040 617 0.0311
040 321 0.0310
040 501 0.0308
040 732 0.0308
040 147 0.0307
040 25 0.0307
040 198 0.0307
040 795 0.0306
040 1301 0.0305
040 1070 0.0305
040 836 0.0302
040 1573 0.0302
040 1547 0.0300
040 1518 0.0297
040 249 0.0297
040 518 0.0296
040 1309 0.0295
040 379 0.0294
040 873 0.0294
040 934 0.0293
040 411 0.0293
040 573 0.0293
040 441 0.0292
040 317 0.0290
040 1300 0.0287
040 1465 0.0284
040 614 0.0283
040 246 0.0281
040 1460 0.0280
040 433 0.0279
040 1346 0.0279
040 729 0.0278
040 450 0.0276
040 1008 0.0276
040 820 0.0276
040 1578 0.0275
040 251 0.0274
040 361 0.0273
040 261 0.0273
040 211 0.0270
040 451 0.0268
040 1068 0.0268
040 929 0.0268
040 997 0.0266
040 443 0.0262
040 1122 0.0262
040 924 0.0262
040 1278 0.0261
040 1373 0.0260
040 205 0.0260
040 555 0.0260
040 1033 0.0259
040 864 0.0258
040 204 0.0256
040 346 0.0256
040 578 0.0255
040 1116 0.0255
040 420 0.0254
040 905 0.0253
040 1164 0.0252
040 763 0.0251
040 1057 0.0250
040 360 0.0249
040 1232 0.0249
040 445 0.0248
040 1463 0.0247
040 725 0.0247
040 688 0.0246
040 1421 0.0246
040 1020 0.0246
040 1119 0.0246
040 708 0.0245
040 1453 0.0244
040 306 0.0244
040 1575 0.0244
040 768 0.0244
040 587 0.0243
040 164 0.0243
040 1254 0.0242
040 240 0.0241
040 1207 0.0241
040 676 0.0240
040 163 0.0240
040 815 0.0240
040 1324 0.0238
040 1016 0.0237
040 1303 0.0236
040 875 0.0236
040 1521 0.0236
040 393 0.0233
040 1111 0.0231
040 391 0.0230
040 264 0.0229
040 1280 0.0225
040 1314 0.0225
040 1372 0.0225
040 866 0.0224
040 1180 0.0224
040 1513 0.0224
040 1338 0.0223
040 546 0.0222
040 233 0.0222
040 1412 0.0221
040 1452 0.0220
040 456 0.0220
040 1236 0.0218
040 682 0.0218
040 1069 0.0217
040 399 0.0217
040 1267 0.0216
040 64 0.0215
040 50 0.0215
040 984 0.0215
040 583 0.0215
040 449 0.0214
040 1185 0.0214
040 509 0.0214
040 1531 0.0214
040 767 0.0214
040 1230 0.0213
040 1041 0.0213
040 279 0.0211
040 416 0.0210
040 1226 0.0209
040 1550 0.0209
040 332 0.0208
040 217 0.0208
040 1370 0.0207
040 1049 0.0206
040 136 0.0206
040 369 0.0205
040 1390 0.0205
040 1493 0.0203
040 821 0.0203
040 1548 0.0203
040 181 0.0202
040 1436 0.0202
040 1114 0.0201
040 1395 0.0201
040 308 0.0201
040 547 0.0201
040 1073 0.0199
040 1434 0.0199
040 1375 0.0198
040 1120 0.0198
040 806 0.0197
040 506 0.0194
040 417 0.0192
040 684 0.0192
040 638 0.0192
040 1535 0.0191
040 532 0.0190
040 1425 0.0190
040 79 0.0189
040 439 0.0188
040 737 0.0187
040 1075 0.0187
040 1189 0.0187
040 1323 0.0184
040 903 0.0184
040 1159 0.0184
040 576 0.0184
040 712 0.0180
040 790 0.0180
040 976 0.0179
040 54 0.0179
040 1440 0.0179
040 126 0.0179
040 289 0.0178
040 1505 0.0177
040 1284 0.0177
040 184 0.0177
040 1240 0.0176
040 1354 0.0175
040 1565 0.0175
040 394 0.0174
040 397 0.0171
040 1078 0.0171
040 224 0.0168
040 639 0.0168
040 493 0.0167
040 267 0.0165
040 1446 0.0164
040 603 0.0163
040 884 0.0163
040 488 0.0163
040 367 0.0163
040 412 0.0163
040 1251 0.0162
040 517 0.0161
040 1526 0.0161
040 1238 0.0161
040 693 0.0160
040 1245 0.0159
040 29 0.0159
040 642 0.0159
040 1352 0.0158
040 895 0.0158
040 916 0.0158
040 703 0.0158
040 740 0.0158
040 1239 0.0157
040 291 0.0154
040 556 0.0154
040 514 0.0154
040 266 0.0154
040 189 0.0153
040 627 0.0153
040 971 0.0153
040 93 0.0152
040 1100 0.0151
040 162 0.0150
040 812 0.0150
040 810 0.0149
040 802 0.0148
040 1044 0.0147
040 469 0.0147
040 789 0.0146
040 1129 0.0145
040 8 0.0145
040 780 0.0144
040 1031 0.0144
040 1367 0.0144
040 751 0.0143
040 37 0.0142
040 621 0.0142
040 1018 0.0141
040 557 0.0141
040 994 0.0140
040 591 0.0139
040 1333 0.0139
040 273 0.0139
040 1457 0.0138
040 467 0.0138
040 515 0.0138
040 1378 0.0136
040 466 0.0136
040 1483 0.0136
040 89 0.0136
040 838 0.0135
040 787 0.0134
040 129 0.0134
040 861 0.0134
040 804 0.0131
040 1533 0.0130
040 168 0.0130
040 414 0.0128
040 26 0.0128
040 1269 0.0127
040 1537 0.0125
040 1371 0.0124
040 625 0.0123
040 60 0.0123
040 832 0.0122
040 77 0.0121
040 282 0.0121
040 330 0.0120
040 1419 0.0118
040 542 0.0118
040 39 0.0116
040 404 0.0116
040 1046 0.0115
040 303 0.0115
040 735 0.0114
040 496 0.0113
040 1519 0.0112
040 746 0.0111
040 1244 0.0110
040 1218 0.0110
040 1252 0.0109
040 140 0.0108
040 1417 0.0108
040 1538 0.0108
040 492 0.0108
040 1092 0.0107
040 1462 0.0106
040 683 0.0105
040 862 0.0105
040 794 0.0104
040 1308 0.0103
040 525 0.0102
040 1194 0.0102
040 594 0.0102
040 565 0.0101
040 479 0.0100
040 1064 0.0098
040 659 0.0098
040 1191 0.0097
040 1507 0.0096
040 1470 0.0095
040 213 0.0095
040 1405 0.0095
040 1039 0.0094
040 59 0.0094
040 669 0.0094
040 992 0.0093
040 216 0.0093
040 1094 0.0093
040 52 0.0090
040 1461 0.0089
040 1034 0.0089
040 750 0.0089
040 121 0.0089
040 1272 0.0088
040 1456 0.0088
040 592 0.0087
040 296 0.0087
040 84 0.0087
040 154 0.0086
040 830 0.0085
040 1576 0.0085
040 1026 0.0084
040 1558 0.0084
040 631 0.0084
040 309 0.0083
040 921 0.0083
040 503 0.0083
040 852 0.0082
040 337 0.0081
040 1442 0.0081
040 1549 0.0081
040 689 0.0081
040 860 0.0081
040 868 0.0081
040 657 0.0079
040 805 0.0079
040 1024 0.0079
040 1524 0.0078
040 1050 0.0077
040 598 0.0077
040 1058 0.0075
040 973 0.0075
040 194 0.0074
040 1022 0.0074
040 480 0.0073
040 1248 0.0073
040 173 0.0071
040 17 0.0071
040 537 0.0071
040 244 0.0070
040 1093 0.0070
040 1162 0.0070
040 385 0.0070
040 333 0.0070
040 1113 0.0069
040 620 0.0068
040 83 0.0067
040 788 0.0066
040 949 0.0066
040 928 0.0066
040 579 0.0064
040 172 0.0064
040 223 0.0064
040 611 0.0064
040 3 0.0064
040 1543 0.0063
040 519 0.0062
040 1369 0.0061
040 880 0.0061
040 287 0.0061
040 961 0.0061
040 44 0.0061
040 1450 0.0061
040 461 0.0060
040 344 0.0060
040 1179 0.0060
040 1525 0.0060
040 1377 0.0059
040 459 0.0059
040 1060 0.0059
040 1416 0.0059
040 1229 0.0058
040 1169 0.0058
040 371 0.0058
040 1459 0.0057
040 468 0.0057
040 1015 0.0056
040 888 0.0056
040 108 0.0056
040 1330 0.0056
040 1441 0.0055
040 82 0.0055
040 1258 0.0055
040 651 0.0055
040 1176 0.0054
040 722 0.0054
040 761 0.0053
040 338 0.0053
040 1249 0.0053
040 1358 0.0052
040 600 0.0052
040 529 0.0052
040 1351 0.0052
040 653 0.0052
040 324 0.0052
040 339 0.0052
040 81 0.0051
040 12 0.0051
040 208 0.0051
040 771 0.0050
040 1243 0.0050
040 294 0.0050
040 1036 0.0050
040 1504 0.0049
040 1336 0.0049
040 1101 0.0049
040 1467 0.0048
040 10 0.0048
040 633 0.0048
040 896 0.0048
040 571 0.0048
040 738 0.0047
040 1277 0.0047
040 826 0.0046
040 1289 0.0046
040 849 0.0046
040 970 0.0046
040 1387 0.0045
040 987 0.0044
040 378 0.0044
040 326 0.0044
040 1077 0.0043
040 563 0.0043
040 1546 0.0043
040 946 0.0043
040 867 0.0043
040 227 0.0043
040 1420 0.0042
040 392 0.0041
040 915 0.0041
040 78 0.0041
040 922 0.0041
040 718 0.0040
040 724 0.0040
040 1009 0.0040
040 167 0.0040
040 1329 0.0040
040 1126 0.0040
040 930 0.0040
040 747 0.0039
040 1288 0.0039
040 1427 0.0039
040 967 0.0037
040 878 0.0037
040 613 0.0037
040 773 0.0037
040 1091 0.0037
040 723 0.0036
040 115 0.0036
040 1270 0.0036
040 779 0.0036
040 406 0.0036
040 43 0.0035
040 1426 0.0035
040 161 0.0035
040 1090 0.0035
040 75 0.0035
040 390 0.0034
040 1472 0.0034
040 358 0.0034
040 97 0.0034
040 1079 0.0033
040 1376 0.0033
040 171 0.0033
040 36 0.0033
040 844 0.0033
040 1411 0.0032
040 1335 0.0032
040 1168 0.0032
040 975 0.0031
040 133 0.0031
040 1285 0.0031
040 654 0.0031
040 1055 0.0031
040 1086 0.0031
040 1231 0.0031
040 363 0.0031
040 1217 0.0031
040 1265 0.0031
040 1115 0.0030
040 733 0.0030
040 6 0.0030
040 1555 0.0029
040 113 0.0029
040 1315 0.0029
040 632 0.0029
040 663 0.0029
040 664 0.0029
040 986 0.0029
040 355 0.0029
040 1148 0.0029
040 1482 0.0028
040 1515 0.0028
040 968 0.0028
040 1559 0.0027
040 962 0.0027
040 1353 0.0027
040 440 0.0027
040 271 0.0026
040 602 0.0026
040 20 0.0026
040 347 0.0026
040 1391 0.0026
040 92 0.0026
040 1287 0.0026
040 1366 0.0026
040 176 0.0026
040 199 0.0026
040 157 0.0025
040 471 0.0025
040 1190 0.0025
040 623 0.0024
040 1279 0.0024
040 706 0.0024
040 322 0.0024
040 380 0.0024
040 955 0.0024
040 11 0.0024
040 1268 0.0024
040 1197 0.0023
040 68 0.0023
040 1474 0.0023
040 87 0.0023
040 629 0.0023
040 1386 0.0023
040 1506 0.0023
040 1357 0.0023
040 504 0.0022
040 1325 0.0022
040 1418 0.0022
040 1499 0.0022
040 7 0.0022
040 1095 0.0022
040 1202 0.0022
040 1067 0.0022
040 1571 0.0021
040 1283 0.0021
040 1186 0.0021
040 460 0.0021
040 850 0.0021
040 71 0.0021
040 1500 0.0021
040 1520 0.0020
040 125 0.0020
040 435 0.0020
040 1275 0.0020
040 1414 0.0020
040 966 0.0020
040 754 0.0020
040 845 0.0020
040 1422 0.0019
040 898 0.0019
040 1397 0.0019
040 709 0.0019
040 1006 0.0019
040 1118 0.0019
040 777 0.0019
040 1443 0.0019
040 336 0.0019
040 65 0.0019
040 409 0.0019
040 923 0.0019
040 1553 0.0019
040 842 0.0018
040 1014 0.0018
040 1174 0.0018
040 1273 0.0018
040 580 0.0018
040 396 0.0018
040 985 0.0018
040 925 0.0018
040 869 0.0017
040 608 0.0017
040 1088 0.0017
040 893 0.0017
040 1199 0.0017
040 882 0.0017
040 46 0.0017
040 1085 0.0016
040 91 0.0016
040 137 0.0016
040 851 0.0015
040 1298 0.0015
040 1312 0.0015
040 1556 0.0015
040 1149 0.0015
040 1294 0.0015
040 1544 0.0015
040 475 0.0014
040 1410 0.0014
040 455 0.0014
040 1449 0.0014
040 106 0.0014
040 803 0.0014
040 472 0.0014
040 1409 0.0014
040 1205 0.0014
040 1253 0.0014
040 1061 0.0013
040 1304 0.0013
040 1292 0.0012
040 1228 0.0012
040 1451 0.0012
040 749 0.0012
040 1486 0.0010
040 894 0.0009
041 1326 0.3208
041 737 0.3161
041 1523 0.2741
041 917 0.2657
041 1436 0.2445
041 1534 0.2383
041 1131 0.2357
041 1471 0.2250
041 1243 0.2062
041 978 0.2045
041 34 0.1987
041 1292 0.1967
041 951 0.1956
041 1356 0.1820
041 955 0.1740
041 1297 0.1650
041 905 0.1650
041 1244 0.1630
041 393 0.1594
041 1508 0.1569
041 1476 0.1565
041 1280 0.1558
041 354 0.1543
041 736 0.1499
041 518 0.1480
041 1270 0.1457
041 1342 0.1454
041 1140 0.1449
041 662 0.1447
041 883 0.1420
041 1521 0.1355
041 954 0.1349
041 1264 0.1327
041 446 0.1319
041 1363 0.1300
041 461 0.1298
041 1023 0.1294
041 1514 0.1266
041 1323 0.1255
041 1473 0.1244
041 1032 0.1244
041 1151 0.1202
041 852 0.1199
041 1307 0.1155
041 1152 0.1150
041 1048 0.1128
041 1547 0.1124
041 1065 0.1097
041 1012 0.1094
041 1141 0.1086
041 1478 0.1072
041 794 0.1070
041 1122 0.1061
041 1461 0.1052
041 983 0.1050
041 238 0.1044
041 198 0.1039
041 1022 0.1023
041 1515 0.1010
041 1337 0.1004
041 342 0.0988
041 695 0.0985
041 1130 0.0965
041 1028 0.0964
041 464 0.0955
041 1180 0.0944
041 1343 0.0940
041 742 0.0921
041 980 0.0914
041 1324 0.0911
041 1120 0.0908
041 1220 0.0888
041 1431 0.0888
041 576 0.0881
041 862 0.0873
041 1108 0.0851
041 629 0.0849
041 949 0.0845
041 717 0.0833
041 1303 0.0831
041 1398 0.0829
041 1100 0.0818
041 1178 0.0818
041 632 0.0816
041 1353 0.0814
041 1190 0.0811
041 770 0.0810
041 818 0.0808
041 727 0.0792
041 625 0.0790
041 925 0.0789
041 682 0.0789
041 1272 0.0787
041 1058 0.0785
041 1412 0.0785
041 1365 0.0785
041 1049 0.0783
041 754 0.0780
041 621 0.0770
041 73 0.0764
041 173 0.0764
041 433 0.0763
041 1386 0.0740
041 1174 0.0732
041 691 0.0732
041 1396 0.0729
041 1554 0.0728
041 1137 0.0717
041 1226 0.0717
041 657 0.0716
041 1057 0.0716
041 479 0.0707
041 1539 0.0706
041 1009 0.0702
041 1501 0.0695
041 946 0.0693
041 630 0.0690
041 961 0.0687
041 155 0.0681
041 1279 0.0673
041 1069 0.0672
041 1210 0.0672
041 1101 0.0672
041 1278 0.0664
041 515 0.0662
041 536 0.0658
041 1345 0.0658
041 668 0.0655
041 1091 0.0652
041 197 0.0648
041 1203 0.0645
041 1355 0.0636
041 1077 0.0632
041 731 0.0629
041 1033 0.0629
041 1018 0.0628
041 1073 0.0625
041 1099 0.0625
041 305 0.0623
041 721 0.0623
041 1344 0.0623
041 1464 0.0621
041 1462 0.0617
041 802 0.0615
041 157 0.0612
041 1194 0.0610
041 896 0.0609
041 1240 0.0603
041 1457 0.0601
041 652 0.0601
041 384 0.0600
041 39 0.0598
041 711 0.0588
041 1360 0.0585
041 510 0.0584
041 344 0.0579
041 1475 0.0576
041 767 0.0567
041 506 0.0565
041 1338 0.0564
041 499 0.0560
041 1517 0.0555
041 44 0.0550
041 1259 0.0549
041 1035 0.0546
041 116 0.0545
041 435 0.0544
041 945 0.0538
041 273 0.0534
041 614 0.0531
041 484 0.0531
041 1441 0.0528
041 1085 0.0524
041 1541 0.0521
041 916 0.0521
041 712 0.0516
041 241 0.0516
041 987 0.0515
041 1513 0.0513
041 1078 0.0500
041 1161 0.0496
041 939 0.0496
041 1310 0.0496
041 732 0.0496
041 293 0.0495
041 1459 0.0493
041 412 0.0492
041 1000 0.0491
041 1575 0.0489
041 674 0.0488
041 1394 0.0481
041 28 0.0479
041 470 0.0478
041 1019 0.0475
041 763 0.0472
041 785 0.0471
041 1315 0.0471
041 1311 0.0470
041 345 0.0469
041 1410 0.0469
041 523 0.0467
041 921 0.0465
041 947 0.0464
041 1306 0.0463
041 942 0.0463
041 1433 0.0455
041 301 0.0455
041 205 0.0454
041 4 0.0454
041 1268 0.0454
041 1092 0.0452
041 504 0.0446
041 1420 0.0442
041 468 0.0440
041 810 0.0438
041 1335 0.0438
041 1027 0.0438
041 367 0.0438
041 963 0.0436
041 1402 0.0436
041 48 0.0435
041 623 0.0433
041 1382 0.0431
041 1234 0.0431
041 525 0.0428
041 443 0.0426
041 1253 0.0424
041 1560 0.0423
041 1372 0.0422
041 67 0.0420
041 1176 0.0417
041 379 0.0416
041 1300 0.0416
041 215 0.0416
041 1016 0.0416
041 1507 0.0414
041 600 0.0412
041 444 0.0410
041 330 0.0409
041 886 0.0409
041 845 0.0408
041 1500 0.0407
041 1379 0.0405
041 994 0.0405
041 1357 0.0403
041 670 0.0402
041 890 0.0402
041 867 0.0399
041 43 0.0397
041 988 0.0396
041 428 0.0393
041 88 0.0392
041 1233 0.0390
041 841 0.0388
041 1014 0.0387
041 1255 0.0387
041 709 0.0385
041 1209 0.0384
041 840 0.0384
041 999 0.0384
041 190 0.0382
041 868 0.0382
041 1358 0.0381
041 1082 0.0381
041 1294 0.0380
041 1533 0.0379
041 66 0.0379
041 1010 0.0378
041 981 0.0378
041 590 0.0377
041 1221 0.0374
041 1283 0.0374
041 1036 0.0374
041 715 0.0374
041 977 0.0373
041 174 0.0373
041 321 0.0372
041 284 0.0371
041 986 0.0371
041 1312 0.0371
041 462 0.0370
041 607 0.0370
041 1262 0.0369
041 1460 0.0368
041 1185 0.0367
041 787 0.0366
041 1282 0.0365
041 459 0.0364
041 1162 0.0362
041 708 0.0359
041 383 0.0359
041 1021 0.0359
041 1317 0.0358
041 1115 0.0357
041 441 0.0355
041 769 0.0354
041 54 0.0354
041 1123 0.0352
041 1419 0.0352
041 1266 0.0351
041 143 0.0351
041 870 0.0351
041 605 0.0351
041 469 0.0350
041 1211 0.0350
041 1331 0.0349
041 608 0.0348
041 948 0.0348
041 1518 0.0345
041 1465 0.0343
041 566 0.0342
041 1090 0.0341
041 1037 0.0336
041 42 0.0332
041 1046 0.0332
041 492 0.0332
041 790 0.0330
041 442 0.0330
041 1147 0.0330
041 352 0.0329
041 979 0.0329
041 615 0.0329
041 1138 0.0329
041 641 0.0328
041 716 0.0326
041 1451 0.0325
041 475 0.0323
041 481 0.0323
041 676 0.0323
041 310 0.0322
041 784 0.0321
041 366 0.0320
041 47 0.0319
041 270 0.0319
041 1237 0.0319
041 1225 0.0317
041 1267 0.0317
041 1411 0.0315
041 1377 0.0314
041 1487 0.0314
041 805 0.0313
041 89 0.0311
041 217 0.0311
041 1361 0.0310
041 998 0.0310
041 1432 0.0308
041 559 0.0308
041 267 0.0307
041 517 0.0307
041 593 0.0306
041 29 0.0305
041 1158 0.0300
041 256 0.0299
041 1195 0.0299
041 739 0.0298
041 1015 0.0298
041 1142 0.0297
041 661 0.0297
041 1320 0.0297
041 1443 0.0295
041 1308 0.0295
041 1088 0.0294
041 503 0.0293
041 1528 0.0293
041 164 0.0293
041 1407 0.0293
041 487 0.0292
041 391 0.0292
041 163 0.0292
041 1506 0.0291
041 934 0.0288
041 924 0.0288
041 730 0.0287
041 1351 0.0287
041 346 0.0287
041 331 0.0286
041 117 0.0286
041 562 0.0286
041 1284 0.0286
041 1098 0.0285
041 519 0.0284
041 1329 0.0284
041 326 0.0281
041 741 0.0280
041 1530 0.0280
041 704 0.0279
041 702 0.0278
041 196 0.0278
041 290 0.0278
041 333 0.0276
041 106 0.0274
041 755 0.0274
041 259 0.0272
041 1434 0.0272
041 210 0.0271
041 292 0.0270
041 438 0.0269
041 1536 0.0266
041 1376 0.0266
041 1087 0.0266
041 910 0.0266
041 811 0.0266
041 304 0.0265
041 1522 0.0265
041 439 0.0264
041 638 0.0263
041 213 0.0263
041 348 0.0262
041 776 0.0262
041 1481 0.0261
041 678 0.0260
041 394 0.0260
041 1469 0.0260
041 1364 0.0259
041 404 0.0259
041 1070 0.0258
041 969 0.0256
041 1467 0.0255
041 268 0.0255
041 1129 0.0254
041 1072 0.0253
041 329 0.0253
041 1202 0.0252
041 422 0.0252
041 995 0.0251
041 260 0.0250
041 937 0.0250
041 307 0.0249
041 22 0.0245
041 244 0.0245
041 626 0.0245
041 587 0.0244
041 822 0.0244
041 214 0.0243
041 189 0.0243
041 589 0.0242
041 878 0.0241
041 98 0.0241
041 801 0.0240
041 751 0.0239
041 1477 0.0238
041 577 0.0238
041 824 0.0236
041 707 0.0236
041 705 0.0235
041 578 0.0234
041 1423 0.0234
041 885 0.0233
041 1346 0.0233
041 392 0.0232
041 599 0.0232
041 1299 0.0232
041 654 0.0232
041 658 0.0232
041 1171 0.0232
041 628 0.0231
041 1093 0.0231
041 485 0.0230
041 627 0.0230
041 835 0.0228
041 1573 0.0228
041 1509 0.0228
041 533 0.0228
041 336 0.0228
041 430 0.0228
041 528 0.0227
041 1403 0.0227
041 677 0.0227
041 1520 0.0226
041 906 0.0225
041 1260 0.0225
041 555 0.0224
041 417 0.0224
041 1052 0.0223
041 82 0.0223
041 847 0.0223
041 64 0.0222
041 1083 0.0222
041 271 0.0221
041 1395 0.0220
041 591 0.0219
041 985 0.0218
041 207 0.0217
041 1330 0.0216
041 107 0.0216
041 1558 0.0215
041 138 0.0215
041 257 0.0214
041 673 0.0214
041 775 0.0213
041 220 0.0212
041 473 0.0212
041 37 0.0210
041 63 0.0210
041 771 0.0210
041 108 0.0209
041 1456 0.0209
041 774 0.0209
041 360 0.0209
041 816 0.0209
041 918 0.0208
041 1339 0.0208
041 1079 0.0207
041 636 0.0207
041 1150 0.0207
041 671 0.0206
041 451 0.0204
041 434 0.0204
041 799 0.0204
041 501 0.0203
041 1383 0.0203
041 806 0.0202
041 660 0.0202
041 639 0.0202
041 373 0.0202
041 637 0.0202
041 1214 0.0201
041 743 0.0200
041 296 0.0199
041 797 0.0198
041 991 0.0198
041 337 0.0198
041 191 0.0198
041 1319 0.0198
041 933 0.0197
041 402 0.0197
041 395 0.0196
041 837 0.0196
041 1050 0.0194
041 1271 0.0194
041 997 0.0193
041 1426 0.0193
041 416 0.0193
041 119 0.0192
041 728 0.0192
041 1263 0.0191
041 768 0.0190
041 844 0.0189
041 1084 0.0188
041 61 0.0188
041 261 0.0188
041 1354 0.0186
041 848 0.0186
041 1030 0.0186
041 178 0.0185
041 1068 0.0185
041 480 0.0185
041 287 0.0184
041 1034 0.0184
041 1348 0.0184
041 26 0.0183
041 1236 0.0183
041 1113 0.0183
041 1527 0.0180
041 1232 0.0180
041 1165 0.0180
041 779 0.0179
041 489 0.0179
041 827 0.0179
041 817 0.0179
041 960 0.0177
041 1146 0.0177
041 93 0.0177
041 247 0.0177
041 471 0.0177
041 1245 0.0176
041 1114 0.0175
041 724 0.0175
041 1288 0.0175
041 1204 0.0174
041 20 0.0174
041 887 0.0173
041 672 0.0173
041 973 0.0173
041 761 0.0172
041 857 0.0172
041 1285 0.0172
041 369 0.0172
041 713 0.0172
041 246 0.0172
041 1160 0.0171
041 181 0.0170
041 1239 0.0169
041 915 0.0169
041 1175 0.0169
041 145 0.0169
041 162 0.0169
041 1442 0.0168
041 1446 0.0168
041 253 0.0168
041 251 0.0167
041 1458 0.0167
041 1104 0.0167
041 233 0.0167
041 719 0.0167
041 1192 0.0166
041 1495 0.0165
041 372 0.0165
041 1332 0.0163
041 272 0.0163
041 851 0.0162
041 1011 0.0162
041 846 0.0162
041 467 0.0161
041 907 0.0161
041 968 0.0161
041 1305 0.0161
041 565 0.0160
041 622 0.0160
041 502 0.0160
041 52 0.0159
041 23 0.0159
041 335 0.0158
041 465 0.0158
041 187 0.0157
041 568 0.0157
041 573 0.0157
041 888 0.0156
041 1187 0.0156
041 204 0.0156
041 1549 0.0154
041 41 0.0154
041 1578 0.0154
041 843 0.0153
041 618 0.0153
041 319 0.0153
041 243 0.0152
041 230 0.0152
041 258 0.0152
041 786 0.0152
041 514 0.0151
041 752 0.0151
041 912 0.0150
041 1286 0.0150
041 1128 0.0150
041 585 0.0149
041 953 0.0149
041 1053 0.0149
041 184 0.0148
041 690 0.0147
041 486 0.0147
041 1172 0.0147
041 86 0.0146
041 613 0.0146
041 1336 0.0146
041 1309 0.0145
041 1136 0.0145
041 970 0.0144
041 602 0.0144
041 90 0.0144
041 5 0.0144
041 601 0.0144
041 1440 0.0143
041 734 0.0143
041 1020 0.0143
041 898 0.0142
041 1492 0.0142
041 1350 0.0142
041 547 0.0141
041 759 0.0140
041 663 0.0140
041 195 0.0140
041 374 0.0139
041 507 0.0139
041 699 0.0139
041 1479 0.0139
041 40 0.0138
041 1470 0.0138
041 1144 0.0137
041 426 0.0137
041 567 0.0135
041 1001 0.0135
041 176 0.0135
041 1273 0.0134
041 914 0.0133
041 831 0.0133
041 681 0.0132
041 545 0.0132
041 795 0.0131
041 1200 0.0131
041 262 0.0131
041 935 0.0131
041 1564 0.0130
041 283 0.0130
041 1205 0.0129
041 472 0.0129
041 432 0.0129
041 179 0.0129
041 482 0.0129
041 669 0.0129
041 992 0.0128
041 733 0.0128
041 899 0.0127
041 624 0.0126
041 1207 0.0126
041 1056 0.0126
041 299 0.0125
041 982 0.0125
041 1318 0.0124
041 919 0.0123
041 693 0.0123
041 1038 0.0123
041 309 0.0123
041 1118 0.0122
041 823 0.0122
041 448 0.0121
041 788 0.0121
041 1063 0.0121
041 582 0.0121
041 1421 0.0121
041 1535 0.0121
041 563 0.0121
041 750 0.0121
041 631 0.0121
041 1183 0.0121
041 508 0.0120
041 964 0.0119
041 1062 0.0119
041 1222 0.0119
041 1328 0.0119
041 420 0.0118
041 69 0.0118
041 760 0.0117
041 873 0.0117
041 216 0.0117
041 640 0.0117
041 134 0.0117
041 494 0.0116
041 460 0.0116
041 14 0.0116
041 315 0.0116
041 1274 0.0116
041 1040 0.0116
041 789 0.0116
041 266 0.0115
041 137 0.0115
041 140 0.0114
041 853 0.0114
041 826 0.0114
041 222 0.0114
041 1561 0.0113
041 1251 0.0113
041 897 0.0112
041 449 0.0112
041 838 0.0111
041 904 0.0111
041 836 0.0110
041 458 0.0110
041 1538 0.0109
041 722 0.0109
041 989 0.0109
041 1430 0.0109
041 1145 0.0109
041 149 0.0108
041 1555 0.0108
041 407 0.0107
041 859 0.0107
041 77 0.0107
041 723 0.0107
041 2 0.0107
041 79 0.0107
041 1196 0.0107
041 1081 0.0107
041 1543 0.0106
041 1540 0.0105
041 554 0.0105
041 1296 0.0105
041 1103 0.0104
041 183 0.0104
041 362 0.0104
041 1107 0.0104
041 340 0.0104
041 679 0.0103
041 483 0.0103
041 812 0.0103
041 347 0.0103
041 1117 0.0103
041 491 0.0102
041 665 0.0102
041 1374 0.0101
041 1275 0.0101
041 437 0.0101
041 1212 0.0101
041 1537 0.0100
041 127 0.0100
041 17 0.0100
041 860 0.0100
041 1576 0.0099
041 697 0.0099
041 399 0.0099
041 27 0.0099
041 334 0.0099
041 170 0.0099
041 1252 0.0099
041 103 0.0098
041 12 0.0098
041 1061 0.0098
041 1148 0.0098
041 1066 0.0098
041 440 0.0097
041 1405 0.0097
041 154 0.0097
041 239 0.0097
041 990 0.0097
041 255 0.0097
041 1511 0.0096
041 38 0.0096
041 1281 0.0096
041 411 0.0096
041 1127 0.0096
041 25 0.0096
041 414 0.0096
041 118 0.0096
041 114 0.0096
041 821 0.0095
041 1121 0.0095
041 1349 0.0095
041 1529 0.0095
041 965 0.0094
041 1181 0.0094
041 208 0.0094
041 427 0.0094
041 1287 0.0094
041 1556 0.0093
041 32 0.0093
041 1390 0.0093
041 1109 0.0093
041 377 0.0093
041 546 0.0092
041 1418 0.0092
041 1051 0.0091
041 753 0.0091
041 1484 0.0091
041 418 0.0091
041 1289 0.0091
041 1401 0.0091
041 616 0.0091
041 19 0.0090
041 425 0.0090
041 941 0.0090
041 436 0.0089
041 537 0.0089
041 224 0.0089
041 212 0.0088
041 814 0.0088
041 1007 0.0088
041 872 0.0088
041 597 0.0088
041 1563 0.0087
041 808 0.0087
041 698 0.0087
041 560 0.0087
041 1223 0.0087
041 11 0.0087
041 1206 0.0087
041 3 0.0087
041 1373 0.0087
041 1199 0.0086
041 447 0.0086
041 1054 0.0086
041 295 0.0085
041 1406 0.0085
041 1368 0.0085
041 389 0.0085
041 357 0.0085
041 1246 0.0084
041 773 0.0084
041 830 0.0083
041 1164 0.0083
041 123 0.0083
041 280 0.0083
041 505 0.0083
041 312 0.0083
041 1047 0.0082
041 619 0.0082
041 351 0.0082
041 1532 0.0082
041 971 0.0081
041 378 0.0081
041 962 0.0081
041 575 0.0080
041 403 0.0080
041 6 0.0080
041 231 0.0080
041 381 0.0080
041 804 0.0080
041 1143 0.0080
041 1546 0.0080
041 1370 0.0079
041 772 0.0078
041 49 0.0078
041 1008 0.0078
041 675 0.0078
041 252 0.0078
041 136 0.0077
041 581 0.0077
041 1076 0.0077
041 956 0.0077
041 858 0.0077
041 895 0.0077
041 920 0.0076
041 1503 0.0076
041 929 0.0076
041 1550 0.0076
041 1156 0.0075
041 871 0.0075
041 387 0.0075
041 1548 0.0075
041 167 0.0074
041 889 0.0073
041 526 0.0072
041 1378 0.0072
041 972 0.0072
041 324 0.0072
041 1125 0.0072
041 1422 0.0071
041 996 0.0071
041 586 0.0071
041 1562 0.0071
041 1230 0.0071
041 1219 0.0071
041 1277 0.0071
041 1191 0.0071
041 936 0.0070
041 1105 0.0070
041 269 0.0070
041 1454 0.0070
041 1493 0.0070
041 463 0.0070
041 390 0.0070
041 65 0.0070
041 397 0.0070
041 923 0.0069
041 405 0.0069
041 113 0.0069
041 928 0.0069
041 1155 0.0068
041 59 0.0068
041 1341 0.0068
041 842 0.0068
041 1295 0.0067
041 1198 0.0067
041 382 0.0067
041 1074 0.0067
041 35 0.0067
041 1327 0.0066
041 714 0.0066
041 513 0.0066
041 1414 0.0066
041 611 0.0066
041 406 0.0066
041 401 0.0065
041 911 0.0065
041 316 0.0065
041 1265 0.0065
041 1134 0.0065
041 161 0.0065
041 1385 0.0064
041 1474 0.0064
041 1583 0.0064
041 738 0.0064
041 696 0.0064
041 1545 0.0064
041 1526 0.0063
041 1254 0.0063
041 938 0.0062
041 1381 0.0062
041 558 0.0062
041 1388 0.0062
041 1447 0.0062
041 1228 0.0061
041 142 0.0061
041 1425 0.0061
041 813 0.0061
041 692 0.0060
041 1153 0.0060
041 165 0.0060
041 687 0.0060
041 541 0.0060
041 744 0.0060
041 1026 0.0059
041 1321 0.0059
041 78 0.0059
041 453 0.0059
041 532 0.0059
041 8 0.0059
041 314 0.0058
041 1566 0.0058
041 228 0.0058
041 595 0.0058
041 1453 0.0058
041 720 0.0057
041 1413 0.0057
041 431 0.0057
041 1352 0.0057
041 1182 0.0056
041 783 0.0056
041 1463 0.0056
041 1116 0.0056
041 1119 0.0056
041 534 0.0056
041 766 0.0056
041 745 0.0056
041 311 0.0056
041 740 0.0056
041 651 0.0055
041 1179 0.0055
041 1235 0.0055
041 984 0.0054
041 588 0.0054
041 109 0.0054
041 129 0.0054
041 1256 0.0054
041 584 0.0054
041 1427 0.0054
041 748 0.0054
041 1133 0.0053
041 609 0.0053
041 240 0.0053
041 1097 0.0053
041 219 0.0053
041 1393 0.0053
041 168 0.0052
041 1132 0.0052
041 1367 0.0052
041 1553 0.0052
041 297 0.0052
041 1375 0.0052
041 1581 0.0052
041 834 0.0052
041 193 0.0051
041 521 0.0051
041 1486 0.0051
041 1258 0.0051
041 58 0.0051
041 603 0.0051
041 147 0.0050
041 236 0.0050
041 580 0.0050
041 254 0.0050
041 561 0.0050
041 1224 0.0049
041 1197 0.0049
041 36 0.0049
041 410 0.0049
041 642 0.0048
041 1579 0.0048
041 529 0.0048
041 1524 0.0048
041 97 0.0048
041 99 0.0048
041 76 0.0048
041 110 0.0048
041 349 0.0048
041 81 0.0047
041 854 0.0047
041 1173 0.0047
041 55 0.0047
041 172 0.0047
041 1301 0.0047
041 1340 0.0047
041 371 0.0046
041 497 0.0046
041 1247 0.0046
041 490 0.0046
041 264 0.0045
041 1170 0.0045
041 1571 0.0045
041 1112 0.0045
041 476 0.0044
041 380 0.0044
041 798 0.0044
041 1096 0.0044
041 456 0.0043
041 318 0.0043
041 650 0.0043
041 820 0.0043
041 1024 0.0043
041 87 0.0042
041 1208 0.0042
041 1415 0.0042
041 1387 0.0042
041 361 0.0041
041 909 0.0041
041 1468 0.0041
041 1005 0.0041
041 684 0.0040
041 828 0.0040
041 877 0.0040
041 764 0.0040
041 1067 0.0040
041 1384 0.0040
041 1429 0.0040
041 1466 0.0039
041 265 0.0039
041 350 0.0039
041 913 0.0039
041 850 0.0039
041 60 0.0039
041 880 0.0038
041 1512 0.0038
041 1371 0.0038
041 1494 0.0038
041 158 0.0038
041 62 0.0038
041 685 0.0037
041 320 0.0037
041 604 0.0037
041 803 0.0037
041 180 0.0037
041 855 0.0037
041 1003 0.0037
041 466 0.0037
041 815 0.0036
041 1570 0.0036
041 666 0.0036
041 572 0.0036
041 1397 0.0036
041 777 0.0036
041 875 0.0035
041 746 0.0035
041 496 0.0035
041 171 0.0035
041 1218 0.0035
041 408 0.0035
041 1516 0.0034
041 839 0.0034
041 1 0.0034
041 135 0.0034
041 633 0.0034
041 122 0.0034
041 1291 0.0033
041 1359 0.0033
041 150 0.0033
041 1510 0.0033
041 300 0.0033
041 1438 0.0033
041 1216 0.0032
041 242 0.0032
041 317 0.0032
041 1089 0.0032
041 594 0.0032
041 1302 0.0031
041 1177 0.0031
041 248 0.0031
041 1193 0.0031
041 656 0.0031
041 1455 0.0031
041 648 0.0031
041 701 0.0030
041 653 0.0030
041 993 0.0030
041 46 0.0030
041 92 0.0030
041 863 0.0030
041 1448 0.0030
041 1269 0.0030
041 1257 0.0030
041 975 0.0029
041 91 0.0029
041 424 0.0029
041 308 0.0029
041 1159 0.0028
041 780 0.0028
041 1483 0.0028
041 144 0.0028
041 509 0.0028
041 1045 0.0028
041 201 0.0027
041 524 0.0027
041 876 0.0027
041 782 0.0027
041 235 0.0027
041 1060 0.0027
041 511 0.0027
041 1227 0.0027
041 457 0.0027
041 952 0.0026
041 182 0.0025
041 1424 0.0025
041 694 0.0025
041 186 0.0025
041 832 0.0025
041 598 0.0024
041 413 0.0024
041 1031 0.0024
041 617 0.0024
041 1391 0.0024
041 291 0.0024
041 1502 0.0024
041 718 0.0024
041 341 0.0023
041 1542 0.0023
041 423 0.0023
041 1380 0.0023
041 791 0.0023
041 706 0.0022
041 1557 0.0022
041 902 0.0022
041 903 0.0021
041 1480 0.0021
041 1531 0.0021
041 452 0.0021
041 726 0.0021
041 1325 0.0020
041 612 0.0020
041 100 0.0020
041 781 0.0020
041 527 0.0020
041 1489 0.0019
041 1064 0.0019
041 71 0.0019
041 922 0.0019
041 289 0.0019
041 1229 0.0018
041 1525 0.0018
041 1276 0.0018
041 959 0.0018
041 1059 0.0018
041 1006 0.0018
041 967 0.0017
041 866 0.0017
041 112 0.0017
041 1333 0.0016
041 549 0.0016
041 893 0.0016
041 1163 0.0016
041 53 0.0015
041 659 0.0015
041 1444 0.0015
041 1347 0.0015
041 829 0.0015
041 1369 0.0015
041 1298 0.0014
041 1505 0.0013
041 1449 0.0013
041 894 0.0009
042 1044 0.3731
042 560 0.3568
042 946 0.3116
042 530 0.2834
042 69 0.2764
042 1382 0.2650
042 1070 0.2525
042 187 0.2387
042 1441 0.2364
042 893 0.2308
042 882 0.2277
042 999 0.2133
042 998 0.2060
042 1073 0.2016
042 807 0.1973
042 385 0.1805
042 921 0.1714
042 731 0.1682
042 185 0.1678
042 130 0.1677
042 766 0.1598
042 474 0.1546
042 591 0.1495
042 355 0.1483
042 605 0.1477
042 1388 0.1446
042 977 0.1445
042 739 0.1444
042 1021 0.1390
042 525 0.1384
042 586 0.1366
042 1301 0.1366
042 1173 0.1361
042 376 0.1354
042 1518 0.1330
042 308 0.1294
042 186 0.1284
042 1240 0.1267
042 1172 0.1242
042 1387 0.1216
042 963 0.1203
042 18 0.1187
042 1125 0.1177
042 1145 0.1158
042 724 0.1141
042 1521 0.1133
042 482 0.1127
042 1317 0.1095
042 502 0.1086
042 690 0.1086
042 177 0.1068
042 650 0.1056
042 912 0.1055
042 1389 0.1030
042 1083 0.1023
042 1239 0.1020
042 1199 0.1019
042 901 0.1012
042 468 0.1009
042 253 0.1003
042 1309 0.0990
042 315 0.0983
042 647 0.0979
042 1142 0.0961
042 1195 0.0957
042 149 0.0946
042 894 0.0939
042 332 0.0931
042 778 0.0929
042 418 0.0923
042 348 0.0906
042 892 0.0906
042 830 0.0887
042 727 0.0876
042 394 0.0872
042 947 0.0869
042 1065 0.0866
042 646 0.0853
042 281 0.0853
042 709 0.0853
042 1437 0.0826
042 1023 0.0821
042 1318 0.0815
042 1192 0.0806
042 982 0.0805
042 1280 0.0803
042 180 0.0798
042 1014 0.0798
042 595 0.0785
042 45 0.0783
042 1253 0.0765
042 784 0.0738
042 511 0.0736
042 867 0.0732
042 1114 0.0730
042 62 0.0729
042 598 0.0728
042 1168 0.0728
042 232 0.0727
042 414 0.0725
042 935 0.0723
042 1176 0.0722
042 874 0.0717
042 15 0.0709
042 256 0.0708
042 1450 0.0706
042 1079 0.0695
042 614 0.0694
042 309 0.0691
042 841 0.0686
042 310 0.0670
042 142 0.0667
042 612 0.0661
042 1478 0.0661
042 1236 0.0655
042 1077 0.0655
042 1018 0.0653
042 884 0.0642
042 567 0.0636
042 1159 0.0626
042 218 0.0624
042 1358 0.0623
042 252 0.0620
042 1295 0.0619
042 1422 0.0616
042 809 0.0615
042 294 0.0613
042 1563 0.0609
042 726 0.0603
042 101 0.0602
042 670 0.0600
042 1181 0.0599
042 386 0.0593
042 1291 0.0593
042 36 0.0585
042 942 0.0585
042 467 0.0585
042 811 0.0585
042 1522 0.0584
042 1153 0.0584
042 337 0.0581
042 860 0.0580
042 200 0.0579
042 765 0.0576
042 89 0.0575
042 945 0.0574
042 299 0.0574
042 362 0.0574
042 150 0.0569
042 1246 0.0566
042 685 0.0559
042 1126 0.0555
042 136 0.0554
042 361 0.0554
042 189 0.0550
042 1458 0.0545
042 438 0.0545
042 1058 0.0537
042 654 0.0528
042 1089 0.0526
042 1344 0.0526
042 1207 0.0522
042 1545 0.0521
042 705 0.0521
042 104 0.0520
042 476 0.0518
042 138 0.0516
042 956 0.0515
042 456 0.0513
042 812 0.0513
042 760 0.0511
042 1260 0.0511
042 447 0.0509
042 1369 0.0509
042 1432 0.0504
042 191 0.0501
042 718 0.0499
042 1208 0.0499
042 291 0.0498
042 805 0.0497
042 263 0.0496
042 1520 0.0492
042 342 0.0487
042 1328 0.0485
042 1509 0.0480
042 324 0.0478
042 1345 0.0478
042 1052 0.0476
042 926 0.0476
042 159 0.0475
042 576 0.0473
042 247 0.0472
042 550 0.0471
042 144 0.0471
042 696 0.0468
042 1015 0.0465
042 1226 0.0461
042 92 0.0457
042 1214 0.0456
042 74 0.0455
042 713 0.0453
042 1149 0.0451
042 1557 0.0446
042 91 0.0445
042 271 0.0445
042 922 0.0445
042 1467 0.0445
042 471 0.0444
042 1351 0.0443
042 1270 0.0443
042 1548 0.0441
042 279 0.0441
042 1533 0.0441
042 829 0.0435
042 661 0.0434
042 1446 0.0434
042 162 0.0433
042 290 0.0430
042 480 0.0429
042 1325 0.0427
042 868 0.0427
042 1482 0.0424
042 1081 0.0424
042 641 0.0422
042 486 0.0422
042 557 0.0421
042 682 0.0420
042 242 0.0420
042 1095 0.0418
042 238 0.0418
042 22 0.0416
042 504 0.0414
042 78 0.0414
042 746 0.0411
042 141 0.0411
042 448 0.0410
042 1218 0.0407
042 1428 0.0406
042 319 0.0405
042 719 0.0401
042 452 0.0400
042 1412 0.0397
042 1411 0.0397
042 1391 0.0392
042 312 0.0391
042 762 0.0390
042 1383 0.0390
042 1581 0.0389
042 464 0.0388
042 582 0.0384
042 1036 0.0384
042 1147 0.0382
042 1313 0.0381
042 954 0.0380
042 1421 0.0379
042 111 0.0378
042 823 0.0376
042 345 0.0375
042 166 0.0374
042 336 0.0374
042 1183 0.0371
042 1493 0.0368
042 1319 0.0368
042 686 0.0366
042 1224 0.0366
042 876 0.0365
042 473 0.0365
042 569 0.0365
042 154 0.0364
042 1461 0.0364
042 1508 0.0363
042 60 0.0359
042 865 0.0358
042 135 0.0358
042 286 0.0356
042 849 0.0355
042 734 0.0355
042 1386 0.0353
042 1312 0.0353
042 509 0.0352
042 124 0.0350
042 1090 0.0349
042 1512 0.0347
042 662 0.0347
042 193 0.0347
042 968 0.0345
042 952 0.0344
042 237 0.0344
042 1414 0.0342
042 488 0.0341
042 1566 0.0340
042 494 0.0339
042 813 0.0336
042 537 0.0335
042 140 0.0335
042 536 0.0333
042 628 0.0332
042 1380 0.0332
042 283 0.0331
042 1434 0.0331
042 806 0.0331
042 1182 0.0330
042 1426 0.0329
042 772 0.0329
042 1020 0.0328
042 1297 0.0327
042 578 0.0327
042 406 0.0325
042 413 0.0325
042 1179 0.0324
042 161 0.0323
042 1115 0.0322
042 1552 0.0321
042 885 0.0321
042 1205 0.0320
042 1459 0.0320
042 46 0.0319
042 1430 0.0318
042 70 0.0318
042 199 0.0316
042 372 0.0315
042 387 0.0315
042 748 0.0313
042 1097 0.0313
042 773 0.0311
042 1546 0.0310
042 906 0.0309
042 1572 0.0309
042 721 0.0309
042 664 0.0309
042 338 0.0308
042 1029 0.0307
042 896 0.0304
042 679 0.0303
042 226 0.0300
042 217 0.0300
042 231 0.0299
042 716 0.0298
042 1404 0.0298
042 747 0.0298
042 1069 0.0297
042 1278 0.0297
042 264 0.0297
042 515 0.0296
042 566 0.0296
042 246 0.0290
042 426 0.0289
042 273 0.0289
042 201 0.0288
042 367 0.0287
042 826 0.0286
042 3 0.0286
042 481 0.0285
042 87 0.0285
042 129 0.0283
042 1337 0.0283
042 391 0.0283
042 1160 0.0282
042 1185 0.0282
042 558 0.0280
042 712 0.0279
042 1348 0.0276
042 1190 0.0276
042 230 0.0276
042 301 0.0275
042 851 0.0274
042 1304 0.0273
042 1454 0.0273
042 43 0.0273
042 1468 0.0273
042 630 0.0271
042 239 0.0268
042 575 0.0267
042 937 0.0267
042 381 0.0267
042 632 0.0266
042 707 0.0265
042 728 0.0264
042 379 0.0260
042 668 0.0260
042 65 0.0260
042 393 0.0259
042 585 0.0259
042 1061 0.0259
042 1538 0.0257
042 1210 0.0256
042 808 0.0256
042 1250 0.0256
042 437 0.0252
042 619 0.0251
042 722 0.0251
042 540 0.0250
042 472 0.0249
042 204 0.0249
042 125 0.0248
042 1204 0.0248
042 220 0.0248
042 979 0.0246
042 1003 0.0244
042 914 0.0244
042 590 0.0241
042 1055 0.0240
042 462 0.0239
042 276 0.0238
042 492 0.0238
042 764 0.0237
042 658 0.0235
042 1009 0.0235
042 1300 0.0235
042 564 0.0235
042 176 0.0234
042 529 0.0233
042 656 0.0233
042 1028 0.0232
042 1372 0.0230
042 216 0.0230
042 941 0.0229
042 581 0.0229
042 160 0.0228
042 1523 0.0228
042 183 0.0228
042 616 0.0227
042 1101 0.0225
042 1392 0.0224
042 1464 0.0224
042 416 0.0223
042 284 0.0222
042 1194 0.0221
042 1024 0.0219
042 1445 0.0219
042 4 0.0217
042 1268 0.0217
042 300 0.0217
042 98 0.0217
042 994 0.0216
042 1525 0.0215
042 855 0.0215
042 1151 0.0215
042 820 0.0214
042 889 0.0214
042 507 0.0213
042 846 0.0212
042 984 0.0212
042 561 0.0211
042 615 0.0210
042 825 0.0210
042 1006 0.0210
042 1451 0.0210
042 221 0.0209
042 351 0.0207
042 397 0.0206
042 577 0.0206
042 919 0.0206
042 683 0.0205
042 409 0.0205
042 398 0.0204
042 931 0.0202
042 143 0.0202
042 485 0.0201
042 873 0.0200
042 20 0.0200
042 761 0.0199
042 1174 0.0198
042 331 0.0198
042 1287 0.0197
042 1138 0.0196
042 1364 0.0196
042 354 0.0195
042 499 0.0194
042 512 0.0194
042 1071 0.0192
042 1384 0.0192
042 1217 0.0191
042 940 0.0190
042 451 0.0190
042 328 0.0189
042 950 0.0187
042 875 0.0187
042 1088 0.0186
042 640 0.0186
042 151 0.0185
042 441 0.0185
042 1299 0.0183
042 255 0.0182
042 584 0.0182
042 206 0.0182
042 1 0.0181
042 1243 0.0180
042 715 0.0180
042 1360 0.0179
042 1169 0.0179
042 514 0.0179
042 1261 0.0178
042 152 0.0177
042 1289 0.0177
042 39 0.0177
042 771 0.0177
042 1527 0.0177
042 1400 0.0177
042 207 0.0177
042 1042 0.0176
042 164 0.0176
042 303 0.0176
042 433 0.0176
042 1375 0.0175
042 86 0.0173
042 329 0.0173
042 1409 0.0172
042 58 0.0171
042 139 0.0171
042 1219 0.0171
042 1516 0.0171
042 1284 0.0170
042 549 0.0170
042 681 0.0169
042 1506 0.0169
042 1324 0.0168
042 574 0.0168
042 307 0.0167
042 442 0.0167
042 54 0.0166
042 836 0.0166
042 1549 0.0166
042 210 0.0165
042 974 0.0165
042 1480 0.0165
042 318 0.0164
042 1154 0.0164
042 1223 0.0164
042 1483 0.0164
042 519 0.0164
042 233 0.0164
042 178 0.0163
042 1033 0.0163
042 527 0.0163
042 304 0.0163
042 693 0.0163
042 1406 0.0162
042 554 0.0158
042 1448 0.0157
042 1343 0.0157
042 877 0.0157
042 435 0.0157
042 38 0.0157
042 869 0.0156
042 546 0.0156
042 1275 0.0156
042 710 0.0156
042 1340 0.0155
042 1460 0.0155
042 1423 0.0155
042 799 0.0155
042 971 0.0155
042 288 0.0154
042 205 0.0153
042 827 0.0153
042 1279 0.0150
042 1104 0.0150
042 117 0.0149
042 552 0.0149
042 8 0.0149
042 292 0.0148
042 371 0.0147
042 1442 0.0147
042 278 0.0147
042 1495 0.0146
042 675 0.0146
042 1335 0.0145
042 1475 0.0145
042 1197 0.0145
042 1341 0.0144
042 1134 0.0144
042 593 0.0144
042 749 0.0144
042 68 0.0144
042 1443 0.0143
042 932 0.0142
042 1108 0.0142
042 181 0.0141
042 1338 0.0140
042 936 0.0140
042 938 0.0139
042 992 0.0139
042 265 0.0139
042 1347 0.0139
042 895 0.0139
042 879 0.0139
042 1474 0.0138
042 1314 0.0138
042 55 0.0137
042 1308 0.0137
042 1273 0.0137
042 1373 0.0136
042 788 0.0136
042 261 0.0136
042 1206 0.0136
042 949 0.0136
042 592 0.0134
042 863 0.0133
042 1440 0.0133
042 1067 0.0133
042 1558 0.0133
042 79 0.0133
042 861 0.0133
042 121 0.0132
042 655 0.0132
042 1418 0.0131
042 1283 0.0131
042 1322 0.0130
042 1489 0.0130
042 563 0.0129
042 521 0.0129
042 465 0.0129
042 638 0.0128
042 106 0.0128
042 71 0.0128
042 667 0.0128
042 49 0.0128
042 1503 0.0127
042 370 0.0127
042 1576 0.0126
042 856 0.0126
042 305 0.0125
042 832 0.0125
042 1252 0.0125
042 565 0.0124
042 1180 0.0124
042 282 0.0124
042 392 0.0123
042 920 0.0123
042 625 0.0123
042 989 0.0122
042 819 0.0121
042 953 0.0121
042 857 0.0120
042 516 0.0119
042 737 0.0119
042 978 0.0118
042 1296 0.0118
042 1393 0.0117
042 972 0.0117
042 496 0.0117
042 1272 0.0116
042 421 0.0116
042 128 0.0115
042 40 0.0115
042 108 0.0115
042 1355 0.0115
042 359 0.0114
042 157 0.0113
042 1075 0.0113
042 533 0.0112
042 878 0.0112
042 1410 0.0111
042 842 0.0110
042 1091 0.0109
042 623 0.0109
042 1212 0.0108
042 27 0.0108
042 380 0.0108
042 817 0.0107
042 997 0.0107
042 1096 0.0107
042 1379 0.0106
042 11 0.0106
042 1405 0.0106
042 19 0.0106
042 280 0.0105
042 1583 0.0105
042 1049 0.0105
042 911 0.0104
042 781 0.0104
042 620 0.0104
042 587 0.0103
042 134 0.0103
042 962 0.0102
042 659 0.0102
042 822 0.0102
042 928 0.0101
042 1241 0.0101
042 848 0.0101
042 325 0.0101
042 704 0.0100
042 699 0.0100
042 1068 0.0098
042 1354 0.0098
042 9 0.0098
042 213 0.0097
042 1221 0.0097
042 958 0.0097
042 268 0.0097
042 1320 0.0096
042 1429 0.0096
042 1356 0.0095
042 369 0.0095
042 1059 0.0095
042 350 0.0095
042 518 0.0094
042 880 0.0094
042 1534 0.0094
042 44 0.0094
042 720 0.0093
042 1057 0.0093
042 33 0.0093
042 1184 0.0092
042 272 0.0092
042 454 0.0092
042 173 0.0091
042 459 0.0091
042 6 0.0090
042 1329 0.0090
042 1082 0.0090
042 330 0.0090
042 1541 0.0089
042 344 0.0089
042 988 0.0089
042 1374 0.0089
042 744 0.0089
042 1342 0.0089
042 1544 0.0088
042 407 0.0088
042 1238 0.0086
042 293 0.0086
042 503 0.0085
042 888 0.0084
042 1026 0.0084
042 967 0.0084
042 493 0.0083
042 1330 0.0083
042 866 0.0083
042 1037 0.0082
042 114 0.0082
042 651 0.0081
042 1249 0.0081
042 969 0.0081
042 985 0.0081
042 862 0.0080
042 634 0.0080
042 1399 0.0079
042 1063 0.0078
042 653 0.0077
042 25 0.0077
042 973 0.0077
042 736 0.0076
042 81 0.0076
042 1050 0.0076
042 209 0.0076
042 390 0.0076
042 900 0.0075
042 1248 0.0075
042 802 0.0074
042 171 0.0074
042 1367 0.0074
042 1022 0.0073
042 188 0.0073
042 1146 0.0072
042 706 0.0072
042 24 0.0072
042 633 0.0072
042 1569 0.0072
042 531 0.0072
042 597 0.0071
042 90 0.0071
042 695 0.0071
042 674 0.0071
042 31 0.0070
042 669 0.0070
042 13 0.0069
042 83 0.0069
042 629 0.0069
042 1395 0.0069
042 1216 0.0068
042 415 0.0068
042 251 0.0068
042 934 0.0068
042 887 0.0067
042 131 0.0067
042 172 0.0066
042 795 0.0066
042 1310 0.0065
042 94 0.0065
042 7 0.0065
042 1431 0.0064
042 606 0.0064
042 1564 0.0064
042 589 0.0064
042 225 0.0064
042 1543 0.0064
042 837 0.0064
042 1571 0.0064
042 1129 0.0063
042 444 0.0063
042 1420 0.0063
042 1439 0.0062
042 1113 0.0062
042 645 0.0062
042 412 0.0062
042 445 0.0062
042 657 0.0061
042 1144 0.0061
042 966 0.0060
042 1416 0.0060
042 604 0.0060
042 754 0.0060
042 21 0.0059
042 1000 0.0059
042 346 0.0059
042 1477 0.0059
042 930 0.0059
042 497 0.0059
042 1030 0.0059
042 1419 0.0059
042 959 0.0059
042 939 0.0059
042 327 0.0059
042 423 0.0058
042 490 0.0058
042 583 0.0057
042 1479 0.0057
042 1370 0.0057
042 82 0.0056
042 1326 0.0056
042 672 0.0056
042 408 0.0056
042 399 0.0056
042 1517 0.0056
042 334 0.0055
042 491 0.0055
042 446 0.0054
042 1198 0.0054
042 35 0.0054
042 115 0.0054
042 559 0.0054
042 600 0.0054
042 732 0.0053
042 1072 0.0053
042 477 0.0053
042 215 0.0053
042 302 0.0052
042 1017 0.0052
042 767 0.0051
042 479 0.0051
042 991 0.0051
042 700 0.0051
042 635 0.0050
042 259 0.0050
042 1193 0.0050
042 222 0.0050
042 250 0.0050
042 701 0.0050
042 1376 0.0049
042 449 0.0049
042 1554 0.0049
042 636 0.0049
042 541 0.0049
042 687 0.0049
042 29 0.0048
042 1466 0.0048
042 163 0.0048
042 1496 0.0048
042 223 0.0048
042 1407 0.0048
042 872 0.0048
042 1524 0.0048
042 14 0.0047
042 1178 0.0047
042 975 0.0047
042 528 0.0047
042 63 0.0047
042 137 0.0047
042 1175 0.0047
042 835 0.0047
042 1086 0.0046
042 363 0.0046
042 1156 0.0046
042 50 0.0046
042 1298 0.0046
042 522 0.0045
042 733 0.0045
042 793 0.0045
042 660 0.0045
042 1377 0.0045
042 126 0.0045
042 1294 0.0045
042 296 0.0045
042 510 0.0044
042 588 0.0044
042 439 0.0044
042 622 0.0043
042 663 0.0043
042 986 0.0043
042 475 0.0043
042 905 0.0043
042 609 0.0043
042 122 0.0043
042 1120 0.0042
042 267 0.0042
042 907 0.0042
042 73 0.0042
042 262 0.0042
042 1515 0.0042
042 538 0.0042
042 803 0.0042
042 1333 0.0042
042 184 0.0041
042 995 0.0041
042 1365 0.0041
042 916 0.0041
042 1262 0.0041
042 1574 0.0040
042 1526 0.0040
042 763 0.0040
042 229 0.0040
042 440 0.0040
042 1230 0.0040
042 1536 0.0039
042 740 0.0039
042 774 0.0039
042 1455 0.0039
042 349 0.0039
042 34 0.0039
042 120 0.0039
042 339 0.0038
042 12 0.0038
042 1121 0.0038
042 196 0.0038
042 208 0.0038
042 377 0.0038
042 257 0.0037
042 1040 0.0037
042 430 0.0037
042 791 0.0037
042 1112 0.0036
042 729 0.0036
042 17 0.0036
042 368 0.0036
042 1290 0.0036
042 322 0.0036
042 374 0.0036
042 244 0.0036
042 487 0.0036
042 798 0.0036
042 714 0.0036
042 1171 0.0035
042 1457 0.0035
042 1264 0.0035
042 1122 0.0035
042 1054 0.0035
042 333 0.0035
042 97 0.0034
042 422 0.0034
042 1140 0.0034
042 1368 0.0034
042 1579 0.0034
042 28 0.0034
042 1540 0.0034
042 917 0.0034
042 48 0.0034
042 165 0.0034
042 436 0.0034
042 1227 0.0034
042 924 0.0033
042 190 0.0033
042 52 0.0033
042 1499 0.0033
042 508 0.0033
042 1202 0.0032
042 1473 0.0032
042 335 0.0032
042 1339 0.0032
042 450 0.0032
042 1128 0.0032
042 573 0.0032
042 1008 0.0032
042 26 0.0032
042 918 0.0032
042 1164 0.0031
042 1263 0.0031
042 1425 0.0031
042 751 0.0031
042 1107 0.0031
042 1141 0.0031
042 1084 0.0031
042 1032 0.0031
042 915 0.0031
042 1066 0.0030
042 790 0.0030
042 289 0.0030
042 1196 0.0030
042 1229 0.0030
042 466 0.0030
042 910 0.0030
042 553 0.0029
042 815 0.0029
042 243 0.0029
042 1135 0.0029
042 572 0.0029
042 666 0.0029
042 1562 0.0029
042 498 0.0029
042 702 0.0028
042 269 0.0028
042 1539 0.0027
042 891 0.0027
042 1510 0.0027
042 1528 0.0027
042 402 0.0027
042 1456 0.0027
042 112 0.0027
042 786 0.0026
042 925 0.0026
042 1390 0.0026
042 75 0.0026
042 249 0.0025
042 1487 0.0024
042 77 0.0024
042 1501 0.0024
042 99 0.0024
042 909 0.0023
042 1116 0.0023
042 783 0.0023
042 1381 0.0023
042 1045 0.0022
042 613 0.0022
042 5 0.0022
042 1505 0.0022
042 883 0.0022
042 1158 0.0020
042 395 0.0020
042 1288 0.0019
042 1542 0.0019
042 266 0.0019
042 520 0.0018
042 1465 0.0018
042 1470 0.0018
042 1119 0.0016
042 240 0.0016
042 1486 0.0015
042 1111 0.0014
042 1444 0.0012
042 1155 0.0009
043 1086 0.2389
043 938 0.1797
043 1335 0.1721
043 1496 0.1649
043 1377 0.1614
043 260 0.1556
043 1268 0.1228
043 1206 0.1213
043 1379 0.1201
043 1263 0.1199
043 132 0.1134
043 1512 0.1095
043 1439 0.1085
043 960 0.1076
043 1024 0.1027
043 494 0.0949
043 69 0.0947
043 222 0.0872
043 14 0.0858
043 513 0.0843
043 1487 0.0841
043 744 0.0822
043 475 0.0799
043 1298 0.0795
043 1252 0.0786
043 493 0.0771
043 1164 0.0758
043 1253 0.0714
043 868 0.0698
043 835 0.0676
043 390 0.0670
043 89 0.0644
043 385 0.0641
043 1489 0.0629
043 1391 0.0613
043 1309 0.0599
043 663 0.0592
043 999 0.0572
043 1444 0.0572
043 303 0.0561
043 988 0.0559
043 1199 0.0558
043 953 0.0555
043 116 0.0548
043 308 0.0526
043 1521 0.0495
043 761 0.0483
043 813 0.0482
043 463 0.0482
043 474 0.0482
043 1551 0.0479
043 1475 0.0477
043 55 0.0472
043 369 0.0458
043 1545 0.0456
043 191 0.0455
043 153 0.0453
043 448 0.0451
043 1104 0.0451
043 63 0.0445
043 612 0.0433
043 336 0.0432
043 1382 0.0430
043 638 0.0428
043 655 0.0420
043 312 0.0409
043 780 0.0405
043 361 0.0403
043 675 0.0398
043 1535 0.0394
043 70 0.0394
043 36 0.0393
043 977 0.0393
043 128 0.0390
043 444 0.0389
043 1354 0.0387
043 1565 0.0387
043 1328 0.0386
043 882 0.0385
043 1334 0.0382
043 1336 0.0382
043 1078 0.0378
043 1179 0.0378
043 598 0.0375
043 763 0.0372
043 547 0.0366
043 936 0.0361
043 764 0.0361
043 643 0.0360
043 414 0.0359
043 802 0.0358
043 380 0.0358
043 892 0.0358
043 1159 0.0358
043 1358 0.0358
043 753 0.0342
043 1527 0.0339
043 1239 0.0338
043 77 0.0334
043 397 0.0332
043 1204 0.0329
043 58 0.0328
043 982 0.0325
043 1582 0.0321
043 1368 0.0317
043 181 0.0316
043 1155 0.0316
043 165 0.0313
043 620 0.0313
043 1044 0.0311
043 560 0.0310
043 715 0.0308
043 518 0.0308
043 364 0.0301
043 1240 0.0301
043 1113 0.0300
043 1399 0.0298
043 486 0.0297
043 1318 0.0296
043 87 0.0290
043 464 0.0289
043 751 0.0289
043 403 0.0288
043 1458 0.0286
043 195 0.0286
043 96 0.0284
043 231 0.0281
043 1034 0.0281
043 1449 0.0279
043 76 0.0277
043 1226 0.0274
043 473 0.0272
043 1257 0.0269
043 446 0.0268
043 888 0.0268
043 332 0.0262
043 805 0.0259
043 9 0.0259
043 582 0.0259
043 958 0.0257
043 921 0.0255
043 104 0.0252
043 94 0.0246
043 47 0.0244
043 166 0.0242
043 1293 0.0241
043 376 0.0237
043 1386 0.0237
043 1276 0.0234
043 1014 0.0233
043 91 0.0232
043 1193 0.0231
043 895 0.0230
043 563 0.0230
043 1245 0.0230
043 557 0.0230
043 465 0.0229
043 1345 0.0226
043 16 0.0225
043 113 0.0223
043 828 0.0222
043 299 0.0220
043 1023 0.0220
043 1307 0.0220
043 435 0.0220
043 784 0.0219
043 1246 0.0219
043 817 0.0218
043 989 0.0218
043 712 0.0217
043 285 0.0217
043 1369 0.0216
043 1376 0.0216
043 210 0.0216
043 129 0.0211
043 172 0.0210
043 1289 0.0207
043 695 0.0207
043 419 0.0207
043 362 0.0204
043 476 0.0202
043 515 0.0201
043 1410 0.0200
043 789 0.0198
043 1184 0.0197
043 1162 0.0196
043 1394 0.0195
043 221 0.0195
043 963 0.0195
043 677 0.0195
043 1060 0.0195
043 161 0.0195
043 340 0.0193
043 1182 0.0193
043 519 0.0191
043 705 0.0191
043 1576 0.0190
043 727 0.0189
043 812 0.0188
043 217 0.0187
043 282 0.0187
043 1373 0.0185
043 330 0.0185
043 1505 0.0183
043 366 0.0182
043 253 0.0182
043 1573 0.0182
043 175 0.0180
043 1480 0.0179
043 1070 0.0179
043 1365 0.0179
043 1371 0.0178
043 60 0.0177
043 595 0.0177
043 852 0.0177
043 456 0.0176
043 830 0.0175
043 67 0.0175
043 1518 0.0175
043 924 0.0174
043 115 0.0172
043 617 0.0172
043 867 0.0171
043 281 0.0170
043 1564 0.0170
043 422 0.0169
043 117 0.0168
043 297 0.0167
043 542 0.0165
043 1017 0.0165
043 790 0.0164
043 393 0.0163
043 922 0.0163
043 402 0.0163
043 1548 0.0161
043 1295 0.0161
043 1082 0.0160
043 1260 0.0159
043 103 0.0159
043 273 0.0157
043 574 0.0157
043 918 0.0156
043 1467 0.0155
043 1531 0.0154
043 234 0.0154
043 848 0.0152
043 533 0.0152
043 894 0.0149
043 240 0.0148
043 157 0.0148
043 1172 0.0148
043 381 0.0147
043 52 0.0146
043 1065 0.0146
043 788 0.0146
043 1207 0.0145
043 345 0.0145
043 1019 0.0144
043 99 0.0144
043 1472 0.0143
043 179 0.0143
043 468 0.0141
043 154 0.0141
043 306 0.0140
043 367 0.0139
043 653 0.0137
043 1058 0.0137
043 173 0.0136
043 1396 0.0136
043 258 0.0136
043 1478 0.0135
043 230 0.0135
043 1370 0.0134
043 863 0.0134
043 1195 0.0134
043 523 0.0134
043 1224 0.0134
043 73 0.0133
043 169 0.0131
043 509 0.0129
043 719 0.0129
043 311 0.0128
043 83 0.0128
043 406 0.0127
043 666 0.0127
043 1001 0.0126
043 1476 0.0124
043 291 0.0123
043 1421 0.0121
043 1522 0.0121
043 74 0.0121
043 1563 0.0119
043 1278 0.0119
043 78 0.0119
043 837 0.0118
043 455 0.0118
043 296 0.0118
043 1267 0.0118
043 889 0.0118
043 701 0.0118
043 1329 0.0117
043 650 0.0117
043 485 0.0117
043 1440 0.0117
043 618 0.0116
043 439 0.0115
043 640 0.0115
043 1050 0.0115
043 374 0.0115
043 1557 0.0115
043 1306 0.0113
043 872 0.0113
043 1270 0.0113
043 1352 0.0113
043 283 0.0113
043 945 0.0112
043 384 0.0112
043 1420 0.0111
043 1054 0.0111
043 964 0.0111
043 1068 0.0110
043 1351 0.0110
043 1136 0.0110
043 1140 0.0109
043 885 0.0109
043 15 0.0109
043 1308 0.0108
043 760 0.0108
043 335 0.0108
043 525 0.0108
043 614 0.0107
043 350 0.0107
043 1416 0.0107
043 504 0.0106
043 1249 0.0106
043 1189 0.0106
043 1529 0.0106
043 754 0.0106
043 1340 0.0106
043 375 0.0105
043 669 0.0105
043 288 0.0105
043 862 0.0105
043 32 0.0105
043 1536 0.0104
043 451 0.0104
043 1036 0.0104
043 658 0.0103
043 349 0.0103
043 461 0.0102
043 1128 0.0102
043 290 0.0102
043 1533 0.0101
043 626 0.0101
043 979 0.0101
043 857 0.0101
043 1461 0.0100
043 329 0.0100
043 725 0.0098
043 1317 0.0098
043 937 0.0098
043 68 0.0098
043 1208 0.0097
043 1042 0.0097
043 204 0.0097
043 1160 0.0096
043 289 0.0096
043 1387 0.0096
043 668 0.0095
043 441 0.0095
043 139 0.0094
043 309 0.0094
043 467 0.0093
043 1447 0.0093
043 656 0.0093
043 243 0.0093
043 101 0.0092
043 201 0.0092
043 1238 0.0092
043 472 0.0091
043 1205 0.0091
043 1579 0.0090
043 1414 0.0089
043 661 0.0089
043 976 0.0088
043 1111 0.0088
043 1442 0.0088
043 1251 0.0087
043 564 0.0086
043 529 0.0085
043 82 0.0085
043 1372 0.0084
043 768 0.0084
043 334 0.0084
043 994 0.0083
043 1342 0.0083
043 351 0.0083
043 747 0.0083
043 1380 0.0082
043 1142 0.0082
043 1397 0.0082
043 1176 0.0079
043 1151 0.0079
043 896 0.0078
043 561 0.0077
043 615 0.0077
043 580 0.0077
043 723 0.0076
043 254 0.0076
043 702 0.0075
043 1388 0.0075
043 908 0.0074
043 931 0.0074
043 1280 0.0074
043 983 0.0073
043 870 0.0073
043 1029 0.0073
043 331 0.0072
043 581 0.0072
043 1378 0.0072
043 438 0.0071
043 946 0.0070
043 1384 0.0070
043 940 0.0070
043 328 0.0069
043 883 0.0069
043 950 0.0068
043 771 0.0068
043 738 0.0068
043 151 0.0068
043 255 0.0067
043 998 0.0066
043 1006 0.0066
043 514 0.0065
043 394 0.0065
043 1148 0.0065
043 152 0.0065
043 39 0.0065
043 207 0.0065
043 1059 0.0065
043 673 0.0065
043 496 0.0064
043 877 0.0064
043 1028 0.0064
043 1219 0.0063
043 187 0.0062
043 1516 0.0062
043 681 0.0062
043 1506 0.0062
043 54 0.0061
043 1549 0.0061
043 1481 0.0060
043 974 0.0060
043 318 0.0060
043 178 0.0060
043 1406 0.0059
043 954 0.0058
043 271 0.0058
043 904 0.0058
043 1343 0.0057
043 38 0.0057
043 869 0.0057
043 710 0.0057
043 587 0.0057
043 721 0.0057
043 205 0.0056
043 1425 0.0055
043 391 0.0055
043 552 0.0054
043 8 0.0054
043 371 0.0054
043 278 0.0054
043 558 0.0053
043 734 0.0053
043 1341 0.0053
043 1443 0.0052
043 932 0.0052
043 1108 0.0052
043 65 0.0052
043 1451 0.0052
043 1305 0.0052
043 1168 0.0052
043 232 0.0052
043 654 0.0051
043 992 0.0051
043 265 0.0051
043 1474 0.0051
043 1314 0.0051
043 722 0.0050
043 1273 0.0050
043 261 0.0050
043 949 0.0050
043 1115 0.0050
043 861 0.0049
043 18 0.0048
043 121 0.0048
043 1418 0.0048
043 664 0.0047
043 884 0.0047
043 424 0.0047
043 667 0.0047
043 49 0.0047
043 370 0.0046
043 856 0.0046
043 305 0.0046
043 832 0.0046
043 392 0.0045
043 920 0.0045
043 576 0.0045
043 625 0.0045
043 125 0.0045
043 819 0.0044
043 516 0.0044
043 737 0.0044
043 978 0.0043
043 1296 0.0043
043 1007 0.0043
043 972 0.0043
043 421 0.0042
043 40 0.0042
043 108 0.0042
043 1355 0.0042
043 359 0.0042
043 1075 0.0041
043 878 0.0041
043 842 0.0040
043 1383 0.0040
043 482 0.0040
043 1091 0.0040
043 623 0.0040
043 1212 0.0040
043 27 0.0039
043 997 0.0039
043 1096 0.0039
043 11 0.0039
043 1405 0.0039
043 19 0.0039
043 280 0.0038
043 1583 0.0038
043 911 0.0038
043 822 0.0037
043 759 0.0037
043 1428 0.0037
043 928 0.0037
043 1241 0.0037
043 906 0.0037
043 462 0.0037
043 704 0.0037
043 699 0.0037
043 1079 0.0036
043 213 0.0036
043 1221 0.0036
043 268 0.0035
043 310 0.0035
043 1429 0.0035
043 1356 0.0035
043 829 0.0034
043 880 0.0034
043 1534 0.0034
043 44 0.0034
043 720 0.0034
043 1057 0.0034
043 33 0.0034
043 670 0.0034
043 272 0.0034
043 454 0.0034
043 550 0.0033
043 566 0.0033
043 459 0.0033
043 6 0.0033
043 1541 0.0033
043 344 0.0033
043 1374 0.0032
043 1544 0.0032
043 407 0.0032
043 709 0.0032
043 632 0.0032
043 293 0.0031
043 355 0.0031
043 1291 0.0031
043 1459 0.0031
043 503 0.0031
043 1581 0.0031
043 1026 0.0031
043 967 0.0031
043 337 0.0031
043 1330 0.0030
043 866 0.0030
043 177 0.0030
043 1037 0.0030
043 338 0.0030
043 619 0.0030
043 242 0.0030
043 651 0.0030
043 238 0.0030
043 969 0.0030
043 985 0.0030
043 860 0.0029
043 634 0.0029
043 1063 0.0028
043 25 0.0028
043 973 0.0028
043 736 0.0028
043 81 0.0028
043 176 0.0028
043 209 0.0028
043 900 0.0028
043 216 0.0027
043 1248 0.0027
043 160 0.0027
043 294 0.0027
043 912 0.0027
043 171 0.0027
043 1367 0.0027
043 1022 0.0027
043 188 0.0027
043 1146 0.0026
043 706 0.0026
043 24 0.0026
043 633 0.0026
043 628 0.0026
043 1569 0.0026
043 531 0.0026
043 597 0.0026
043 90 0.0026
043 674 0.0026
043 590 0.0026
043 31 0.0026
043 820 0.0025
043 13 0.0025
043 849 0.0025
043 629 0.0025
043 1395 0.0025
043 1216 0.0025
043 415 0.0025
043 251 0.0025
043 124 0.0025
043 934 0.0025
043 887 0.0025
043 131 0.0024
043 726 0.0024
043 795 0.0024
043 1310 0.0024
043 7 0.0024
043 1431 0.0024
043 606 0.0024
043 589 0.0023
043 225 0.0023
043 1543 0.0023
043 772 0.0023
043 578 0.0023
043 1571 0.0023
043 1129 0.0023
043 645 0.0023
043 412 0.0023
043 984 0.0023
043 445 0.0023
043 387 0.0022
043 657 0.0022
043 1144 0.0022
043 724 0.0022
043 685 0.0022
043 1572 0.0022
043 966 0.0022
043 604 0.0022
043 1126 0.0022
043 21 0.0022
043 1000 0.0022
043 346 0.0022
043 1477 0.0022
043 930 0.0022
043 497 0.0022
043 1030 0.0022
043 1419 0.0022
043 959 0.0021
043 939 0.0021
043 327 0.0021
043 252 0.0021
043 1125 0.0021
043 423 0.0021
043 490 0.0021
043 1422 0.0021
043 239 0.0021
043 264 0.0021
043 583 0.0021
043 164 0.0021
043 1479 0.0021
043 1441 0.0021
043 1326 0.0021
043 672 0.0021
043 408 0.0020
043 399 0.0020
043 1517 0.0020
043 491 0.0020
043 1185 0.0020
043 1198 0.0020
043 35 0.0020
043 559 0.0020
043 600 0.0020
043 732 0.0020
043 1072 0.0019
043 233 0.0019
043 43 0.0019
043 477 0.0019
043 215 0.0019
043 302 0.0019
043 696 0.0019
043 767 0.0019
043 479 0.0019
043 991 0.0019
043 700 0.0019
043 1236 0.0019
043 635 0.0018
043 259 0.0018
043 250 0.0018
043 142 0.0018
043 449 0.0018
043 1554 0.0018
043 3 0.0018
043 636 0.0018
043 541 0.0018
043 1101 0.0018
043 687 0.0018
043 1392 0.0018
043 218 0.0018
043 29 0.0018
043 1466 0.0018
043 163 0.0018
043 223 0.0017
043 1407 0.0017
043 1524 0.0017
043 806 0.0017
043 1178 0.0017
043 975 0.0017
043 528 0.0017
043 137 0.0017
043 180 0.0017
043 1055 0.0017
043 1175 0.0017
043 901 0.0017
043 363 0.0017
043 1156 0.0017
043 50 0.0017
043 522 0.0017
043 733 0.0017
043 793 0.0016
043 660 0.0016
043 126 0.0016
043 22 0.0016
043 1294 0.0016
043 941 0.0016
043 510 0.0016
043 588 0.0016
043 592 0.0016
043 1464 0.0016
043 622 0.0016
043 986 0.0016
043 511 0.0016
043 905 0.0016
043 609 0.0016
043 348 0.0016
043 122 0.0016
043 150 0.0015
043 1120 0.0015
043 267 0.0015
043 4 0.0015
043 907 0.0015
043 300 0.0015
043 262 0.0015
043 106 0.0015
043 1515 0.0015
043 538 0.0015
043 803 0.0015
043 1333 0.0015
043 184 0.0015
043 995 0.0015
043 1432 0.0015
043 916 0.0015
043 1262 0.0015
043 565 0.0015
043 1574 0.0015
043 1526 0.0015
043 229 0.0015
043 683 0.0015
043 440 0.0015
043 1230 0.0015
043 740 0.0014
043 342 0.0014
043 774 0.0014
043 20 0.0014
043 1455 0.0014
043 34 0.0014
043 120 0.0014
043 339 0.0014
043 1287 0.0014
043 12 0.0014
043 947 0.0014
043 1121 0.0014
043 196 0.0014
043 149 0.0014
043 208 0.0014
043 377 0.0014
043 257 0.0014
043 1040 0.0014
043 418 0.0014
043 430 0.0014
043 791 0.0014
043 141 0.0013
043 1112 0.0013
043 729 0.0013
043 17 0.0013
043 537 0.0013
043 368 0.0013
043 1290 0.0013
043 1069 0.0013
043 322 0.0013
043 244 0.0013
043 487 0.0013
043 798 0.0013
043 714 0.0013
043 1171 0.0013
043 1457 0.0013
043 1264 0.0013
043 1122 0.0013
043 144 0.0013
043 1446 0.0013
043 713 0.0013
043 162 0.0013
043 333 0.0013
043 97 0.0013
043 28 0.0013
043 1540 0.0012
043 917 0.0012
043 48 0.0012
043 436 0.0012
043 1227 0.0012
043 86 0.0012
043 190 0.0012
043 935 0.0012
043 1325 0.0012
043 1499 0.0012
043 508 0.0012
043 1077 0.0012
043 575 0.0012
043 1095 0.0012
043 1202 0.0012
043 1473 0.0012
043 836 0.0012
043 1339 0.0012
043 450 0.0012
043 573 0.0012
043 1008 0.0012
043 26 0.0012
043 527 0.0012
043 304 0.0012
043 136 0.0012
043 186 0.0011
043 1107 0.0011
043 1141 0.0011
043 1084 0.0011
043 1032 0.0011
043 915 0.0011
043 540 0.0011
043 1275 0.0011
043 1066 0.0011
043 1196 0.0011
043 1229 0.0011
043 466 0.0011
043 910 0.0011
043 914 0.0011
043 553 0.0011
043 815 0.0011
043 1135 0.0011
043 572 0.0011
043 1562 0.0011
043 498 0.0011
043 269 0.0010
043 593 0.0010
043 1538 0.0010
043 567 0.0010
043 1214 0.0010
043 1539 0.0010
043 1153 0.0010
043 891 0.0010
043 1338 0.0010
043 1510 0.0010
043 1528 0.0010
043 1456 0.0010
043 112 0.0010
043 786 0.0010
043 765 0.0010
043 925 0.0010
043 98 0.0010
043 1390 0.0010
043 1090 0.0009
043 75 0.0009
043 521 0.0009
043 249 0.0009
043 46 0.0009
043 1503 0.0009
043 1501 0.0009
043 909 0.0008
043 1116 0.0008
043 783 0.0008
043 1272 0.0008
043 1381 0.0008
043 1045 0.0008
043 613 0.0008
043 1299 0.0008
043 5 0.0008
043 549 0.0008
043 1061 0.0007
043 1158 0.0007
043 962 0.0007
043 395 0.0007
043 1288 0.0007
043 1542 0.0007
043 266 0.0007
043 520 0.0007
043 1465 0.0007
043 1470 0.0007
043 749 0.0006
043 707 0.0006
043 1119 0.0006
043 1486 0.0006
044 1253 0.4662
044 1059 0.3943
044 953 0.0889
044 582 0.0753
044 390 0.0703
044 403 0.0637
044 304 0.0624
044 172 0.0600
044 303 0.0574
044 829 0.0557
044 463 0.0513
044 1104 0.0501
044 232 0.0494
044 191 0.0484
044 1131 0.0445
044 70 0.0438
044 780 0.0432
044 655 0.0431
044 1408 0.0429
044 675 0.0424
044 361 0.0420
044 236 0.0413
044 544 0.0410
044 1334 0.0407
044 604 0.0404
044 1179 0.0403
044 55 0.0398
044 1229 0.0394
044 611 0.0386
044 598 0.0384
044 643 0.0383
044 166 0.0383
044 1245 0.0377
044 414 0.0372
044 78 0.0372
044 35 0.0365
044 753 0.0365
044 115 0.0352
044 879 0.0348
044 362 0.0339
044 369 0.0333
044 1061 0.0329
044 715 0.0324
044 1044 0.0321
044 181 0.0318
044 6 0.0315
044 195 0.0304
044 512 0.0303
044 722 0.0302
044 1240 0.0301
044 503 0.0296
044 38 0.0294
044 486 0.0294
044 1214 0.0294
044 1458 0.0293
044 560 0.0291
044 547 0.0288
044 1257 0.0287
044 1181 0.0287
044 336 0.0285
044 217 0.0279
044 888 0.0274
044 25 0.0270
044 209 0.0266
044 921 0.0266
044 20 0.0262
044 644 0.0260
044 47 0.0260
044 1293 0.0257
044 261 0.0256
044 949 0.0255
044 1391 0.0250
044 1014 0.0248
044 938 0.0245
044 721 0.0241
044 1345 0.0240
044 667 0.0240
044 1193 0.0240
044 557 0.0235
044 817 0.0233
044 392 0.0232
044 712 0.0231
044 563 0.0228
044 465 0.0227
044 1246 0.0224
044 299 0.0218
044 1289 0.0216
044 989 0.0216
044 476 0.0215
044 1162 0.0209
044 1126 0.0209
044 210 0.0209
044 677 0.0208
044 444 0.0206
044 828 0.0203
044 101 0.0202
044 519 0.0199
044 1373 0.0197
044 815 0.0197
044 1269 0.0196
044 911 0.0196
044 1573 0.0194
044 1226 0.0191
044 932 0.0191
044 60 0.0189
044 852 0.0188
044 1475 0.0183
044 187 0.0183
044 268 0.0182
044 456 0.0180
044 312 0.0178
044 542 0.0176
044 402 0.0170
044 1017 0.0169
044 518 0.0166
044 407 0.0164
044 686 0.0163
044 533 0.0162
044 230 0.0161
044 552 0.0159
044 1082 0.0158
044 1207 0.0154
044 1440 0.0152
044 1472 0.0152
044 179 0.0152
044 634 0.0151
044 99 0.0150
044 1153 0.0150
044 345 0.0148
044 150 0.0148
044 1120 0.0148
044 1467 0.0146
044 784 0.0145
044 473 0.0144
044 154 0.0144
044 380 0.0144
044 184 0.0144
044 157 0.0143
044 523 0.0143
044 11 0.0142
044 440 0.0139
044 788 0.0138
044 1159 0.0137
044 977 0.0137
044 73 0.0137
044 311 0.0136
044 653 0.0136
044 1058 0.0136
044 1335 0.0135
044 12 0.0134
044 173 0.0134
044 149 0.0133
044 1195 0.0133
044 472 0.0132
044 113 0.0131
044 1386 0.0130
044 766 0.0128
044 411 0.0127
044 322 0.0126
044 455 0.0126
044 291 0.0126
044 695 0.0125
044 367 0.0124
044 494 0.0124
044 1354 0.0124
044 670 0.0123
044 128 0.0123
044 69 0.0122
044 7 0.0122
044 1352 0.0120
044 283 0.0120
044 384 0.0119
044 165 0.0118
044 86 0.0118
044 374 0.0117
044 1557 0.0117
044 1351 0.0117
044 1136 0.0117
044 885 0.0116
044 1149 0.0116
044 1325 0.0115
044 525 0.0115
044 1054 0.0114
044 1329 0.0113
044 330 0.0113
044 1197 0.0113
044 1340 0.0113
044 129 0.0112
044 1140 0.0112
044 288 0.0112
044 26 0.0111
044 527 0.0111
044 1420 0.0111
044 924 0.0109
044 1535 0.0109
044 504 0.0109
044 239 0.0109
044 999 0.0109
044 290 0.0108
044 626 0.0108
044 1206 0.0106
044 922 0.0106
044 1416 0.0106
044 1548 0.0106
044 1070 0.0105
044 754 0.0105
044 1128 0.0104
044 68 0.0104
044 1208 0.0103
044 204 0.0103
044 1249 0.0102
044 1160 0.0102
044 1387 0.0102
044 862 0.0101
044 498 0.0101
044 1447 0.0099
044 329 0.0099
044 764 0.0098
044 790 0.0098
044 289 0.0098
044 243 0.0095
044 1544 0.0094
044 467 0.0093
044 1371 0.0092
044 857 0.0091
044 768 0.0090
044 747 0.0088
044 1380 0.0087
044 1086 0.0087
044 1397 0.0087
044 1238 0.0087
044 994 0.0086
044 77 0.0085
044 397 0.0085
044 509 0.0084
044 1176 0.0084
044 982 0.0083
044 612 0.0083
044 1260 0.0082
044 580 0.0082
044 723 0.0081
044 587 0.0081
044 254 0.0080
044 896 0.0080
044 1531 0.0080
044 1377 0.0079
044 870 0.0078
044 15 0.0077
044 1029 0.0077
044 1378 0.0076
044 565 0.0076
044 1280 0.0076
044 1270 0.0074
044 1336 0.0073
044 253 0.0073
044 738 0.0072
044 231 0.0072
044 1533 0.0072
044 1328 0.0072
044 883 0.0071
044 937 0.0069
044 443 0.0068
044 729 0.0068
044 1449 0.0068
044 668 0.0068
044 771 0.0067
044 1481 0.0064
044 1239 0.0064
044 1267 0.0061
044 564 0.0061
044 529 0.0061
044 1372 0.0060
044 391 0.0059
044 1151 0.0056
044 1415 0.0055
044 1451 0.0055
044 1305 0.0055
044 1425 0.0055
044 561 0.0055
044 1065 0.0055
044 615 0.0055
044 805 0.0053
044 931 0.0053
044 761 0.0052
044 331 0.0051
044 438 0.0050
044 884 0.0050
044 946 0.0050
044 1384 0.0050
044 940 0.0050
044 328 0.0049
044 950 0.0048
044 640 0.0048
044 151 0.0048
044 255 0.0047
044 514 0.0046
044 394 0.0046
044 152 0.0046
044 39 0.0046
044 207 0.0046
044 1219 0.0044
044 1516 0.0044
044 681 0.0044
044 1506 0.0044
044 574 0.0044
044 54 0.0043
044 1549 0.0043
044 974 0.0043
044 318 0.0043
044 178 0.0042
044 1406 0.0042
044 954 0.0041
044 271 0.0041
044 1343 0.0041
044 869 0.0041
044 710 0.0040
044 205 0.0040
044 117 0.0039
044 8 0.0039
044 371 0.0038
044 278 0.0038
044 734 0.0038
044 1341 0.0037
044 1443 0.0037
044 1108 0.0037
044 65 0.0037
044 273 0.0037
044 1168 0.0037
044 654 0.0036
044 936 0.0036
044 992 0.0036
044 265 0.0036
044 1474 0.0036
044 1314 0.0036
044 1308 0.0036
044 1273 0.0035
044 1115 0.0035
044 861 0.0034
044 18 0.0034
044 121 0.0034
044 1418 0.0034
044 760 0.0034
044 664 0.0034
044 1023 0.0034
044 638 0.0033
044 49 0.0033
044 1036 0.0033
044 370 0.0033
044 1576 0.0033
044 856 0.0033
044 727 0.0033
044 305 0.0032
044 832 0.0032
044 282 0.0032
044 1512 0.0032
044 920 0.0032
044 576 0.0032
044 625 0.0032
044 868 0.0032
044 125 0.0032
044 819 0.0031
044 516 0.0031
044 737 0.0031
044 978 0.0031
044 1296 0.0031
044 972 0.0030
044 421 0.0030
044 40 0.0030
044 108 0.0030
044 1355 0.0030
044 359 0.0030
044 1075 0.0029
044 1309 0.0029
044 878 0.0029
044 842 0.0029
044 1383 0.0029
044 1522 0.0028
044 482 0.0028
044 1091 0.0028
044 623 0.0028
044 1212 0.0028
044 27 0.0028
044 1358 0.0028
044 997 0.0028
044 1096 0.0028
044 1405 0.0028
044 19 0.0027
044 161 0.0027
044 280 0.0027
044 1583 0.0027
044 620 0.0027
044 822 0.0026
044 1428 0.0026
044 928 0.0026
044 1241 0.0026
044 848 0.0026
044 906 0.0026
044 462 0.0026
044 704 0.0026
044 699 0.0026
044 1079 0.0026
044 1068 0.0025
044 9 0.0025
044 213 0.0025
044 1221 0.0025
044 958 0.0025
044 310 0.0025
044 1429 0.0025
044 1356 0.0025
044 350 0.0025
044 880 0.0024
044 1534 0.0024
044 44 0.0024
044 720 0.0024
044 1057 0.0024
044 33 0.0024
044 272 0.0024
044 454 0.0024
044 550 0.0024
044 459 0.0024
044 1541 0.0023
044 344 0.0023
044 988 0.0023
044 1374 0.0023
044 744 0.0023
044 1342 0.0023
044 709 0.0023
044 632 0.0023
044 293 0.0022
044 355 0.0022
044 1291 0.0022
044 1459 0.0022
044 1581 0.0022
044 1026 0.0022
044 967 0.0022
044 337 0.0022
044 493 0.0022
044 1330 0.0022
044 866 0.0021
044 177 0.0021
044 1037 0.0021
044 338 0.0021
044 619 0.0021
044 242 0.0021
044 651 0.0021
044 238 0.0021
044 969 0.0021
044 985 0.0021
044 860 0.0021
044 1399 0.0020
044 1063 0.0020
044 973 0.0020
044 736 0.0020
044 81 0.0020
044 1050 0.0020
044 176 0.0020
044 900 0.0020
044 216 0.0019
044 1248 0.0019
044 802 0.0019
044 160 0.0019
044 294 0.0019
044 912 0.0019
044 171 0.0019
044 1367 0.0019
044 1022 0.0019
044 188 0.0019
044 1146 0.0019
044 706 0.0019
044 24 0.0019
044 633 0.0019
044 628 0.0019
044 1569 0.0019
044 531 0.0019
044 597 0.0019
044 90 0.0019
044 674 0.0018
044 1268 0.0018
044 590 0.0018
044 31 0.0018
044 669 0.0018
044 820 0.0018
044 89 0.0018
044 13 0.0018
044 83 0.0018
044 849 0.0018
044 629 0.0018
044 1395 0.0018
044 1216 0.0018
044 415 0.0018
044 1382 0.0018
044 251 0.0018
044 124 0.0018
044 934 0.0018
044 887 0.0017
044 131 0.0017
044 726 0.0017
044 795 0.0017
044 74 0.0017
044 1310 0.0017
044 94 0.0017
044 1431 0.0017
044 606 0.0017
044 1564 0.0017
044 589 0.0017
044 225 0.0017
044 1278 0.0017
044 1543 0.0017
044 772 0.0017
044 837 0.0017
044 578 0.0017
044 1571 0.0017
044 1129 0.0016
044 1439 0.0016
044 1113 0.0016
044 645 0.0016
044 412 0.0016
044 984 0.0016
044 445 0.0016
044 387 0.0016
044 657 0.0016
044 1144 0.0016
044 724 0.0016
044 685 0.0016
044 1572 0.0016
044 966 0.0016
044 21 0.0015
044 1000 0.0015
044 346 0.0015
044 1477 0.0015
044 930 0.0015
044 497 0.0015
044 1030 0.0015
044 1419 0.0015
044 959 0.0015
044 939 0.0015
044 327 0.0015
044 252 0.0015
044 1125 0.0015
044 423 0.0015
044 490 0.0015
044 1422 0.0015
044 264 0.0015
044 583 0.0015
044 164 0.0015
044 1479 0.0015
044 1370 0.0015
044 1441 0.0015
044 82 0.0015
044 1326 0.0015
044 672 0.0015
044 408 0.0015
044 399 0.0014
044 1517 0.0014
044 334 0.0014
044 491 0.0014
044 1185 0.0014
044 446 0.0014
044 1461 0.0014
044 1198 0.0014
044 559 0.0014
044 1480 0.0014
044 600 0.0014
044 406 0.0014
044 732 0.0014
044 1072 0.0014
044 233 0.0014
044 43 0.0014
044 477 0.0014
044 215 0.0014
044 302 0.0014
044 696 0.0013
044 767 0.0013
044 479 0.0013
044 991 0.0013
044 700 0.0013
044 1236 0.0013
044 635 0.0013
044 259 0.0013
044 656 0.0013
044 222 0.0013
044 250 0.0013
044 142 0.0013
044 701 0.0013
044 1376 0.0013
044 449 0.0013
044 1554 0.0013
044 3 0.0013
044 636 0.0013
044 541 0.0013
044 719 0.0013
044 1101 0.0013
044 687 0.0013
044 1392 0.0013
044 218 0.0013
044 1204 0.0013
044 29 0.0013
044 1466 0.0013
044 163 0.0013
044 1496 0.0012
044 223 0.0012
044 1407 0.0012
044 872 0.0012
044 1524 0.0012
044 806 0.0012
044 14 0.0012
044 1178 0.0012
044 975 0.0012
044 528 0.0012
044 63 0.0012
044 137 0.0012
044 180 0.0012
044 1055 0.0012
044 1175 0.0012
044 835 0.0012
044 901 0.0012
044 363 0.0012
044 1156 0.0012
044 1421 0.0012
044 50 0.0012
044 1298 0.0012
044 522 0.0012
044 733 0.0012
044 793 0.0012
044 660 0.0012
044 126 0.0012
044 22 0.0012
044 1294 0.0012
044 296 0.0012
044 941 0.0012
044 510 0.0011
044 588 0.0011
044 439 0.0011
044 592 0.0011
044 1464 0.0011
044 622 0.0011
044 663 0.0011
044 986 0.0011
044 475 0.0011
044 511 0.0011
044 905 0.0011
044 609 0.0011
044 348 0.0011
044 122 0.0011
044 468 0.0011
044 267 0.0011
044 4 0.0011
044 907 0.0011
044 300 0.0011
044 262 0.0011
044 894 0.0011
044 106 0.0011
044 1515 0.0011
044 538 0.0011
044 803 0.0011
044 1333 0.0011
044 995 0.0011
044 1365 0.0011
044 1432 0.0011
044 221 0.0011
044 1252 0.0011
044 916 0.0011
044 1262 0.0011
044 1574 0.0011
044 1526 0.0010
044 763 0.0010
044 229 0.0010
044 683 0.0010
044 1230 0.0010
044 1536 0.0010
044 740 0.0010
044 342 0.0010
044 774 0.0010
044 1455 0.0010
044 349 0.0010
044 34 0.0010
044 120 0.0010
044 339 0.0010
044 1287 0.0010
044 947 0.0010
044 1121 0.0010
044 196 0.0010
044 208 0.0010
044 377 0.0010
044 257 0.0010
044 1040 0.0010
044 418 0.0010
044 430 0.0010
044 791 0.0010
044 595 0.0010
044 141 0.0010
044 1112 0.0009
044 17 0.0009
044 537 0.0009
044 368 0.0009
044 1290 0.0009
044 1069 0.0009
044 244 0.0009
044 487 0.0009
044 441 0.0009
044 798 0.0009
044 714 0.0009
044 705 0.0009
044 1171 0.0009
044 1457 0.0009
044 1264 0.0009
044 650 0.0009
044 1122 0.0009
044 144 0.0009
044 1446 0.0009
044 713 0.0009
044 201 0.0009
044 162 0.0009
044 333 0.0009
044 87 0.0009
044 97 0.0009
044 422 0.0009
044 1368 0.0009
044 1579 0.0009
044 28 0.0009
044 1540 0.0009
044 917 0.0009
044 48 0.0009
044 436 0.0009
044 1227 0.0009
044 945 0.0009
044 190 0.0009
044 52 0.0009
044 935 0.0009
044 1499 0.0008
044 508 0.0008
044 1077 0.0008
044 575 0.0008
044 1095 0.0008
044 1202 0.0008
044 1473 0.0008
044 335 0.0008
044 836 0.0008
044 1339 0.0008
044 450 0.0008
044 573 0.0008
044 515 0.0008
044 1008 0.0008
044 867 0.0008
044 918 0.0008
044 136 0.0008
044 1164 0.0008
044 186 0.0008
044 1263 0.0008
044 751 0.0008
044 1107 0.0008
044 1141 0.0008
044 1084 0.0008
044 1172 0.0008
044 1032 0.0008
044 915 0.0008
044 435 0.0008
044 540 0.0008
044 1275 0.0008
044 813 0.0008
044 1066 0.0008
044 1196 0.0008
044 466 0.0008
044 910 0.0008
044 914 0.0008
044 553 0.0008
044 1317 0.0008
044 1135 0.0008
044 572 0.0008
044 666 0.0008
044 1562 0.0007
044 702 0.0007
044 269 0.0007
044 593 0.0007
044 1538 0.0007
044 567 0.0007
044 1539 0.0007
044 891 0.0007
044 1338 0.0007
044 1510 0.0007
044 1528 0.0007
044 1456 0.0007
044 112 0.0007
044 786 0.0007
044 765 0.0007
044 925 0.0007
044 98 0.0007
044 1390 0.0007
044 1090 0.0007
044 75 0.0007
044 521 0.0007
044 882 0.0007
044 249 0.0006
044 46 0.0006
044 1503 0.0006
044 1487 0.0006
044 485 0.0006
044 1501 0.0006
044 91 0.0006
044 1369 0.0006
044 308 0.0006
044 909 0.0006
044 1116 0.0006
044 783 0.0006
044 1272 0.0006
044 1381 0.0006
044 1045 0.0006
044 613 0.0006
044 1299 0.0006
044 5 0.0006
044 1505 0.0006
044 1410 0.0006
044 1205 0.0005
044 549 0.0005
044 1158 0.0005
044 962 0.0005
044 395 0.0005
044 1288 0.0005
044 1542 0.0005
044 266 0.0005
044 520 0.0005
044 1465 0.0005
044 1470 0.0005
044 1442 0.0005
044 749 0.0005
044 707 0.0005
044 895 0.0004
044 1119 0.0004
044 863 0.0004
044 240 0.0004
044 1486 0.0004
044 1111 0.0004
044 1444 0.0003
044 1155 0.0002
045 1243 0.3541
045 1043 0.2710
045 749 0.2370
045 737 0.2059
045 926 0.2058
045 1297 0.2033
045 1275 0.2027
045 946 0.2002
045 286 0.1838
045 1343 0.1807
045 1523 0.1801
045 311 0.1793
045 1292 0.1736
045 1538 0.1710
045 479 0.1690
045 1398 0.1685
045 1378 0.1672
045 903 0.1570
045 178 0.1538
045 345 0.1498
045 1476 0.1485
045 963 0.1481
045 1372 0.1477
045 605 0.1475
045 1101 0.1434
045 947 0.1426
045 1184 0.1408
045 1058 0.1400
045 1172 0.1373
045 1278 0.1351
045 1429 0.1347
045 1315 0.1343
045 715 0.1340
045 1108 0.1309
045 1326 0.1308
045 862 0.1299
045 481 0.1298
045 1363 0.1288
045 1561 0.1278
045 1269 0.1277
045 1459 0.1257
045 1319 0.1253
045 1022 0.1249
045 907 0.1244
045 1426 0.1243
045 1279 0.1240
045 1146 0.1223
045 468 0.1205
045 1280 0.1202
045 271 0.1198
045 1042 0.1196
045 1502 0.1194
045 1312 0.1187
045 1176 0.1186
045 1296 0.1174
045 979 0.1167
045 1241 0.1163
045 1225 0.1156
045 807 0.1150
045 1478 0.1143
045 1011 0.1141
045 653 0.1140
045 1461 0.1133
045 492 0.1122
045 82 0.1101
045 1021 0.1086
045 96 0.1082
045 1474 0.1079
045 503 0.1078
045 338 0.1076
045 1508 0.1075
045 783 0.1072
045 937 0.1069
045 1457 0.1069
045 981 0.1068
045 1131 0.1060
045 50 0.1055
045 1009 0.1050
045 1142 0.1047
045 917 0.1041
045 459 0.1028
045 498 0.1026
045 255 0.1026
045 1257 0.1022
045 266 0.1006
045 1488 0.1005
045 576 0.1003
045 756 0.1003
045 1240 0.0996
045 1515 0.0981
045 1056 0.0981
045 867 0.0977
045 335 0.0977
045 1427 0.0974
045 1178 0.0955
045 8 0.0954
045 1020 0.0945
045 725 0.0942
045 67 0.0941
045 393 0.0940
045 1533 0.0937
045 1300 0.0935
045 488 0.0928
045 1379 0.0927
045 591 0.0926
045 776 0.0925
045 634 0.0923
045 1303 0.0923
045 994 0.0921
045 1441 0.0921
045 1226 0.0920
045 1311 0.0914
045 1469 0.0910
045 510 0.0907
045 1014 0.0902
045 1377 0.0899
045 104 0.0896
045 496 0.0892
045 865 0.0892
045 1366 0.0877
045 1272 0.0874
045 1122 0.0870
045 1220 0.0864
045 1208 0.0862
045 484 0.0862
045 814 0.0856
045 1563 0.0855
045 1244 0.0849
045 1411 0.0838
045 1305 0.0837
045 735 0.0836
045 1547 0.0836
045 19 0.0830
045 154 0.0829
045 1210 0.0820
045 968 0.0818
045 299 0.0816
045 441 0.0815
045 587 0.0813
045 1322 0.0807
045 1340 0.0803
045 629 0.0799
045 392 0.0792
045 1358 0.0792
045 34 0.0791
045 1069 0.0789
045 1055 0.0787
045 1180 0.0787
045 804 0.0780
045 1386 0.0775
045 330 0.0773
045 1382 0.0768
045 1407 0.0768
045 1436 0.0758
045 189 0.0758
045 1412 0.0754
045 650 0.0753
045 504 0.0746
045 1175 0.0744
045 1534 0.0743
045 1464 0.0741
045 342 0.0740
045 309 0.0737
045 304 0.0735
045 1120 0.0733
045 1245 0.0730
045 935 0.0727
045 702 0.0727
045 518 0.0722
045 450 0.0721
045 1365 0.0721
045 81 0.0717
045 896 0.0706
045 14 0.0705
045 1100 0.0704
045 1032 0.0704
045 1065 0.0696
045 989 0.0693
045 190 0.0686
045 145 0.0685
045 463 0.0683
045 1128 0.0682
045 1388 0.0681
045 451 0.0681
045 480 0.0675
045 660 0.0672
045 762 0.0672
045 1140 0.0668
045 925 0.0668
045 785 0.0663
045 980 0.0660
045 970 0.0660
045 905 0.0657
045 977 0.0654
045 1559 0.0652
045 1306 0.0650
045 291 0.0650
045 1262 0.0648
045 1147 0.0641
045 918 0.0639
045 1270 0.0636
045 1500 0.0635
045 284 0.0634
045 426 0.0633
045 1484 0.0630
045 473 0.0629
045 580 0.0625
045 719 0.0619
045 887 0.0618
045 992 0.0611
045 1288 0.0608
045 146 0.0606
045 1062 0.0603
045 101 0.0601
045 1082 0.0598
045 66 0.0597
045 995 0.0595
045 1077 0.0595
045 1070 0.0590
045 1169 0.0590
045 1428 0.0586
045 1258 0.0583
045 281 0.0583
045 1357 0.0582
045 1202 0.0582
045 55 0.0581
045 885 0.0581
045 1512 0.0580
045 1130 0.0575
045 1160 0.0563
045 550 0.0555
045 883 0.0555
045 592 0.0554
045 20 0.0554
045 1356 0.0553
045 1057 0.0552
045 1536 0.0550
045 290 0.0550
045 1475 0.0547
045 559 0.0546
045 661 0.0543
045 590 0.0542
045 1471 0.0541
045 1520 0.0536
045 942 0.0536
045 999 0.0535
045 33 0.0534
045 728 0.0531
045 56 0.0524
045 425 0.0524
045 415 0.0523
045 1546 0.0520
045 87 0.0519
045 1396 0.0518
045 624 0.0518
045 1458 0.0513
045 508 0.0509
045 623 0.0506
045 395 0.0501
045 1302 0.0498
045 267 0.0497
045 1277 0.0497
045 1123 0.0496
045 1195 0.0496
045 1473 0.0495
045 656 0.0495
045 1530 0.0495
045 986 0.0493
045 1337 0.0491
045 1205 0.0488
045 1456 0.0488
045 430 0.0486
045 300 0.0485
045 1194 0.0485
045 355 0.0482
045 914 0.0482
045 982 0.0478
045 764 0.0469
045 1255 0.0468
045 1005 0.0466
045 1336 0.0466
045 466 0.0464
045 1419 0.0464
045 1389 0.0463
045 682 0.0463
045 1027 0.0463
045 1383 0.0457
045 1440 0.0457
045 217 0.0456
045 1351 0.0453
045 73 0.0452
045 1052 0.0452
045 464 0.0450
045 1096 0.0450
045 721 0.0447
045 1449 0.0447
045 379 0.0447
045 1203 0.0446
045 978 0.0445
045 560 0.0445
045 1406 0.0444
045 244 0.0444
045 956 0.0444
045 742 0.0442
045 1522 0.0441
045 1495 0.0441
045 1023 0.0440
045 1485 0.0440
045 1028 0.0438
045 696 0.0438
045 1152 0.0437
045 971 0.0437
045 852 0.0433
045 1125 0.0432
045 572 0.0429
045 1083 0.0425
045 1216 0.0424
045 1317 0.0424
045 467 0.0423
045 1259 0.0423
045 1316 0.0416
045 238 0.0415
045 811 0.0415
045 1446 0.0411
045 1204 0.0411
045 1230 0.0406
045 195 0.0405
045 600 0.0403
045 695 0.0403
045 46 0.0403
045 1035 0.0396
045 722 0.0395
045 1030 0.0392
045 753 0.0391
045 293 0.0389
045 788 0.0387
045 731 0.0386
045 469 0.0385
045 1451 0.0383
045 86 0.0382
045 1041 0.0378
045 1331 0.0377
045 1445 0.0377
045 1067 0.0376
045 799 0.0376
045 334 0.0375
045 147 0.0374
045 149 0.0374
045 1344 0.0374
045 213 0.0371
045 485 0.0370
045 577 0.0370
045 547 0.0368
045 1115 0.0367
045 134 0.0366
045 1088 0.0364
045 164 0.0361
045 1489 0.0360
045 817 0.0360
045 912 0.0360
045 1562 0.0360
045 155 0.0360
045 61 0.0358
045 432 0.0357
045 709 0.0356
045 1492 0.0356
045 845 0.0354
045 945 0.0354
045 1393 0.0353
045 1376 0.0352
045 795 0.0351
045 1323 0.0350
045 1190 0.0349
045 256 0.0349
045 822 0.0348
045 1416 0.0345
045 1403 0.0345
045 802 0.0344
045 1581 0.0344
045 809 0.0340
045 1196 0.0339
045 1294 0.0339
045 1418 0.0338
045 996 0.0338
045 148 0.0335
045 412 0.0335
045 750 0.0334
045 406 0.0334
045 29 0.0331
045 1413 0.0330
045 1034 0.0329
045 1087 0.0329
045 32 0.0327
045 62 0.0326
045 720 0.0325
045 636 0.0325
045 1420 0.0323
045 770 0.0322
045 1517 0.0319
045 1015 0.0319
045 757 0.0319
045 771 0.0319
045 1182 0.0319
045 1285 0.0318
045 391 0.0316
045 399 0.0316
045 618 0.0313
045 555 0.0313
045 329 0.0312
045 384 0.0310
045 816 0.0310
045 215 0.0310
045 1480 0.0309
045 307 0.0308
045 949 0.0308
045 1334 0.0307
045 1308 0.0307
045 546 0.0305
045 1513 0.0304
045 705 0.0304
045 54 0.0303
045 805 0.0303
045 414 0.0301
045 397 0.0300
045 1470 0.0299
045 173 0.0298
045 1390 0.0296
045 625 0.0294
045 1001 0.0292
045 1273 0.0289
045 1260 0.0289
045 856 0.0288
045 1141 0.0288
045 948 0.0287
045 747 0.0287
045 1253 0.0287
045 860 0.0287
045 1267 0.0286
045 913 0.0285
045 789 0.0282
045 1514 0.0282
045 1171 0.0281
045 803 0.0280
045 969 0.0279
045 1054 0.0278
045 1286 0.0278
045 1539 0.0276
045 1019 0.0276
045 439 0.0275
045 548 0.0274
045 1117 0.0274
045 1013 0.0273
045 191 0.0273
045 312 0.0270
045 1537 0.0270
045 635 0.0269
045 582 0.0268
045 316 0.0267
045 438 0.0267
045 89 0.0266
045 915 0.0266
045 1408 0.0265
045 129 0.0264
045 826 0.0264
045 264 0.0264
045 1352 0.0262
045 1519 0.0260
045 585 0.0260
045 1282 0.0260
045 1467 0.0258
045 1113 0.0258
045 964 0.0257
045 1183 0.0257
045 1384 0.0256
045 579 0.0256
045 6 0.0256
045 246 0.0255
045 1012 0.0254
045 107 0.0254
045 875 0.0254
045 639 0.0252
045 796 0.0251
045 289 0.0250
045 448 0.0249
045 422 0.0249
045 837 0.0249
045 251 0.0248
045 230 0.0248
045 1238 0.0247
045 1307 0.0247
045 1179 0.0246
045 1217 0.0245
045 88 0.0245
045 1093 0.0244
045 171 0.0244
045 526 0.0244
045 1050 0.0244
045 197 0.0243
045 630 0.0243
045 909 0.0242
045 287 0.0241
045 939 0.0241
045 813 0.0241
045 987 0.0240
045 794 0.0239
045 331 0.0239
045 1109 0.0238
045 1097 0.0237
045 1089 0.0237
045 589 0.0236
045 205 0.0234
045 1181 0.0234
045 295 0.0234
045 1421 0.0234
045 760 0.0232
045 691 0.0231
045 1033 0.0229
045 882 0.0229
045 212 0.0228
045 122 0.0227
045 741 0.0227
045 507 0.0226
045 1132 0.0226
045 340 0.0224
045 990 0.0222
045 1281 0.0221
045 1239 0.0220
045 138 0.0219
045 1486 0.0219
045 919 0.0218
045 871 0.0218
045 12 0.0217
045 748 0.0217
045 843 0.0216
045 936 0.0214
045 180 0.0214
045 921 0.0213
045 1229 0.0213
045 169 0.0212
045 873 0.0212
045 398 0.0212
045 1214 0.0212
045 599 0.0211
045 1309 0.0210
045 1410 0.0209
045 1380 0.0209
045 916 0.0207
045 1506 0.0207
045 1063 0.0207
045 1145 0.0206
045 654 0.0206
045 680 0.0206
045 1529 0.0205
045 207 0.0204
045 1432 0.0204
045 733 0.0203
045 435 0.0203
045 668 0.0202
045 336 0.0202
045 1037 0.0202
045 876 0.0201
045 1264 0.0200
045 614 0.0199
045 884 0.0198
045 1099 0.0198
045 938 0.0198
045 824 0.0197
045 985 0.0197
045 1129 0.0196
045 1000 0.0195
045 1527 0.0195
045 612 0.0195
045 1246 0.0195
045 740 0.0193
045 1353 0.0193
045 162 0.0192
045 165 0.0192
045 674 0.0192
045 1479 0.0192
045 537 0.0191
045 831 0.0191
045 337 0.0191
045 449 0.0190
045 1066 0.0190
045 689 0.0189
045 1454 0.0189
045 113 0.0189
045 200 0.0186
045 1162 0.0186
045 1010 0.0185
045 339 0.0185
045 1133 0.0185
045 1112 0.0185
045 972 0.0184
045 39 0.0183
045 1477 0.0183
045 487 0.0182
045 632 0.0182
045 140 0.0182
045 1578 0.0181
045 874 0.0181
045 1268 0.0181
045 1482 0.0180
045 566 0.0178
045 712 0.0177
045 670 0.0177
045 1501 0.0177
045 1118 0.0177
045 294 0.0175
045 361 0.0174
045 509 0.0174
045 84 0.0173
045 48 0.0173
045 1342 0.0173
045 521 0.0172
045 1045 0.0171
045 98 0.0170
045 227 0.0169
045 536 0.0169
045 1252 0.0169
045 827 0.0168
045 476 0.0168
045 292 0.0168
045 43 0.0167
045 5 0.0166
045 351 0.0165
045 1494 0.0165
045 732 0.0165
045 679 0.0164
045 27 0.0164
045 458 0.0164
045 851 0.0164
045 253 0.0164
045 358 0.0163
045 575 0.0163
045 513 0.0163
045 665 0.0162
045 854 0.0161
045 1575 0.0160
045 144 0.0160
045 1511 0.0160
045 446 0.0159
045 697 0.0158
045 204 0.0158
045 836 0.0158
045 844 0.0157
045 170 0.0157
045 60 0.0157
045 1170 0.0157
045 103 0.0156
045 677 0.0156
045 675 0.0156
045 717 0.0154
045 273 0.0153
045 137 0.0153
045 540 0.0152
045 754 0.0152
045 31 0.0152
045 1330 0.0151
045 974 0.0151
045 1548 0.0150
045 1521 0.0150
045 984 0.0150
045 923 0.0149
045 626 0.0148
045 194 0.0148
045 739 0.0147
045 63 0.0147
045 124 0.0147
045 1425 0.0146
045 1185 0.0146
045 842 0.0146
045 283 0.0146
045 1158 0.0145
045 673 0.0145
045 669 0.0144
045 657 0.0144
045 1107 0.0142
045 118 0.0142
045 371 0.0142
045 1237 0.0142
045 416 0.0142
045 224 0.0141
045 502 0.0141
045 908 0.0140
045 280 0.0140
045 991 0.0140
045 1498 0.0139
045 790 0.0139
045 1024 0.0139
045 1304 0.0139
045 808 0.0139
045 1560 0.0139
045 638 0.0139
045 259 0.0138
045 377 0.0137
045 628 0.0137
045 394 0.0137
045 265 0.0137
045 1360 0.0137
045 1576 0.0136
045 662 0.0136
045 631 0.0136
045 389 0.0135
045 825 0.0135
045 961 0.0135
045 390 0.0135
045 886 0.0134
045 651 0.0134
045 746 0.0133
045 1104 0.0133
045 1375 0.0133
045 1442 0.0133
045 443 0.0133
045 123 0.0133
045 1218 0.0132
045 249 0.0132
045 648 0.0132
045 1554 0.0131
045 362 0.0130
045 1568 0.0130
045 95 0.0129
045 3 0.0128
045 1295 0.0128
045 1271 0.0126
045 960 0.0126
045 274 0.0126
045 1434 0.0126
045 647 0.0126
045 868 0.0125
045 1487 0.0125
045 512 0.0125
045 658 0.0125
045 143 0.0125
045 474 0.0124
045 36 0.0124
045 444 0.0123
045 385 0.0123
045 272 0.0123
045 411 0.0123
045 247 0.0123
045 904 0.0122
045 1550 0.0121
045 1072 0.0120
045 954 0.0120
045 686 0.0119
045 1320 0.0118
045 1443 0.0118
045 983 0.0117
045 1114 0.0116
045 374 0.0116
045 357 0.0116
045 1328 0.0115
045 42 0.0115
045 730 0.0114
045 858 0.0114
045 778 0.0114
045 72 0.0114
045 470 0.0114
045 562 0.0114
045 1078 0.0114
045 1483 0.0113
045 619 0.0113
045 380 0.0113
045 557 0.0113
045 262 0.0112
045 889 0.0111
045 305 0.0111
045 1299 0.0111
045 1580 0.0111
045 1029 0.0111
045 829 0.0111
045 594 0.0110
045 139 0.0110
045 1566 0.0110
045 1417 0.0110
045 763 0.0110
045 231 0.0110
045 823 0.0110
045 1284 0.0110
045 184 0.0110
045 344 0.0109
045 59 0.0109
045 897 0.0108
045 1341 0.0108
045 1103 0.0108
045 1362 0.0108
045 210 0.0108
045 1327 0.0106
045 52 0.0106
045 581 0.0105
045 736 0.0105
045 348 0.0104
045 774 0.0104
045 321 0.0104
045 401 0.0103
045 1430 0.0103
045 1265 0.0103
045 525 0.0102
045 1173 0.0101
045 1452 0.0101
045 486 0.0101
045 417 0.0100
045 1071 0.0100
045 1127 0.0100
045 962 0.0099
045 1016 0.0099
045 454 0.0099
045 1159 0.0099
045 806 0.0097
045 1422 0.0097
045 226 0.0097
045 1404 0.0097
045 652 0.0097
045 106 0.0096
045 857 0.0096
045 322 0.0096
045 326 0.0096
045 1074 0.0096
045 1332 0.0095
045 846 0.0095
045 1026 0.0095
045 1289 0.0094
045 1250 0.0094
045 744 0.0093
045 1355 0.0093
045 578 0.0093
045 519 0.0093
045 830 0.0093
045 436 0.0093
045 598 0.0092
045 388 0.0092
045 198 0.0092
045 1400 0.0092
045 1049 0.0092
045 1324 0.0091
045 759 0.0091
045 773 0.0091
045 769 0.0091
045 835 0.0091
045 108 0.0091
045 1373 0.0090
045 301 0.0089
045 1191 0.0089
045 879 0.0089
045 863 0.0089
045 1318 0.0089
045 1348 0.0089
045 766 0.0089
045 461 0.0088
045 973 0.0086
045 683 0.0086
045 694 0.0086
045 556 0.0085
045 1313 0.0085
045 1558 0.0085
045 1557 0.0085
045 47 0.0084
045 1224 0.0084
045 810 0.0084
045 1283 0.0083
045 1509 0.0083
045 1402 0.0083
045 1367 0.0083
045 297 0.0083
045 734 0.0082
045 1371 0.0082
045 1209 0.0082
045 201 0.0082
045 1361 0.0082
045 768 0.0082
045 1374 0.0081
045 70 0.0081
045 1463 0.0081
045 333 0.0080
045 373 0.0080
045 516 0.0080
045 561 0.0079
045 1197 0.0079
045 711 0.0078
045 368 0.0078
045 895 0.0077
045 955 0.0077
045 1579 0.0077
045 69 0.0077
045 1263 0.0076
045 928 0.0076
045 1084 0.0075
045 699 0.0075
045 91 0.0075
045 641 0.0075
045 1528 0.0074
045 172 0.0074
045 183 0.0074
045 848 0.0074
045 906 0.0074
045 1068 0.0074
045 866 0.0073
045 257 0.0073
045 847 0.0073
045 1234 0.0073
045 1091 0.0073
045 891 0.0073
045 112 0.0071
045 1450 0.0071
045 268 0.0071
045 767 0.0071
045 1414 0.0071
045 1164 0.0071
045 786 0.0071
045 94 0.0070
045 1525 0.0070
045 869 0.0070
045 252 0.0069
045 258 0.0069
045 515 0.0069
045 713 0.0068
045 239 0.0068
045 1144 0.0068
045 1006 0.0068
045 988 0.0067
045 409 0.0067
045 1076 0.0066
045 1031 0.0066
045 637 0.0066
045 1192 0.0066
045 296 0.0065
045 77 0.0065
045 929 0.0065
045 93 0.0065
045 684 0.0064
045 1174 0.0064
045 558 0.0064
045 1354 0.0064
045 1138 0.0064
045 870 0.0063
045 99 0.0063
045 119 0.0063
045 465 0.0063
045 187 0.0063
045 1339 0.0063
045 1335 0.0063
045 573 0.0062
045 666 0.0062
045 1187 0.0062
045 4 0.0062
045 1153 0.0062
045 1075 0.0061
045 1048 0.0061
045 402 0.0061
045 751 0.0061
045 1053 0.0060
045 1453 0.0060
045 78 0.0060
045 608 0.0059
045 366 0.0059
045 1466 0.0058
045 855 0.0058
045 367 0.0058
045 601 0.0057
045 1392 0.0057
045 898 0.0057
045 196 0.0056
045 627 0.0056
045 1409 0.0055
045 1211 0.0055
045 1516 0.0055
045 878 0.0055
045 738 0.0054
045 633 0.0054
045 567 0.0054
045 64 0.0054
045 1085 0.0054
045 325 0.0052
045 1200 0.0052
045 1156 0.0052
045 1301 0.0052
045 216 0.0051
045 877 0.0051
045 1207 0.0050
045 784 0.0050
045 1298 0.0049
045 462 0.0049
045 704 0.0049
045 475 0.0049
045 117 0.0049
045 549 0.0048
045 214 0.0048
045 752 0.0048
045 1222 0.0047
045 1394 0.0047
045 163 0.0047
045 640 0.0047
045 97 0.0046
045 1347 0.0045
045 924 0.0045
045 1465 0.0044
045 1555 0.0043
045 407 0.0043
045 2 0.0043
045 622 0.0042
045 663 0.0042
045 174 0.0042
045 127 0.0040
045 1266 0.0039
045 1061 0.0039
045 1444 0.0039
045 440 0.0039
045 38 0.0038
045 602 0.0038
045 1287 0.0037
045 179 0.0037
045 418 0.0036
045 676 0.0035
045 716 0.0035
045 872 0.0035
045 597 0.0035
045 90 0.0035
045 11 0.0035
045 240 0.0035
045 1395 0.0034
045 1150 0.0033
045 1481 0.0031
045 772 0.0031
045 49 0.0031
045 420 0.0031
045 1008 0.0031
045 1092 0.0031
045 26 0.0031
045 136 0.0031
045 894 0.0030
045 387 0.0030
045 565 0.0030
045 724 0.0029
045 953 0.0029
045 167 0.0029
045 346 0.0029
045 243 0.0029
045 428 0.0028
045 65 0.0028
045 672 0.0027
045 382 0.0027
045 35 0.0026
045 161 0.0026
045 1583 0.0026
045 890 0.0025
045 607 0.0025
045 1349 0.0025
045 142 0.0024
045 692 0.0024
045 541 0.0024
045 310 0.0023
045 314 0.0023
045 523 0.0023
045 528 0.0023
045 965 0.0023
045 427 0.0023
045 489 0.0023
045 431 0.0023
045 1116 0.0022
045 951 0.0022
045 434 0.0022
045 941 0.0022
045 109 0.0022
045 584 0.0021
045 797 0.0021
045 219 0.0021
045 447 0.0021
045 1161 0.0020
045 193 0.0020
045 58 0.0020
045 933 0.0020
045 761 0.0019
045 642 0.0019
045 349 0.0019
045 372 0.0019
045 1247 0.0018
045 1460 0.0018
045 798 0.0018
045 1350 0.0017
045 820 0.0017
045 1233 0.0017
045 1346 0.0017
045 755 0.0017
045 1415 0.0017
045 1387 0.0017
045 1047 0.0016
045 350 0.0015
045 880 0.0015
045 1046 0.0015
045 1329 0.0015
045 1235 0.0014
045 1148 0.0014
045 1397 0.0014
045 1370 0.0014
045 1510 0.0013
045 533 0.0013
045 317 0.0013
045 248 0.0012
045 1036 0.0012
045 1193 0.0012
045 222 0.0012
045 701 0.0012
045 681 0.0012
045 437 0.0010
045 472 0.0010
045 114 0.0010
045 1007 0.0009
045 1542 0.0009
046 1374 0.3542
046 532 0.3538
046 1044 0.2680
046 1122 0.2513
046 426 0.2354
046 955 0.2141
046 377 0.2116
046 189 0.2060
046 55 0.1973
046 951 0.1947
046 736 0.1934
046 1378 0.1871
046 147 0.1792
046 1264 0.1787
046 749 0.1767
046 1172 0.1764
046 1342 0.1756
046 591 0.1748
046 814 0.1740
046 954 0.1664
046 1365 0.1588
046 1388 0.1550
046 903 0.1495
046 1035 0.1485
046 1085 0.1460
046 807 0.1446
046 935 0.1437
046 560 0.1433
046 198 0.1414
046 290 0.1395
046 559 0.1388
046 1022 0.1376
046 1520 0.1338
046 727 0.1313
046 28 0.1262
046 1297 0.1260
046 923 0.1240
046 342 0.1232
046 96 0.1223
046 1343 0.1212
046 481 0.1189
046 1257 0.1184
046 1130 0.1157
046 1083 0.1149
046 1254 0.1123
046 1101 0.1103
046 1108 0.1098
046 594 0.1083
046 466 0.1081
046 946 0.1072
046 817 0.1065
046 1070 0.1049
046 530 0.1039
046 1382 0.1016
046 126 0.1013
046 280 0.0982
046 1028 0.0942
046 299 0.0939
046 921 0.0938
046 1057 0.0933
046 677 0.0932
046 212 0.0927
046 577 0.0918
046 1071 0.0914
046 719 0.0907
046 1244 0.0901
046 566 0.0890
046 652 0.0890
046 266 0.0890
046 1091 0.0887
046 504 0.0878
046 826 0.0876
046 849 0.0870
046 534 0.0869
046 186 0.0864
046 1240 0.0855
046 394 0.0841
046 1018 0.0810
046 785 0.0802
046 397 0.0802
046 91 0.0798
046 309 0.0798
046 712 0.0795
046 312 0.0795
046 600 0.0790
046 796 0.0781
046 1208 0.0777
046 695 0.0775
046 250 0.0773
046 1150 0.0768
046 464 0.0765
046 624 0.0758
046 116 0.0752
046 384 0.0750
046 187 0.0747
046 331 0.0740
046 637 0.0734
046 256 0.0729
046 682 0.0727
046 1441 0.0718
046 647 0.0717
046 40 0.0717
046 1073 0.0713
046 909 0.0713
046 901 0.0708
046 95 0.0708
046 1247 0.0705
046 1210 0.0703
046 155 0.0702
046 1319 0.0702
046 148 0.0695
046 67 0.0694
046 301 0.0687
046 499 0.0672
046 653 0.0666
046 415 0.0665
046 395 0.0663
046 1024 0.0662
046 367 0.0659
046 516 0.0655
046 537 0.0655
046 391 0.0651
046 1407 0.0648
046 357 0.0637
046 1433 0.0635
046 294 0.0635
046 462 0.0632
046 912 0.0628
046 1564 0.0618
046 731 0.0617
046 1523 0.0615
046 884 0.0612
046 1397 0.0605
046 942 0.0602
046 845 0.0601
046 296 0.0600
046 1020 0.0591
046 1316 0.0575
046 535 0.0574
046 1389 0.0573
046 358 0.0572
046 1375 0.0569
046 988 0.0565
046 1320 0.0563
046 586 0.0562
046 1054 0.0559
046 1301 0.0559
046 18 0.0556
046 844 0.0552
046 281 0.0551
046 592 0.0550
046 1142 0.0550
046 855 0.0550
046 840 0.0547
046 611 0.0545
046 605 0.0542
046 177 0.0539
046 1467 0.0539
046 194 0.0534
046 474 0.0532
046 739 0.0529
046 215 0.0527
046 149 0.0526
046 185 0.0524
046 730 0.0523
046 89 0.0520
046 1387 0.0519
046 811 0.0515
046 1013 0.0514
046 724 0.0512
046 728 0.0511
046 1021 0.0510
046 418 0.0508
046 311 0.0506
046 1309 0.0505
046 1132 0.0504
046 99 0.0499
046 1173 0.0499
046 414 0.0497
046 381 0.0496
046 1379 0.0495
046 506 0.0495
046 1352 0.0493
046 127 0.0490
046 1335 0.0488
046 1237 0.0485
046 780 0.0484
046 971 0.0483
046 879 0.0482
046 468 0.0480
046 896 0.0480
046 219 0.0475
046 1412 0.0474
046 876 0.0472
046 760 0.0470
046 1478 0.0469
046 679 0.0467
046 963 0.0463
046 1289 0.0457
046 130 0.0456
046 107 0.0455
046 353 0.0452
046 1023 0.0451
046 809 0.0451
046 242 0.0450
046 801 0.0448
046 576 0.0447
046 623 0.0442
046 310 0.0442
046 641 0.0441
046 608 0.0440
046 111 0.0439
046 60 0.0433
046 970 0.0431
046 1282 0.0430
046 1180 0.0430
046 513 0.0429
046 465 0.0429
046 124 0.0428
046 63 0.0426
046 1145 0.0424
046 722 0.0423
046 638 0.0415
046 1160 0.0414
046 771 0.0413
046 650 0.0412
046 732 0.0412
046 1125 0.0410
046 252 0.0410
046 230 0.0408
046 1327 0.0407
046 709 0.0406
046 1482 0.0404
046 733 0.0403
046 765 0.0403
046 1056 0.0401
046 1225 0.0399
046 947 0.0398
046 271 0.0396
046 4 0.0395
046 61 0.0395
046 217 0.0394
046 422 0.0394
046 314 0.0394
046 751 0.0392
046 1072 0.0392
046 1182 0.0391
046 1317 0.0391
046 1168 0.0390
046 1267 0.0390
046 87 0.0390
046 922 0.0389
046 1533 0.0389
046 1006 0.0387
046 1351 0.0385
046 625 0.0383
046 201 0.0382
046 413 0.0381
046 851 0.0381
046 251 0.0380
046 361 0.0380
046 686 0.0377
046 1288 0.0376
046 914 0.0373
046 1321 0.0371
046 862 0.0370
046 522 0.0369
046 607 0.0368
046 1089 0.0367
046 940 0.0367
046 982 0.0366
046 285 0.0366
046 848 0.0363
046 1473 0.0360
046 1358 0.0358
046 531 0.0357
046 1176 0.0357
046 1369 0.0356
046 5 0.0355
046 213 0.0350
046 676 0.0350
046 1356 0.0349
046 661 0.0347
046 990 0.0347
046 315 0.0345
046 246 0.0344
046 1253 0.0344
046 204 0.0343
046 937 0.0343
046 268 0.0343
046 720 0.0342
046 1123 0.0342
046 778 0.0341
046 818 0.0339
046 402 0.0338
046 284 0.0337
046 425 0.0336
046 1256 0.0335
046 525 0.0334
046 965 0.0332
046 779 0.0329
046 1450 0.0329
046 1001 0.0328
046 430 0.0325
046 259 0.0322
046 1513 0.0321
046 332 0.0319
046 482 0.0318
046 949 0.0317
046 1065 0.0317
046 1446 0.0317
046 1481 0.0317
046 293 0.0316
046 1095 0.0316
046 628 0.0315
046 1127 0.0315
046 258 0.0313
046 238 0.0312
046 675 0.0312
046 1386 0.0311
046 892 0.0311
046 404 0.0310
046 1144 0.0310
046 825 0.0310
046 1050 0.0310
046 656 0.0309
046 968 0.0308
046 1325 0.0307
046 945 0.0305
046 175 0.0304
046 696 0.0304
046 374 0.0304
046 1437 0.0303
046 820 0.0302
046 54 0.0299
046 1239 0.0299
046 347 0.0299
046 1192 0.0295
046 1037 0.0294
046 1519 0.0294
046 398 0.0293
046 1014 0.0292
046 1094 0.0291
046 1030 0.0290
046 1572 0.0289
046 1117 0.0289
046 1549 0.0288
046 454 0.0288
046 45 0.0287
046 428 0.0287
046 1280 0.0286
046 734 0.0285
046 1373 0.0285
046 639 0.0285
046 1517 0.0284
046 1503 0.0284
046 1372 0.0284
046 670 0.0281
046 334 0.0281
046 463 0.0280
046 563 0.0279
046 379 0.0278
046 1334 0.0276
046 1236 0.0276
046 1521 0.0276
046 171 0.0276
046 1151 0.0275
046 1436 0.0275
046 767 0.0275
046 408 0.0275
046 571 0.0274
046 766 0.0273
046 118 0.0272
046 1205 0.0272
046 1491 0.0269
046 205 0.0269
046 1400 0.0268
046 1026 0.0268
046 62 0.0267
046 1298 0.0267
046 1273 0.0266
046 1195 0.0266
046 295 0.0264
046 868 0.0264
046 446 0.0262
046 705 0.0261
046 1078 0.0260
046 1508 0.0260
046 113 0.0260
046 47 0.0259
046 1406 0.0258
046 321 0.0258
046 131 0.0257
046 984 0.0257
046 567 0.0256
046 979 0.0256
046 614 0.0254
046 1337 0.0254
046 1216 0.0253
046 776 0.0253
046 1417 0.0252
046 1206 0.0252
046 1315 0.0252
046 25 0.0249
046 1488 0.0249
046 603 0.0249
046 7 0.0249
046 533 0.0249
046 1164 0.0249
046 264 0.0248
046 864 0.0248
046 12 0.0247
046 69 0.0247
046 403 0.0246
046 742 0.0244
046 179 0.0243
046 496 0.0243
046 444 0.0243
046 1015 0.0243
046 134 0.0241
046 1128 0.0241
046 636 0.0240
046 913 0.0240
046 991 0.0240
046 1421 0.0239
046 1331 0.0239
046 1029 0.0238
046 558 0.0238
046 352 0.0238
046 964 0.0237
046 235 0.0237
046 345 0.0236
046 1167 0.0236
046 999 0.0235
046 511 0.0235
046 966 0.0235
046 977 0.0234
046 196 0.0233
046 1364 0.0233
046 1546 0.0233
046 654 0.0233
046 1283 0.0232
046 610 0.0231
046 1529 0.0231
046 1336 0.0231
046 836 0.0230
046 154 0.0230
046 1484 0.0229
046 1395 0.0229
046 476 0.0228
046 1077 0.0228
046 489 0.0228
046 1259 0.0228
046 363 0.0227
046 1178 0.0227
046 978 0.0227
046 354 0.0226
046 1547 0.0224
046 33 0.0223
046 1197 0.0223
046 996 0.0223
046 287 0.0223
046 1154 0.0221
046 857 0.0220
046 1219 0.0219
046 1458 0.0219
046 1345 0.0218
046 1079 0.0218
046 459 0.0217
046 1456 0.0217
046 1211 0.0217
046 330 0.0217
046 436 0.0216
046 1120 0.0215
046 1442 0.0215
046 36 0.0214
046 599 0.0214
046 399 0.0214
046 123 0.0213
046 1196 0.0212
046 273 0.0211
046 218 0.0211
046 797 0.0211
046 172 0.0210
046 382 0.0210
046 1310 0.0210
046 1485 0.0209
046 190 0.0206
046 340 0.0206
046 106 0.0206
046 140 0.0205
046 199 0.0205
046 1422 0.0205
046 874 0.0204
046 180 0.0204
046 773 0.0204
046 43 0.0204
046 423 0.0203
046 1514 0.0203
046 1224 0.0201
046 302 0.0201
046 1308 0.0201
046 994 0.0200
046 1413 0.0199
046 920 0.0199
046 1217 0.0198
046 789 0.0198
046 1579 0.0197
046 479 0.0197
046 1303 0.0197
046 961 0.0196
046 828 0.0195
046 1494 0.0195
046 502 0.0195
046 1571 0.0195
046 166 0.0194
046 1403 0.0193
046 263 0.0193
046 1126 0.0193
046 1344 0.0193
046 757 0.0192
046 612 0.0192
046 960 0.0191
046 1512 0.0191
046 1324 0.0190
046 645 0.0190
046 138 0.0189
046 598 0.0189
046 416 0.0189
046 1370 0.0188
046 846 0.0188
046 1561 0.0188
046 1139 0.0187
046 355 0.0187
046 806 0.0187
046 208 0.0187
046 348 0.0187
046 687 0.0187
046 447 0.0187
046 1291 0.0186
046 585 0.0186
046 371 0.0185
046 579 0.0185
046 1084 0.0184
046 665 0.0183
046 1353 0.0183
046 929 0.0183
046 337 0.0182
046 1246 0.0182
046 1354 0.0182
046 726 0.0182
046 582 0.0182
046 232 0.0181
046 888 0.0181
046 830 0.0181
046 1380 0.0180
046 1055 0.0179
046 662 0.0179
046 697 0.0179
046 1075 0.0178
046 170 0.0178
046 1509 0.0177
046 103 0.0177
046 514 0.0176
046 105 0.0175
046 926 0.0174
046 1012 0.0174
046 1313 0.0174
046 114 0.0173
046 673 0.0173
046 924 0.0173
046 22 0.0172
046 31 0.0171
046 98 0.0171
046 1493 0.0171
046 715 0.0170
046 1492 0.0169
046 1226 0.0169
046 1058 0.0169
046 588 0.0169
046 1368 0.0169
046 1524 0.0168
046 291 0.0168
046 1255 0.0168
046 92 0.0168
046 336 0.0167
046 1278 0.0167
046 432 0.0166
046 82 0.0166
046 821 0.0165
046 741 0.0164
046 1183 0.0164
046 1163 0.0163
046 471 0.0163
046 1109 0.0163
046 1100 0.0162
046 101 0.0162
046 1104 0.0162
046 799 0.0161
046 792 0.0159
046 224 0.0159
046 613 0.0159
046 139 0.0159
046 908 0.0159
046 494 0.0158
046 492 0.0158
046 995 0.0157
046 632 0.0157
046 808 0.0157
046 248 0.0155
046 136 0.0155
046 442 0.0155
046 1440 0.0155
046 597 0.0154
046 1068 0.0154
046 1576 0.0154
046 1501 0.0154
046 1404 0.0153
046 713 0.0153
046 389 0.0153
046 1322 0.0153
046 1424 0.0152
046 642 0.0152
046 703 0.0152
046 746 0.0151
046 1064 0.0150
046 3 0.0150
046 1419 0.0150
046 1218 0.0149
046 34 0.0149
046 1445 0.0147
046 1483 0.0147
046 452 0.0147
046 486 0.0146
046 1260 0.0146
046 793 0.0146
046 1295 0.0144
046 1135 0.0144
046 467 0.0143
046 939 0.0143
046 160 0.0143
046 74 0.0143
046 1103 0.0143
046 274 0.0142
046 253 0.0142
046 827 0.0142
046 191 0.0142
046 243 0.0141
046 1147 0.0140
046 1272 0.0140
046 1451 0.0139
046 1279 0.0139
046 1573 0.0139
046 1428 0.0139
046 587 0.0139
046 385 0.0139
046 322 0.0139
046 49 0.0138
046 247 0.0137
046 1292 0.0136
046 1457 0.0136
046 1550 0.0136
046 1398 0.0136
046 1133 0.0136
046 1184 0.0136
046 144 0.0135
046 842 0.0135
046 967 0.0134
046 1557 0.0134
046 936 0.0134
046 1076 0.0134
046 549 0.0134
046 376 0.0131
046 788 0.0131
046 1506 0.0130
046 838 0.0130
046 292 0.0130
046 822 0.0130
046 42 0.0129
046 1271 0.0129
046 72 0.0129
046 438 0.0129
046 1171 0.0128
046 70 0.0128
046 557 0.0128
046 1033 0.0127
046 1453 0.0127
046 889 0.0126
046 1119 0.0125
046 829 0.0125
046 1566 0.0125
046 565 0.0124
046 359 0.0123
046 450 0.0123
046 573 0.0123
046 962 0.0123
046 59 0.0123
046 29 0.0123
046 1341 0.0122
046 928 0.0122
046 1410 0.0122
046 88 0.0122
046 1158 0.0122
046 304 0.0122
046 1186 0.0121
046 307 0.0120
046 743 0.0120
046 1179 0.0119
046 210 0.0119
046 1209 0.0118
046 473 0.0118
046 183 0.0118
046 435 0.0117
046 1198 0.0117
046 401 0.0117
046 1430 0.0117
046 1265 0.0116
046 750 0.0116
046 798 0.0116
046 790 0.0116
046 658 0.0115
046 1542 0.0115
046 748 0.0115
046 1097 0.0115
046 1452 0.0114
046 1000 0.0114
046 1477 0.0114
046 417 0.0113
046 870 0.0112
046 1581 0.0112
046 451 0.0111
046 1159 0.0111
046 83 0.0111
046 583 0.0110
046 507 0.0110
046 1434 0.0109
046 165 0.0109
046 145 0.0109
046 1110 0.0108
046 1432 0.0108
046 1332 0.0108
046 46 0.0108
046 704 0.0108
046 805 0.0108
046 1323 0.0108
046 1114 0.0107
046 169 0.0107
046 616 0.0105
046 1169 0.0105
046 1009 0.0105
046 388 0.0104
046 1563 0.0104
046 680 0.0104
046 1067 0.0104
046 969 0.0103
046 873 0.0103
046 519 0.0103
046 536 0.0102
046 763 0.0102
046 1155 0.0101
046 1203 0.0101
046 1190 0.0101
046 181 0.0101
046 1138 0.0101
046 66 0.0101
046 1476 0.0101
046 1304 0.0100
046 362 0.0100
046 740 0.0100
046 1454 0.0100
046 480 0.0100
046 630 0.0099
046 1149 0.0098
046 973 0.0098
046 683 0.0097
046 383 0.0097
046 1504 0.0097
046 694 0.0097
046 1053 0.0097
046 556 0.0096
046 882 0.0096
046 1270 0.0096
046 344 0.0096
046 1069 0.0096
046 774 0.0096
046 411 0.0095
046 1048 0.0095
046 393 0.0095
046 655 0.0095
046 569 0.0095
046 584 0.0095
046 810 0.0094
046 1578 0.0094
046 1367 0.0094
046 339 0.0093
046 297 0.0093
046 1560 0.0093
046 469 0.0093
046 498 0.0093
046 128 0.0093
046 162 0.0093
046 1243 0.0093
046 351 0.0093
046 437 0.0093
046 1143 0.0092
046 1042 0.0091
046 129 0.0091
046 521 0.0091
046 674 0.0090
046 561 0.0090
046 952 0.0089
046 184 0.0089
046 520 0.0088
046 368 0.0088
046 1286 0.0088
046 823 0.0088
046 657 0.0088
046 1061 0.0088
046 487 0.0087
046 1559 0.0087
046 895 0.0087
046 1262 0.0087
046 764 0.0087
046 575 0.0086
046 1300 0.0086
046 1357 0.0086
046 699 0.0085
046 1390 0.0084
046 270 0.0084
046 581 0.0084
046 75 0.0084
046 20 0.0084
046 1136 0.0084
046 883 0.0083
046 987 0.0083
046 871 0.0083
046 1575 0.0083
046 899 0.0082
046 589 0.0082
046 546 0.0081
046 1170 0.0081
046 1194 0.0081
046 540 0.0081
046 1414 0.0080
046 510 0.0080
046 278 0.0079
046 94 0.0079
046 1215 0.0079
046 1525 0.0079
046 1490 0.0078
046 1558 0.0078
046 515 0.0078
046 380 0.0077
046 1074 0.0077
046 239 0.0077
046 768 0.0076
046 137 0.0076
046 1113 0.0075
046 919 0.0075
046 495 0.0075
046 392 0.0075
046 409 0.0075
046 1511 0.0075
046 1181 0.0075
046 1031 0.0075
046 915 0.0075
046 68 0.0075
046 753 0.0074
046 813 0.0074
046 1214 0.0073
046 1540 0.0073
046 684 0.0073
046 1174 0.0073
046 1522 0.0073
046 1461 0.0072
046 1447 0.0071
046 1252 0.0071
046 725 0.0071
046 265 0.0071
046 666 0.0070
046 1499 0.0070
046 173 0.0070
046 164 0.0070
046 1153 0.0070
046 225 0.0069
046 651 0.0069
046 1479 0.0069
046 1528 0.0069
046 867 0.0069
046 1088 0.0068
046 216 0.0068
046 104 0.0068
046 1449 0.0067
046 1383 0.0067
046 850 0.0067
046 956 0.0067
046 412 0.0067
046 989 0.0066
046 1415 0.0066
046 387 0.0066
046 1275 0.0065
046 718 0.0065
046 1066 0.0065
046 485 0.0065
046 1392 0.0064
046 21 0.0064
046 303 0.0063
046 972 0.0063
046 490 0.0063
046 590 0.0063
046 1516 0.0062
046 276 0.0062
046 1466 0.0062
046 1443 0.0061
046 904 0.0061
046 738 0.0061
046 633 0.0061
046 863 0.0060
046 1312 0.0060
046 866 0.0059
046 325 0.0059
046 1299 0.0059
046 1156 0.0059
046 1465 0.0058
046 1328 0.0058
046 254 0.0058
046 877 0.0058
046 691 0.0057
046 1577 0.0056
046 78 0.0056
046 783 0.0055
046 1207 0.0055
046 475 0.0055
046 907 0.0054
046 1394 0.0053
046 53 0.0053
046 640 0.0053
046 1221 0.0052
046 1475 0.0052
046 1039 0.0052
046 443 0.0051
046 1347 0.0051
046 803 0.0051
046 1534 0.0051
046 756 0.0050
046 1175 0.0050
046 1556 0.0048
046 461 0.0048
046 365 0.0048
046 1038 0.0048
046 1060 0.0047
046 1087 0.0046
046 1152 0.0046
046 433 0.0046
046 689 0.0044
046 57 0.0044
046 373 0.0044
046 1258 0.0044
046 916 0.0044
046 1362 0.0044
046 448 0.0043
046 860 0.0043
046 229 0.0043
046 440 0.0043
046 1223 0.0043
046 97 0.0042
046 617 0.0042
046 120 0.0042
046 843 0.0041
046 1355 0.0041
046 1340 0.0040
046 812 0.0040
046 1423 0.0040
046 1274 0.0040
046 288 0.0040
046 759 0.0040
046 1425 0.0040
046 1507 0.0039
046 1302 0.0039
046 240 0.0039
046 244 0.0039
046 1495 0.0038
046 1162 0.0038
046 992 0.0037
046 1233 0.0037
046 629 0.0037
046 1047 0.0036
046 1318 0.0036
046 168 0.0036
046 861 0.0036
046 621 0.0036
046 1418 0.0035
046 834 0.0035
046 1471 0.0035
046 79 0.0035
046 547 0.0034
046 894 0.0034
046 762 0.0034
046 1489 0.0034
046 1107 0.0033
046 1329 0.0032
046 815 0.0032
046 572 0.0031
046 898 0.0031
046 998 0.0031
046 1118 0.0031
046 1105 0.0030
046 698 0.0030
046 233 0.0029
046 925 0.0028
046 1010 0.0028
046 1532 0.0027
046 449 0.0027
046 77 0.0026
046 668 0.0025
046 1544 0.0024
046 1505 0.0023
046 472 0.0022
046 1333 0.0022
046 1191 0.0021
046 707 0.0019
047 1184 0.3612
047 1269 0.3302
047 1275 0.3164
047 189 0.2945
047 1429 0.2907
047 1297 0.2904
047 255 0.2856
047 1101 0.2814
047 1502 0.2714
047 338 0.2624
047 147 0.2609
047 1042 0.2599
047 907 0.2490
047 1022 0.2429
047 923 0.2424
047 426 0.2397
047 290 0.2380
047 1055 0.2362
047 1426 0.2337
047 1254 0.2328
047 1108 0.2293
047 783 0.2277
047 591 0.2234
047 1427 0.2215
047 946 0.2175
047 488 0.2016
047 979 0.2010
047 286 0.1997
047 1020 0.1925
047 104 0.1916
047 728 0.1899
047 1520 0.1894
047 1372 0.1894
047 1388 0.1849
047 406 0.1837
047 880 0.1813
047 1300 0.1798
047 1009 0.1791
047 580 0.1724
047 479 0.1687
047 1007 0.1679
047 1056 0.1678
047 814 0.1673
047 271 0.1671
047 1146 0.1666
047 355 0.1645
047 345 0.1627
047 605 0.1603
047 471 0.1596
047 709 0.1575
047 715 0.1574
047 450 0.1567
047 577 0.1535
047 67 0.1516
047 451 0.1513
047 963 0.1500
047 1225 0.1496
047 935 0.1488
047 496 0.1487
047 1533 0.1483
047 1278 0.1467
047 1315 0.1459
047 1398 0.1456
047 730 0.1428
047 1407 0.1414
047 291 0.1413
047 887 0.1395
047 1182 0.1388
047 1523 0.1360
047 914 0.1351
047 468 0.1309
047 1461 0.1306
047 1196 0.1305
047 459 0.1302
047 1312 0.1289
047 1172 0.1284
047 1459 0.1283
047 91 0.1280
047 1296 0.1276
047 1257 0.1271
047 776 0.1259
047 1280 0.1256
047 737 0.1249
047 1083 0.1244
047 148 0.1231
047 311 0.1223
047 66 0.1222
047 14 0.1208
047 1122 0.1192
047 1474 0.1189
047 134 0.1186
047 1473 0.1177
047 464 0.1174
047 576 0.1170
047 867 0.1164
047 840 0.1163
047 1065 0.1162
047 660 0.1151
047 587 0.1138
047 1142 0.1137
047 725 0.1135
047 567 0.1134
047 989 0.1128
047 994 0.1123
047 1024 0.1122
047 1379 0.1120
047 498 0.1115
047 826 0.1110
047 1478 0.1109
047 1071 0.1103
047 1057 0.1100
047 224 0.1094
047 1488 0.1092
047 756 0.1089
047 1069 0.1089
047 155 0.1089
047 1378 0.1069
047 1054 0.1066
047 281 0.1061
047 1475 0.1054
047 462 0.1051
047 981 0.1041
047 1176 0.1040
047 1144 0.1023
047 1305 0.1022
047 309 0.1015
047 800 0.1014
047 942 0.1002
047 653 0.1001
047 1441 0.1001
047 862 0.0997
047 947 0.0995
047 330 0.0994
047 381 0.0974
047 304 0.0961
047 922 0.0949
047 1272 0.0949
047 484 0.0936
047 1294 0.0932
047 46 0.0930
047 765 0.0926
047 357 0.0925
047 161 0.0923
047 1411 0.0911
047 594 0.0909
047 735 0.0909
047 990 0.0908
047 441 0.0885
047 1469 0.0885
047 1546 0.0884
047 1322 0.0877
047 1340 0.0872
047 266 0.0870
047 629 0.0868
047 722 0.0864
047 1262 0.0860
047 397 0.0857
047 1354 0.0851
047 1433 0.0845
047 20 0.0839
047 145 0.0839
047 1406 0.0839
047 1382 0.0835
047 1450 0.0834
047 480 0.0829
047 1445 0.0825
047 473 0.0824
047 624 0.0818
047 559 0.0812
047 504 0.0810
047 1464 0.0805
047 251 0.0803
047 702 0.0789
047 729 0.0789
047 95 0.0779
047 731 0.0772
047 611 0.0768
047 896 0.0768
047 1130 0.0761
047 465 0.0759
047 1457 0.0750
047 1120 0.0746
047 1226 0.0746
047 999 0.0744
047 1320 0.0742
047 1456 0.0739
047 452 0.0739
047 1021 0.0736
047 961 0.0730
047 762 0.0730
047 1147 0.0722
047 592 0.0720
047 1128 0.0719
047 977 0.0717
047 448 0.0716
047 1100 0.0714
047 1484 0.0714
047 1267 0.0713
047 647 0.0707
047 1306 0.0707
047 307 0.0704
047 1180 0.0703
047 1279 0.0702
047 1419 0.0700
047 901 0.0698
047 675 0.0696
047 1377 0.0695
047 661 0.0694
047 809 0.0692
047 1016 0.0691
047 970 0.0685
047 1203 0.0677
047 1245 0.0675
047 1175 0.0673
047 510 0.0672
047 590 0.0671
047 995 0.0666
047 63 0.0662
047 1288 0.0660
047 1485 0.0658
047 1060 0.0658
047 1277 0.0657
047 1141 0.0654
047 393 0.0653
047 101 0.0653
047 1386 0.0651
047 742 0.0651
047 1082 0.0650
047 1319 0.0647
047 697 0.0646
047 1476 0.0645
047 1070 0.0641
047 1204 0.0641
047 474 0.0637
047 639 0.0636
047 267 0.0635
047 1258 0.0634
047 1434 0.0632
047 1202 0.0632
047 1512 0.0630
047 252 0.0629
047 747 0.0622
047 1006 0.0614
047 1508 0.0612
047 1160 0.0612
047 1521 0.0607
047 918 0.0602
047 1336 0.0600
047 822 0.0600
047 537 0.0595
047 1449 0.0590
047 558 0.0584
047 734 0.0579
047 600 0.0578
047 1132 0.0577
047 1240 0.0575
047 32 0.0569
047 1292 0.0564
047 1050 0.0563
047 1011 0.0562
047 1113 0.0560
047 1458 0.0558
047 1058 0.0557
047 469 0.0557
047 784 0.0551
047 875 0.0551
047 210 0.0550
047 230 0.0548
047 1052 0.0543
047 1075 0.0542
047 1530 0.0538
047 334 0.0537
047 803 0.0536
047 318 0.0536
047 384 0.0535
047 411 0.0535
047 1328 0.0535
047 1357 0.0534
047 82 0.0533
047 86 0.0529
047 885 0.0519
047 243 0.0517
047 425 0.0512
047 1298 0.0512
047 289 0.0508
047 1005 0.0507
047 466 0.0504
047 712 0.0502
047 925 0.0502
047 1303 0.0502
047 852 0.0500
047 556 0.0498
047 1440 0.0496
047 589 0.0493
047 1351 0.0492
047 926 0.0488
047 217 0.0487
047 10 0.0487
047 721 0.0486
047 560 0.0483
047 244 0.0482
047 1418 0.0482
047 956 0.0482
047 1522 0.0479
047 625 0.0478
047 696 0.0476
047 436 0.0474
047 843 0.0469
047 743 0.0467
047 572 0.0466
047 668 0.0465
047 329 0.0460
047 206 0.0458
047 1529 0.0455
047 860 0.0447
047 1127 0.0447
047 1446 0.0447
047 129 0.0446
047 936 0.0446
047 623 0.0444
047 1363 0.0444
047 969 0.0444
047 285 0.0443
047 49 0.0442
047 724 0.0440
047 1034 0.0439
047 568 0.0439
047 695 0.0438
047 1413 0.0437
047 750 0.0436
047 1373 0.0435
047 645 0.0435
047 1506 0.0432
047 1195 0.0430
047 1205 0.0429
047 1561 0.0425
047 1154 0.0425
047 1117 0.0422
047 788 0.0420
047 1171 0.0418
047 749 0.0417
047 458 0.0417
047 1451 0.0417
047 1383 0.0416
047 753 0.0416
047 178 0.0413
047 1041 0.0411
047 259 0.0409
047 1365 0.0407
047 991 0.0407
047 1027 0.0407
047 815 0.0405
047 1395 0.0405
047 213 0.0403
047 664 0.0403
047 485 0.0402
047 348 0.0402
047 1115 0.0398
047 208 0.0397
047 1088 0.0396
047 835 0.0396
047 921 0.0395
047 1028 0.0395
047 190 0.0395
047 293 0.0394
047 336 0.0393
047 1539 0.0392
047 566 0.0391
047 912 0.0391
047 503 0.0391
047 617 0.0388
047 481 0.0383
047 884 0.0383
047 915 0.0383
047 487 0.0383
047 1376 0.0383
047 376 0.0382
047 379 0.0382
047 982 0.0381
047 356 0.0381
047 395 0.0379
047 256 0.0379
047 650 0.0378
047 980 0.0377
047 435 0.0377
047 385 0.0376
047 207 0.0376
047 1129 0.0376
047 1317 0.0375
047 1442 0.0375
047 1403 0.0374
047 423 0.0372
047 662 0.0371
047 1515 0.0367
047 1125 0.0366
047 710 0.0363
047 658 0.0362
047 816 0.0361
047 773 0.0360
047 1358 0.0360
047 811 0.0360
047 362 0.0360
047 1067 0.0358
047 449 0.0358
047 1087 0.0357
047 1308 0.0354
047 1173 0.0354
047 1181 0.0354
047 720 0.0354
047 1153 0.0353
047 636 0.0353
047 796 0.0351
047 1369 0.0351
047 616 0.0350
047 778 0.0349
047 1309 0.0348
047 204 0.0347
047 412 0.0347
047 1015 0.0346
047 108 0.0346
047 757 0.0346
047 760 0.0343
047 399 0.0343
047 1030 0.0341
047 805 0.0341
047 968 0.0341
047 618 0.0340
047 1089 0.0340
047 813 0.0340
047 1045 0.0338
047 477 0.0338
047 1381 0.0336
047 1356 0.0335
047 670 0.0335
047 949 0.0335
047 1334 0.0334
047 343 0.0334
047 546 0.0331
047 1008 0.0331
047 1234 0.0331
047 607 0.0329
047 1519 0.0329
047 1331 0.0328
047 495 0.0326
047 960 0.0325
047 99 0.0325
047 1342 0.0324
047 165 0.0323
047 508 0.0323
047 1390 0.0321
047 492 0.0321
047 253 0.0320
047 536 0.0320
047 232 0.0318
047 1370 0.0318
047 870 0.0318
047 1001 0.0317
047 191 0.0316
047 1178 0.0316
047 1483 0.0316
047 1393 0.0316
047 149 0.0315
047 774 0.0314
047 1273 0.0314
047 1031 0.0313
047 1253 0.0311
047 1208 0.0310
047 1396 0.0308
047 117 0.0308
047 759 0.0307
047 1239 0.0307
047 1543 0.0307
047 75 0.0305
047 438 0.0304
047 797 0.0302
047 432 0.0301
047 1019 0.0300
047 986 0.0298
047 1355 0.0297
047 1013 0.0297
047 984 0.0294
047 1477 0.0293
047 1537 0.0293
047 1535 0.0292
047 511 0.0291
047 582 0.0291
047 1222 0.0289
047 89 0.0289
047 41 0.0287
047 162 0.0287
047 1352 0.0285
047 1252 0.0285
047 1118 0.0284
047 1014 0.0281
047 1467 0.0281
047 683 0.0280
047 964 0.0279
047 6 0.0278
047 539 0.0277
047 1012 0.0276
047 316 0.0274
047 1495 0.0274
047 909 0.0274
047 257 0.0272
047 1557 0.0272
047 1097 0.0271
047 422 0.0270
047 1462 0.0270
047 312 0.0269
047 719 0.0269
047 903 0.0268
047 1307 0.0268
047 284 0.0268
047 846 0.0266
047 88 0.0266
047 528 0.0266
047 310 0.0266
047 711 0.0265
047 70 0.0264
047 732 0.0264
047 153 0.0263
047 287 0.0262
047 939 0.0262
047 1498 0.0262
047 1420 0.0260
047 351 0.0259
047 73 0.0258
047 659 0.0257
047 517 0.0257
047 1243 0.0256
047 1302 0.0255
047 506 0.0255
047 205 0.0254
047 295 0.0254
047 1032 0.0254
047 1421 0.0254
047 1091 0.0254
047 1035 0.0252
047 1199 0.0251
047 882 0.0251
047 1211 0.0250
047 1332 0.0250
047 374 0.0248
047 1260 0.0247
047 741 0.0247
047 188 0.0247
047 280 0.0245
047 1230 0.0245
047 1103 0.0243
047 340 0.0243
047 1389 0.0242
047 1224 0.0242
047 1281 0.0240
047 138 0.0238
047 1486 0.0237
047 680 0.0236
047 12 0.0236
047 61 0.0233
047 1229 0.0231
047 398 0.0230
047 391 0.0230
047 335 0.0230
047 1540 0.0229
047 599 0.0229
047 1270 0.0226
047 988 0.0225
047 1145 0.0224
047 654 0.0224
047 799 0.0222
047 1513 0.0222
047 135 0.0221
047 1470 0.0221
047 54 0.0221
047 154 0.0221
047 733 0.0221
047 29 0.0220
047 886 0.0220
047 1037 0.0219
047 1264 0.0217
047 19 0.0217
047 1189 0.0217
047 1261 0.0215
047 938 0.0215
047 1578 0.0214
047 781 0.0214
047 107 0.0213
047 526 0.0213
047 833 0.0213
047 1289 0.0213
047 1246 0.0212
047 282 0.0210
047 22 0.0209
047 1333 0.0208
047 1029 0.0208
047 831 0.0207
047 651 0.0206
047 113 0.0205
047 1344 0.0204
047 1062 0.0203
047 910 0.0201
047 1010 0.0201
047 632 0.0198
047 140 0.0198
047 874 0.0196
047 1482 0.0196
047 859 0.0195
047 1092 0.0193
047 622 0.0192
047 1284 0.0192
047 299 0.0191
047 516 0.0191
047 1304 0.0191
047 1349 0.0191
047 535 0.0190
047 294 0.0190
047 945 0.0189
047 331 0.0189
047 361 0.0189
047 555 0.0189
047 699 0.0188
047 171 0.0187
047 380 0.0186
047 713 0.0186
047 1350 0.0185
047 948 0.0184
047 663 0.0184
047 1164 0.0183
047 476 0.0183
047 292 0.0183
047 1263 0.0182
047 540 0.0180
047 679 0.0179
047 585 0.0179
047 593 0.0178
047 851 0.0178
047 358 0.0177
047 440 0.0176
047 467 0.0176
047 665 0.0176
047 3 0.0176
047 518 0.0176
047 1194 0.0174
047 52 0.0174
047 427 0.0174
047 446 0.0173
047 1326 0.0173
047 836 0.0171
047 825 0.0171
047 844 0.0171
047 170 0.0171
047 60 0.0171
047 1408 0.0170
047 103 0.0170
047 677 0.0169
047 615 0.0168
047 992 0.0166
047 987 0.0166
047 273 0.0166
047 751 0.0166
047 666 0.0166
047 418 0.0165
047 31 0.0165
047 1323 0.0164
047 509 0.0164
047 1039 0.0163
047 1301 0.0163
047 579 0.0162
047 565 0.0162
047 223 0.0162
047 197 0.0161
047 631 0.0160
047 1299 0.0160
047 124 0.0160
047 863 0.0159
047 1425 0.0159
047 842 0.0159
047 499 0.0158
047 265 0.0157
047 125 0.0157
047 1064 0.0156
047 978 0.0156
047 879 0.0156
047 193 0.0156
047 1348 0.0155
047 630 0.0155
047 1131 0.0155
047 416 0.0154
047 1371 0.0154
047 1282 0.0154
047 1188 0.0153
047 908 0.0153
047 1123 0.0152
047 106 0.0151
047 808 0.0151
047 1560 0.0151
047 638 0.0150
047 628 0.0149
047 976 0.0149
047 394 0.0149
047 1576 0.0148
047 375 0.0148
047 389 0.0147
047 1460 0.0146
047 550 0.0146
047 746 0.0145
047 1293 0.0144
047 123 0.0144
047 1218 0.0143
047 1335 0.0143
047 164 0.0143
047 1380 0.0143
047 222 0.0142
047 337 0.0141
047 701 0.0140
047 1412 0.0140
047 1553 0.0140
047 1295 0.0139
047 1179 0.0138
047 242 0.0138
047 1271 0.0137
047 274 0.0137
047 767 0.0136
047 1112 0.0136
047 634 0.0136
047 300 0.0135
047 1156 0.0134
047 444 0.0134
047 233 0.0133
047 247 0.0133
047 414 0.0133
047 952 0.0133
047 1191 0.0132
047 691 0.0132
047 1550 0.0131
047 1183 0.0131
047 1072 0.0130
047 954 0.0130
047 1581 0.0130
047 97 0.0130
047 686 0.0129
047 215 0.0129
047 137 0.0129
047 900 0.0127
047 1514 0.0127
047 364 0.0127
047 1114 0.0126
047 1177 0.0126
047 1479 0.0126
047 179 0.0126
047 42 0.0124
047 705 0.0124
047 1531 0.0124
047 72 0.0124
047 789 0.0124
047 470 0.0124
047 562 0.0124
047 557 0.0123
047 1501 0.0123
047 40 0.0122
047 1385 0.0122
047 342 0.0121
047 1255 0.0121
047 889 0.0121
047 829 0.0120
047 1566 0.0120
047 763 0.0119
047 1423 0.0119
047 823 0.0119
047 315 0.0119
047 344 0.0118
047 59 0.0118
047 240 0.0118
047 1341 0.0118
047 486 0.0117
047 83 0.0117
047 28 0.0116
047 1290 0.0115
047 1327 0.0115
047 1148 0.0115
047 48 0.0114
047 581 0.0114
047 872 0.0114
047 736 0.0114
047 321 0.0113
047 1517 0.0112
047 401 0.0112
047 1430 0.0112
047 657 0.0112
047 1265 0.0112
047 614 0.0112
047 1134 0.0111
047 748 0.0110
047 828 0.0110
047 1452 0.0110
047 794 0.0110
047 1216 0.0109
047 98 0.0109
047 1210 0.0109
047 417 0.0109
047 79 0.0108
047 962 0.0108
047 1410 0.0108
047 454 0.0107
047 1159 0.0107
047 87 0.0106
047 806 0.0106
047 674 0.0106
047 1436 0.0105
047 1422 0.0105
047 1404 0.0105
047 652 0.0105
047 1536 0.0105
047 857 0.0105
047 326 0.0104
047 1432 0.0104
047 1095 0.0103
047 169 0.0103
047 1026 0.0103
047 1481 0.0103
047 1244 0.0102
047 718 0.0102
047 548 0.0101
047 1416 0.0101
047 578 0.0101
047 519 0.0101
047 1169 0.0101
047 764 0.0101
047 830 0.0101
047 404 0.0101
047 598 0.0100
047 388 0.0100
047 198 0.0100
047 1400 0.0100
047 1337 0.0100
047 1324 0.0099
047 1135 0.0099
047 430 0.0098
047 998 0.0098
047 1542 0.0098
047 1190 0.0097
047 301 0.0097
047 766 0.0096
047 740 0.0096
047 1454 0.0096
047 461 0.0095
047 248 0.0095
047 1155 0.0094
047 771 0.0094
047 973 0.0094
047 1353 0.0094
047 1314 0.0093
047 694 0.0093
047 1558 0.0092
047 1133 0.0092
047 1466 0.0092
047 47 0.0092
047 693 0.0092
047 1480 0.0091
047 810 0.0091
047 1283 0.0091
047 824 0.0091
047 254 0.0091
047 1509 0.0090
047 1367 0.0090
047 339 0.0090
047 297 0.0090
047 1494 0.0089
047 201 0.0089
047 1361 0.0089
047 768 0.0089
047 392 0.0089
047 1374 0.0088
047 1511 0.0088
047 373 0.0087
047 561 0.0086
047 700 0.0086
047 1163 0.0085
047 1197 0.0085
047 837 0.0085
047 405 0.0085
047 368 0.0085
047 1076 0.0084
047 895 0.0084
047 955 0.0084
047 1579 0.0084
047 69 0.0083
047 443 0.0083
047 1077 0.0083
047 575 0.0083
047 245 0.0083
047 928 0.0083
047 77 0.0083
047 1084 0.0081
047 55 0.0081
047 641 0.0081
047 1528 0.0081
047 172 0.0081
047 183 0.0080
047 1524 0.0080
047 848 0.0080
047 906 0.0080
047 1068 0.0080
047 1575 0.0080
047 847 0.0079
047 1170 0.0078
047 656 0.0078
047 114 0.0077
047 268 0.0077
047 1414 0.0077
047 94 0.0076
047 1525 0.0076
047 507 0.0075
047 673 0.0075
047 258 0.0075
047 515 0.0075
047 1285 0.0074
047 246 0.0074
047 239 0.0074
047 1505 0.0074
047 919 0.0072
047 409 0.0072
047 637 0.0072
047 1192 0.0072
047 296 0.0071
047 39 0.0071
047 873 0.0071
047 1214 0.0070
047 929 0.0070
047 93 0.0070
047 684 0.0070
047 1174 0.0070
047 1138 0.0069
047 371 0.0069
047 817 0.0068
047 119 0.0068
047 187 0.0068
047 1339 0.0068
047 573 0.0068
047 1187 0.0067
047 4 0.0067
047 402 0.0066
047 1053 0.0065
047 1453 0.0065
047 1286 0.0065
047 78 0.0065
047 612 0.0065
047 790 0.0064
047 608 0.0064
047 366 0.0064
047 855 0.0063
047 367 0.0063
047 601 0.0062
047 1392 0.0062
047 898 0.0062
047 521 0.0062
047 196 0.0061
047 627 0.0060
047 1516 0.0060
047 878 0.0059
047 802 0.0059
047 904 0.0059
047 738 0.0059
047 633 0.0059
047 64 0.0058
047 1085 0.0058
047 985 0.0057
047 1093 0.0057
047 626 0.0057
047 325 0.0057
047 1200 0.0057
047 924 0.0057
047 871 0.0056
047 216 0.0056
047 669 0.0056
047 877 0.0055
047 1140 0.0055
047 1207 0.0054
047 704 0.0053
047 475 0.0053
047 549 0.0053
047 214 0.0052
047 752 0.0052
047 1394 0.0051
047 1471 0.0051
047 163 0.0051
047 640 0.0051
047 1347 0.0049
047 1465 0.0048
047 937 0.0047
047 1000 0.0047
047 1555 0.0046
047 407 0.0046
047 2 0.0046
047 439 0.0046
047 1443 0.0045
047 174 0.0045
047 1330 0.0044
047 127 0.0043
047 1266 0.0043
047 739 0.0043
047 1061 0.0042
047 283 0.0042
047 1158 0.0042
047 38 0.0042
047 118 0.0041
047 602 0.0041
047 1287 0.0041
047 1109 0.0040
047 377 0.0040
047 212 0.0038
047 676 0.0038
047 716 0.0038
047 597 0.0038
047 90 0.0038
047 1563 0.0038
047 11 0.0038
047 1492 0.0037
047 333 0.0037
047 1150 0.0036
047 804 0.0034
047 983 0.0034
047 772 0.0034
047 420 0.0034
047 26 0.0034
047 136 0.0033
047 858 0.0033
047 894 0.0033
047 387 0.0032
047 953 0.0032
047 1066 0.0032
047 167 0.0032
047 346 0.0031
047 972 0.0031
047 428 0.0031
047 996 0.0031
047 1562 0.0031
047 463 0.0030
047 65 0.0030
047 672 0.0030
047 382 0.0029
047 35 0.0029
047 43 0.0028
047 1583 0.0028
047 890 0.0027
047 1049 0.0027
047 142 0.0026
047 692 0.0026
047 717 0.0026
047 541 0.0026
047 314 0.0025
047 523 0.0025
047 1534 0.0025
047 965 0.0025
047 489 0.0025
047 431 0.0025
047 1116 0.0024
047 951 0.0024
047 434 0.0024
047 502 0.0024
047 941 0.0024
047 109 0.0024
047 584 0.0023
047 1360 0.0023
047 219 0.0023
047 447 0.0023
047 1375 0.0022
047 1161 0.0022
047 58 0.0022
047 619 0.0022
047 933 0.0022
047 761 0.0021
047 642 0.0021
047 1033 0.0021
047 349 0.0021
047 372 0.0020
047 1247 0.0020
047 173 0.0019
047 798 0.0019
047 1096 0.0019
047 820 0.0018
047 1233 0.0018
047 1346 0.0018
047 755 0.0018
047 1415 0.0018
047 1387 0.0018
047 1047 0.0018
047 350 0.0017
047 1046 0.0016
047 1329 0.0016
047 1235 0.0016
047 744 0.0016
047 845 0.0016
047 1397 0.0015
047 1510 0.0014
047 533 0.0014
047 1402 0.0014
047 317 0.0014
047 1036 0.0013
047 1193 0.0013
047 36 0.0013
047 681 0.0013
047 437 0.0011
047 472 0.0011
047 1048 0.0010
047 971 0.0010
047 1099 0.0010
047 1444 0.0007
048 1405 0.3249
048 561 0.2972
048 640 0.2782
048 1516 0.2740
048 953 0.2540
048 1078 0.2506
048 1341 0.2480
048 861 0.2331
048 1314 0.2262
048 720 0.2253
048 655 0.2091
048 205 0.2003
048 665 0.1925
048 1058 0.1791
048 761 0.1782
048 369 0.1746
048 1458 0.1735
048 973 0.1724
048 1068 0.1702
048 1272 0.1618
048 1241 0.1617
048 940 0.1596
048 370 0.1573
048 1367 0.1498
048 384 0.1464
048 574 0.1444
048 235 0.1428
048 564 0.1408
048 1249 0.1407
048 1544 0.1404
048 410 0.1404
048 888 0.1385
048 860 0.1385
048 1170 0.1376
048 1178 0.1369
048 942 0.1368
048 808 0.1329
048 934 0.1324
048 1000 0.1320
048 1133 0.1318
048 1372 0.1317
048 1495 0.1308
048 1399 0.1294
048 806 0.1293
048 1549 0.1291
048 864 0.1286
048 938 0.1274
048 1319 0.1271
048 907 0.1271
048 832 0.1268
048 1095 0.1263
048 273 0.1243
048 786 0.1225
048 1303 0.1218
048 766 0.1209
048 1210 0.1208
048 63 0.1196
048 775 0.1188
048 605 0.1178
048 920 0.1176
048 286 0.1167
048 652 0.1165
048 354 0.1155
048 1344 0.1154
048 1162 0.1136
048 314 0.1133
048 378 0.1123
048 335 0.1115
048 1125 0.1110
048 679 0.1097
048 1245 0.1095
048 426 0.1092
048 733 0.1087
048 711 0.1076
048 839 0.1073
048 1360 0.1063
048 606 0.1058
048 266 0.1052
048 1430 0.1052
048 1416 0.1051
048 810 0.1051
048 1474 0.1042
048 742 0.1032
048 986 0.1031
048 422 0.1021
048 357 0.1001
048 1022 0.0998
048 1273 0.0987
048 1044 0.0987
048 956 0.0981
048 1097 0.0978
048 1160 0.0973
048 1083 0.0965
048 1227 0.0960
048 570 0.0960
048 1340 0.0958
048 1150 0.0954
048 412 0.0947
048 1035 0.0942
048 8 0.0940
048 1343 0.0935
048 1010 0.0932
048 776 0.0932
048 358 0.0930
048 941 0.0927
048 1429 0.0926
048 1492 0.0925
048 750 0.0924
048 1203 0.0923
048 1318 0.0922
048 827 0.0922
048 1136 0.0919
048 1175 0.0916
048 367 0.0906
048 1526 0.0905
048 1072 0.0905
048 677 0.0902
048 1518 0.0901
048 267 0.0897
048 1012 0.0894
048 1198 0.0893
048 394 0.0888
048 465 0.0885
048 1579 0.0883
048 1101 0.0881
048 185 0.0881
048 284 0.0879
048 769 0.0875
048 1328 0.0873
048 914 0.0870
048 599 0.0868
048 1546 0.0868
048 1209 0.0859
048 529 0.0856
048 952 0.0855
048 831 0.0854
048 583 0.0852
048 870 0.0852
048 1256 0.0847
048 1315 0.0844
048 1129 0.0838
048 734 0.0836
048 563 0.0834
048 1476 0.0829
048 1488 0.0826
048 505 0.0823
048 408 0.0822
048 857 0.0822
048 460 0.0820
048 1117 0.0820
048 1342 0.0817
048 867 0.0816
048 1257 0.0814
048 1557 0.0814
048 47 0.0809
048 371 0.0807
048 963 0.0804
048 546 0.0802
048 1138 0.0802
048 1362 0.0799
048 1564 0.0798
048 637 0.0791
048 1357 0.0791
048 157 0.0791
048 653 0.0790
048 491 0.0787
048 762 0.0786
048 735 0.0786
048 1054 0.0785
048 1252 0.0784
048 792 0.0784
048 945 0.0782
048 710 0.0782
048 939 0.0780
048 879 0.0778
048 33 0.0778
048 575 0.0777
048 443 0.0777
048 1364 0.0776
048 1475 0.0773
048 1469 0.0770
048 1299 0.0770
048 513 0.0769
048 486 0.0769
048 1208 0.0758
048 1376 0.0757
048 901 0.0757
048 828 0.0756
048 801 0.0754
048 1258 0.0754
048 622 0.0753
048 1317 0.0750
048 138 0.0749
048 515 0.0746
048 1144 0.0746
048 1537 0.0746
048 1259 0.0746
048 193 0.0745
048 1274 0.0744
048 1152 0.0742
048 255 0.0739
048 1146 0.0739
048 1312 0.0735
048 756 0.0734
048 50 0.0733
048 1512 0.0730
048 1511 0.0728
048 1254 0.0727
048 589 0.0726
048 489 0.0725
048 1143 0.0723
048 482 0.0722
048 107 0.0722
048 915 0.0720
048 1503 0.0720
048 730 0.0715
048 927 0.0712
048 1021 0.0711
048 1275 0.0710
048 1427 0.0706
048 672 0.0706
048 402 0.0705
048 1491 0.0705
048 1005 0.0704
048 1297 0.0702
048 768 0.0701
048 372 0.0701
048 116 0.0700
048 1426 0.0698
048 331 0.0697
048 1165 0.0696
048 359 0.0696
048 101 0.0695
048 463 0.0695
048 81 0.0694
048 1550 0.0694
048 1182 0.0693
048 1194 0.0689
048 919 0.0688
048 1348 0.0688
048 472 0.0688
048 82 0.0687
048 741 0.0687
048 536 0.0685
048 173 0.0685
048 743 0.0685
048 214 0.0684
048 1281 0.0681
048 507 0.0681
048 746 0.0678
048 208 0.0676
048 1040 0.0676
048 1484 0.0674
048 374 0.0672
048 990 0.0670
048 614 0.0669
048 1115 0.0668
048 878 0.0666
048 1020 0.0664
048 57 0.0664
048 351 0.0662
048 1508 0.0662
048 1029 0.0660
048 1156 0.0660
048 531 0.0656
048 1403 0.0655
048 999 0.0655
048 199 0.0653
048 223 0.0653
048 1548 0.0652
048 254 0.0651
048 1460 0.0649
048 1384 0.0648
048 755 0.0647
048 532 0.0647
048 1212 0.0647
048 1540 0.0646
048 723 0.0645
048 739 0.0645
048 706 0.0643
048 213 0.0641
048 38 0.0640
048 1277 0.0638
048 521 0.0637
048 992 0.0636
048 662 0.0634
048 666 0.0633
048 797 0.0630
048 22 0.0628
048 1536 0.0628
048 318 0.0627
048 1096 0.0625
048 696 0.0624
048 818 0.0623
048 1246 0.0623
048 498 0.0623
048 725 0.0621
048 420 0.0621
048 1240 0.0620
048 1324 0.0619
048 228 0.0618
048 881 0.0617
048 1524 0.0616
048 1105 0.0615
048 1449 0.0615
048 209 0.0614
048 1496 0.0613
048 584 0.0612
048 822 0.0611
048 1338 0.0609
048 900 0.0609
048 1335 0.0608
048 1145 0.0608
048 1218 0.0605
048 859 0.0600
048 17 0.0599
048 695 0.0596
048 1086 0.0596
048 745 0.0594
048 25 0.0594
048 1174 0.0594
048 1204 0.0591
048 1100 0.0589
048 1051 0.0588
048 1439 0.0588
048 1104 0.0587
048 526 0.0587
048 573 0.0587
048 1293 0.0586
048 259 0.0585
048 1084 0.0585
048 1140 0.0582
048 1067 0.0581
048 1296 0.0581
048 1545 0.0581
048 1108 0.0581
048 418 0.0580
048 177 0.0580
048 1305 0.0579
048 1463 0.0579
048 496 0.0578
048 483 0.0578
048 991 0.0575
048 1349 0.0573
048 787 0.0573
048 887 0.0572
048 238 0.0570
048 347 0.0570
048 903 0.0568
048 2 0.0567
048 1248 0.0567
048 814 0.0566
048 757 0.0566
048 1413 0.0563
048 447 0.0560
048 1121 0.0558
048 149 0.0558
048 682 0.0553
048 1171 0.0553
048 732 0.0552
048 1393 0.0546
048 103 0.0545
048 1176 0.0544
048 643 0.0544
048 1375 0.0543
048 315 0.0543
048 501 0.0543
048 1498 0.0538
048 437 0.0536
048 993 0.0533
048 1383 0.0533
048 795 0.0532
048 32 0.0531
048 821 0.0530
048 1509 0.0530
048 1447 0.0530
048 230 0.0529
048 1219 0.0525
048 104 0.0524
048 452 0.0520
048 842 0.0517
048 598 0.0517
048 376 0.0517
048 1425 0.0516
048 415 0.0516
048 726 0.0515
048 836 0.0514
048 805 0.0513
048 1230 0.0512
048 638 0.0510
048 1271 0.0510
048 736 0.0509
048 1411 0.0509
048 1057 0.0509
048 681 0.0509
048 948 0.0508
048 1223 0.0504
048 558 0.0503
048 1368 0.0501
048 1048 0.0500
048 1028 0.0500
048 965 0.0499
048 824 0.0498
048 400 0.0498
048 197 0.0497
048 911 0.0497
048 276 0.0496
048 231 0.0496
048 1334 0.0495
048 751 0.0494
048 190 0.0494
048 224 0.0494
048 154 0.0494
048 393 0.0493
048 191 0.0492
048 538 0.0492
048 1270 0.0489
048 1421 0.0488
048 1103 0.0487
048 1336 0.0487
048 1464 0.0486
048 1164 0.0485
048 1206 0.0485
048 697 0.0484
048 329 0.0484
048 1074 0.0482
048 905 0.0481
048 1374 0.0480
048 912 0.0479
048 1390 0.0478
048 381 0.0478
048 884 0.0477
048 433 0.0477
048 449 0.0476
048 974 0.0475
048 635 0.0474
048 269 0.0474
048 1502 0.0471
048 1521 0.0470
048 813 0.0469
048 1008 0.0468
048 1455 0.0468
048 140 0.0468
048 1487 0.0468
048 1075 0.0467
048 959 0.0466
048 48 0.0466
048 770 0.0463
048 451 0.0462
048 471 0.0461
048 164 0.0461
048 506 0.0460
048 799 0.0458
048 1192 0.0458
048 1446 0.0457
048 559 0.0455
048 1378 0.0455
048 1322 0.0452
048 862 0.0451
048 215 0.0448
048 39 0.0447
048 1456 0.0446
048 840 0.0446
048 1527 0.0445
048 178 0.0442
048 1539 0.0442
048 1023 0.0442
048 1163 0.0441
048 120 0.0440
048 557 0.0439
048 1410 0.0435
048 431 0.0435
048 803 0.0435
048 323 0.0435
048 1295 0.0435
048 1185 0.0434
048 957 0.0433
048 875 0.0433
048 1076 0.0432
048 1280 0.0430
048 435 0.0430
048 603 0.0429
048 60 0.0428
048 59 0.0427
048 1583 0.0426
048 1268 0.0426
048 740 0.0426
048 687 0.0425
048 1128 0.0424
048 1493 0.0422
048 467 0.0422
048 1346 0.0422
048 752 0.0422
048 928 0.0421
048 1130 0.0421
048 930 0.0419
048 854 0.0419
048 715 0.0419
048 330 0.0417
048 1325 0.0416
048 258 0.0415
048 261 0.0412
048 134 0.0411
048 1026 0.0411
048 293 0.0410
048 152 0.0410
048 1570 0.0410
048 1533 0.0410
048 1461 0.0408
048 399 0.0408
048 66 0.0407
048 29 0.0407
048 738 0.0407
048 24 0.0406
048 651 0.0406
048 1300 0.0406
048 647 0.0405
048 588 0.0405
048 395 0.0401
048 324 0.0401
048 1424 0.0400
048 783 0.0399
048 896 0.0399
048 1398 0.0399
048 362 0.0399
048 1414 0.0398
048 714 0.0398
048 586 0.0397
048 1394 0.0397
048 1113 0.0396
048 910 0.0395
048 1494 0.0394
048 1153 0.0392
048 902 0.0392
048 1454 0.0392
048 669 0.0391
048 503 0.0391
048 837 0.0389
048 1141 0.0388
048 705 0.0387
048 110 0.0387
048 425 0.0386
048 229 0.0385
048 217 0.0385
048 1525 0.0384
048 76 0.0383
048 93 0.0381
048 1177 0.0381
048 252 0.0380
048 587 0.0380
048 337 0.0379
048 375 0.0379
048 1541 0.0378
048 299 0.0378
048 1134 0.0377
048 1382 0.0376
048 1253 0.0375
048 430 0.0374
048 1043 0.0373
048 1087 0.0371
048 1400 0.0369
048 1091 0.0369
048 917 0.0369
048 1352 0.0368
048 998 0.0367
048 1395 0.0367
048 1225 0.0367
048 1438 0.0366
048 1402 0.0366
048 219 0.0366
048 1014 0.0365
048 1507 0.0364
048 929 0.0364
048 1445 0.0364
048 790 0.0364
048 1142 0.0364
048 1154 0.0363
048 1019 0.0362
048 1077 0.0362
048 398 0.0360
048 1039 0.0359
048 819 0.0356
048 1260 0.0356
048 444 0.0355
048 268 0.0354
048 781 0.0353
048 1466 0.0353
048 1007 0.0352
048 288 0.0351
048 788 0.0350
048 609 0.0349
048 1485 0.0348
048 949 0.0348
048 660 0.0347
048 748 0.0345
048 782 0.0345
048 363 0.0345
048 1412 0.0345
048 1432 0.0344
048 233 0.0343
048 541 0.0342
048 674 0.0342
048 1520 0.0342
048 1229 0.0342
048 189 0.0341
048 321 0.0340
048 717 0.0340
048 1345 0.0339
048 124 0.0338
048 796 0.0337
048 848 0.0337
048 954 0.0337
048 151 0.0336
048 64 0.0336
048 1060 0.0336
048 1515 0.0336
048 1114 0.0336
048 1093 0.0333
048 310 0.0333
048 121 0.0333
048 466 0.0331
048 342 0.0331
048 567 0.0331
048 889 0.0331
048 379 0.0331
048 602 0.0330
048 523 0.0330
048 26 0.0329
048 453 0.0329
048 654 0.0328
048 416 0.0328
048 1562 0.0327
048 1407 0.0327
048 1226 0.0327
048 958 0.0326
048 198 0.0326
048 1234 0.0326
048 581 0.0326
048 200 0.0326
048 1566 0.0325
048 210 0.0324
048 172 0.0322
048 353 0.0321
048 102 0.0321
048 777 0.0320
048 619 0.0318
048 759 0.0318
048 438 0.0317
048 1267 0.0316
048 1538 0.0315
048 524 0.0314
048 727 0.0314
048 960 0.0313
048 534 0.0313
048 1242 0.0313
048 201 0.0313
048 303 0.0313
048 136 0.0313
048 979 0.0311
048 1085 0.0310
048 688 0.0309
048 1517 0.0308
048 891 0.0308
048 88 0.0307
048 1289 0.0306
048 1391 0.0303
048 883 0.0303
048 722 0.0302
048 661 0.0302
048 285 0.0302
048 1359 0.0301
048 1037 0.0300
048 129 0.0300
048 1309 0.0299
048 871 0.0299
048 1158 0.0298
048 951 0.0298
048 1535 0.0298
048 1202 0.0298
048 1457 0.0297
048 1050 0.0297
048 516 0.0295
048 774 0.0294
048 19 0.0294
048 525 0.0292
048 1419 0.0292
048 1247 0.0291
048 341 0.0291
048 1553 0.0290
048 326 0.0288
048 1221 0.0288
048 440 0.0288
048 1321 0.0288
048 702 0.0287
048 403 0.0287
048 843 0.0284
048 244 0.0284
048 1529 0.0284
048 1255 0.0283
048 282 0.0283
048 556 0.0283
048 685 0.0283
048 179 0.0283
048 28 0.0279
048 1385 0.0279
048 916 0.0278
048 853 0.0278
048 763 0.0278
048 630 0.0277
048 62 0.0277
048 691 0.0276
048 1308 0.0276
048 729 0.0275
048 1483 0.0274
048 145 0.0273
048 1199 0.0273
048 243 0.0272
048 815 0.0270
048 174 0.0270
048 156 0.0270
048 1418 0.0268
048 389 0.0268
048 895 0.0268
048 758 0.0267
048 793 0.0266
048 988 0.0266
048 89 0.0265
048 572 0.0265
048 476 0.0265
048 962 0.0264
048 11 0.0264
048 1173 0.0264
048 823 0.0264
048 1379 0.0263
048 78 0.0262
048 373 0.0262
048 1243 0.0262
048 686 0.0261
048 459 0.0261
048 1017 0.0260
048 514 0.0260
048 1082 0.0260
048 657 0.0259
048 1578 0.0258
048 924 0.0258
048 1471 0.0257
048 1120 0.0255
048 885 0.0255
048 1547 0.0254
048 671 0.0254
048 604 0.0253
048 155 0.0253
048 1236 0.0253
048 617 0.0253
048 1563 0.0252
048 1279 0.0251
048 317 0.0250
048 170 0.0250
048 771 0.0249
048 850 0.0249
048 423 0.0249
048 1251 0.0249
048 1079 0.0249
048 281 0.0249
048 511 0.0248
048 1371 0.0246
048 360 0.0246
048 576 0.0245
048 1069 0.0245
048 1214 0.0245
048 846 0.0245
048 1239 0.0245
048 1320 0.0244
048 1531 0.0243
048 390 0.0242
048 1462 0.0240
048 44 0.0240
048 1065 0.0239
048 1228 0.0239
048 627 0.0239
048 569 0.0239
048 1151 0.0239
048 518 0.0238
048 1224 0.0238
048 922 0.0238
048 585 0.0237
048 462 0.0235
048 1401 0.0235
048 608 0.0235
048 721 0.0234
048 194 0.0233
048 892 0.0233
048 527 0.0233
048 1235 0.0233
048 397 0.0232
048 1047 0.0232
048 86 0.0231
048 21 0.0230
048 502 0.0229
048 1155 0.0229
048 20 0.0229
048 1468 0.0228
048 182 0.0228
048 1576 0.0228
048 789 0.0228
048 15 0.0226
048 632 0.0226
048 1373 0.0226
048 747 0.0225
048 877 0.0225
048 1034 0.0224
048 1333 0.0223
048 684 0.0222
048 712 0.0222
048 72 0.0222
048 1298 0.0222
048 1041 0.0221
048 975 0.0221
048 811 0.0221
048 349 0.0221
048 1099 0.0220
048 863 0.0220
048 1018 0.0220
048 186 0.0220
048 350 0.0220
048 85 0.0220
048 595 0.0220
048 765 0.0220
048 1355 0.0219
048 1220 0.0219
048 1232 0.0219
048 1031 0.0218
048 322 0.0218
048 754 0.0218
048 291 0.0217
048 913 0.0217
048 615 0.0215
048 530 0.0215
048 1543 0.0214
048 87 0.0214
048 946 0.0214
048 683 0.0213
048 1302 0.0212
048 158 0.0212
048 42 0.0212
048 488 0.0212
048 1510 0.0211
048 719 0.0211
048 1501 0.0209
048 1032 0.0209
048 668 0.0209
048 1183 0.0208
048 83 0.0206
048 600 0.0206
048 1480 0.0205
048 265 0.0205
048 1003 0.0205
048 1534 0.0204
048 874 0.0203
048 937 0.0203
048 168 0.0203
048 345 0.0202
048 744 0.0202
048 1159 0.0202
048 53 0.0201
048 308 0.0200
048 535 0.0200
048 1137 0.0199
048 241 0.0199
048 1351 0.0199
048 364 0.0199
048 1118 0.0199
048 1205 0.0198
048 1042 0.0198
048 547 0.0198
048 512 0.0198
048 487 0.0197
048 338 0.0197
048 294 0.0196
048 1211 0.0196
048 327 0.0195
048 479 0.0195
048 1369 0.0195
048 694 0.0195
048 1111 0.0194
048 508 0.0194
048 1196 0.0194
048 868 0.0193
048 1002 0.0193
048 1107 0.0193
048 481 0.0193
048 131 0.0192
048 809 0.0192
048 12 0.0192
048 1350 0.0192
048 820 0.0192
048 355 0.0191
048 296 0.0191
048 566 0.0190
048 220 0.0190
048 520 0.0190
048 1489 0.0190
048 1347 0.0189
048 202 0.0189
048 1370 0.0189
048 361 0.0188
048 1528 0.0187
048 1184 0.0187
048 311 0.0186
048 1081 0.0185
048 1207 0.0185
048 468 0.0185
048 1423 0.0185
048 620 0.0185
048 225 0.0184
048 1490 0.0184
048 1388 0.0184
048 206 0.0183
048 117 0.0183
048 1504 0.0183
048 1301 0.0183
048 904 0.0183
048 56 0.0183
048 344 0.0182
048 925 0.0182
048 1119 0.0182
048 737 0.0182
048 760 0.0182
048 52 0.0181
048 309 0.0180
048 699 0.0179
048 414 0.0178
048 522 0.0178
048 100 0.0178
048 692 0.0178
048 773 0.0178
048 594 0.0178
048 474 0.0178
048 58 0.0176
048 1519 0.0175
048 108 0.0175
048 115 0.0175
048 187 0.0175
048 876 0.0174
048 1036 0.0174
048 1571 0.0174
048 1532 0.0173
048 767 0.0172
048 1073 0.0172
048 1024 0.0172
048 1262 0.0171
048 4 0.0171
048 648 0.0171
048 779 0.0171
048 982 0.0169
048 977 0.0169
048 1386 0.0169
048 492 0.0169
048 969 0.0168
048 1327 0.0168
048 1478 0.0168
048 690 0.0167
048 312 0.0167
048 545 0.0167
048 880 0.0167
048 9 0.0167
048 1513 0.0166
048 519 0.0166
048 485 0.0166
048 54 0.0165
048 316 0.0165
048 689 0.0165
048 1276 0.0164
048 417 0.0164
048 67 0.0164
048 99 0.0164
048 1554 0.0164
048 1358 0.0164
048 262 0.0164
048 192 0.0164
048 1278 0.0163
048 659 0.0163
048 658 0.0163
048 1053 0.0163
048 565 0.0163
048 921 0.0162
048 184 0.0162
048 577 0.0161
048 613 0.0161
048 899 0.0161
048 1431 0.0161
048 967 0.0161
048 817 0.0160
048 664 0.0159
048 245 0.0159
048 211 0.0159
048 1409 0.0159
048 700 0.0159
048 392 0.0159
048 1269 0.0158
048 866 0.0158
048 794 0.0157
048 791 0.0156
048 300 0.0156
048 1055 0.0156
048 289 0.0156
048 123 0.0155
048 987 0.0155
048 931 0.0154
048 906 0.0153
048 494 0.0153
048 829 0.0153
048 704 0.0153
048 450 0.0152
048 552 0.0152
048 34 0.0152
048 579 0.0151
048 611 0.0151
048 1056 0.0151
048 807 0.0150
048 339 0.0150
048 852 0.0150
048 830 0.0150
048 139 0.0149
048 457 0.0148
048 542 0.0148
048 495 0.0148
048 18 0.0147
048 1244 0.0147
048 1071 0.0147
048 436 0.0147
048 1417 0.0145
048 1094 0.0145
048 171 0.0144
048 994 0.0144
048 328 0.0144
048 582 0.0143
048 141 0.0143
048 675 0.0143
048 1354 0.0143
048 401 0.0142
048 1265 0.0142
048 950 0.0142
048 148 0.0141
048 504 0.0141
048 549 0.0141
048 79 0.0140
048 1363 0.0140
048 1486 0.0140
048 997 0.0138
048 537 0.0138
048 1542 0.0137
048 3 0.0137
048 886 0.0137
048 1030 0.0136
048 413 0.0136
048 388 0.0136
048 1282 0.0135
048 1422 0.0135
048 1169 0.0135
048 1132 0.0135
048 207 0.0134
048 1436 0.0134
048 1092 0.0134
048 510 0.0133
048 348 0.0133
048 188 0.0133
048 427 0.0132
048 631 0.0131
048 297 0.0131
048 1329 0.0131
048 1442 0.0130
048 1311 0.0130
048 680 0.0130
048 1168 0.0130
048 298 0.0129
048 663 0.0129
048 181 0.0129
048 1441 0.0129
048 844 0.0129
048 1506 0.0128
048 596 0.0128
048 1006 0.0128
048 753 0.0127
048 163 0.0127
048 49 0.0127
048 1559 0.0127
048 1294 0.0127
048 1467 0.0127
048 13 0.0126
048 858 0.0125
048 1433 0.0125
048 1180 0.0125
048 856 0.0125
048 242 0.0124
048 1157 0.0124
048 1459 0.0124
048 216 0.0124
048 1406 0.0123
048 406 0.0122
048 1330 0.0122
048 125 0.0121
048 980 0.0121
048 73 0.0120
048 1189 0.0120
048 132 0.0120
048 271 0.0120
048 580 0.0120
048 593 0.0120
048 249 0.0119
048 432 0.0119
048 869 0.0119
048 784 0.0119
048 1552 0.0118
048 16 0.0118
048 698 0.0118
048 633 0.0118
048 833 0.0117
048 972 0.0116
048 127 0.0115
048 480 0.0115
048 305 0.0115
048 356 0.0114
048 1420 0.0113
048 404 0.0113
048 1127 0.0113
048 112 0.0113
048 1166 0.0113
048 1216 0.0112
048 543 0.0112
048 383 0.0112
048 278 0.0111
048 387 0.0111
048 1045 0.0111
048 872 0.0111
048 873 0.0110
048 716 0.0110
048 1090 0.0110
048 968 0.0110
048 966 0.0110
048 385 0.0109
048 1181 0.0109
048 1197 0.0108
048 1443 0.0108
048 932 0.0108
048 65 0.0108
048 61 0.0108
048 625 0.0108
048 1323 0.0107
048 232 0.0107
048 71 0.0107
048 1472 0.0107
048 180 0.0107
048 936 0.0106
048 68 0.0106
048 1313 0.0105
048 80 0.0105
048 280 0.0104
048 352 0.0104
048 307 0.0104
048 1001 0.0104
048 1387 0.0104
048 1161 0.0104
048 1377 0.0103
048 845 0.0102
048 670 0.0102
048 1556 0.0102
048 147 0.0102
048 984 0.0101
048 1575 0.0101
048 128 0.0101
048 1122 0.0101
048 334 0.0100
048 247 0.0100
048 551 0.0100
048 74 0.0100
048 490 0.0099
048 69 0.0099
048 380 0.0099
048 971 0.0099
048 35 0.0098
048 673 0.0098
048 1558 0.0098
048 667 0.0097
048 1361 0.0097
048 150 0.0097
048 469 0.0096
048 649 0.0096
048 933 0.0096
048 275 0.0096
048 851 0.0096
048 1250 0.0096
048 292 0.0094
048 456 0.0094
048 989 0.0093
048 1283 0.0093
048 256 0.0092
048 1505 0.0092
048 724 0.0092
048 1149 0.0092
048 964 0.0092
048 591 0.0091
048 550 0.0091
048 106 0.0091
048 616 0.0090
048 204 0.0090
048 43 0.0090
048 475 0.0090
048 1148 0.0090
048 978 0.0089
048 1569 0.0088
048 1392 0.0088
048 1123 0.0088
048 597 0.0088
048 421 0.0088
048 893 0.0088
048 218 0.0088
048 55 0.0087
048 40 0.0087
048 985 0.0087
048 250 0.0085
048 553 0.0085
048 629 0.0085
048 396 0.0085
048 1179 0.0084
048 251 0.0084
048 1581 0.0084
048 970 0.0083
048 1522 0.0083
048 493 0.0083
048 623 0.0083
048 909 0.0083
048 961 0.0082
048 27 0.0082
048 126 0.0082
048 890 0.0081
048 183 0.0081
048 607 0.0081
048 509 0.0081
048 1213 0.0081
048 424 0.0081
048 1046 0.0081
048 14 0.0080
048 894 0.0080
048 528 0.0080
048 161 0.0080
048 153 0.0080
048 709 0.0080
048 835 0.0079
048 772 0.0079
048 97 0.0079
048 1428 0.0077
048 592 0.0077
048 1264 0.0077
048 240 0.0076
048 290 0.0076
048 1551 0.0076
048 780 0.0076
048 253 0.0075
048 473 0.0075
048 96 0.0075
048 419 0.0074
048 221 0.0074
048 1288 0.0073
048 562 0.0073
048 346 0.0073
048 646 0.0073
048 497 0.0072
048 1356 0.0072
048 641 0.0072
048 1016 0.0072
048 75 0.0072
048 264 0.0071
048 272 0.0070
048 454 0.0070
048 1365 0.0069
048 6 0.0068
048 70 0.0068
048 855 0.0068
048 236 0.0067
048 728 0.0067
048 1332 0.0067
048 446 0.0067
048 407 0.0066
048 1052 0.0066
048 676 0.0066
048 1238 0.0065
048 798 0.0065
048 477 0.0065
048 1500 0.0065
048 1396 0.0065
048 336 0.0065
048 1381 0.0065
048 1291 0.0065
048 94 0.0064
048 1188 0.0064
048 257 0.0064
048 1450 0.0063
048 718 0.0063
048 1009 0.0063
048 656 0.0062
048 601 0.0062
048 222 0.0062
048 908 0.0061
048 1397 0.0061
048 804 0.0061
048 634 0.0061
048 935 0.0060
048 1013 0.0060
048 1470 0.0060
048 162 0.0059
048 1098 0.0059
048 1063 0.0059
048 1015 0.0059
048 1473 0.0059
048 1124 0.0059
048 176 0.0058
048 1453 0.0058
048 1497 0.0058
048 1195 0.0057
048 448 0.0057
048 802 0.0056
048 160 0.0056
048 95 0.0056
048 428 0.0055
048 996 0.0055
048 628 0.0055
048 90 0.0054
048 533 0.0054
048 1366 0.0054
048 304 0.0054
048 590 0.0054
048 31 0.0053
048 1135 0.0053
048 849 0.0052
048 91 0.0051
048 333 0.0051
048 539 0.0051
048 693 0.0051
048 1193 0.0050
048 749 0.0050
048 1310 0.0049
048 7 0.0049
048 1059 0.0048
048 578 0.0048
048 1011 0.0048
048 195 0.0048
048 645 0.0047
048 1287 0.0047
048 196 0.0047
048 445 0.0047
048 37 0.0047
048 137 0.0047
048 377 0.0046
048 319 0.0046
048 612 0.0046
048 1568 0.0046
048 555 0.0046
048 1572 0.0046
048 1126 0.0045
048 1477 0.0045
048 1025 0.0045
048 1290 0.0044
048 77 0.0044
048 455 0.0044
048 239 0.0044
048 650 0.0043
048 144 0.0043
048 713 0.0043
048 111 0.0043
048 1479 0.0043
048 1326 0.0043
048 109 0.0042
048 1033 0.0042
048 411 0.0041
048 1191 0.0041
048 391 0.0041
048 1565 0.0041
048 865 0.0041
048 500 0.0041
048 119 0.0041
048 1499 0.0040
048 1187 0.0040
048 302 0.0040
048 1339 0.0039
048 1190 0.0039
048 1215 0.0039
048 226 0.0038
048 626 0.0038
048 517 0.0038
048 366 0.0038
048 142 0.0038
048 701 0.0038
048 560 0.0037
048 636 0.0037
048 118 0.0037
048 1139 0.0037
048 270 0.0037
048 1530 0.0036
048 1415 0.0036
048 1109 0.0036
048 203 0.0035
048 1408 0.0035
048 1027 0.0035
048 944 0.0035
048 1582 0.0034
048 386 0.0034
048 439 0.0033
048 122 0.0032
048 98 0.0032
048 146 0.0031
048 995 0.0031
048 764 0.0031
048 1574 0.0031
048 166 0.0031
048 1573 0.0030
048 46 0.0030
048 1080 0.0030
048 707 0.0030
048 947 0.0029
048 1316 0.0029
048 1567 0.0029
048 263 0.0028
048 1116 0.0028
048 1237 0.0028
048 114 0.0028
048 1112 0.0028
048 368 0.0027
048 441 0.0027
048 429 0.0026
048 41 0.0026
048 382 0.0026
048 165 0.0026
048 1577 0.0024
048 918 0.0024
048 248 0.0024
048 618 0.0024
048 1049 0.0024
048 1263 0.0024
048 1172 0.0023
048 976 0.0023
048 1064 0.0023
048 540 0.0023
048 1066 0.0023
048 1452 0.0022
048 1217 0.0022
048 458 0.0021
048 1444 0.0021
048 135 0.0020
048 1481 0.0020
048 1482 0.0020
048 1580 0.0020
048 981 0.0019
048 882 0.0019
048 642 0.0019
048 703 0.0019
048 554 0.0018
048 301 0.0018
048 1451 0.0017
048 5 0.0017
048 1106 0.0016
048 838 0.0016
048 1061 0.0015
048 1465 0.0014
048 1222 0.0011
048 1292 0.0009
049 147 0.2870
049 1225 0.2667
049 426 0.2557
049 1520 0.2426
049 1407 0.2397
049 923 0.2390
049 992 0.2306
049 189 0.2281
049 591 0.2176
049 1297 0.2153
049 1254 0.2131
049 935 0.1869
049 733 0.1834
049 290 0.1813
049 814 0.1724
049 484 0.1561
049 577 0.1559
049 1365 0.1515
049 294 0.1509
049 1057 0.1505
049 946 0.1496
049 1388 0.1412
049 1540 0.1379
049 464 0.1312
049 91 0.1230
049 840 0.1222
049 1122 0.1220
049 947 0.1216
049 730 0.1193
049 169 0.1189
049 1083 0.1181
049 1071 0.1153
049 1054 0.1093
049 624 0.1071
049 826 0.1057
049 728 0.1000
049 559 0.0982
049 311 0.0971
049 951 0.0964
049 1364 0.0962
049 466 0.0960
049 1523 0.0960
049 560 0.0950
049 148 0.0946
049 1024 0.0924
049 309 0.0913
049 63 0.0887
049 95 0.0875
049 531 0.0869
049 842 0.0863
049 574 0.0852
049 623 0.0845
049 535 0.0834
049 251 0.0833
049 649 0.0831
049 67 0.0831
049 1558 0.0828
049 1526 0.0816
049 1223 0.0804
049 1263 0.0792
049 465 0.0788
049 357 0.0788
049 462 0.0786
049 611 0.0784
049 1378 0.0778
049 741 0.0772
049 157 0.0769
049 537 0.0764
049 8 0.0755
049 474 0.0736
049 1267 0.0734
049 629 0.0734
049 155 0.0731
049 1172 0.0725
049 395 0.0719
049 1561 0.0717
049 938 0.0708
049 1320 0.0706
049 83 0.0701
049 1356 0.0692
049 350 0.0676
049 861 0.0674
049 720 0.0673
049 576 0.0668
049 1132 0.0666
049 1473 0.0659
049 722 0.0647
049 425 0.0647
049 970 0.0644
049 1035 0.0640
049 1489 0.0637
049 397 0.0637
049 990 0.0635
049 516 0.0607
049 1001 0.0603
049 1273 0.0598
049 1528 0.0578
049 1288 0.0576
049 485 0.0569
049 1013 0.0565
049 317 0.0557
049 214 0.0541
049 1531 0.0541
049 600 0.0539
049 266 0.0537
049 1021 0.0536
049 964 0.0532
049 869 0.0530
049 639 0.0521
049 1428 0.0517
049 1030 0.0512
049 284 0.0510
049 1050 0.0505
049 287 0.0499
049 939 0.0499
049 1395 0.0497
049 1154 0.0493
049 1089 0.0490
049 1020 0.0487
049 295 0.0484
049 1303 0.0482
049 662 0.0477
049 1383 0.0475
049 979 0.0474
049 1482 0.0466
049 1354 0.0465
049 340 0.0462
049 968 0.0455
049 1070 0.0447
049 398 0.0439
049 1238 0.0437
049 672 0.0434
049 1101 0.0433
049 942 0.0431
049 776 0.0429
049 1208 0.0420
049 335 0.0419
049 742 0.0416
049 1331 0.0406
049 1458 0.0400
049 217 0.0398
049 271 0.0394
049 1398 0.0390
049 113 0.0390
049 1478 0.0387
049 1117 0.0386
049 1406 0.0379
049 1240 0.0379
049 487 0.0377
049 99 0.0375
049 999 0.0370
049 799 0.0367
049 670 0.0366
049 816 0.0362
049 644 0.0360
049 1352 0.0357
049 1096 0.0355
049 749 0.0355
049 1484 0.0351
049 451 0.0343
049 191 0.0343
049 470 0.0340
049 1485 0.0337
049 358 0.0337
049 796 0.0335
049 1182 0.0334
049 446 0.0330
049 587 0.0329
049 1058 0.0328
049 1022 0.0328
049 356 0.0327
049 592 0.0319
049 1171 0.0318
049 1370 0.0317
049 273 0.0317
049 661 0.0315
049 31 0.0314
049 88 0.0312
049 715 0.0311
049 454 0.0307
049 870 0.0306
049 986 0.0305
049 107 0.0304
049 1479 0.0304
049 124 0.0304
049 862 0.0303
049 1334 0.0302
049 676 0.0301
049 1456 0.0300
049 1521 0.0299
049 379 0.0298
049 978 0.0297
049 1028 0.0294
049 416 0.0294
049 908 0.0291
049 1292 0.0287
049 1560 0.0287
049 638 0.0286
049 667 0.0286
049 1576 0.0281
049 1322 0.0280
049 1382 0.0276
049 1195 0.0275
049 1142 0.0274
049 164 0.0272
049 1442 0.0271
049 61 0.0270
049 1445 0.0269
049 510 0.0267
049 731 0.0261
049 915 0.0260
049 274 0.0260
049 1120 0.0256
049 444 0.0255
049 409 0.0254
049 411 0.0254
049 414 0.0253
049 1476 0.0253
049 1194 0.0252
049 885 0.0252
049 695 0.0251
049 963 0.0248
049 256 0.0246
049 857 0.0244
049 1514 0.0241
049 1114 0.0241
049 1494 0.0239
049 800 0.0238
049 42 0.0237
049 190 0.0237
049 480 0.0236
049 72 0.0236
049 789 0.0235
049 599 0.0235
049 562 0.0235
049 811 0.0235
049 889 0.0230
049 1029 0.0229
049 594 0.0228
049 1358 0.0228
049 1115 0.0228
049 1278 0.0227
049 1037 0.0225
049 344 0.0225
049 759 0.0225
049 210 0.0223
049 1043 0.0223
049 469 0.0222
049 230 0.0221
049 1065 0.0220
049 1113 0.0219
049 1207 0.0219
049 605 0.0219
049 1069 0.0218
049 1546 0.0218
049 94 0.0217
049 566 0.0216
049 348 0.0216
049 432 0.0216
049 774 0.0215
049 321 0.0215
049 503 0.0214
049 89 0.0211
049 366 0.0211
049 1452 0.0209
049 794 0.0209
049 654 0.0208
049 1012 0.0207
049 1529 0.0207
049 479 0.0207
049 1224 0.0207
049 995 0.0206
049 1410 0.0205
049 805 0.0205
049 1016 0.0205
049 858 0.0204
049 1159 0.0204
049 945 0.0204
049 1239 0.0203
049 345 0.0203
049 504 0.0203
049 806 0.0202
049 1116 0.0200
049 1536 0.0199
049 326 0.0198
049 371 0.0197
049 1420 0.0197
049 1380 0.0195
049 29 0.0195
049 330 0.0194
049 1355 0.0193
049 578 0.0193
049 519 0.0193
049 1169 0.0193
049 205 0.0193
049 388 0.0191
049 1400 0.0190
049 680 0.0190
049 628 0.0189
049 1093 0.0189
049 817 0.0188
049 835 0.0188
049 430 0.0187
049 334 0.0186
049 463 0.0185
049 669 0.0184
049 1082 0.0181
049 461 0.0181
049 1386 0.0181
049 292 0.0181
049 1457 0.0179
049 207 0.0179
049 683 0.0178
049 1353 0.0178
049 1419 0.0178
049 1459 0.0178
049 694 0.0178
049 384 0.0177
049 556 0.0176
049 836 0.0176
049 994 0.0176
049 1009 0.0175
049 632 0.0175
049 1128 0.0175
049 47 0.0175
049 1351 0.0174
049 25 0.0173
049 1283 0.0173
049 824 0.0173
049 1509 0.0172
049 60 0.0172
049 316 0.0172
049 339 0.0171
049 267 0.0171
049 1441 0.0171
049 985 0.0170
049 1361 0.0169
049 392 0.0169
049 1513 0.0169
049 54 0.0168
049 668 0.0167
049 373 0.0166
049 118 0.0166
049 1539 0.0166
049 602 0.0166
049 753 0.0166
049 1203 0.0165
049 813 0.0165
049 987 0.0165
049 1461 0.0165
049 969 0.0164
049 1262 0.0164
049 679 0.0164
049 555 0.0163
049 255 0.0163
049 307 0.0163
049 536 0.0162
049 589 0.0162
049 253 0.0162
049 706 0.0161
049 837 0.0161
049 711 0.0161
049 368 0.0161
049 1226 0.0160
049 1147 0.0160
049 955 0.0159
049 443 0.0158
049 675 0.0157
049 1000 0.0157
049 1084 0.0155
049 641 0.0154
049 909 0.0154
049 374 0.0153
049 1178 0.0153
049 848 0.0153
049 1216 0.0153
049 1166 0.0153
049 906 0.0153
049 1534 0.0153
049 261 0.0152
049 257 0.0152
049 847 0.0151
049 961 0.0151
049 1234 0.0150
049 658 0.0150
049 702 0.0149
049 268 0.0147
049 941 0.0144
049 1357 0.0144
049 673 0.0143
049 515 0.0142
049 797 0.0142
049 66 0.0142
049 82 0.0142
049 1285 0.0142
049 696 0.0142
049 713 0.0141
049 246 0.0141
049 803 0.0139
049 1193 0.0138
049 760 0.0138
049 920 0.0138
049 1522 0.0138
049 1512 0.0138
049 1031 0.0137
049 949 0.0137
049 1192 0.0136
049 1567 0.0136
049 296 0.0135
049 1123 0.0135
049 39 0.0134
049 93 0.0133
049 1157 0.0132
049 1465 0.0132
049 1141 0.0131
049 119 0.0130
049 293 0.0130
049 435 0.0130
049 187 0.0129
049 1339 0.0129
049 1335 0.0129
049 573 0.0129
049 666 0.0129
049 929 0.0128
049 1187 0.0128
049 1033 0.0128
049 4 0.0128
049 1219 0.0128
049 1075 0.0126
049 751 0.0126
049 1491 0.0125
049 839 0.0124
049 625 0.0124
049 1286 0.0124
049 351 0.0122
049 790 0.0121
049 1501 0.0121
049 912 0.0121
049 331 0.0120
049 173 0.0119
049 601 0.0118
049 20 0.0118
049 1018 0.0118
049 898 0.0117
049 709 0.0117
049 1530 0.0117
049 196 0.0115
049 627 0.0115
049 1210 0.0115
049 1211 0.0114
049 329 0.0114
049 630 0.0113
049 820 0.0113
049 1205 0.0113
049 984 0.0113
049 878 0.0113
049 802 0.0113
049 1294 0.0113
049 904 0.0112
049 567 0.0111
049 64 0.0111
049 1252 0.0111
049 977 0.0111
049 1387 0.0110
049 1467 0.0110
049 1221 0.0109
049 1019 0.0109
049 626 0.0109
049 778 0.0108
049 393 0.0108
049 325 0.0108
049 1200 0.0108
049 1469 0.0108
049 138 0.0108
049 1328 0.0107
049 807 0.0106
049 582 0.0106
049 647 0.0105
049 692 0.0105
049 1140 0.0104
049 1129 0.0103
049 401 0.0103
049 784 0.0102
049 1298 0.0102
049 783 0.0101
049 704 0.0101
049 1508 0.0101
049 117 0.0100
049 590 0.0100
049 752 0.0099
049 1342 0.0099
049 508 0.0099
049 636 0.0099
049 844 0.0099
049 1222 0.0098
049 1394 0.0098
049 1471 0.0097
049 163 0.0097
049 404 0.0097
049 56 0.0097
049 1332 0.0097
049 1023 0.0096
049 652 0.0096
049 905 0.0096
049 14 0.0096
049 1042 0.0095
049 433 0.0095
049 137 0.0094
049 97 0.0094
049 73 0.0094
049 337 0.0093
049 801 0.0092
049 660 0.0091
049 458 0.0091
049 1100 0.0091
049 737 0.0091
049 937 0.0090
049 1177 0.0089
049 1555 0.0089
049 407 0.0088
049 766 0.0088
049 580 0.0088
049 2 0.0088
049 740 0.0088
049 439 0.0088
049 622 0.0087
049 663 0.0087
049 1455 0.0087
049 1136 0.0087
049 732 0.0087
049 1443 0.0086
049 653 0.0086
049 174 0.0086
049 336 0.0086
049 468 0.0086
049 1306 0.0086
049 771 0.0085
049 1173 0.0085
049 208 0.0085
049 106 0.0084
049 900 0.0084
049 1517 0.0084
049 1515 0.0084
049 1340 0.0084
049 1330 0.0084
049 1036 0.0082
049 127 0.0082
049 1245 0.0082
049 297 0.0082
049 657 0.0082
049 1215 0.0082
049 1266 0.0082
049 739 0.0081
049 1061 0.0081
049 283 0.0081
049 1158 0.0081
049 24 0.0081
049 691 0.0080
049 440 0.0080
049 1533 0.0080
049 36 0.0080
049 98 0.0080
049 38 0.0079
049 1488 0.0079
049 1270 0.0079
049 1197 0.0078
049 846 0.0077
049 1287 0.0077
049 481 0.0077
049 247 0.0077
049 179 0.0077
049 1160 0.0076
049 1109 0.0076
049 377 0.0076
049 1309 0.0076
049 546 0.0076
049 1227 0.0075
049 418 0.0075
049 1307 0.0075
049 896 0.0074
049 486 0.0074
049 1401 0.0074
049 212 0.0073
049 244 0.0073
049 716 0.0073
049 872 0.0072
049 597 0.0072
049 90 0.0072
049 1563 0.0072
049 225 0.0072
049 450 0.0072
049 705 0.0072
049 11 0.0071
049 240 0.0071
049 1492 0.0071
049 183 0.0071
049 333 0.0070
049 1246 0.0069
049 1150 0.0069
049 1275 0.0068
049 922 0.0068
049 548 0.0067
049 1229 0.0067
049 910 0.0067
049 823 0.0067
049 914 0.0066
049 492 0.0066
049 1181 0.0066
049 804 0.0066
049 1202 0.0065
049 983 0.0065
049 1481 0.0065
049 1006 0.0065
049 772 0.0065
049 1427 0.0065
049 49 0.0065
049 420 0.0064
049 1008 0.0064
049 867 0.0064
049 1092 0.0064
049 26 0.0064
049 136 0.0064
049 581 0.0064
049 1105 0.0063
049 1548 0.0063
049 299 0.0063
049 894 0.0062
049 387 0.0062
049 565 0.0061
049 338 0.0061
049 724 0.0061
049 953 0.0061
049 1066 0.0061
049 723 0.0061
049 167 0.0061
049 346 0.0060
049 831 0.0060
049 886 0.0060
049 786 0.0059
049 972 0.0059
049 243 0.0059
049 1125 0.0059
049 428 0.0059
049 1422 0.0059
049 996 0.0059
049 1562 0.0058
049 1090 0.0058
049 1255 0.0058
049 65 0.0057
049 700 0.0057
049 1062 0.0057
049 982 0.0056
049 405 0.0056
049 1451 0.0056
049 1243 0.0056
049 53 0.0055
049 382 0.0055
049 773 0.0055
049 659 0.0055
049 35 0.0055
049 406 0.0054
049 43 0.0054
049 161 0.0053
049 1583 0.0053
049 829 0.0053
049 890 0.0052
049 767 0.0052
049 607 0.0052
049 1349 0.0052
049 991 0.0052
049 871 0.0051
049 1059 0.0051
049 618 0.0051
049 1049 0.0051
049 259 0.0051
049 721 0.0050
049 142 0.0050
049 948 0.0050
049 717 0.0049
049 541 0.0049
049 1544 0.0049
049 213 0.0049
049 719 0.0049
049 438 0.0049
049 1244 0.0049
049 310 0.0049
049 1411 0.0048
049 314 0.0048
049 523 0.0048
049 518 0.0048
049 528 0.0047
049 1052 0.0047
049 965 0.0047
049 427 0.0047
049 1175 0.0047
049 489 0.0047
049 431 0.0047
049 1396 0.0046
049 1421 0.0046
049 750 0.0046
049 424 0.0046
049 434 0.0046
049 1179 0.0045
049 502 0.0045
049 109 0.0045
049 473 0.0045
049 584 0.0044
049 830 0.0044
049 1360 0.0044
049 1087 0.0044
049 1097 0.0044
049 219 0.0043
049 631 0.0043
049 447 0.0043
049 1375 0.0043
049 1581 0.0042
049 1161 0.0042
049 193 0.0042
049 58 0.0042
049 981 0.0042
049 178 0.0041
049 619 0.0041
049 933 0.0041
049 448 0.0041
049 763 0.0041
049 761 0.0040
049 642 0.0040
049 1103 0.0040
049 342 0.0040
049 349 0.0039
049 736 0.0039
049 372 0.0038
049 1247 0.0038
049 1460 0.0038
049 1112 0.0037
049 1127 0.0037
049 1344 0.0037
049 1279 0.0037
049 614 0.0037
049 380 0.0036
049 798 0.0036
049 1350 0.0036
049 674 0.0036
049 650 0.0036
049 936 0.0035
049 162 0.0035
049 1233 0.0035
049 1346 0.0035
049 755 0.0035
049 1425 0.0035
049 87 0.0035
049 1289 0.0035
049 422 0.0035
049 1415 0.0035
049 1302 0.0034
049 1506 0.0034
049 436 0.0034
049 361 0.0034
049 52 0.0034
049 1047 0.0034
049 1418 0.0033
049 1373 0.0033
049 764 0.0033
049 1466 0.0032
049 304 0.0032
049 918 0.0032
049 880 0.0032
049 1046 0.0031
049 1032 0.0031
049 1329 0.0030
049 768 0.0030
049 1235 0.0030
049 1477 0.0030
049 1374 0.0030
049 744 0.0030
049 1511 0.0030
049 845 0.0030
049 1148 0.0030
049 572 0.0029
049 1397 0.0029
049 734 0.0029
049 108 0.0029
049 1118 0.0029
049 1260 0.0028
049 1510 0.0027
049 533 0.0027
049 925 0.0027
049 1402 0.0027
049 467 0.0027
049 1379 0.0026
049 1088 0.0026
049 248 0.0026
049 1271 0.0026
049 656 0.0025
049 222 0.0025
049 701 0.0025
049 46 0.0025
049 449 0.0025
049 681 0.0024
049 558 0.0024
049 1282 0.0023
049 509 0.0023
049 1045 0.0023
049 1453 0.0022
049 437 0.0021
049 78 0.0021
049 472 0.0021
049 1253 0.0021
049 962 0.0020
049 114 0.0020
049 391 0.0020
049 1048 0.0020
049 1007 0.0019
049 1542 0.0019
049 216 0.0019
049 971 0.0019
049 1099 0.0019
049 3 0.0016
049 863 0.0016
049 1444 0.0012
050 657 0.5085
050 525 0.4016
050 1137 0.3925
050 147 0.3894
050 426 0.3464
050 1541 0.3355
050 1464 0.3259
050 923 0.3125
050 1520 0.3033
050 1174 0.2925
050 189 0.2892
050 1254 0.2830
050 659 0.2814
050 591 0.2802
050 1297 0.2697
050 305 0.2675
050 1183 0.2560
050 1128 0.2483
050 157 0.2427
050 814 0.2306
050 1151 0.2296
050 290 0.2245
050 515 0.2243
050 1311 0.2129
050 241 0.2103
050 566 0.2091
050 1161 0.2015
050 1260 0.2008
050 13 0.1983
050 620 0.1981
050 873 0.1973
050 818 0.1969
050 577 0.1941
050 1057 0.1799
050 1388 0.1719
050 1283 0.1713
050 497 0.1684
050 91 0.1661
050 961 0.1636
050 1407 0.1633
050 1122 0.1630
050 672 0.1604
050 1071 0.1587
050 464 0.1570
050 1221 0.1559
050 935 0.1543
050 662 0.1535
050 477 0.1513
050 1376 0.1497
050 624 0.1474
050 435 0.1467
050 826 0.1455
050 1272 0.1453
050 1508 0.1431
050 1054 0.1408
050 752 0.1402
050 851 0.1393
050 840 0.1379
050 670 0.1360
050 4 0.1355
050 730 0.1317
050 1087 0.1309
050 939 0.1302
050 148 0.1302
050 728 0.1287
050 466 0.1280
050 311 0.1274
050 1024 0.1272
050 1083 0.1249
050 95 0.1204
050 559 0.1203
050 309 0.1169
050 1432 0.1162
050 623 0.1113
050 1046 0.1100
050 742 0.1086
050 357 0.1084
050 1378 0.1071
050 576 0.1061
050 535 0.1058
050 278 0.1050
050 1310 0.1042
050 67 0.1035
050 1573 0.1035
050 716 0.1027
050 867 0.1021
050 1523 0.1015
050 611 0.1006
050 1267 0.0982
050 1320 0.0972
050 1387 0.0971
050 251 0.0957
050 910 0.0954
050 537 0.0951
050 63 0.0946
050 462 0.0942
050 508 0.0931
050 998 0.0930
050 501 0.0921
050 155 0.0910
050 1473 0.0907
050 465 0.0906
050 474 0.0894
050 722 0.0890
050 1185 0.0880
050 1356 0.0879
050 990 0.0874
050 1172 0.0862
050 720 0.0861
050 1066 0.0861
050 1132 0.0858
050 425 0.0846
050 1462 0.0844
050 1010 0.0832
050 794 0.0829
050 1225 0.0809
050 924 0.0806
050 1079 0.0799
050 397 0.0797
050 841 0.0789
050 1013 0.0778
050 651 0.0777
050 580 0.0777
050 438 0.0777
050 1052 0.0752
050 161 0.0752
050 272 0.0737
050 395 0.0730
050 970 0.0723
050 639 0.0717
050 704 0.0716
050 344 0.0716
050 1288 0.0712
050 217 0.0706
050 600 0.0705
050 392 0.0685
050 1001 0.0677
050 320 0.0676
050 1273 0.0671
050 295 0.0666
050 375 0.0662
050 1035 0.0660
050 1421 0.0657
050 50 0.0656
050 739 0.0647
050 517 0.0645
050 461 0.0642
050 366 0.0641
050 1089 0.0638
050 119 0.0615
050 176 0.0611
050 266 0.0609
050 398 0.0604
050 964 0.0597
050 1101 0.0596
050 1451 0.0590
050 164 0.0586
050 649 0.0585
050 482 0.0583
050 1020 0.0581
050 897 0.0580
050 674 0.0569
050 287 0.0561
050 1154 0.0557
050 1458 0.0550
050 1030 0.0542
050 113 0.0537
050 52 0.0536
050 1050 0.0536
050 494 0.0528
050 340 0.0519
050 1467 0.0517
050 1482 0.0512
050 968 0.0510
050 1365 0.0500
050 820 0.0498
050 1303 0.0495
050 625 0.0492
050 629 0.0492
050 1352 0.0491
050 749 0.0489
050 1194 0.0488
050 1484 0.0484
050 784 0.0484
050 99 0.0483
050 1395 0.0483
050 1117 0.0478
050 1123 0.0477
050 1027 0.0472
050 1485 0.0465
050 358 0.0464
050 335 0.0461
050 796 0.0461
050 1182 0.0459
050 1354 0.0459
050 1278 0.0459
050 1339 0.0458
050 450 0.0458
050 336 0.0456
050 1022 0.0451
050 183 0.0450
050 592 0.0439
050 273 0.0436
050 31 0.0432
050 1329 0.0429
050 715 0.0428
050 1053 0.0428
050 1406 0.0426
050 786 0.0424
050 1477 0.0424
050 845 0.0422
050 984 0.0422
050 124 0.0418
050 243 0.0418
050 1331 0.0417
050 979 0.0417
050 1334 0.0416
050 741 0.0413
050 1521 0.0411
050 1459 0.0405
050 1015 0.0401
050 908 0.0400
050 1370 0.0397
050 638 0.0394
050 567 0.0394
050 1539 0.0392
050 1576 0.0387
050 1322 0.0385
050 862 0.0383
050 1456 0.0376
050 942 0.0372
050 1445 0.0371
050 1556 0.0360
050 1240 0.0359
050 274 0.0358
050 97 0.0352
050 1064 0.0351
050 587 0.0350
050 61 0.0345
050 1292 0.0344
050 1398 0.0343
050 1142 0.0339
050 842 0.0339
050 416 0.0330
050 284 0.0329
050 42 0.0326
050 72 0.0324
050 889 0.0317
050 776 0.0317
050 1029 0.0316
050 510 0.0315
050 594 0.0315
050 1546 0.0300
050 999 0.0294
050 1452 0.0288
050 654 0.0287
050 1529 0.0285
050 454 0.0281
050 451 0.0281
050 1159 0.0281
050 1478 0.0280
050 1048 0.0277
050 1114 0.0270
050 169 0.0270
050 107 0.0267
050 1169 0.0265
050 599 0.0264
050 388 0.0263
050 1400 0.0262
050 799 0.0262
050 680 0.0262
050 1037 0.0253
050 88 0.0252
050 1442 0.0250
050 191 0.0247
050 857 0.0246
050 683 0.0245
050 1353 0.0245
050 694 0.0244
050 384 0.0243
050 271 0.0243
050 556 0.0243
050 774 0.0241
050 321 0.0241
050 411 0.0240
050 414 0.0240
050 1351 0.0239
050 1509 0.0237
050 339 0.0235
050 1560 0.0235
050 947 0.0234
050 368 0.0222
050 487 0.0220
050 955 0.0220
050 560 0.0218
050 675 0.0217
050 1070 0.0215
050 432 0.0204
050 94 0.0199
050 1514 0.0198
050 836 0.0198
050 1558 0.0197
050 60 0.0193
050 789 0.0193
050 811 0.0192
050 1494 0.0191
050 1512 0.0190
050 1031 0.0189
050 915 0.0188
050 753 0.0186
050 813 0.0185
050 661 0.0184
050 330 0.0184
050 371 0.0181
050 1380 0.0179
050 666 0.0178
050 1075 0.0174
050 1479 0.0174
050 1028 0.0172
050 334 0.0170
050 1383 0.0169
050 1358 0.0165
050 994 0.0161
050 696 0.0159
050 904 0.0155
050 230 0.0152
050 325 0.0149
050 1155 0.0147
050 1328 0.0147
050 806 0.0146
050 1335 0.0145
050 658 0.0142
050 909 0.0141
050 1298 0.0140
050 1216 0.0140
050 783 0.0139
050 1342 0.0136
050 1394 0.0135
050 1332 0.0133
050 1410 0.0132
050 1239 0.0131
050 443 0.0129
050 803 0.0128
050 1205 0.0127
050 1009 0.0127
050 1252 0.0124
050 771 0.0118
050 351 0.0112
050 759 0.0100
050 240 0.0098
050 894 0.0085
050 676 0.0069
051 657 0.5099
051 525 0.4135
051 1137 0.3936
051 614 0.3821
051 1464 0.3637
051 717 0.3629
051 1541 0.3617
051 1174 0.3319
051 1047 0.3046
051 1296 0.3025
051 659 0.2892
051 925 0.2712
051 1280 0.2707
051 980 0.2707
051 305 0.2683
051 157 0.2647
051 1183 0.2640
051 1281 0.2557
051 1402 0.2556
051 1569 0.2462
051 1128 0.2384
051 1141 0.2375
051 818 0.2363
051 1151 0.2303
051 629 0.2262
051 1260 0.2246
051 764 0.2244
051 918 0.2169
051 515 0.2143
051 1311 0.2135
051 241 0.2109
051 566 0.2097
051 672 0.2084
051 1154 0.2037
051 1161 0.2021
051 972 0.2003
051 13 0.1989
051 620 0.1987
051 873 0.1979
051 1142 0.1971
051 702 0.1943
051 1376 0.1918
051 715 0.1794
051 549 0.1765
051 1140 0.1763
051 1221 0.1700
051 497 0.1689
051 1011 0.1560
051 435 0.1557
051 752 0.1544
051 662 0.1539
051 1283 0.1523
051 477 0.1518
051 473 0.1517
051 1538 0.1500
051 961 0.1497
051 630 0.1493
051 1539 0.1487
051 694 0.1477
051 1272 0.1457
051 1508 0.1435
051 1087 0.1434
051 851 0.1397
051 1212 0.1388
051 4 0.1358
051 823 0.1316
051 612 0.1304
051 1392 0.1245
051 597 0.1224
051 910 0.1209
051 1432 0.1166
051 987 0.1119
051 867 0.1114
051 1046 0.1104
051 998 0.1096
051 535 0.1061
051 278 0.1053
051 1310 0.1045
051 1573 0.1037
051 716 0.1030
051 1339 0.1008
051 924 0.0997
051 670 0.0986
051 1010 0.0981
051 1387 0.0974
051 1019 0.0969
051 775 0.0966
051 1098 0.0964
051 1326 0.0962
051 939 0.0945
051 1079 0.0942
051 508 0.0933
051 501 0.0924
051 1185 0.0882
051 1378 0.0871
051 1066 0.0863
051 651 0.0856
051 580 0.0856
051 1462 0.0846
051 719 0.0833
051 794 0.0832
051 470 0.0799
051 1210 0.0796
051 841 0.0791
051 742 0.0788
051 438 0.0779
051 1058 0.0769
051 502 0.0763
051 739 0.0762
051 1458 0.0759
051 1052 0.0754
051 161 0.0754
051 272 0.0739
051 631 0.0737
051 704 0.0718
051 344 0.0718
051 888 0.0711
051 1549 0.0701
051 763 0.0688
051 320 0.0678
051 375 0.0664
051 1421 0.0658
051 1136 0.0658
051 50 0.0658
051 1195 0.0647
051 517 0.0647
051 461 0.0644
051 366 0.0643
051 802 0.0637
051 810 0.0628
051 119 0.0617
051 176 0.0613
051 831 0.0603
051 907 0.0595
051 1451 0.0591
051 1162 0.0590
051 649 0.0587
051 677 0.0585
051 482 0.0585
051 897 0.0582
051 1317 0.0580
051 1012 0.0580
051 801 0.0578
051 769 0.0577
051 1319 0.0572
051 1357 0.0571
051 674 0.0571
051 1318 0.0564
051 1373 0.0563
051 761 0.0562
051 919 0.0560
051 1176 0.0556
051 214 0.0556
051 563 0.0548
051 973 0.0541
051 1328 0.0540
051 52 0.0538
051 372 0.0537
051 494 0.0529
051 460 0.0529
051 1460 0.0527
051 1274 0.0527
051 1040 0.0526
051 1467 0.0519
051 1022 0.0519
051 1344 0.0511
051 845 0.0506
051 768 0.0506
051 1053 0.0505
051 914 0.0501
051 786 0.0500
051 1299 0.0500
051 820 0.0499
051 1495 0.0498
051 392 0.0497
051 1430 0.0495
051 1145 0.0494
051 625 0.0494
051 1518 0.0492
051 734 0.0490
051 1194 0.0489
051 1360 0.0489
051 859 0.0488
051 47 0.0488
051 784 0.0485
051 1123 0.0479
051 1540 0.0478
051 1027 0.0473
051 878 0.0473
051 483 0.0469
051 491 0.0466
051 335 0.0463
051 1278 0.0460
051 450 0.0459
051 336 0.0457
051 860 0.0453
051 183 0.0451
051 711 0.0450
051 576 0.0441
051 990 0.0439
051 743 0.0439
051 25 0.0435
051 821 0.0431
051 656 0.0431
051 1121 0.0430
051 1329 0.0430
051 208 0.0429
051 1144 0.0427
051 1477 0.0425
051 1556 0.0425
051 243 0.0419
051 1051 0.0416
051 1101 0.0411
051 164 0.0411
051 806 0.0407
051 1459 0.0406
051 1035 0.0404
051 970 0.0404
051 1015 0.0403
051 567 0.0395
051 489 0.0392
051 1259 0.0391
051 1048 0.0387
051 1368 0.0386
051 862 0.0384
051 402 0.0382
051 217 0.0381
051 505 0.0375
051 378 0.0368
051 575 0.0366
051 381 0.0364
051 1143 0.0362
051 1564 0.0362
051 1546 0.0362
051 1527 0.0362
051 1064 0.0352
051 1076 0.0351
051 956 0.0351
051 920 0.0347
051 1209 0.0347
051 1503 0.0347
051 1245 0.0345
051 953 0.0340
051 693 0.0337
051 347 0.0329
051 324 0.0326
051 586 0.0323
051 1219 0.0321
051 1537 0.0320
051 1105 0.0319
051 269 0.0319
051 1454 0.0318
051 510 0.0316
051 787 0.0314
051 963 0.0309
051 255 0.0308
051 351 0.0308
051 1295 0.0307
051 1198 0.0306
051 1074 0.0303
051 714 0.0301
051 513 0.0300
051 984 0.0296
051 911 0.0295
051 1134 0.0293
051 1474 0.0292
051 1484 0.0291
051 422 0.0291
051 1545 0.0290
051 991 0.0288
051 1254 0.0284
051 887 0.0284
051 1447 0.0280
051 1206 0.0277
051 1155 0.0277
051 1077 0.0274
051 687 0.0274
051 1129 0.0269
051 523 0.0268
051 453 0.0267
051 532 0.0267
051 63 0.0265
051 1566 0.0264
051 228 0.0264
051 1486 0.0262
051 1413 0.0261
051 205 0.0259
051 32 0.0259
051 1182 0.0257
051 783 0.0256
051 1463 0.0256
051 534 0.0255
051 660 0.0254
051 745 0.0253
051 394 0.0252
051 637 0.0248
051 252 0.0248
051 588 0.0247
051 97 0.0247
051 1256 0.0246
051 622 0.0244
051 1427 0.0244
051 748 0.0244
051 1023 0.0243
051 609 0.0241
051 1152 0.0241
051 1393 0.0240
051 1548 0.0238
051 1553 0.0236
051 1258 0.0231
051 603 0.0230
051 1138 0.0229
051 254 0.0227
051 233 0.0225
051 691 0.0224
051 410 0.0220
051 602 0.0220
051 529 0.0220
051 110 0.0217
051 843 0.0216
051 81 0.0216
051 1173 0.0214
051 1199 0.0212
051 1444 0.0212
051 1340 0.0212
051 1547 0.0207
051 1385 0.0206
051 1507 0.0206
051 1204 0.0204
051 1279 0.0204
051 476 0.0202
051 1085 0.0201
051 695 0.0200
051 1277 0.0196
051 1156 0.0195
051 871 0.0194
051 28 0.0193
051 934 0.0192
051 917 0.0191
051 671 0.0187
051 1468 0.0186
051 795 0.0185
051 1005 0.0184
051 326 0.0184
051 1251 0.0184
051 828 0.0184
051 877 0.0183
051 1471 0.0182
051 1067 0.0181
051 1384 0.0181
051 420 0.0180
051 1429 0.0180
051 1220 0.0178
051 727 0.0177
051 1164 0.0177
051 1203 0.0177
051 913 0.0176
051 1425 0.0176
051 472 0.0176
051 850 0.0176
051 412 0.0175
051 1512 0.0174
051 1371 0.0174
051 158 0.0173
051 1520 0.0173
051 62 0.0172
051 1253 0.0172
051 1252 0.0172
051 685 0.0170
051 604 0.0169
051 1003 0.0166
051 815 0.0165
051 1570 0.0163
051 666 0.0163
051 1372 0.0163
051 1118 0.0162
051 929 0.0162
051 777 0.0162
051 746 0.0160
051 1007 0.0159
051 1211 0.0159
051 496 0.0159
051 1218 0.0158
051 408 0.0158
051 1517 0.0157
051 839 0.0156
051 1305 0.0156
051 1014 0.0155
051 1359 0.0152
051 696 0.0146
051 889 0.0146
051 594 0.0145
051 1349 0.0144
051 846 0.0144
051 822 0.0144
051 853 0.0141
051 1073 0.0140
051 648 0.0139
051 1119 0.0138
051 993 0.0138
051 213 0.0137
051 1336 0.0137
051 738 0.0136
051 999 0.0135
051 814 0.0135
051 1257 0.0135
051 1524 0.0134
051 1335 0.0133
051 975 0.0133
051 1175 0.0131
051 1529 0.0131
051 308 0.0131
051 1159 0.0129
051 951 0.0127
051 1483 0.0127
051 524 0.0125
051 876 0.0124
051 782 0.0124
051 235 0.0124
051 1060 0.0123
051 883 0.0122
051 511 0.0122
051 652 0.0121
051 457 0.0121
051 824 0.0121
051 337 0.0118
051 952 0.0117
051 182 0.0115
051 1324 0.0114
051 1262 0.0114
051 536 0.0113
051 384 0.0112
051 1223 0.0112
051 1536 0.0111
051 886 0.0111
051 598 0.0111
051 413 0.0110
051 617 0.0109
051 1391 0.0109
051 291 0.0109
051 1502 0.0108
051 736 0.0108
051 1355 0.0108
051 341 0.0106
051 471 0.0105
051 791 0.0104
051 827 0.0104
051 1083 0.0103
051 1433 0.0102
051 1069 0.0102
051 706 0.0102
051 1557 0.0101
051 379 0.0101
051 514 0.0101
051 1446 0.0099
051 903 0.0098
051 928 0.0095
051 741 0.0095
051 452 0.0095
051 504 0.0094
051 726 0.0094
051 1325 0.0093
051 1431 0.0091
051 100 0.0090
051 1571 0.0090
051 527 0.0089
051 1034 0.0089
051 811 0.0088
051 1489 0.0088
051 71 0.0087
051 915 0.0086
051 922 0.0085
051 289 0.0085
051 1414 0.0085
051 1229 0.0084
051 1235 0.0084
051 1525 0.0084
051 1511 0.0083
051 1276 0.0083
051 959 0.0083
051 1521 0.0083
051 1240 0.0082
051 1006 0.0082
051 1020 0.0081
051 1255 0.0080
051 145 0.0080
051 673 0.0080
051 1361 0.0079
051 967 0.0079
051 982 0.0078
051 1214 0.0078
051 866 0.0078
051 773 0.0077
051 1338 0.0077
051 723 0.0077
051 1456 0.0075
051 1224 0.0075
051 112 0.0075
051 942 0.0075
051 1426 0.0075
051 1090 0.0073
051 383 0.0071
051 179 0.0071
051 893 0.0071
051 1163 0.0071
051 521 0.0071
051 53 0.0070
051 896 0.0069
051 485 0.0069
051 829 0.0066
051 1369 0.0066
051 658 0.0065
051 1301 0.0065
051 1298 0.0065
051 613 0.0062
051 1505 0.0061
051 799 0.0060
051 1449 0.0059
051 424 0.0058
051 565 0.0057
051 830 0.0056
051 1099 0.0052
051 863 0.0046
051 1302 0.0043
051 894 0.0039
052 1459 0.5207
052 484 0.4414
052 1181 0.4236
052 721 0.4208
052 362 0.4140
052 1441 0.4085
052 187 0.3986
052 468 0.3778
052 1202 0.3664
052 304 0.3412
052 946 0.3313
052 479 0.3308
052 504 0.3168
052 101 0.3144
052 1278 0.3087
052 345 0.2934
052 20 0.2904
052 86 0.2753
052 715 0.2707
052 1210 0.2635
052 713 0.2613
052 1226 0.2601
052 1280 0.2528
052 885 0.2447
052 1196 0.2447
052 737 0.2318
052 670 0.2289
052 685 0.2248
052 1398 0.2167
052 788 0.2151
052 981 0.2135
052 1533 0.2045
052 406 0.1996
052 1225 0.1985
052 459 0.1953
052 576 0.1944
052 1297 0.1930
052 862 0.1885
052 441 0.1855
052 1411 0.1855
052 1373 0.1842
052 541 0.1821
052 467 0.1814
052 547 0.1793
052 963 0.1793
052 1142 0.1785
052 629 0.1779
052 271 0.1761
052 1272 0.1756
052 994 0.1694
052 1464 0.1686
052 776 0.1667
052 905 0.1598
052 1461 0.1560
052 330 0.1547
052 435 0.1533
052 651 0.1521
052 366 0.1493
052 1372 0.1490
052 1306 0.1480
052 414 0.1457
052 1377 0.1457
052 587 0.1430
052 1523 0.1425
052 700 0.1421
052 1326 0.1411
052 405 0.1401
052 630 0.1397
052 792 0.1382
052 1457 0.1375
052 1344 0.1353
052 1065 0.1341
052 560 0.1324
052 1323 0.1313
052 1253 0.1285
052 896 0.1269
052 510 0.1266
052 895 0.1254
052 918 0.1227
052 1478 0.1178
052 1011 0.1177
052 913 0.1165
052 1082 0.1162
052 1021 0.1155
052 473 0.1145
052 988 0.1106
052 702 0.1099
052 145 0.1098
052 1317 0.1097
052 1443 0.1066
052 1262 0.1048
052 1440 0.1039
052 925 0.1023
052 446 0.1016
052 1530 0.0998
052 1058 0.0997
052 947 0.0987
052 794 0.0965
052 906 0.0940
052 1204 0.0936
052 244 0.0931
052 999 0.0930
052 590 0.0913
052 1386 0.0889
052 320 0.0882
052 979 0.0877
052 1357 0.0872
052 470 0.0870
052 1265 0.0854
052 1027 0.0853
052 1456 0.0846
052 1342 0.0828
052 728 0.0824
052 1453 0.0820
052 1305 0.0818
052 1172 0.0793
052 989 0.0792
052 980 0.0791
052 1180 0.0775
052 1296 0.0761
052 657 0.0759
052 805 0.0757
052 1288 0.0750
052 1020 0.0744
052 189 0.0741
052 1015 0.0726
052 399 0.0719
052 334 0.0718
052 1451 0.0713
052 1522 0.0706
052 288 0.0695
052 297 0.0685
052 1147 0.0681
052 1390 0.0673
052 290 0.0672
052 1088 0.0664
052 674 0.0662
052 618 0.0657
052 1070 0.0654
052 669 0.0652
052 1134 0.0647
052 1508 0.0647
052 636 0.0631
052 485 0.0630
052 1019 0.0628
052 1475 0.0625
052 582 0.0610
052 1178 0.0609
052 1175 0.0602
052 1396 0.0594
052 1115 0.0584
052 6 0.0583
052 1281 0.0578
052 1329 0.0560
052 73 0.0541
052 1435 0.0533
052 1370 0.0528
052 1361 0.0522
052 448 0.0522
052 1303 0.0522
052 982 0.0518
052 1230 0.0513
052 384 0.0512
052 1358 0.0502
052 12 0.0494
052 1195 0.0488
052 1307 0.0479
052 248 0.0474
052 1190 0.0474
052 1083 0.0472
052 1467 0.0468
052 1279 0.0468
052 882 0.0467
052 1146 0.0467
052 1470 0.0464
052 249 0.0461
052 695 0.0459
052 1171 0.0458
052 1264 0.0455
052 19 0.0455
052 938 0.0450
052 99 0.0447
052 806 0.0443
052 165 0.0437
052 1369 0.0436
052 308 0.0433
052 492 0.0424
052 1129 0.0410
052 1420 0.0406
052 412 0.0401
052 1141 0.0399
052 205 0.0396
052 753 0.0392
052 661 0.0387
052 1477 0.0383
052 1419 0.0380
052 1118 0.0371
052 830 0.0368
052 693 0.0367
052 82 0.0364
052 1062 0.0364
052 1028 0.0361
052 722 0.0355
052 1304 0.0352
052 1403 0.0348
052 1099 0.0345
052 732 0.0345
052 942 0.0342
052 1379 0.0332
052 1119 0.0304
052 1282 0.0297
052 909 0.0297
052 1239 0.0277
052 803 0.0269
052 88 0.0265
052 1252 0.0262
052 391 0.0252
052 1292 0.0241
052 1270 0.0239
052 676 0.0209
053 1381 0.3807
053 1026 0.3090
053 736 0.2778
053 864 0.2368
053 214 0.2024
053 264 0.1930
053 879 0.1910
053 769 0.1580
053 1130 0.1525
053 955 0.1464
053 951 0.1458
053 1488 0.1446
053 367 0.1357
053 1272 0.1329
053 1212 0.1285
053 697 0.1240
053 1342 0.1240
053 369 0.1198
053 443 0.1180
053 953 0.1138
053 1264 0.1136
053 102 0.1097
053 342 0.1083
053 330 0.1031
053 499 0.1006
053 1384 0.0939
053 74 0.0932
053 685 0.0923
053 954 0.0922
053 1234 0.0921
053 1222 0.0914
053 891 0.0910
053 1430 0.0900
053 372 0.0831
053 648 0.0823
053 169 0.0809
053 1006 0.0802
053 156 0.0797
053 370 0.0796
053 848 0.0786
053 361 0.0777
053 1127 0.0769
053 32 0.0766
053 1166 0.0763
053 55 0.0749
053 943 0.0743
053 377 0.0739
053 1028 0.0730
053 384 0.0712
053 198 0.0710
053 521 0.0704
053 88 0.0703
053 48 0.0695
053 1379 0.0695
053 952 0.0688
053 1035 0.0686
053 116 0.0681
053 1343 0.0680
053 1083 0.0671
053 1141 0.0670
053 1022 0.0637
053 1289 0.0634
053 37 0.0623
053 992 0.0622
053 389 0.0617
053 1108 0.0616
053 604 0.0615
053 1102 0.0615
053 152 0.0599
053 753 0.0597
053 1213 0.0595
053 1171 0.0595
053 80 0.0590
053 596 0.0587
053 34 0.0587
053 586 0.0579
053 299 0.0578
053 1476 0.0571
053 795 0.0560
053 379 0.0559
053 655 0.0553
053 1296 0.0549
053 727 0.0545
053 316 0.0542
053 770 0.0539
053 158 0.0538
053 726 0.0533
053 717 0.0526
053 652 0.0521
053 1037 0.0518
053 218 0.0511
053 1044 0.0504
053 1466 0.0502
053 664 0.0500
053 213 0.0500
053 568 0.0498
053 279 0.0496
053 645 0.0493
053 118 0.0490
053 1175 0.0489
053 1176 0.0487
053 12 0.0480
053 368 0.0479
053 373 0.0476
053 73 0.0475
053 1091 0.0472
053 1131 0.0471
053 427 0.0469
053 205 0.0465
053 1526 0.0465
053 1315 0.0461
053 457 0.0460
053 583 0.0458
053 961 0.0458
053 420 0.0457
053 1018 0.0455
053 1541 0.0454
053 225 0.0452
053 776 0.0451
053 465 0.0451
053 1256 0.0447
053 1464 0.0446
053 409 0.0440
053 1178 0.0440
053 1433 0.0439
053 682 0.0439
053 486 0.0436
053 1073 0.0430
053 1398 0.0428
053 934 0.0428
053 1224 0.0424
053 708 0.0421
053 1101 0.0421
053 972 0.0419
053 959 0.0419
053 666 0.0412
053 1180 0.0411
053 1149 0.0411
053 1114 0.0410
053 378 0.0410
053 1219 0.0409
053 988 0.0406
053 728 0.0401
053 408 0.0401
053 565 0.0396
053 110 0.0394
053 630 0.0392
053 1170 0.0391
053 8 0.0390
053 402 0.0388
053 989 0.0385
053 690 0.0383
053 147 0.0383
053 755 0.0373
053 926 0.0372
053 1557 0.0369
053 161 0.0368
053 67 0.0367
053 321 0.0366
053 360 0.0363
053 1351 0.0363
053 1382 0.0361
053 845 0.0359
053 1079 0.0357
053 40 0.0357
053 1366 0.0356
053 1158 0.0354
053 676 0.0351
053 1007 0.0351
053 1323 0.0350
053 210 0.0347
053 1511 0.0342
053 1295 0.0342
053 1573 0.0341
053 844 0.0341
053 785 0.0341
053 1556 0.0341
053 464 0.0336
053 66 0.0336
053 1186 0.0334
053 712 0.0334
053 1096 0.0332
053 165 0.0331
053 301 0.0329
053 1583 0.0329
053 1300 0.0328
053 743 0.0326
053 600 0.0326
053 1529 0.0325
053 1134 0.0323
053 1193 0.0323
053 826 0.0322
053 479 0.0322
053 1236 0.0318
053 275 0.0317
053 1202 0.0316
053 394 0.0315
053 588 0.0314
053 589 0.0314
053 1024 0.0310
053 695 0.0307
053 289 0.0304
053 23 0.0302
053 252 0.0300
053 609 0.0299
053 896 0.0298
053 582 0.0297
053 519 0.0297
053 26 0.0297
053 1226 0.0296
053 28 0.0296
053 126 0.0295
053 1465 0.0295
053 1057 0.0293
053 1105 0.0290
053 860 0.0288
053 1478 0.0286
053 1520 0.0285
053 1517 0.0285
053 1223 0.0284
053 1072 0.0282
053 1174 0.0281
053 1053 0.0280
053 556 0.0280
053 1338 0.0279
053 81 0.0274
053 1504 0.0272
053 1207 0.0272
053 47 0.0272
053 765 0.0271
053 25 0.0270
053 900 0.0270
053 122 0.0268
053 1448 0.0265
053 1581 0.0264
053 1479 0.0264
053 781 0.0263
053 594 0.0263
053 981 0.0260
053 1163 0.0259
053 706 0.0258
053 10 0.0258
053 1014 0.0256
053 825 0.0256
053 1167 0.0255
053 188 0.0255
053 1363 0.0254
053 476 0.0253
053 611 0.0253
053 386 0.0250
053 1154 0.0249
053 271 0.0249
053 903 0.0248
053 923 0.0248
053 1474 0.0248
053 1156 0.0248
053 1392 0.0245
053 170 0.0244
053 979 0.0243
053 421 0.0242
053 1089 0.0242
053 870 0.0242
053 1411 0.0242
053 750 0.0242
053 843 0.0241
053 244 0.0236
053 383 0.0236
053 1086 0.0235
053 1524 0.0235
053 701 0.0231
053 732 0.0231
053 1237 0.0231
053 17 0.0228
053 1279 0.0227
053 1082 0.0227
053 374 0.0226
053 1400 0.0226
053 608 0.0225
053 273 0.0223
053 867 0.0223
053 566 0.0223
053 607 0.0222
053 1388 0.0215
053 1324 0.0214
053 1201 0.0214
053 980 0.0214
053 387 0.0214
053 424 0.0211
053 1085 0.0206
053 1136 0.0206
053 777 0.0206
053 916 0.0205
053 1335 0.0205
053 1544 0.0205
053 1067 0.0202
053 1481 0.0200
053 1460 0.0198
053 1211 0.0197
053 1218 0.0196
053 1263 0.0196
053 751 0.0196
053 1361 0.0195
053 593 0.0195
053 866 0.0195
053 1578 0.0195
053 1502 0.0194
053 576 0.0193
053 1306 0.0193
053 1001 0.0193
053 1419 0.0193
053 711 0.0191
053 253 0.0190
053 790 0.0189
053 548 0.0189
053 164 0.0188
053 1480 0.0188
053 404 0.0187
053 1181 0.0185
053 477 0.0185
053 162 0.0185
053 615 0.0184
053 889 0.0180
053 1519 0.0180
053 1076 0.0179
053 821 0.0178
053 887 0.0178
053 884 0.0177
053 1253 0.0176
053 216 0.0175
053 1140 0.0174
053 579 0.0172
053 256 0.0171
053 964 0.0170
053 687 0.0170
053 533 0.0170
053 778 0.0169
053 438 0.0169
053 391 0.0169
053 1047 0.0169
053 862 0.0168
053 363 0.0165
053 272 0.0165
053 1199 0.0165
053 1534 0.0164
053 654 0.0163
053 587 0.0163
053 522 0.0162
053 1084 0.0162
053 1532 0.0162
053 960 0.0161
053 1159 0.0160
053 109 0.0159
053 345 0.0159
053 733 0.0158
053 412 0.0157
053 1021 0.0156
053 553 0.0156
053 1190 0.0156
053 1038 0.0156
053 941 0.0155
053 18 0.0154
053 782 0.0154
053 868 0.0154
053 734 0.0153
053 613 0.0152
053 1282 0.0151
053 135 0.0151
053 754 0.0151
053 355 0.0150
053 269 0.0150
053 799 0.0149
053 468 0.0148
053 337 0.0146
053 189 0.0145
053 184 0.0144
053 1326 0.0142
053 331 0.0142
053 897 0.0142
053 233 0.0141
053 598 0.0141
053 1391 0.0139
053 642 0.0138
053 723 0.0137
053 149 0.0136
053 475 0.0136
053 364 0.0134
053 208 0.0133
053 1547 0.0131
053 106 0.0131
053 1029 0.0130
053 380 0.0129
053 1467 0.0127
053 1148 0.0125
053 1233 0.0124
053 894 0.0122
053 201 0.0122
053 1288 0.0121
053 871 0.0121
053 1227 0.0121
053 1386 0.0120
053 924 0.0120
053 70 0.0120
053 1160 0.0119
053 436 0.0118
053 1357 0.0118
053 1254 0.0117
053 1280 0.0117
053 190 0.0117
053 432 0.0116
053 861 0.0116
053 725 0.0115
053 688 0.0115
053 173 0.0115
053 1251 0.0115
053 1429 0.0114
053 1410 0.0114
053 1129 0.0114
053 94 0.0113
053 1514 0.0113
053 425 0.0112
053 1278 0.0112
053 460 0.0112
053 79 0.0112
053 547 0.0112
053 1128 0.0112
053 5 0.0110
053 883 0.0110
053 1489 0.0110
053 44 0.0109
053 724 0.0108
053 1225 0.0107
053 915 0.0107
053 125 0.0107
053 459 0.0106
053 1463 0.0106
053 718 0.0105
053 966 0.0105
053 998 0.0104
053 1191 0.0103
053 930 0.0103
053 239 0.0101
053 1562 0.0101
053 1427 0.0101
053 1538 0.0099
053 919 0.0099
053 1098 0.0098
053 1062 0.0098
053 842 0.0097
053 1316 0.0095
053 1528 0.0095
053 357 0.0094
053 786 0.0092
053 994 0.0092
053 853 0.0089
053 846 0.0089
053 1036 0.0089
053 612 0.0089
053 134 0.0087
053 230 0.0086
053 659 0.0086
053 1516 0.0085
053 1204 0.0084
053 231 0.0084
053 806 0.0083
053 829 0.0082
053 308 0.0081
053 1406 0.0081
053 909 0.0080
053 1301 0.0080
053 1298 0.0080
053 1483 0.0079
053 365 0.0078
053 1111 0.0074
053 1113 0.0073
053 1252 0.0071
053 857 0.0070
053 114 0.0069
053 1048 0.0068
053 61 0.0067
053 266 0.0066
053 351 0.0064
053 97 0.0060
053 895 0.0059
053 1119 0.0057
054 1519 0.4437
054 1264 0.3903
054 854 0.3484
054 1028 0.3288
054 1364 0.2996
054 839 0.2961
054 454 0.2881
054 915 0.2814
054 438 0.2751
054 817 0.2673
054 250 0.2645
054 1207 0.2532
054 1375 0.2357
054 1492 0.2259
054 833 0.2250
054 334 0.2099
054 1551 0.2059
054 994 0.1993
054 1577 0.1981
054 908 0.1971
054 1424 0.1966
054 1348 0.1911
054 1164 0.1908
054 1133 0.1891
054 1301 0.1886
054 954 0.1862
054 889 0.1859
054 1493 0.1846
054 1347 0.1791
054 1567 0.1789
054 156 0.1704
054 665 0.1609
054 909 0.1558
054 811 0.1516
054 1352 0.1455
054 1349 0.1432
054 775 0.1407
054 1311 0.1399
054 1160 0.1381
054 1342 0.1361
054 1510 0.1353
054 1166 0.1304
054 1310 0.1297
054 1466 0.1279
054 1128 0.1274
054 1350 0.1266
054 1136 0.1258
054 1423 0.1223
054 1077 0.1222
054 212 0.1191
054 1000 0.1190
054 799 0.1185
054 1345 0.1182
054 356 0.1171
054 1409 0.1160
054 679 0.1156
054 1494 0.1153
054 170 0.1117
054 812 0.1101
054 780 0.1092
054 658 0.1082
054 1272 0.1079
054 991 0.1075
054 245 0.1065
054 753 0.1063
054 642 0.1048
054 1246 0.1033
054 436 0.1020
054 1362 0.1015
054 574 0.1008
054 215 0.0987
054 80 0.0968
054 1526 0.0965
054 447 0.0960
054 585 0.0956
054 944 0.0943
054 1438 0.0941
054 1469 0.0937
054 1283 0.0929
054 401 0.0926
054 422 0.0889
054 1374 0.0889
054 1363 0.0888
054 423 0.0886
054 297 0.0879
054 123 0.0866
054 103 0.0862
054 1132 0.0851
054 95 0.0836
054 968 0.0827
054 127 0.0826
054 437 0.0822
054 858 0.0821
054 942 0.0810
054 190 0.0804
054 1489 0.0804
054 381 0.0802
054 1063 0.0801
054 1564 0.0799
054 1290 0.0793
054 455 0.0791
054 426 0.0788
054 1536 0.0777
054 428 0.0775
054 1528 0.0774
054 277 0.0770
054 1468 0.0769
054 349 0.0764
054 265 0.0747
054 627 0.0741
054 816 0.0738
054 945 0.0738
054 1021 0.0731
054 328 0.0731
054 446 0.0724
054 892 0.0723
054 1357 0.0721
054 593 0.0720
054 879 0.0716
054 664 0.0713
054 55 0.0709
054 897 0.0705
054 1232 0.0694
054 864 0.0689
054 535 0.0679
054 1102 0.0679
054 733 0.0674
054 230 0.0670
054 824 0.0666
054 1380 0.0663
054 362 0.0662
054 1177 0.0660
054 683 0.0660
054 1534 0.0652
054 1123 0.0648
054 1221 0.0647
054 1289 0.0645
054 1476 0.0645
054 672 0.0634
054 1134 0.0632
054 703 0.0632
054 1127 0.0629
054 1193 0.0626
054 1287 0.0624
054 1083 0.0619
054 329 0.0619
054 1192 0.0616
054 293 0.0610
054 1271 0.0610
054 484 0.0607
054 210 0.0604
054 676 0.0602
054 730 0.0601
054 1161 0.0599
054 961 0.0597
054 1078 0.0596
054 786 0.0596
054 960 0.0595
054 1381 0.0589
054 1282 0.0586
054 680 0.0583
054 1327 0.0583
054 1321 0.0575
054 760 0.0572
054 705 0.0570
054 259 0.0569
054 1178 0.0566
054 636 0.0565
054 1313 0.0564
054 853 0.0560
054 1356 0.0558
054 404 0.0554
054 394 0.0552
054 193 0.0551
054 1529 0.0549
054 431 0.0546
054 53 0.0546
054 888 0.0545
054 838 0.0540
054 1302 0.0539
054 1120 0.0534
054 649 0.0533
054 526 0.0533
054 221 0.0531
054 933 0.0531
054 1100 0.0530
054 312 0.0529
054 258 0.0527
054 798 0.0519
054 508 0.0516
054 599 0.0515
054 776 0.0515
054 44 0.0514
054 427 0.0513
054 90 0.0513
054 322 0.0513
054 251 0.0513
054 1104 0.0512
054 1470 0.0509
054 1150 0.0508
054 870 0.0504
054 536 0.0502
054 1396 0.0499
054 1341 0.0498
054 94 0.0497
054 616 0.0494
054 904 0.0491
054 507 0.0490
054 912 0.0490
054 124 0.0490
054 63 0.0481
054 516 0.0479
054 716 0.0478
054 1074 0.0477
054 927 0.0477
054 1171 0.0475
054 1288 0.0474
054 335 0.0473
054 1225 0.0470
054 1353 0.0467
054 1175 0.0466
054 36 0.0465
054 1230 0.0464
054 1080 0.0464
054 1355 0.0462
054 1097 0.0462
054 306 0.0461
054 674 0.0460
054 38 0.0460
054 382 0.0459
054 357 0.0456
054 785 0.0456
054 119 0.0449
054 1170 0.0445
054 796 0.0445
054 712 0.0444
054 1388 0.0443
054 884 0.0443
054 1187 0.0441
054 617 0.0437
054 88 0.0432
054 361 0.0431
054 1490 0.0431
054 1159 0.0429
054 70 0.0427
054 49 0.0426
054 1365 0.0425
054 1140 0.0425
054 577 0.0424
054 243 0.0422
054 1491 0.0421
054 1514 0.0419
054 366 0.0417
054 875 0.0414
054 375 0.0413
054 169 0.0413
054 107 0.0413
054 1550 0.0411
054 102 0.0408
054 750 0.0406
054 1480 0.0405
054 474 0.0404
054 1569 0.0404
054 13 0.0401
054 637 0.0399
054 1303 0.0397
054 331 0.0396
054 1037 0.0396
054 1421 0.0396
054 1052 0.0394
054 140 0.0393
054 614 0.0393
054 497 0.0392
054 434 0.0392
054 345 0.0391
054 781 0.0391
054 257 0.0391
054 300 0.0391
054 510 0.0391
054 184 0.0390
054 902 0.0387
054 29 0.0386
054 1346 0.0382
054 229 0.0382
054 640 0.0382
054 379 0.0381
054 1240 0.0380
054 741 0.0378
054 573 0.0375
054 261 0.0374
054 424 0.0374
054 485 0.0374
054 41 0.0372
054 1436 0.0372
054 1208 0.0372
054 1010 0.0371
054 836 0.0371
054 1419 0.0371
054 149 0.0370
054 1070 0.0369
054 625 0.0369
054 1324 0.0369
054 319 0.0368
054 1068 0.0367
054 1297 0.0365
054 465 0.0363
054 1372 0.0363
054 1057 0.0362
054 30 0.0361
054 1181 0.0360
054 1217 0.0360
054 797 0.0357
054 1096 0.0354
054 808 0.0354
054 256 0.0353
054 477 0.0352
054 938 0.0352
054 1189 0.0350
054 280 0.0350
054 1162 0.0348
054 1340 0.0348
054 198 0.0347
054 1400 0.0346
054 348 0.0346
054 697 0.0342
054 384 0.0340
054 448 0.0339
054 11 0.0339
054 928 0.0338
054 572 0.0337
054 677 0.0336
054 1117 0.0335
054 148 0.0333
054 1401 0.0333
054 1012 0.0333
054 1024 0.0333
054 1446 0.0333
054 1227 0.0332
054 1382 0.0332
054 611 0.0332
054 1073 0.0330
054 1455 0.0330
054 1154 0.0329
054 1278 0.0327
054 752 0.0326
054 719 0.0321
054 463 0.0321
054 299 0.0321
054 452 0.0320
054 810 0.0320
054 648 0.0320
054 389 0.0319
054 641 0.0316
054 154 0.0315
054 1026 0.0314
054 351 0.0313
054 1578 0.0311
054 1511 0.0311
054 66 0.0309
054 846 0.0308
054 231 0.0308
054 174 0.0308
054 1069 0.0307
054 695 0.0306
054 32 0.0305
054 740 0.0305
054 224 0.0305
054 173 0.0304
054 1575 0.0304
054 59 0.0303
054 949 0.0303
054 284 0.0302
054 1222 0.0302
054 227 0.0302
054 952 0.0301
054 843 0.0299
054 237 0.0298
054 948 0.0298
054 661 0.0296
054 281 0.0295
054 746 0.0293
054 1293 0.0292
054 1125 0.0292
054 1552 0.0292
054 715 0.0290
054 204 0.0290
054 774 0.0289
054 15 0.0287
054 763 0.0287
054 736 0.0286
054 164 0.0286
054 1284 0.0286
054 1579 0.0285
054 1165 0.0285
054 1495 0.0285
054 469 0.0284
054 1373 0.0284
054 669 0.0283
054 1367 0.0283
054 444 0.0282
054 605 0.0282
054 885 0.0282
054 987 0.0282
054 592 0.0281
054 205 0.0279
054 1016 0.0279
054 1056 0.0278
054 305 0.0278
054 1580 0.0277
054 595 0.0277
054 310 0.0277
054 1483 0.0275
054 973 0.0274
054 1533 0.0273
054 451 0.0273
054 684 0.0272
054 555 0.0272
054 662 0.0270
054 591 0.0269
054 587 0.0269
054 1398 0.0267
054 264 0.0267
054 1513 0.0266
054 1095 0.0266
054 1203 0.0265
054 372 0.0264
054 675 0.0264
054 1265 0.0262
054 1103 0.0261
054 827 0.0259
054 1072 0.0259
054 294 0.0258
054 4 0.0257
054 249 0.0257
054 435 0.0256
054 147 0.0255
054 558 0.0254
054 670 0.0253
054 60 0.0253
054 145 0.0253
054 768 0.0253
054 136 0.0252
054 651 0.0250
054 1031 0.0249
054 244 0.0249
054 486 0.0248
054 822 0.0248
054 1378 0.0247
054 1319 0.0247
054 873 0.0247
054 652 0.0246
054 1054 0.0246
054 895 0.0246
054 84 0.0244
054 1508 0.0243
054 1458 0.0243
054 1573 0.0243
054 979 0.0242
054 576 0.0239
054 1223 0.0239
054 742 0.0238
054 844 0.0237
054 581 0.0237
054 727 0.0236
054 1309 0.0236
054 172 0.0235
054 1130 0.0233
054 561 0.0233
054 559 0.0232
054 318 0.0232
054 138 0.0231
054 267 0.0229
054 1149 0.0229
054 1583 0.0228
054 654 0.0227
054 191 0.0227
054 1014 0.0227
054 1411 0.0227
054 770 0.0227
054 459 0.0227
054 162 0.0226
054 1334 0.0226
054 1516 0.0225
054 1403 0.0225
054 19 0.0224
054 211 0.0224
054 1566 0.0222
054 929 0.0222
054 132 0.0222
054 40 0.0222
054 1478 0.0222
054 327 0.0221
054 1180 0.0220
054 410 0.0220
054 1540 0.0220
054 432 0.0220
054 1050 0.0219
054 848 0.0217
054 39 0.0217
054 417 0.0217
054 129 0.0216
054 1572 0.0216
054 743 0.0216
054 1531 0.0216
054 86 0.0216
054 920 0.0214
054 1549 0.0214
054 363 0.0213
054 509 0.0213
054 759 0.0212
054 1315 0.0212
054 291 0.0212
054 962 0.0211
054 632 0.0211
054 977 0.0210
054 183 0.0210
054 548 0.0209
054 194 0.0208
054 395 0.0208
054 804 0.0207
054 374 0.0207
054 399 0.0205
054 179 0.0204
054 371 0.0204
054 192 0.0203
054 1242 0.0203
054 1211 0.0203
054 246 0.0202
054 1565 0.0202
054 414 0.0202
054 531 0.0201
054 376 0.0201
054 1197 0.0200
054 309 0.0199
054 61 0.0199
054 969 0.0197
054 722 0.0196
054 466 0.0196
054 1542 0.0196
054 988 0.0196
054 1314 0.0196
054 1247 0.0195
054 793 0.0194
054 1258 0.0194
054 178 0.0194
054 433 0.0193
054 307 0.0193
054 1001 0.0192
054 766 0.0192
054 502 0.0192
054 600 0.0191
054 1456 0.0191
054 699 0.0191
054 72 0.0190
054 1402 0.0190
054 242 0.0189
054 941 0.0188
054 1332 0.0187
054 542 0.0187
054 517 0.0186
054 425 0.0186
054 24 0.0186
054 1245 0.0186
054 1108 0.0186
054 449 0.0186
054 247 0.0185
054 735 0.0184
054 578 0.0184
054 1111 0.0184
054 691 0.0184
054 114 0.0183
054 393 0.0182
054 999 0.0181
054 657 0.0181
054 405 0.0180
054 847 0.0179
054 445 0.0179
054 298 0.0178
054 532 0.0178
054 1452 0.0177
054 301 0.0176
054 1008 0.0175
054 478 0.0175
054 292 0.0174
054 1224 0.0173
054 121 0.0173
054 1257 0.0172
054 9 0.0170
054 367 0.0170
054 795 0.0170
054 8 0.0169
054 964 0.0169
054 1030 0.0169
054 965 0.0169
054 1176 0.0168
054 125 0.0168
054 163 0.0168
054 1386 0.0167
054 42 0.0167
054 524 0.0167
054 638 0.0166
054 235 0.0165
054 272 0.0165
054 171 0.0163
054 1114 0.0162
054 1082 0.0162
054 841 0.0160
054 1501 0.0159
054 93 0.0159
054 1238 0.0158
054 1275 0.0158
054 493 0.0157
054 784 0.0157
054 397 0.0156
054 589 0.0156
054 1179 0.0156
054 64 0.0155
054 1185 0.0155
054 896 0.0154
054 1041 0.0153
054 213 0.0153
054 603 0.0153
054 1488 0.0153
054 1019 0.0153
054 983 0.0153
054 738 0.0151
054 416 0.0151
054 1308 0.0151
054 73 0.0151
054 773 0.0150
054 217 0.0150
054 580 0.0149
054 762 0.0149
054 355 0.0149
054 1113 0.0149
054 443 0.0148
054 1144 0.0147
054 801 0.0147
054 153 0.0147
054 1498 0.0147
054 1065 0.0147
054 391 0.0147
054 1182 0.0146
054 1484 0.0145
054 1395 0.0145
054 1129 0.0145
054 365 0.0145
054 874 0.0144
054 832 0.0142
054 1254 0.0142
054 412 0.0141
054 115 0.0141
054 411 0.0141
054 1043 0.0140
054 506 0.0140
054 959 0.0139
054 83 0.0139
054 321 0.0138
054 1215 0.0138
054 1462 0.0137
054 320 0.0137
054 1279 0.0136
054 1517 0.0135
054 562 0.0135
054 982 0.0135
054 1460 0.0134
054 1407 0.0134
054 1029 0.0134
054 489 0.0134
054 1098 0.0134
054 338 0.0133
054 1153 0.0133
054 50 0.0133
054 1333 0.0132
054 1051 0.0132
054 402 0.0132
054 1457 0.0131
054 689 0.0130
054 1053 0.0130
054 117 0.0130
054 441 0.0129
054 519 0.0128
054 608 0.0127
054 1122 0.0126
054 855 0.0126
054 1360 0.0125
054 533 0.0125
054 223 0.0125
054 549 0.0124
054 216 0.0124
054 233 0.0123
054 1291 0.0123
054 840 0.0123
054 696 0.0123
054 557 0.0123
054 521 0.0122
054 1370 0.0122
054 1020 0.0122
054 863 0.0122
054 820 0.0121
054 262 0.0121
054 924 0.0120
054 918 0.0119
054 1548 0.0119
054 725 0.0119
054 688 0.0118
054 1336 0.0118
054 1188 0.0118
054 708 0.0118
054 383 0.0117
054 633 0.0117
054 567 0.0116
054 403 0.0116
054 1270 0.0116
054 240 0.0116
054 1085 0.0116
054 751 0.0115
054 916 0.0114
054 241 0.0114
054 326 0.0114
054 1064 0.0114
054 1066 0.0113
054 1093 0.0113
054 82 0.0113
054 563 0.0113
054 1156 0.0112
054 871 0.0112
054 829 0.0112
054 450 0.0111
054 556 0.0111
054 1216 0.0111
054 1239 0.0111
054 1013 0.0110
054 1322 0.0109
054 106 0.0109
054 1330 0.0108
054 253 0.0108
054 288 0.0108
054 518 0.0108
054 308 0.0108
054 1532 0.0108
054 1453 0.0107
054 1032 0.0107
054 963 0.0107
054 1044 0.0106
054 953 0.0105
054 475 0.0105
054 1390 0.0105
054 694 0.0104
054 5 0.0103
054 583 0.0103
054 907 0.0103
054 342 0.0102
054 1535 0.0102
054 1210 0.0102
054 1394 0.0102
054 296 0.0101
054 490 0.0101
054 1035 0.0101
054 996 0.0101
054 984 0.0100
054 273 0.0100
054 1366 0.0100
054 866 0.0099
054 1253 0.0099
054 201 0.0098
054 89 0.0098
054 1425 0.0098
054 566 0.0097
054 456 0.0096
054 333 0.0096
054 1205 0.0096
054 255 0.0095
054 1273 0.0095
054 1163 0.0095
054 790 0.0095
054 1354 0.0095
054 539 0.0094
054 1417 0.0094
054 663 0.0094
054 85 0.0094
054 168 0.0094
054 805 0.0092
054 43 0.0092
054 26 0.0092
054 925 0.0092
054 794 0.0090
054 481 0.0090
054 1226 0.0090
054 1371 0.0089
054 195 0.0088
054 1058 0.0088
054 686 0.0088
054 693 0.0088
054 282 0.0087
054 1318 0.0087
054 1034 0.0087
054 330 0.0087
054 37 0.0086
054 1249 0.0085
054 993 0.0085
054 1568 0.0085
054 958 0.0084
054 189 0.0083
054 303 0.0083
054 1025 0.0082
054 14 0.0082
054 528 0.0082
054 570 0.0082
054 354 0.0082
054 496 0.0082
054 720 0.0081
054 835 0.0081
054 1141 0.0080
054 1075 0.0080
054 671 0.0080
054 111 0.0079
054 976 0.0079
054 1218 0.0079
054 783 0.0079
054 903 0.0079
054 1505 0.0078
054 1251 0.0078
054 1538 0.0078
054 744 0.0077
054 109 0.0077
054 473 0.0077
054 655 0.0077
054 747 0.0077
054 1440 0.0076
054 862 0.0075
054 865 0.0075
054 1087 0.0075
054 467 0.0074
054 54 0.0072
054 479 0.0072
054 134 0.0070
054 732 0.0070
054 806 0.0069
054 1399 0.0068
054 564 0.0068
054 1039 0.0068
054 1244 0.0068
054 118 0.0068
054 270 0.0068
054 1465 0.0068
054 1351 0.0068
054 20 0.0068
054 99 0.0067
054 1530 0.0067
054 653 0.0067
054 1379 0.0067
054 1094 0.0067
054 81 0.0067
054 1109 0.0066
054 1442 0.0066
054 203 0.0065
054 787 0.0064
054 1022 0.0064
054 311 0.0064
054 1582 0.0063
054 706 0.0063
054 386 0.0062
054 597 0.0062
054 91 0.0062
054 200 0.0061
054 631 0.0061
054 1277 0.0061
054 68 0.0060
054 629 0.0060
054 921 0.0060
054 503 0.0060
054 1387 0.0059
054 852 0.0059
054 337 0.0059
054 887 0.0058
054 488 0.0058
054 146 0.0058
054 1447 0.0058
054 1267 0.0057
054 1432 0.0057
054 1418 0.0057
054 764 0.0057
054 606 0.0056
054 772 0.0056
054 1046 0.0055
054 598 0.0055
054 304 0.0055
054 370 0.0055
054 856 0.0055
054 186 0.0055
054 1509 0.0054
054 1524 0.0054
054 1512 0.0054
054 970 0.0054
054 1537 0.0053
054 480 0.0053
054 1248 0.0053
054 685 0.0052
054 289 0.0052
054 185 0.0052
054 263 0.0052
054 346 0.0052
054 152 0.0051
054 1507 0.0051
054 17 0.0051
054 1344 0.0051
054 537 0.0051
054 972 0.0051
054 1570 0.0050
054 1006 0.0050
054 1427 0.0050
054 1323 0.0050
054 702 0.0049
054 1518 0.0049
054 620 0.0049
054 429 0.0049
054 155 0.0049
054 1142 0.0048
054 788 0.0048
054 985 0.0047
054 254 0.0047
054 406 0.0047
054 1148 0.0046
054 492 0.0046
054 1426 0.0046
054 3 0.0046
054 1558 0.0045
054 1543 0.0045
054 75 0.0045
054 547 0.0045
054 789 0.0044
054 248 0.0044
054 618 0.0044
054 880 0.0044
054 390 0.0044
054 1049 0.0044
054 906 0.0044
054 656 0.0044
054 222 0.0044
054 704 0.0044
054 1554 0.0043
054 692 0.0043
054 813 0.0042
054 1416 0.0042
054 1101 0.0042
054 268 0.0042
054 737 0.0042
054 1229 0.0042
054 21 0.0042
054 1496 0.0042
054 1168 0.0041
054 975 0.0041
054 353 0.0041
054 181 0.0041
054 180 0.0041
054 1055 0.0041
054 108 0.0040
054 550 0.0040
054 1441 0.0040
054 116 0.0040
054 458 0.0039
054 22 0.0039
054 344 0.0039
054 613 0.0039
054 876 0.0038
054 1461 0.0038
054 588 0.0038
054 1358 0.0038
054 47 0.0038
054 135 0.0038
054 511 0.0037
054 1481 0.0037
054 609 0.0037
054 468 0.0037
054 150 0.0037
054 101 0.0037
054 1581 0.0037
054 1482 0.0036
054 538 0.0036
054 803 0.0036
054 139 0.0036
054 981 0.0036
054 1036 0.0036
054 1504 0.0036
054 565 0.0035
054 202 0.0035
054 868 0.0034
054 830 0.0034
054 602 0.0034
054 1502 0.0033
054 196 0.0033
054 554 0.0033
054 1369 0.0033
054 377 0.0033
054 630 0.0033
054 1274 0.0032
054 1451 0.0032
054 1377 0.0032
054 482 0.0032
054 1467 0.0031
054 487 0.0031
054 380 0.0031
054 476 0.0031
054 650 0.0031
054 315 0.0031
054 144 0.0030
054 713 0.0030
054 707 0.0030
054 1106 0.0030
054 28 0.0030
054 769 0.0030
054 78 0.0030
054 48 0.0029
054 462 0.0029
054 52 0.0029
054 1009 0.0029
054 74 0.0028
054 1499 0.0028
054 69 0.0028
054 1067 0.0028
054 1339 0.0028
054 1571 0.0028
054 1439 0.0027
054 771 0.0027
054 1281 0.0027
054 980 0.0027
054 1007 0.0026
054 922 0.0026
054 724 0.0026
054 1414 0.0026
054 754 0.0026
054 914 0.0026
054 1317 0.0026
054 815 0.0025
054 709 0.0025
054 128 0.0025
054 1105 0.0025
054 97 0.0024
054 842 0.0024
054 1260 0.0024
054 723 0.0024
054 98 0.0023
054 700 0.0022
054 1199 0.0022
054 1444 0.0022
054 46 0.0021
054 1503 0.0021
054 1487 0.0021
054 681 0.0021
054 668 0.0021
054 137 0.0020
054 1280 0.0020
054 1116 0.0020
054 1298 0.0020
054 1190 0.0018
054 1048 0.0017
054 1292 0.0016
055 617 0.4655
055 1132 0.3235
055 1332 0.2487
055 1394 0.2468
055 1485 0.1882
055 1261 0.1758
055 1404 0.1678
055 422 0.1497
055 1453 0.1436
055 566 0.1329
055 1435 0.1168
055 670 0.1075
055 1260 0.1019
055 781 0.0955
055 491 0.0922
055 1344 0.0916
055 1196 0.0906
055 1546 0.0874
055 1304 0.0770
055 1053 0.0675
055 1192 0.0662
055 1371 0.0657
055 1202 0.0653
055 1471 0.0650
055 41 0.0647
055 707 0.0645
055 858 0.0626
055 586 0.0578
055 524 0.0576
055 1448 0.0575
055 1210 0.0566
055 538 0.0505
055 66 0.0502
055 1310 0.0501
055 1353 0.0496
055 721 0.0495
055 1514 0.0489
055 302 0.0484
055 945 0.0479
055 1019 0.0477
055 1348 0.0463
055 695 0.0462
055 661 0.0454
055 1458 0.0440
055 588 0.0430
055 122 0.0418
055 1165 0.0410
055 335 0.0402
055 507 0.0393
055 1509 0.0390
055 1573 0.0383
055 1564 0.0376
055 947 0.0375
055 341 0.0369
055 581 0.0365
055 696 0.0359
055 1181 0.0358
055 991 0.0344
055 461 0.0331
055 1227 0.0331
055 1123 0.0327
055 1437 0.0320
055 69 0.0319
055 589 0.0315
055 424 0.0310
055 1179 0.0310
055 366 0.0308
055 700 0.0308
055 230 0.0303
055 378 0.0302
055 1084 0.0301
055 47 0.0300
055 245 0.0298
055 948 0.0293
055 727 0.0291
055 1459 0.0286
055 70 0.0281
055 739 0.0280
055 436 0.0276
055 1466 0.0266
055 525 0.0265
055 1134 0.0265
055 795 0.0257
055 317 0.0256
055 665 0.0255
055 1494 0.0254
055 1554 0.0249
055 281 0.0248
055 454 0.0243
055 1341 0.0243
055 932 0.0240
055 265 0.0237
055 846 0.0237
055 156 0.0237
055 595 0.0236
055 1280 0.0234
055 423 0.0232
055 1577 0.0230
055 381 0.0228
055 944 0.0227
055 334 0.0227
055 1128 0.0227
055 816 0.0226
055 1116 0.0225
055 328 0.0224
055 782 0.0222
055 1334 0.0222
055 228 0.0217
055 897 0.0216
055 851 0.0213
055 1166 0.0212
055 1000 0.0210
055 1102 0.0208
055 428 0.0206
055 288 0.0205
055 401 0.0203
055 362 0.0203
055 593 0.0198
055 298 0.0197
055 921 0.0196
055 297 0.0195
055 1581 0.0195
055 679 0.0194
055 1290 0.0192
055 391 0.0191
055 1010 0.0189
055 447 0.0189
055 1264 0.0187
055 215 0.0187
055 484 0.0186
055 1374 0.0184
055 1230 0.0184
055 653 0.0179
055 839 0.0177
055 1173 0.0176
055 636 0.0173
055 1221 0.0172
055 349 0.0172
055 1578 0.0170
055 462 0.0169
055 1582 0.0167
055 908 0.0162
055 903 0.0160
055 854 0.0160
055 798 0.0159
055 95 0.0159
055 1440 0.0158
055 40 0.0157
055 1193 0.0156
055 52 0.0155
055 459 0.0153
055 289 0.0152
055 1499 0.0151
055 1005 0.0151
055 1077 0.0150
055 63 0.0150
055 672 0.0149
055 446 0.0145
055 94 0.0144
055 192 0.0143
055 1222 0.0142
055 1346 0.0142
055 1345 0.0142
055 577 0.0141
055 1177 0.0140
055 474 0.0140
055 1536 0.0140
055 785 0.0140
055 1436 0.0138
055 985 0.0136
055 735 0.0136
055 1321 0.0133
055 53 0.0131
055 1098 0.0130
055 1127 0.0129
055 438 0.0129
055 716 0.0127
055 1074 0.0127
055 909 0.0127
055 585 0.0126
055 1469 0.0126
055 1534 0.0125
055 896 0.0124
055 170 0.0124
055 103 0.0123
055 658 0.0123
055 13 0.0123
055 249 0.0123
055 325 0.0123
055 1147 0.0122
055 434 0.0120
055 812 0.0120
055 327 0.0120
055 892 0.0119
055 1163 0.0117
055 102 0.0116
055 760 0.0116
055 119 0.0114
055 824 0.0113
055 1171 0.0113
055 680 0.0113
055 49 0.0113
055 1313 0.0113
055 1568 0.0113
055 1187 0.0112
055 437 0.0112
055 904 0.0112
055 30 0.0111
055 453 0.0110
055 88 0.0109
055 376 0.0109
055 649 0.0109
055 1365 0.0108
055 933 0.0108
055 485 0.0108
055 1567 0.0108
055 229 0.0106
055 516 0.0106
055 1188 0.0105
055 497 0.0104
055 1082 0.0104
055 1063 0.0103
055 572 0.0103
055 877 0.0100
055 257 0.0100
055 1023 0.0100
055 1491 0.0099
055 902 0.0099
055 535 0.0098
055 1490 0.0097
055 1350 0.0094
055 477 0.0094
055 786 0.0094
055 280 0.0093
055 938 0.0093
055 817 0.0091
055 342 0.0091
055 1160 0.0090
055 452 0.0089
055 92 0.0089
055 250 0.0088
055 15 0.0088
055 752 0.0087
055 319 0.0087
055 357 0.0086
055 1433 0.0084
055 1327 0.0083
055 1052 0.0083
055 380 0.0083
055 730 0.0083
055 427 0.0083
055 1175 0.0082
055 148 0.0082
055 375 0.0082
055 1225 0.0082
055 258 0.0081
055 32 0.0081
055 1271 0.0081
055 526 0.0081
055 162 0.0081
055 753 0.0081
055 1289 0.0080
055 169 0.0078
055 1046 0.0078
055 361 0.0078
055 243 0.0078
055 1047 0.0077
055 676 0.0076
055 300 0.0075
055 329 0.0075
055 574 0.0074
055 193 0.0074
055 1384 0.0074
055 1476 0.0074
055 305 0.0074
055 1580 0.0074
055 867 0.0074
055 309 0.0073
055 186 0.0073
055 1483 0.0072
055 645 0.0072
055 448 0.0071
055 1512 0.0071
055 1130 0.0071
055 365 0.0071
055 1172 0.0071
055 1032 0.0071
055 915 0.0071
055 426 0.0071
055 331 0.0070
055 813 0.0070
055 870 0.0069
055 754 0.0069
055 1552 0.0069
055 1427 0.0067
055 1020 0.0067
055 1133 0.0067
055 1333 0.0067
055 1340 0.0066
055 1326 0.0065
055 356 0.0065
055 351 0.0064
055 705 0.0063
055 1070 0.0062
055 600 0.0062
055 246 0.0062
055 925 0.0061
055 467 0.0061
055 251 0.0060
055 1150 0.0060
055 261 0.0060
055 741 0.0060
055 211 0.0059
055 1378 0.0059
055 508 0.0058
055 555 0.0057
055 864 0.0057
055 425 0.0057
055 578 0.0056
055 1336 0.0056
055 1392 0.0056
055 613 0.0056
055 1080 0.0056
055 183 0.0056
055 1164 0.0056
055 299 0.0055
055 445 0.0055
055 478 0.0053
055 871 0.0053
055 1272 0.0052
055 123 0.0052
055 873 0.0049
055 841 0.0049
055 210 0.0049
055 1041 0.0047
055 942 0.0047
055 312 0.0046
055 1207 0.0045
055 1349 0.0045
055 960 0.0045
055 1016 0.0045
055 179 0.0045
055 848 0.0045
055 1073 0.0044
055 449 0.0044
055 648 0.0044
055 729 0.0042
055 1364 0.0042
055 532 0.0042
055 320 0.0042
055 1452 0.0042
055 1057 0.0041
055 1189 0.0041
055 489 0.0041
055 431 0.0041
055 1421 0.0041
055 50 0.0041
055 1301 0.0041
055 1159 0.0041
055 833 0.0040
055 793 0.0040
055 502 0.0039
055 1342 0.0039
055 510 0.0039
055 1565 0.0039
055 1360 0.0038
055 599 0.0038
055 799 0.0038
055 1078 0.0038
055 1291 0.0038
055 1120 0.0037
055 863 0.0037
055 262 0.0037
055 1513 0.0037
055 493 0.0037
055 603 0.0036
055 1362 0.0036
055 517 0.0036
055 1526 0.0036
055 1223 0.0035
055 642 0.0035
055 703 0.0035
055 740 0.0035
055 774 0.0035
055 712 0.0034
055 291 0.0034
055 1347 0.0034
055 1148 0.0034
055 93 0.0033
055 1247 0.0033
055 1423 0.0033
055 810 0.0033
055 469 0.0032
055 1083 0.0032
055 1069 0.0032
055 24 0.0032
055 780 0.0032
055 1096 0.0032
055 1446 0.0031
055 591 0.0031
055 979 0.0030
055 838 0.0030
055 190 0.0030
055 1401 0.0029
055 796 0.0029
055 1354 0.0029
055 804 0.0029
055 836 0.0029
055 638 0.0028
055 1008 0.0028
055 26 0.0028
055 576 0.0027
055 1031 0.0027
055 625 0.0027
055 330 0.0026
055 1419 0.0026
055 542 0.0026
055 637 0.0026
055 1240 0.0026
055 929 0.0025
055 189 0.0025
055 684 0.0025
055 397 0.0025
055 1370 0.0025
055 496 0.0025
055 1111 0.0025
055 1028 0.0025
055 533 0.0024
055 1224 0.0024
055 233 0.0024
055 1531 0.0024
055 994 0.0023
055 383 0.0022
055 1064 0.0022
055 486 0.0022
055 806 0.0021
055 308 0.0021
055 787 0.0020
055 592 0.0019
055 404 0.0019
055 549 0.0018
055 114 0.0017
055 1363 0.0016
055 333 0.0015
055 759 0.0014
055 1302 0.0014
056 955 0.3630
056 951 0.2976
056 844 0.2457
056 1342 0.2146
056 342 0.2071
056 278 0.1947
056 1568 0.1936
056 47 0.1874
056 1176 0.1847
056 617 0.1791
056 1264 0.1676
056 1466 0.1601
056 1230 0.1577
056 736 0.1505
056 422 0.1504
056 377 0.1501
056 846 0.1491
056 1018 0.1484
056 239 0.1473
056 1578 0.1464
056 15 0.1454
056 1582 0.1436
056 954 0.1395
056 162 0.1388
056 574 0.1388
056 383 0.1376
056 198 0.1369
056 1132 0.1349
056 845 0.1326
056 1364 0.1321
056 781 0.1317
056 297 0.1277
056 1424 0.1256
056 566 0.1181
056 1130 0.1167
056 1467 0.1151
056 85 0.1120
056 1581 0.1116
056 697 0.1114
056 438 0.1099
056 1394 0.1064
056 1035 0.1038
056 1343 0.1029
056 301 0.1001
056 261 0.0996
056 932 0.0984
056 1332 0.0973
056 558 0.0971
056 1022 0.0964
056 33 0.0963
056 380 0.0951
056 1128 0.0947
056 1291 0.0941
056 1108 0.0932
056 1028 0.0919
056 1175 0.0868
056 499 0.0861
056 1384 0.0847
056 345 0.0842
056 280 0.0841
056 727 0.0824
056 1154 0.0822
056 196 0.0791
056 652 0.0789
056 787 0.0786
056 341 0.0780
056 731 0.0764
056 785 0.0734
056 315 0.0727
056 8 0.0723
056 1073 0.0719
056 88 0.0714
056 1091 0.0714
056 1476 0.0704
056 1237 0.0702
056 1583 0.0694
056 776 0.0682
056 465 0.0682
056 1433 0.0664
056 682 0.0664
056 1561 0.0637
056 1101 0.0636
056 331 0.0634
056 1166 0.0633
056 812 0.0620
056 312 0.0616
056 1171 0.0612
056 676 0.0609
056 593 0.0604
056 116 0.0597
056 630 0.0594
056 281 0.0592
056 1212 0.0574
056 748 0.0573
056 1465 0.0565
056 891 0.0564
056 170 0.0563
056 770 0.0560
056 712 0.0558
056 161 0.0556
056 897 0.0551
056 1241 0.0544
056 484 0.0540
056 1089 0.0539
056 508 0.0521
056 384 0.0519
056 695 0.0514
056 1407 0.0513
056 843 0.0508
056 658 0.0499
056 1460 0.0496
056 743 0.0494
056 600 0.0493
056 1529 0.0492
056 1119 0.0483
056 275 0.0480
056 55 0.0470
056 156 0.0466
056 245 0.0465
056 609 0.0452
056 896 0.0452
056 784 0.0449
056 28 0.0448
056 361 0.0445
056 1534 0.0443
056 840 0.0434
056 819 0.0433
056 1379 0.0429
056 477 0.0426
056 1053 0.0424
056 186 0.0416
056 874 0.0414
056 1363 0.0409
056 25 0.0408
056 642 0.0405
056 1448 0.0401
056 665 0.0398
056 1260 0.0398
056 1021 0.0397
056 94 0.0396
056 1234 0.0394
056 1180 0.0393
056 61 0.0389
056 988 0.0388
056 1167 0.0386
056 188 0.0386
056 368 0.0382
056 454 0.0380
056 386 0.0378
056 1193 0.0377
056 798 0.0376
056 1075 0.0376
056 427 0.0376
056 70 0.0371
056 930 0.0368
056 436 0.0365
056 423 0.0362
056 259 0.0362
056 1577 0.0359
056 486 0.0357
056 381 0.0356
056 1564 0.0355
056 944 0.0354
056 991 0.0352
056 816 0.0352
056 1062 0.0351
056 732 0.0350
056 328 0.0349
056 958 0.0348
056 842 0.0344
056 608 0.0341
056 367 0.0338
056 867 0.0337
056 1170 0.0337
056 607 0.0336
056 230 0.0336
056 240 0.0332
056 1000 0.0328
056 1201 0.0324
056 1102 0.0324
056 158 0.0324
056 980 0.0324
056 387 0.0323
056 428 0.0322
056 737 0.0322
056 1160 0.0321
056 401 0.0317
056 362 0.0316
056 404 0.0313
056 1085 0.0312
056 1335 0.0310
056 1156 0.0305
056 1386 0.0305
056 1159 0.0305
056 679 0.0303
056 1290 0.0299
056 1211 0.0298
056 1218 0.0297
056 1361 0.0296
056 447 0.0295
056 1001 0.0292
056 215 0.0291
056 1225 0.0290
056 1134 0.0287
056 1374 0.0286
056 786 0.0286
056 799 0.0285
056 1480 0.0284
056 710 0.0279
056 615 0.0278
056 210 0.0274
056 889 0.0273
056 915 0.0272
056 636 0.0270
056 821 0.0270
056 1310 0.0269
056 265 0.0269
056 1221 0.0269
056 459 0.0268
056 349 0.0268
056 1253 0.0267
056 912 0.0266
056 1307 0.0266
056 425 0.0259
056 256 0.0258
056 964 0.0257
056 687 0.0257
056 778 0.0256
056 391 0.0256
056 650 0.0253
056 707 0.0252
056 854 0.0250
056 95 0.0247
056 654 0.0247
056 504 0.0240
056 733 0.0239
056 1038 0.0236
056 941 0.0235
056 764 0.0235
056 18 0.0234
056 782 0.0233
056 672 0.0232
056 945 0.0232
056 135 0.0228
056 355 0.0226
056 446 0.0225
056 1036 0.0225
056 468 0.0224
056 190 0.0223
056 1388 0.0223
056 1345 0.0221
056 337 0.0221
056 1177 0.0219
056 1536 0.0218
056 184 0.0217
056 565 0.0214
056 231 0.0213
056 1181 0.0212
056 1078 0.0211
056 895 0.0209
056 556 0.0209
056 1321 0.0208
056 53 0.0205
056 114 0.0203
056 1441 0.0202
056 208 0.0201
056 1127 0.0201
056 716 0.0199
056 1074 0.0198
056 585 0.0197
056 1469 0.0197
056 351 0.0197
056 1539 0.0197
056 703 0.0196
056 1461 0.0195
056 103 0.0192
056 13 0.0192
056 476 0.0189
056 317 0.0187
056 434 0.0187
056 1302 0.0187
056 892 0.0185
056 201 0.0185
056 810 0.0184
056 1301 0.0184
056 479 0.0184
056 102 0.0181
056 760 0.0181
056 1508 0.0179
056 357 0.0179
056 165 0.0179
056 780 0.0179
056 1357 0.0178
056 119 0.0178
056 857 0.0178
056 1254 0.0178
056 824 0.0177
056 879 0.0177
056 680 0.0177
056 49 0.0177
056 1313 0.0176
056 432 0.0176
056 861 0.0176
056 1187 0.0175
056 437 0.0175
056 1210 0.0175
056 994 0.0175
056 725 0.0175
056 688 0.0174
056 904 0.0174
056 1446 0.0174
056 708 0.0174
056 30 0.0173
056 1494 0.0172
056 1202 0.0171
056 1514 0.0171
056 424 0.0170
056 589 0.0170
056 225 0.0170
056 1278 0.0170
056 649 0.0170
056 79 0.0170
056 518 0.0169
056 547 0.0169
056 1365 0.0169
056 933 0.0169
056 485 0.0168
056 1567 0.0168
056 838 0.0168
056 1489 0.0166
056 366 0.0166
056 229 0.0166
056 1231 0.0165
056 516 0.0165
056 44 0.0165
056 1216 0.0164
056 1401 0.0163
056 497 0.0163
056 507 0.0163
056 1115 0.0162
056 125 0.0161
056 1063 0.0161
056 572 0.0161
056 1463 0.0160
056 638 0.0160
056 718 0.0159
056 966 0.0159
056 154 0.0158
056 806 0.0158
056 655 0.0158
056 449 0.0157
056 959 0.0155
056 257 0.0155
056 877 0.0155
056 664 0.0155
056 308 0.0155
056 1087 0.0155
056 1491 0.0155
056 41 0.0154
056 902 0.0154
056 909 0.0153
056 334 0.0153
056 535 0.0153
056 666 0.0153
056 1562 0.0153
056 1427 0.0153
056 1490 0.0151
056 1483 0.0151
056 919 0.0150
056 923 0.0149
056 1098 0.0149
056 365 0.0149
056 689 0.0148
056 981 0.0148
056 1350 0.0147
056 866 0.0146
056 613 0.0145
056 166 0.0144
056 938 0.0144
056 1316 0.0144
056 1061 0.0144
056 1528 0.0143
056 817 0.0143
056 440 0.0143
056 67 0.0141
056 510 0.0140
056 20 0.0140
056 1455 0.0139
056 452 0.0139
056 250 0.0138
056 1165 0.0136
056 752 0.0135
056 319 0.0135
056 908 0.0135
056 1190 0.0134
056 612 0.0134
056 1222 0.0134
056 335 0.0134
056 418 0.0133
056 134 0.0131
056 1507 0.0131
056 659 0.0130
056 1327 0.0130
056 614 0.0130
056 1052 0.0130
056 730 0.0129
056 1516 0.0129
056 148 0.0128
056 375 0.0128
056 1204 0.0128
056 800 0.0127
056 258 0.0127
056 32 0.0127
056 526 0.0126
056 753 0.0126
056 829 0.0124
056 1406 0.0122
056 1331 0.0122
056 169 0.0122
056 1506 0.0121
056 243 0.0121
056 1298 0.0121
056 1272 0.0120
056 1381 0.0119
056 1027 0.0118
056 253 0.0118
056 577 0.0117
056 300 0.0117
056 329 0.0117
056 193 0.0116
056 305 0.0115
056 1580 0.0115
056 1389 0.0115
056 837 0.0115
056 1226 0.0114
056 1186 0.0113
056 832 0.0112
056 448 0.0112
056 426 0.0110
056 1113 0.0110
056 1032 0.0110
056 1065 0.0108
056 870 0.0108
056 1010 0.0107
056 1252 0.0107
056 1552 0.0107
056 1511 0.0106
056 40 0.0106
056 490 0.0105
056 1397 0.0104
056 709 0.0104
056 1133 0.0104
056 734 0.0104
056 1340 0.0104
056 1020 0.0103
056 1435 0.0102
056 1048 0.0102
056 249 0.0102
056 336 0.0102
056 595 0.0102
056 356 0.0101
056 266 0.0099
056 1297 0.0098
056 705 0.0098
056 1522 0.0098
056 1510 0.0097
056 192 0.0097
056 1070 0.0097
056 246 0.0097
056 1358 0.0096
056 406 0.0096
056 1346 0.0096
056 217 0.0095
056 98 0.0094
056 251 0.0094
056 1150 0.0094
056 741 0.0093
056 211 0.0093
056 1088 0.0092
056 1348 0.0092
056 1428 0.0091
056 1378 0.0091
056 97 0.0091
056 222 0.0090
056 405 0.0090
056 555 0.0089
056 1573 0.0089
056 864 0.0089
056 1532 0.0089
056 578 0.0088
056 717 0.0088
056 1080 0.0087
056 581 0.0087
056 183 0.0087
056 1164 0.0087
056 299 0.0086
056 445 0.0085
056 298 0.0085
056 478 0.0083
056 1280 0.0083
056 1312 0.0081
056 123 0.0081
056 327 0.0081
056 1377 0.0081
056 474 0.0080
056 963 0.0079
056 1148 0.0078
056 839 0.0076
056 873 0.0076
056 841 0.0076
056 376 0.0074
056 894 0.0074
056 1041 0.0073
056 942 0.0073
056 657 0.0073
056 1207 0.0071
056 1349 0.0071
056 960 0.0071
056 1016 0.0070
056 179 0.0070
056 848 0.0070
056 948 0.0068
056 648 0.0068
056 971 0.0067
056 532 0.0065
056 320 0.0065
056 729 0.0065
056 1452 0.0065
056 66 0.0065
056 63 0.0065
056 1057 0.0064
056 1189 0.0064
056 489 0.0064
056 431 0.0064
056 1421 0.0063
056 50 0.0063
056 833 0.0063
056 793 0.0062
056 502 0.0062
056 524 0.0061
056 1565 0.0060
056 1360 0.0060
056 1436 0.0060
056 599 0.0059
056 1120 0.0058
056 262 0.0058
056 1513 0.0058
056 493 0.0058
056 603 0.0056
056 1362 0.0056
056 517 0.0056
056 1526 0.0055
056 1223 0.0055
056 740 0.0054
056 774 0.0054
056 291 0.0053
056 1347 0.0053
056 93 0.0052
056 1247 0.0052
056 1423 0.0052
056 288 0.0051
056 469 0.0051
056 1083 0.0050
056 1069 0.0050
056 24 0.0050
056 1096 0.0049
056 591 0.0048
056 979 0.0047
056 795 0.0045
056 796 0.0045
056 1354 0.0045
056 804 0.0045
056 836 0.0045
056 1444 0.0044
056 1008 0.0044
056 26 0.0044
056 858 0.0043
056 1371 0.0043
056 576 0.0042
056 1031 0.0042
056 625 0.0042
056 330 0.0041
056 1419 0.0041
056 542 0.0040
056 637 0.0040
056 1240 0.0040
056 929 0.0040
056 189 0.0040
056 684 0.0040
056 397 0.0039
056 1370 0.0039
056 496 0.0039
056 1111 0.0039
056 533 0.0037
056 1224 0.0037
056 233 0.0037
056 1531 0.0037
056 1271 0.0035
056 1064 0.0034
056 592 0.0030
056 1333 0.0029
056 549 0.0028
056 333 0.0024
056 759 0.0023
057 1466 0.4756
057 1492 0.2487
057 1347 0.2420
057 1364 0.2383
057 334 0.1966
057 212 0.1890
057 1348 0.1806
057 1424 0.1797
057 1166 0.1716
057 1333 0.1366
057 1556 0.1354
057 475 0.1301
057 558 0.1271
057 1489 0.1265
057 1230 0.1264
057 574 0.1186
057 383 0.1139
057 1578 0.1117
057 1314 0.1094
057 858 0.1054
057 85 0.1043
057 1028 0.1037
057 1271 0.0995
057 146 0.0994
057 1363 0.0970
057 1192 0.0955
057 315 0.0948
057 594 0.0945
057 1568 0.0906
057 312 0.0888
057 1357 0.0884
057 1576 0.0880
057 55 0.0869
057 47 0.0836
057 1342 0.0819
057 932 0.0818
057 278 0.0809
057 844 0.0807
057 33 0.0800
057 1582 0.0799
057 1375 0.0772
057 1154 0.0765
057 1570 0.0759
057 627 0.0747
057 1396 0.0745
057 951 0.0738
057 1291 0.0733
057 1349 0.0724
057 1162 0.0713
057 162 0.0711
057 931 0.0706
057 196 0.0697
057 436 0.0692
057 377 0.0663
057 341 0.0648
057 731 0.0636
057 302 0.0631
057 895 0.0608
057 261 0.0586
057 781 0.0581
057 1574 0.0565
057 846 0.0564
057 37 0.0564
057 744 0.0562
057 1583 0.0560
057 342 0.0555
057 15 0.0548
057 639 0.0543
057 1561 0.0530
057 909 0.0526
057 266 0.0524
057 186 0.0514
057 1581 0.0508
057 1050 0.0500
057 1176 0.0490
057 221 0.0489
057 1150 0.0482
057 297 0.0480
057 891 0.0469
057 843 0.0454
057 1170 0.0450
057 422 0.0450
057 1089 0.0448
057 17 0.0448
057 1519 0.0446
057 227 0.0443
057 1128 0.0441
057 1494 0.0439
057 640 0.0438
057 280 0.0437
057 1467 0.0436
057 625 0.0434
057 380 0.0433
057 528 0.0425
057 1514 0.0423
057 438 0.0417
057 11 0.0403
057 670 0.0402
057 435 0.0399
057 1106 0.0398
057 1272 0.0391
057 973 0.0378
057 1480 0.0362
057 1014 0.0360
057 61 0.0343
057 240 0.0343
057 879 0.0336
057 431 0.0335
057 1056 0.0331
057 592 0.0330
057 1068 0.0330
057 845 0.0325
057 1579 0.0323
057 1350 0.0320
057 1178 0.0313
057 1465 0.0311
057 183 0.0308
057 294 0.0308
057 4 0.0306
057 1145 0.0306
057 689 0.0304
057 1273 0.0304
057 187 0.0302
057 1516 0.0297
057 389 0.0296
057 864 0.0294
057 1534 0.0292
057 177 0.0292
057 427 0.0290
057 1080 0.0288
057 437 0.0287
057 649 0.0284
057 1072 0.0282
057 1119 0.0281
057 733 0.0280
057 410 0.0276
057 1330 0.0276
057 769 0.0273
057 838 0.0270
057 535 0.0268
057 40 0.0268
057 566 0.0267
057 447 0.0265
057 132 0.0264
057 102 0.0263
057 884 0.0262
057 1248 0.0261
057 959 0.0259
057 920 0.0255
057 361 0.0255
057 127 0.0254
057 60 0.0251
057 345 0.0250
057 310 0.0249
057 301 0.0249
057 446 0.0248
057 641 0.0248
057 88 0.0248
057 508 0.0247
057 1031 0.0245
057 415 0.0242
057 1136 0.0242
057 786 0.0241
057 349 0.0241
057 826 0.0241
057 1372 0.0239
057 748 0.0238
057 840 0.0238
057 1030 0.0236
057 114 0.0234
057 223 0.0233
057 1423 0.0232
057 573 0.0232
057 1313 0.0232
057 80 0.0231
057 1493 0.0230
057 1001 0.0228
057 614 0.0225
057 996 0.0223
057 750 0.0223
057 770 0.0223
057 293 0.0222
057 784 0.0222
057 1469 0.0221
057 842 0.0221
057 1400 0.0221
057 348 0.0221
057 1108 0.0221
057 459 0.0219
057 331 0.0218
057 658 0.0217
057 158 0.0216
057 1346 0.0216
057 916 0.0215
057 889 0.0214
057 942 0.0211
057 933 0.0211
057 1542 0.0210
057 1345 0.0207
057 1460 0.0206
057 121 0.0206
057 1536 0.0204
057 500 0.0204
057 9 0.0203
057 256 0.0202
057 964 0.0202
057 163 0.0200
057 616 0.0199
057 1140 0.0192
057 927 0.0191
057 1275 0.0188
057 281 0.0187
057 1179 0.0185
057 443 0.0184
057 674 0.0184
057 39 0.0184
057 1311 0.0183
057 1488 0.0182
057 14 0.0181
057 1032 0.0181
057 669 0.0181
057 530 0.0180
057 1289 0.0179
057 848 0.0178
057 355 0.0177
057 153 0.0175
057 857 0.0175
057 300 0.0175
057 672 0.0174
057 352 0.0174
057 888 0.0174
057 412 0.0174
057 299 0.0174
057 886 0.0174
057 1513 0.0173
057 952 0.0172
057 115 0.0168
057 185 0.0168
057 1551 0.0167
057 633 0.0167
057 1526 0.0166
057 568 0.0166
057 482 0.0166
057 133 0.0166
057 954 0.0165
057 1531 0.0165
057 426 0.0165
057 119 0.0165
057 1529 0.0164
057 945 0.0164
057 1462 0.0163
057 1320 0.0163
057 138 0.0162
057 44 0.0162
057 260 0.0161
057 1455 0.0161
057 562 0.0161
057 684 0.0160
057 1029 0.0160
057 486 0.0160
057 1016 0.0157
057 1075 0.0156
057 399 0.0156
057 1340 0.0155
057 252 0.0155
057 117 0.0154
057 2 0.0154
057 912 0.0154
057 1544 0.0153
057 666 0.0153
057 1103 0.0151
057 243 0.0151
057 423 0.0151
057 164 0.0148
057 657 0.0147
057 1237 0.0147
057 1052 0.0146
057 329 0.0146
057 170 0.0145
057 820 0.0144
057 103 0.0144
057 1282 0.0143
057 129 0.0142
057 651 0.0141
057 1188 0.0141
057 1510 0.0140
057 875 0.0140
057 1490 0.0140
057 1458 0.0139
057 347 0.0137
057 307 0.0136
057 1401 0.0136
057 796 0.0136
057 241 0.0136
057 326 0.0135
057 908 0.0135
057 804 0.0135
057 664 0.0134
057 563 0.0134
057 1095 0.0134
057 1277 0.0134
057 1293 0.0133
057 450 0.0133
057 1078 0.0132
057 353 0.0131
057 267 0.0131
057 1234 0.0131
057 1013 0.0131
057 418 0.0131
057 1283 0.0131
057 1026 0.0131
057 510 0.0130
057 1161 0.0130
057 1322 0.0130
057 106 0.0130
057 1421 0.0129
057 1532 0.0128
057 147 0.0128
057 576 0.0127
057 205 0.0127
057 1156 0.0127
057 173 0.0127
057 1390 0.0127
057 448 0.0125
057 953 0.0125
057 536 0.0125
057 296 0.0125
057 1352 0.0124
057 661 0.0124
057 723 0.0124
057 694 0.0124
057 95 0.0124
057 1374 0.0123
057 87 0.0122
057 542 0.0121
057 735 0.0121
057 490 0.0121
057 428 0.0121
057 652 0.0120
057 291 0.0120
057 736 0.0119
057 1366 0.0119
057 101 0.0118
057 125 0.0117
057 1334 0.0117
057 1468 0.0116
057 1491 0.0116
057 289 0.0115
057 1354 0.0115
057 883 0.0115
057 456 0.0114
057 603 0.0114
057 255 0.0113
057 338 0.0113
057 1384 0.0113
057 229 0.0112
057 539 0.0112
057 663 0.0112
057 104 0.0111
057 705 0.0110
057 30 0.0110
057 42 0.0110
057 774 0.0110
057 950 0.0110
057 43 0.0110
057 645 0.0110
057 675 0.0110
057 1264 0.0109
057 19 0.0109
057 925 0.0109
057 1409 0.0108
057 429 0.0107
057 245 0.0107
057 83 0.0107
057 794 0.0107
057 481 0.0107
057 1246 0.0107
057 220 0.0106
057 991 0.0106
057 195 0.0105
057 741 0.0105
057 686 0.0105
057 553 0.0104
057 190 0.0104
057 1157 0.0104
057 985 0.0104
057 303 0.0104
057 1318 0.0104
057 1104 0.0104
057 250 0.0103
057 230 0.0102
057 948 0.0102
057 319 0.0101
057 993 0.0101
057 1069 0.0101
057 213 0.0101
057 719 0.0101
057 1221 0.0101
057 1019 0.0101
057 958 0.0101
057 555 0.0100
057 29 0.0100
057 1341 0.0100
057 75 0.0099
057 1098 0.0099
057 1008 0.0099
057 519 0.0099
057 698 0.0098
057 1025 0.0098
057 982 0.0098
057 248 0.0097
057 1327 0.0097
057 570 0.0097
057 354 0.0097
057 520 0.0097
057 1134 0.0097
057 63 0.0097
057 720 0.0097
057 835 0.0096
057 375 0.0096
057 1141 0.0096
057 1113 0.0095
057 357 0.0095
057 1301 0.0095
057 451 0.0095
057 1159 0.0095
057 111 0.0094
057 692 0.0094
057 783 0.0094
057 676 0.0093
057 760 0.0093
057 109 0.0092
057 473 0.0092
057 1017 0.0091
057 655 0.0091
057 747 0.0091
057 1240 0.0091
057 797 0.0091
057 1565 0.0090
057 822 0.0090
057 1319 0.0090
057 865 0.0089
057 1087 0.0089
057 1097 0.0089
057 824 0.0089
057 397 0.0088
057 433 0.0088
057 1187 0.0088
057 1243 0.0088
057 82 0.0087
057 593 0.0087
057 193 0.0087
057 54 0.0086
057 915 0.0086
057 1475 0.0085
057 1039 0.0085
057 724 0.0085
057 1245 0.0084
057 1365 0.0084
057 517 0.0083
057 732 0.0083
057 366 0.0083
057 1285 0.0083
057 901 0.0082
057 1223 0.0082
057 1533 0.0082
057 1399 0.0081
057 38 0.0081
057 564 0.0081
057 454 0.0081
057 118 0.0081
057 270 0.0081
057 1351 0.0081
057 20 0.0081
057 1552 0.0080
057 617 0.0080
057 1530 0.0080
057 653 0.0080
057 1379 0.0080
057 803 0.0080
057 434 0.0080
057 793 0.0080
057 960 0.0080
057 81 0.0079
057 1109 0.0078
057 18 0.0078
057 257 0.0078
057 203 0.0078
057 8 0.0077
057 632 0.0076
057 595 0.0076
057 1022 0.0076
057 944 0.0076
057 679 0.0076
057 830 0.0076
057 388 0.0076
057 905 0.0076
057 122 0.0075
057 1456 0.0075
057 665 0.0075
057 706 0.0075
057 244 0.0075
057 1569 0.0074
057 716 0.0074
057 1093 0.0074
057 1074 0.0074
057 78 0.0074
057 386 0.0074
057 597 0.0074
057 585 0.0074
057 852 0.0074
057 91 0.0073
057 561 0.0073
057 870 0.0073
057 1446 0.0073
057 200 0.0072
057 715 0.0072
057 1258 0.0072
057 995 0.0072
057 1253 0.0072
057 68 0.0072
057 629 0.0071
057 1266 0.0071
057 251 0.0071
057 1387 0.0070
057 1540 0.0070
057 271 0.0070
057 887 0.0070
057 432 0.0069
057 678 0.0069
057 391 0.0069
057 1063 0.0069
057 1447 0.0069
057 1418 0.0068
057 712 0.0068
057 474 0.0068
057 764 0.0068
057 1213 0.0068
057 335 0.0067
057 1573 0.0067
057 381 0.0067
057 606 0.0067
057 1564 0.0067
057 1304 0.0066
057 1278 0.0066
057 772 0.0066
057 49 0.0066
057 1129 0.0066
057 160 0.0066
057 304 0.0066
057 370 0.0066
057 444 0.0065
057 581 0.0065
057 856 0.0065
057 811 0.0065
057 832 0.0065
057 1512 0.0064
057 808 0.0064
057 1433 0.0064
057 1225 0.0064
057 628 0.0063
057 292 0.0063
057 1567 0.0063
057 1096 0.0063
057 685 0.0062
057 790 0.0062
057 263 0.0062
057 346 0.0061
057 988 0.0061
057 152 0.0061
057 371 0.0061
057 497 0.0061
057 327 0.0061
057 972 0.0061
057 204 0.0061
057 1081 0.0060
057 156 0.0060
057 1006 0.0060
057 979 0.0060
057 949 0.0060
057 264 0.0060
057 1427 0.0060
057 1227 0.0059
057 1047 0.0059
057 702 0.0059
057 145 0.0059
057 93 0.0059
057 935 0.0059
057 41 0.0058
057 1398 0.0058
057 492 0.0058
057 265 0.0058
057 464 0.0057
057 839 0.0057
057 1142 0.0057
057 873 0.0057
057 210 0.0057
057 1473 0.0057
057 382 0.0057
057 1558 0.0057
057 773 0.0057
057 79 0.0057
057 580 0.0056
057 1249 0.0056
057 533 0.0056
057 254 0.0056
057 406 0.0055
057 376 0.0055
057 233 0.0055
057 1107 0.0055
057 1426 0.0055
057 477 0.0055
057 215 0.0055
057 1172 0.0054
057 333 0.0054
057 1577 0.0054
057 367 0.0053
057 813 0.0053
057 1207 0.0053
057 1180 0.0053
057 403 0.0053
057 618 0.0053
057 390 0.0052
057 1049 0.0052
057 1511 0.0052
057 906 0.0052
057 656 0.0052
057 222 0.0052
057 704 0.0052
057 239 0.0051
057 249 0.0051
057 171 0.0051
057 449 0.0051
057 1554 0.0051
057 1064 0.0051
057 752 0.0051
057 583 0.0051
057 189 0.0051
057 1101 0.0050
057 336 0.0050
057 268 0.0050
057 1370 0.0050
057 1442 0.0050
057 1501 0.0050
057 1496 0.0050
057 1015 0.0050
057 894 0.0049
057 532 0.0049
057 518 0.0049
057 1168 0.0049
057 975 0.0049
057 181 0.0049
057 1452 0.0049
057 66 0.0049
057 180 0.0048
057 1539 0.0048
057 1055 0.0048
057 1522 0.0048
057 1189 0.0048
057 308 0.0048
057 363 0.0048
057 1217 0.0048
057 32 0.0048
057 401 0.0047
057 550 0.0047
057 1444 0.0047
057 1265 0.0047
057 526 0.0047
057 833 0.0047
057 862 0.0047
057 116 0.0047
057 1483 0.0047
057 458 0.0047
057 1445 0.0047
057 22 0.0046
057 1021 0.0046
057 344 0.0046
057 1149 0.0046
057 613 0.0046
057 524 0.0046
057 759 0.0046
057 154 0.0046
057 876 0.0046
057 1114 0.0046
057 1394 0.0045
057 588 0.0045
057 135 0.0045
057 511 0.0045
057 1436 0.0045
057 1481 0.0044
057 609 0.0044
057 468 0.0044
057 150 0.0044
057 1482 0.0043
057 305 0.0043
057 717 0.0043
057 1580 0.0043
057 493 0.0043
057 538 0.0043
057 139 0.0043
057 981 0.0043
057 1417 0.0043
057 549 0.0043
057 231 0.0042
057 999 0.0042
057 242 0.0042
057 1328 0.0042
057 805 0.0042
057 565 0.0042
057 1303 0.0042
057 763 0.0042
057 683 0.0041
057 202 0.0041
057 1177 0.0041
057 642 0.0041
057 703 0.0041
057 602 0.0040
057 885 0.0040
057 1288 0.0040
057 1058 0.0040
057 1502 0.0040
057 1287 0.0040
057 554 0.0039
057 1247 0.0039
057 1321 0.0039
057 1133 0.0039
057 216 0.0039
057 630 0.0039
057 1274 0.0039
057 810 0.0038
057 877 0.0038
057 1451 0.0038
057 1410 0.0038
057 977 0.0038
057 1083 0.0038
057 1127 0.0038
057 1290 0.0037
057 374 0.0037
057 24 0.0037
057 379 0.0037
057 487 0.0037
057 531 0.0037
057 393 0.0037
057 476 0.0037
057 1449 0.0037
057 695 0.0037
057 1457 0.0037
057 472 0.0037
057 1495 0.0037
057 650 0.0036
057 144 0.0036
057 713 0.0036
057 1197 0.0036
057 619 0.0036
057 707 0.0036
057 903 0.0036
057 70 0.0036
057 28 0.0035
057 48 0.0035
057 211 0.0035
057 452 0.0035
057 462 0.0035
057 52 0.0035
057 699 0.0034
057 172 0.0034
057 795 0.0034
057 74 0.0034
057 1499 0.0034
057 1575 0.0034
057 69 0.0034
057 94 0.0034
057 1067 0.0033
057 638 0.0033
057 1339 0.0033
057 1571 0.0033
057 1034 0.0033
057 1164 0.0033
057 1439 0.0032
057 751 0.0032
057 1281 0.0032
057 729 0.0032
057 980 0.0032
057 258 0.0032
057 922 0.0031
057 854 0.0031
057 1414 0.0031
057 516 0.0031
057 754 0.0031
057 914 0.0031
057 507 0.0030
057 1317 0.0030
057 1148 0.0030
057 815 0.0030
057 637 0.0030
057 709 0.0030
057 128 0.0030
057 1105 0.0029
057 1111 0.0029
057 902 0.0029
057 1476 0.0029
057 722 0.0028
057 1260 0.0028
057 1440 0.0028
057 1528 0.0028
057 600 0.0028
057 98 0.0027
057 817 0.0027
057 776 0.0027
057 700 0.0026
057 179 0.0026
057 1193 0.0026
057 1199 0.0026
057 46 0.0026
057 1503 0.0026
057 1487 0.0025
057 485 0.0025
057 1222 0.0025
057 681 0.0025
057 557 0.0025
057 1524 0.0025
057 668 0.0025
057 970 0.0024
057 137 0.0024
057 961 0.0024
057 1280 0.0024
057 1116 0.0024
057 1298 0.0024
057 1332 0.0022
057 1205 0.0021
057 424 0.0021
057 962 0.0021
057 693 0.0020
057 1048 0.0020
057 1292 0.0019
057 351 0.0019
057 1470 0.0019
057 1302 0.0016
058 345 0.3179
058 1125 0.2805
058 9 0.2535
058 539 0.2414
058 301 0.2403
058 394 0.2346
058 541 0.2305
058 529 0.2136
058 384 0.2127
058 993 0.1922
058 1130 0.1890
058 362 0.1878
058 421 0.1727
058 1319 0.1602
058 492 0.1591
058 1392 0.1568
058 547 0.1564
058 441 0.1459
058 599 0.1450
058 900 0.1435
058 1528 0.1367
058 690 0.1350
058 154 0.1327
058 296 0.1327
058 254 0.1288
058 688 0.1279
058 1095 0.1264
058 1061 0.1176
058 1540 0.1157
058 1114 0.1157
058 734 0.1133
058 825 0.1105
058 598 0.1089
058 665 0.1084
058 382 0.1079
058 519 0.1071
058 583 0.1056
058 417 0.1052
058 1052 0.1050
058 837 0.1040
058 79 0.1023
058 980 0.1013
058 468 0.1013
058 393 0.1009
058 15 0.1008
058 48 0.0992
058 413 0.0992
058 1536 0.0944
058 1524 0.0942
058 51 0.0942
058 942 0.0938
058 1143 0.0931
058 1341 0.0930
058 1549 0.0924
058 587 0.0914
058 115 0.0903
058 711 0.0894
058 920 0.0892
058 1578 0.0880
058 552 0.0859
058 1455 0.0848
058 518 0.0844
058 1405 0.0840
058 1210 0.0835
058 1569 0.0834
058 1395 0.0828
058 1531 0.0793
058 473 0.0789
058 412 0.0786
058 10 0.0785
058 120 0.0784
058 205 0.0783
058 1358 0.0780
058 1031 0.0773
058 420 0.0771
058 234 0.0768
058 1391 0.0767
058 884 0.0767
058 1367 0.0760
058 1271 0.0758
058 1171 0.0757
058 483 0.0754
058 912 0.0753
058 1278 0.0750
058 995 0.0746
058 806 0.0744
058 1390 0.0742
058 1218 0.0736
058 682 0.0731
058 400 0.0731
058 1098 0.0728
058 1493 0.0726
058 39 0.0724
058 1107 0.0723
058 1441 0.0721
058 542 0.0717
058 1234 0.0707
058 1442 0.0705
058 1366 0.0702
058 273 0.0702
058 1039 0.0701
058 168 0.0697
058 447 0.0690
058 1225 0.0689
058 604 0.0686
058 1040 0.0684
058 510 0.0682
058 1572 0.0681
058 1373 0.0676
058 459 0.0669
058 1246 0.0662
058 830 0.0659
058 563 0.0656
058 479 0.0652
058 946 0.0649
058 643 0.0648
058 1340 0.0647
058 888 0.0641
058 822 0.0640
058 20 0.0635
058 667 0.0632
058 702 0.0629
058 1481 0.0628
058 862 0.0619
058 361 0.0617
058 810 0.0611
058 1541 0.0611
058 991 0.0609
058 515 0.0608
058 737 0.0608
058 754 0.0606
058 1012 0.0603
058 896 0.0598
058 423 0.0594
058 788 0.0593
058 1272 0.0590
058 803 0.0585
058 883 0.0585
058 859 0.0584
058 1157 0.0584
058 1162 0.0573
058 156 0.0573
058 233 0.0572
058 1178 0.0571
058 1116 0.0568
058 310 0.0566
058 1518 0.0565
058 505 0.0562
058 1579 0.0561
058 1523 0.0559
058 511 0.0558
058 751 0.0558
058 81 0.0554
058 1357 0.0553
058 1317 0.0551
058 1533 0.0548
058 383 0.0547
058 882 0.0546
058 267 0.0546
058 402 0.0544
058 1280 0.0544
058 133 0.0543
058 1081 0.0542
058 756 0.0541
058 845 0.0541
058 1398 0.0539
058 1344 0.0538
058 1219 0.0535
058 775 0.0534
058 821 0.0533
058 99 0.0531
058 1022 0.0531
058 346 0.0530
058 953 0.0529
058 1483 0.0529
058 925 0.0529
058 1142 0.0526
058 162 0.0526
058 1522 0.0524
058 887 0.0523
058 54 0.0521
058 197 0.0519
058 650 0.0518
058 590 0.0513
058 1145 0.0512
058 994 0.0509
058 1037 0.0507
058 907 0.0507
058 1074 0.0505
058 750 0.0503
058 1128 0.0500
058 467 0.0500
058 1464 0.0496
058 999 0.0494
058 189 0.0493
058 681 0.0491
058 1198 0.0489
058 1459 0.0488
058 504 0.0486
058 1240 0.0485
058 1495 0.0484
058 576 0.0482
058 1228 0.0482
058 637 0.0482
058 182 0.0478
058 190 0.0478
058 1476 0.0477
058 938 0.0475
058 1532 0.0475
058 986 0.0470
058 715 0.0469
058 520 0.0466
058 628 0.0464
058 47 0.0464
058 100 0.0462
058 870 0.0459
058 464 0.0459
058 422 0.0458
058 1035 0.0456
058 1163 0.0453
058 83 0.0451
058 484 0.0450
058 424 0.0450
058 1144 0.0447
058 677 0.0446
058 419 0.0444
058 945 0.0443
058 221 0.0443
058 314 0.0440
058 695 0.0440
058 1328 0.0440
058 914 0.0438
058 1468 0.0437
058 1115 0.0434
058 947 0.0431
058 782 0.0430
058 1205 0.0428
058 1109 0.0427
058 1083 0.0423
058 1213 0.0422
058 760 0.0421
058 709 0.0420
058 769 0.0420
058 1458 0.0420
058 528 0.0420
058 1220 0.0418
058 1473 0.0418
058 557 0.0417
058 616 0.0416
058 934 0.0415
058 1360 0.0415
058 342 0.0414
058 885 0.0411
058 1318 0.0410
058 88 0.0410
058 1138 0.0409
058 689 0.0409
058 98 0.0407
058 1297 0.0406
058 570 0.0405
058 62 0.0405
058 1430 0.0403
058 554 0.0402
058 1058 0.0398
058 145 0.0398
058 1299 0.0397
058 2 0.0395
058 78 0.0395
058 1512 0.0393
058 1230 0.0392
058 1427 0.0390
058 1227 0.0389
058 981 0.0386
058 460 0.0385
058 963 0.0384
058 1505 0.0381
058 725 0.0381
058 235 0.0381
058 768 0.0380
058 1223 0.0379
058 567 0.0379
058 378 0.0377
058 632 0.0377
058 32 0.0376
058 1377 0.0376
058 174 0.0375
058 1232 0.0374
058 1209 0.0374
058 330 0.0373
058 1103 0.0373
058 962 0.0372
058 714 0.0372
058 752 0.0372
058 1286 0.0371
058 801 0.0368
058 1064 0.0368
058 437 0.0367
058 973 0.0367
058 1079 0.0366
058 1136 0.0364
058 629 0.0363
058 738 0.0363
058 1164 0.0362
058 758 0.0362
058 1502 0.0360
058 1378 0.0359
058 1460 0.0357
058 1279 0.0357
058 164 0.0357
058 1084 0.0356
058 1262 0.0356
058 1478 0.0355
058 1270 0.0353
058 1265 0.0353
058 724 0.0353
058 225 0.0350
058 591 0.0349
058 1457 0.0349
058 121 0.0348
058 1372 0.0348
058 622 0.0348
058 974 0.0348
058 1573 0.0347
058 666 0.0346
058 263 0.0346
058 214 0.0345
058 1411 0.0340
058 231 0.0339
058 303 0.0339
058 996 0.0339
058 1488 0.0338
058 831 0.0334
058 676 0.0334
058 45 0.0333
058 102 0.0333
058 1020 0.0332
058 269 0.0331
058 636 0.0330
058 776 0.0330
058 390 0.0327
058 846 0.0327
058 1384 0.0327
058 1259 0.0326
058 1174 0.0326
058 499 0.0326
058 761 0.0326
058 30 0.0324
058 16 0.0323
058 1175 0.0323
058 958 0.0323
058 1249 0.0322
058 669 0.0320
058 1463 0.0320
058 763 0.0317
058 265 0.0317
058 367 0.0316
058 536 0.0315
058 1021 0.0313
058 1428 0.0313
058 159 0.0312
058 1545 0.0312
058 1480 0.0312
058 372 0.0311
058 919 0.0309
058 290 0.0309
058 824 0.0308
058 658 0.0308
058 475 0.0307
058 997 0.0306
058 860 0.0306
058 471 0.0305
058 377 0.0305
058 878 0.0304
058 451 0.0302
058 969 0.0301
058 841 0.0301
058 805 0.0301
058 719 0.0300
058 1120 0.0298
058 414 0.0298
058 766 0.0298
058 1117 0.0298
058 742 0.0297
058 818 0.0297
058 987 0.0296
058 304 0.0296
058 952 0.0291
058 1274 0.0291
058 252 0.0291
058 381 0.0289
058 1069 0.0288
058 533 0.0287
058 1534 0.0287
058 1156 0.0285
058 672 0.0284
058 444 0.0284
058 73 0.0284
058 705 0.0284
058 1076 0.0283
058 1121 0.0283
058 1065 0.0283
058 5 0.0282
058 203 0.0281
058 458 0.0280
058 1419 0.0279
058 180 0.0278
058 181 0.0277
058 354 0.0277
058 172 0.0277
058 1302 0.0276
058 891 0.0276
058 1204 0.0275
058 446 0.0275
058 144 0.0275
058 901 0.0274
058 1141 0.0274
058 1070 0.0273
058 101 0.0272
058 712 0.0271
058 19 0.0271
058 1245 0.0271
058 1082 0.0271
058 674 0.0270
058 1054 0.0269
058 706 0.0269
058 918 0.0268
058 66 0.0267
058 379 0.0267
058 280 0.0266
058 350 0.0266
058 1503 0.0265
058 1002 0.0263
058 1004 0.0263
058 804 0.0263
058 241 0.0262
058 360 0.0262
058 426 0.0259
058 979 0.0258
058 700 0.0257
058 491 0.0257
058 1306 0.0257
058 746 0.0256
058 1403 0.0256
058 163 0.0256
058 1456 0.0255
058 1386 0.0255
058 555 0.0255
058 625 0.0254
058 1288 0.0254
058 1212 0.0254
058 1019 0.0251
058 1475 0.0251
058 284 0.0250
058 1206 0.0250
058 951 0.0249
058 574 0.0249
058 149 0.0247
058 1385 0.0246
058 1461 0.0245
058 38 0.0245
058 1304 0.0244
058 28 0.0243
058 786 0.0243
058 1290 0.0243
058 990 0.0243
058 743 0.0243
058 1202 0.0242
058 496 0.0241
058 1281 0.0241
058 25 0.0241
058 844 0.0241
058 1508 0.0240
058 651 0.0239
058 244 0.0239
058 1027 0.0239
058 1188 0.0238
058 1192 0.0237
058 208 0.0237
058 1215 0.0236
058 787 0.0235
058 489 0.0234
058 521 0.0233
058 1118 0.0233
058 1410 0.0232
058 1129 0.0232
058 1324 0.0232
058 1263 0.0232
058 439 0.0231
058 620 0.0231
058 1158 0.0231
058 1376 0.0231
058 1253 0.0230
058 679 0.0230
058 253 0.0230
058 1236 0.0230
058 1051 0.0230
058 1153 0.0228
058 118 0.0228
058 1323 0.0228
058 307 0.0227
058 1101 0.0227
058 1222 0.0227
058 1382 0.0226
058 207 0.0226
058 1546 0.0225
058 596 0.0223
058 1305 0.0223
058 53 0.0223
058 691 0.0222
058 119 0.0222
058 916 0.0221
058 8 0.0221
058 430 0.0220
058 959 0.0219
058 1250 0.0219
058 514 0.0218
058 1530 0.0218
058 11 0.0218
058 196 0.0217
058 558 0.0217
058 369 0.0216
058 517 0.0216
058 1235 0.0216
058 1424 0.0216
058 1105 0.0215
058 1160 0.0215
058 160 0.0215
058 733 0.0214
058 853 0.0214
058 1368 0.0214
058 1177 0.0213
058 480 0.0213
058 212 0.0213
058 166 0.0212
058 289 0.0211
058 730 0.0210
058 1173 0.0209
058 771 0.0209
058 869 0.0209
058 6 0.0208
058 1252 0.0208
058 661 0.0208
058 814 0.0207
058 1402 0.0206
058 332 0.0205
058 717 0.0205
058 371 0.0205
058 1011 0.0204
058 1226 0.0204
058 741 0.0204
058 1134 0.0204
058 1469 0.0203
058 575 0.0202
058 933 0.0201
058 1564 0.0200
058 1527 0.0200
058 1321 0.0198
058 602 0.0198
058 1123 0.0196
058 1073 0.0196
058 1067 0.0195
058 956 0.0194
058 469 0.0193
058 1048 0.0193
058 271 0.0193
058 1490 0.0192
058 732 0.0191
058 585 0.0191
058 1255 0.0190
058 1418 0.0189
058 74 0.0189
058 1159 0.0189
058 486 0.0188
058 370 0.0188
058 1284 0.0187
058 69 0.0187
058 184 0.0187
058 258 0.0187
058 748 0.0186
058 721 0.0186
058 1426 0.0186
058 1355 0.0186
058 482 0.0184
058 1152 0.0184
058 348 0.0184
058 1396 0.0184
058 892 0.0184
058 155 0.0184
058 1415 0.0183
058 63 0.0182
058 1085 0.0182
058 292 0.0182
058 347 0.0182
058 656 0.0181
058 392 0.0181
058 61 0.0181
058 1150 0.0181
058 1408 0.0181
058 1440 0.0180
058 324 0.0180
058 904 0.0179
058 1147 0.0179
058 586 0.0179
058 819 0.0178
058 1500 0.0178
058 326 0.0177
058 1203 0.0177
058 1028 0.0177
058 1537 0.0177
058 639 0.0177
058 773 0.0176
058 1454 0.0176
058 485 0.0176
058 603 0.0176
058 1494 0.0175
058 660 0.0175
058 663 0.0175
058 1450 0.0175
058 929 0.0175
058 40 0.0174
058 490 0.0173
058 1261 0.0172
058 1516 0.0172
058 268 0.0171
058 57 0.0171
058 832 0.0171
058 255 0.0171
058 351 0.0170
058 276 0.0170
058 1295 0.0170
058 1182 0.0169
058 77 0.0169
058 783 0.0169
058 466 0.0168
058 1517 0.0168
058 799 0.0168
058 108 0.0168
058 728 0.0168
058 305 0.0167
058 1191 0.0167
058 493 0.0167
058 523 0.0166
058 513 0.0166
058 1239 0.0166
058 1275 0.0165
058 610 0.0165
058 1314 0.0164
058 1133 0.0163
058 911 0.0163
058 1421 0.0162
058 1420 0.0162
058 1474 0.0162
058 1484 0.0161
058 29 0.0160
058 1501 0.0160
058 630 0.0160
058 436 0.0160
058 1492 0.0159
058 187 0.0159
058 334 0.0157
058 1195 0.0157
058 1407 0.0157
058 1050 0.0157
058 977 0.0157
058 1254 0.0157
058 1449 0.0156
058 139 0.0155
058 1529 0.0155
058 1447 0.0155
058 1520 0.0154
058 1555 0.0154
058 1181 0.0154
058 548 0.0152
058 836 0.0152
058 1010 0.0152
058 1077 0.0152
058 516 0.0152
058 687 0.0151
058 391 0.0151
058 216 0.0151
058 1124 0.0151
058 857 0.0151
058 86 0.0151
058 873 0.0151
058 37 0.0150
058 75 0.0150
058 621 0.0150
058 1172 0.0149
058 635 0.0149
058 1539 0.0149
058 1477 0.0148
058 1359 0.0148
058 581 0.0148
058 871 0.0148
058 440 0.0148
058 1336 0.0148
058 453 0.0148
058 532 0.0148
058 565 0.0147
058 336 0.0147
058 584 0.0146
058 1566 0.0146
058 828 0.0146
058 228 0.0146
058 949 0.0145
058 470 0.0145
058 1451 0.0145
058 1413 0.0144
058 140 0.0144
058 652 0.0143
058 1221 0.0142
058 736 0.0142
058 1183 0.0142
058 889 0.0142
058 247 0.0142
058 1308 0.0142
058 811 0.0141
058 534 0.0141
058 745 0.0140
058 546 0.0140
058 503 0.0140
058 435 0.0139
058 910 0.0139
058 344 0.0139
058 647 0.0139
058 1260 0.0139
058 1030 0.0138
058 720 0.0138
058 1471 0.0138
058 1562 0.0138
058 673 0.0138
058 989 0.0137
058 1303 0.0137
058 1044 0.0137
058 915 0.0137
058 927 0.0137
058 659 0.0137
058 588 0.0137
058 1256 0.0136
058 173 0.0136
058 1453 0.0135
058 46 0.0135
058 153 0.0134
058 1180 0.0134
058 1023 0.0134
058 1196 0.0134
058 868 0.0134
058 618 0.0133
058 609 0.0133
058 626 0.0133
058 1393 0.0133
058 452 0.0132
058 1296 0.0132
058 1548 0.0132
058 1211 0.0131
058 1224 0.0131
058 1553 0.0130
058 569 0.0130
058 895 0.0130
058 217 0.0130
058 1394 0.0130
058 1315 0.0129
058 823 0.0128
058 1166 0.0128
058 848 0.0128
058 1258 0.0127
058 835 0.0127
058 1025 0.0126
058 559 0.0126
058 293 0.0126
058 1015 0.0126
058 487 0.0126
058 1024 0.0126
058 1425 0.0125
058 1088 0.0125
058 404 0.0125
058 697 0.0125
058 399 0.0125
058 668 0.0124
058 170 0.0124
058 103 0.0124
058 126 0.0123
058 1470 0.0123
058 1467 0.0123
058 627 0.0122
058 577 0.0122
058 1127 0.0122
058 410 0.0122
058 1513 0.0122
058 1034 0.0121
058 851 0.0121
058 125 0.0120
058 110 0.0120
058 843 0.0120
058 641 0.0120
058 589 0.0119
058 592 0.0119
058 1057 0.0119
058 1014 0.0119
058 1285 0.0118
058 157 0.0118
058 191 0.0117
058 1199 0.0117
058 82 0.0117
058 1400 0.0117
058 1047 0.0117
058 1446 0.0117
058 87 0.0115
058 337 0.0115
058 1100 0.0114
058 1547 0.0114
058 982 0.0114
058 1509 0.0114
058 653 0.0114
058 1507 0.0114
058 978 0.0114
058 285 0.0113
058 928 0.0113
058 199 0.0112
058 549 0.0112
058 798 0.0112
058 1194 0.0112
058 242 0.0112
058 1307 0.0112
058 44 0.0112
058 476 0.0111
058 897 0.0111
058 817 0.0111
058 224 0.0111
058 722 0.0110
058 1511 0.0110
058 970 0.0110
058 624 0.0110
058 694 0.0110
058 808 0.0110
058 257 0.0109
058 259 0.0109
058 299 0.0109
058 1056 0.0109
058 1277 0.0109
058 1155 0.0108
058 1361 0.0108
058 449 0.0108
058 886 0.0108
058 230 0.0107
058 389 0.0107
058 4 0.0107
058 448 0.0106
058 968 0.0106
058 582 0.0106
058 917 0.0106
058 472 0.0105
058 123 0.0105
058 1374 0.0105
058 924 0.0105
058 1301 0.0104
058 1197 0.0104
058 671 0.0104
058 315 0.0104
058 1423 0.0103
058 795 0.0103
058 1422 0.0102
058 1005 0.0102
058 204 0.0102
058 1251 0.0102
058 877 0.0101
058 366 0.0101
058 813 0.0101
058 1349 0.0100
058 731 0.0099
058 1429 0.0099
058 923 0.0099
058 1151 0.0098
058 727 0.0098
058 649 0.0097
058 143 0.0097
058 913 0.0097
058 114 0.0097
058 850 0.0097
058 395 0.0097
058 238 0.0097
058 1383 0.0097
058 1371 0.0096
058 1309 0.0096
058 158 0.0095
058 1007 0.0095
058 1354 0.0095
058 1550 0.0095
058 167 0.0095
058 213 0.0095
058 1072 0.0095
058 397 0.0095
058 954 0.0095
058 802 0.0094
058 256 0.0094
058 739 0.0094
058 685 0.0094
058 215 0.0094
058 1571 0.0093
058 43 0.0093
058 872 0.0093
058 1582 0.0093
058 1583 0.0092
058 1003 0.0092
058 374 0.0092
058 815 0.0091
058 696 0.0091
058 939 0.0091
058 998 0.0090
058 1570 0.0090
058 580 0.0090
058 463 0.0090
058 562 0.0090
058 777 0.0089
058 1515 0.0089
058 1053 0.0089
058 7 0.0089
058 335 0.0088
058 809 0.0087
058 408 0.0087
058 328 0.0087
058 183 0.0086
058 839 0.0086
058 59 0.0086
058 12 0.0086
058 950 0.0085
058 386 0.0085
058 1113 0.0085
058 210 0.0085
058 462 0.0085
058 432 0.0085
058 1062 0.0085
058 898 0.0085
058 1087 0.0084
058 1327 0.0084
058 605 0.0083
058 922 0.0083
058 495 0.0083
058 654 0.0083
058 1335 0.0083
058 566 0.0083
058 329 0.0082
058 1176 0.0082
058 1525 0.0082
058 401 0.0081
058 1330 0.0081
058 1089 0.0081
058 1146 0.0081
058 309 0.0081
058 1214 0.0081
058 107 0.0081
058 89 0.0080
058 594 0.0080
058 753 0.0080
058 794 0.0080
058 131 0.0080
058 1266 0.0079
058 1264 0.0079
058 1016 0.0078
058 765 0.0078
058 1445 0.0078
058 67 0.0077
058 648 0.0077
058 1436 0.0077
058 606 0.0077
058 1119 0.0076
058 1111 0.0076
058 966 0.0076
058 194 0.0076
058 1029 0.0076
058 960 0.0076
058 165 0.0076
058 631 0.0076
058 633 0.0075
058 770 0.0075
058 1026 0.0075
058 1289 0.0075
058 1257 0.0074
058 867 0.0074
058 282 0.0074
058 789 0.0074
058 578 0.0074
058 975 0.0073
058 171 0.0073
058 198 0.0073
058 308 0.0072
058 1443 0.0072
058 718 0.0072
058 429 0.0072
058 434 0.0071
058 95 0.0071
058 1352 0.0071
058 614 0.0070
058 740 0.0070
058 1000 0.0070
058 461 0.0069
058 524 0.0069
058 797 0.0069
058 876 0.0069
058 264 0.0069
058 179 0.0069
058 1060 0.0068
058 359 0.0068
058 1092 0.0068
058 137 0.0068
058 136 0.0068
058 1379 0.0067
058 398 0.0067
058 457 0.0067
058 759 0.0067
058 816 0.0066
058 297 0.0065
058 612 0.0065
058 147 0.0065
058 1452 0.0064
058 373 0.0063
058 272 0.0063
058 477 0.0063
058 1326 0.0063
058 1365 0.0063
058 675 0.0063
058 833 0.0063
058 561 0.0063
058 875 0.0062
058 936 0.0061
058 1282 0.0060
058 617 0.0060
058 1009 0.0060
058 291 0.0060
058 525 0.0059
058 699 0.0059
058 55 0.0059
058 341 0.0059
058 1406 0.0058
058 906 0.0058
058 1068 0.0058
058 600 0.0058
058 1575 0.0058
058 847 0.0058
058 791 0.0058
058 827 0.0057
058 1580 0.0057
058 1417 0.0057
058 1170 0.0057
058 1433 0.0056
058 1292 0.0056
058 1168 0.0056
058 1557 0.0056
058 65 0.0056
058 1242 0.0056
058 1526 0.0055
058 820 0.0055
058 1217 0.0055
058 1131 0.0055
058 903 0.0054
058 713 0.0054
058 246 0.0054
058 988 0.0053
058 18 0.0053
058 251 0.0053
058 726 0.0052
058 909 0.0052
058 56 0.0051
058 1325 0.0051
058 1238 0.0051
058 93 0.0051
058 684 0.0051
058 1466 0.0051
058 141 0.0051
058 921 0.0051
058 433 0.0051
058 1431 0.0050
058 1363 0.0050
058 465 0.0050
058 1049 0.0049
058 527 0.0049
058 1339 0.0049
058 573 0.0049
058 1187 0.0049
058 1489 0.0049
058 71 0.0048
058 613 0.0048
058 1329 0.0047
058 556 0.0047
058 1414 0.0047
058 1229 0.0046
058 790 0.0046
058 608 0.0046
058 1148 0.0046
058 1276 0.0046
058 855 0.0046
058 331 0.0046
058 1521 0.0046
058 1006 0.0045
058 1401 0.0045
058 601 0.0045
058 984 0.0045
058 749 0.0045
058 1248 0.0044
058 1560 0.0044
058 1193 0.0044
058 619 0.0044
058 1479 0.0044
058 967 0.0044
058 1538 0.0043
058 1294 0.0043
058 866 0.0043
058 1001 0.0042
058 64 0.0042
058 1338 0.0042
058 723 0.0042
058 1273 0.0042
058 985 0.0042
058 112 0.0042
058 201 0.0042
058 1093 0.0042
058 68 0.0041
058 1200 0.0041
058 138 0.0041
058 70 0.0041
058 1216 0.0041
058 1090 0.0041
058 992 0.0040
058 1140 0.0040
058 1207 0.0040
058 222 0.0040
058 128 0.0039
058 893 0.0039
058 1331 0.0039
058 494 0.0039
058 784 0.0039
058 1499 0.0039
058 704 0.0039
058 1332 0.0039
058 117 0.0038
058 1313 0.0038
058 544 0.0038
058 508 0.0038
058 964 0.0037
058 1514 0.0037
058 640 0.0037
058 829 0.0037
058 14 0.0036
058 1369 0.0036
058 266 0.0036
058 1099 0.0036
058 1416 0.0036
058 1298 0.0036
058 1561 0.0036
058 670 0.0035
058 21 0.0035
058 287 0.0035
058 930 0.0035
058 1556 0.0035
058 1465 0.0035
058 239 0.0035
058 937 0.0034
058 407 0.0034
058 902 0.0033
058 340 0.0033
058 1091 0.0032
058 106 0.0032
058 357 0.0032
058 1237 0.0032
058 863 0.0031
058 127 0.0031
058 657 0.0031
058 1312 0.0031
058 245 0.0031
058 283 0.0031
058 411 0.0030
058 1287 0.0029
058 418 0.0029
058 1333 0.0029
058 1356 0.0028
058 537 0.0028
058 716 0.0028
058 597 0.0028
058 90 0.0028
058 1563 0.0027
058 1485 0.0027
058 560 0.0027
058 1334 0.0027
058 333 0.0027
058 1347 0.0026
058 3 0.0026
058 983 0.0025
058 772 0.0025
058 49 0.0025
058 1008 0.0025
058 26 0.0025
058 443 0.0024
058 858 0.0024
058 387 0.0024
058 693 0.0023
058 1066 0.0023
058 972 0.0023
058 243 0.0023
058 428 0.0022
058 894 0.0022
058 729 0.0022
058 842 0.0021
058 35 0.0021
058 416 0.0021
058 406 0.0021
058 316 0.0020
058 161 0.0020
058 890 0.0020
058 767 0.0020
058 607 0.0020
058 1388 0.0019
058 142 0.0019
058 240 0.0019
058 948 0.0019
058 692 0.0019
058 438 0.0019
058 1244 0.0019
058 662 0.0018
058 965 0.0018
058 427 0.0018
058 961 0.0018
058 431 0.0018
058 311 0.0017
058 1179 0.0017
058 502 0.0017
058 941 0.0017
058 109 0.0017
058 1097 0.0017
058 219 0.0017
058 1132 0.0016
058 1375 0.0016
058 1581 0.0016
058 1161 0.0016
058 193 0.0016
058 58 0.0016
058 178 0.0016
058 642 0.0015
058 1033 0.0015
058 774 0.0015
058 321 0.0015
058 1190 0.0015
058 349 0.0015
058 1247 0.0015
058 1112 0.0014
058 623 0.0014
058 380 0.0014
058 1096 0.0014
058 1350 0.0014
058 1122 0.0014
058 1233 0.0013
058 1346 0.0013
058 755 0.0013
058 1208 0.0013
058 1387 0.0013
058 1506 0.0013
058 52 0.0013
058 764 0.0013
058 425 0.0012
058 1558 0.0012
058 1283 0.0012
058 60 0.0012
058 880 0.0012
058 1046 0.0012
058 1032 0.0012
058 744 0.0011
058 572 0.0011
058 1397 0.0011
058 1370 0.0011
058 1510 0.0010
058 317 0.0010
058 248 0.0010
058 1036 0.0010
058 701 0.0010
058 36 0.0009
058 91 0.0009
058 509 0.0009
058 1045 0.0009
058 1267 0.0008
058 1542 0.0007
058 971 0.0007
058 97 0.0007
058 1444 0.0005
059 221 0.3133
059 425 0.2673
059 811 0.2609
059 1122 0.2581
059 675 0.2571
059 289 0.2380
059 566 0.2296
059 1320 0.2073
059 749 0.1700
059 771 0.1685
059 592 0.1648
059 1520 0.1638
059 1035 0.1627
059 577 0.1618
059 647 0.1615
059 201 0.1577
059 611 0.1530
059 807 0.1517
059 1225 0.1508
059 1081 0.1497
059 26 0.1487
059 155 0.1470
059 817 0.1455
059 1054 0.1433
059 1445 0.1406
059 1472 0.1390
059 266 0.1373
059 1132 0.1349
059 971 0.1348
059 147 0.1347
059 770 0.1336
059 1378 0.1333
059 814 0.1332
059 1398 0.1332
059 1557 0.1329
059 1185 0.1303
059 879 0.1280
059 1494 0.1279
059 765 0.1242
059 1166 0.1241
059 585 0.1234
059 481 0.1217
059 1071 0.1194
059 426 0.1178
059 1175 0.1158
059 903 0.1144
059 189 0.1138
059 1213 0.1134
059 1476 0.1109
059 96 0.1102
059 1434 0.1091
059 253 0.1090
059 225 0.1087
059 746 0.1077
059 1172 0.1072
059 1057 0.1068
059 757 0.1064
059 339 0.1044
059 1388 0.1039
059 415 0.1038
059 923 0.1012
059 824 0.1003
059 908 0.0999
059 1154 0.0998
059 874 0.0989
059 137 0.0982
059 209 0.0951
059 659 0.0949
059 1008 0.0943
059 55 0.0942
059 1254 0.0934
059 1126 0.0924
059 628 0.0914
059 719 0.0906
059 11 0.0903
059 591 0.0892
059 994 0.0890
059 335 0.0880
059 448 0.0872
059 1193 0.0862
059 679 0.0862
059 1473 0.0862
059 290 0.0851
059 825 0.0843
059 990 0.0840
059 1303 0.0836
059 472 0.0835
059 260 0.0832
059 130 0.0824
059 593 0.0820
059 1297 0.0819
059 445 0.0814
059 965 0.0812
059 728 0.0808
059 652 0.0799
059 1374 0.0785
059 653 0.0781
059 418 0.0779
059 915 0.0774
059 1389 0.0772
059 241 0.0769
059 1117 0.0760
059 124 0.0756
059 466 0.0755
059 935 0.0751
059 56 0.0747
059 901 0.0745
059 1189 0.0739
059 1439 0.0732
059 1208 0.0727
059 1171 0.0721
059 116 0.0711
059 67 0.0709
059 1541 0.0708
059 1137 0.0706
059 549 0.0699
059 522 0.0698
059 1074 0.0695
059 1028 0.0693
059 609 0.0691
059 1207 0.0685
059 1187 0.0680
059 1295 0.0679
059 1202 0.0677
059 454 0.0672
059 826 0.0670
059 285 0.0668
059 395 0.0666
059 599 0.0659
059 615 0.0656
059 506 0.0655
059 796 0.0654
059 139 0.0654
059 877 0.0650
059 979 0.0643
059 902 0.0640
059 889 0.0634
059 773 0.0633
059 1487 0.0630
059 273 0.0630
059 299 0.0627
059 685 0.0627
059 235 0.0625
059 118 0.0623
059 649 0.0622
059 905 0.0619
059 732 0.0615
059 465 0.0614
059 45 0.0608
059 741 0.0608
059 695 0.0606
059 1306 0.0604
059 1255 0.0600
059 495 0.0598
059 397 0.0597
059 1336 0.0591
059 798 0.0590
059 776 0.0590
059 213 0.0587
059 322 0.0586
059 1423 0.0582
059 474 0.0580
059 624 0.0580
059 1268 0.0579
059 95 0.0573
059 1080 0.0572
059 262 0.0571
059 219 0.0570
059 408 0.0570
059 841 0.0566
059 1116 0.0562
059 428 0.0562
059 1496 0.0562
059 1504 0.0560
059 623 0.0551
059 452 0.0549
059 1455 0.0547
059 559 0.0545
059 786 0.0545
059 834 0.0544
059 753 0.0544
059 332 0.0544
059 1084 0.0539
059 781 0.0538
059 484 0.0536
059 1045 0.0533
059 1188 0.0531
059 662 0.0530
059 813 0.0529
059 1375 0.0524
059 91 0.0524
059 1043 0.0524
059 912 0.0522
059 337 0.0520
059 449 0.0517
059 1236 0.0516
059 199 0.0514
059 1245 0.0511
059 30 0.0511
059 891 0.0510
059 730 0.0509
059 1210 0.0507
059 1337 0.0507
059 148 0.0503
059 357 0.0502
059 1550 0.0502
059 1089 0.0499
059 1407 0.0496
059 1133 0.0496
059 1258 0.0494
059 311 0.0493
059 257 0.0492
059 1105 0.0487
059 934 0.0487
059 1221 0.0486
059 1525 0.0486
059 1316 0.0484
059 1509 0.0480
059 464 0.0477
059 530 0.0477
059 686 0.0473
059 739 0.0473
059 806 0.0471
059 1533 0.0471
059 1014 0.0470
059 1032 0.0467
059 697 0.0467
059 567 0.0466
059 784 0.0462
059 410 0.0458
059 855 0.0456
059 1021 0.0452
059 112 0.0450
059 184 0.0448
059 355 0.0446
059 535 0.0445
059 1134 0.0444
059 895 0.0444
059 1537 0.0443
059 1288 0.0443
059 900 0.0440
059 152 0.0439
059 512 0.0438
059 1524 0.0438
059 1334 0.0436
059 1086 0.0436
059 151 0.0434
059 791 0.0433
059 391 0.0432
059 873 0.0430
059 436 0.0430
059 1139 0.0429
059 1002 0.0428
059 1342 0.0428
059 1128 0.0427
059 1470 0.0425
059 10 0.0422
059 1083 0.0422
059 220 0.0421
059 1093 0.0421
059 1033 0.0421
059 899 0.0419
059 840 0.0419
059 1359 0.0417
059 1421 0.0416
059 661 0.0416
059 106 0.0414
059 1583 0.0414
059 275 0.0414
059 1243 0.0413
059 238 0.0413
059 654 0.0410
059 162 0.0409
059 2 0.0409
059 1373 0.0408
059 128 0.0408
059 970 0.0406
059 1148 0.0404
059 1298 0.0402
059 1290 0.0402
059 896 0.0399
059 1339 0.0399
059 156 0.0398
059 1327 0.0398
059 345 0.0397
059 1413 0.0396
059 711 0.0395
059 1232 0.0395
059 1013 0.0393
059 788 0.0393
059 134 0.0392
059 1501 0.0390
059 245 0.0390
059 265 0.0389
059 1484 0.0387
059 1310 0.0387
059 1024 0.0387
059 809 0.0384
059 1331 0.0382
059 388 0.0381
059 63 0.0380
059 991 0.0380
059 818 0.0379
059 183 0.0378
059 779 0.0378
059 1318 0.0376
059 28 0.0374
059 1001 0.0373
059 897 0.0372
059 1364 0.0371
059 281 0.0371
059 545 0.0371
059 251 0.0370
059 126 0.0369
059 169 0.0368
059 291 0.0367
059 329 0.0367
059 250 0.0366
059 596 0.0365
059 529 0.0365
059 359 0.0363
059 1252 0.0363
059 25 0.0362
059 780 0.0361
059 371 0.0360
059 588 0.0360
059 229 0.0359
059 587 0.0357
059 1223 0.0357
059 1053 0.0356
059 1129 0.0356
059 712 0.0355
059 1082 0.0355
059 309 0.0355
059 1384 0.0355
059 89 0.0354
059 1160 0.0354
059 516 0.0352
059 423 0.0352
059 66 0.0351
059 487 0.0351
059 1536 0.0348
059 172 0.0347
059 1555 0.0347
059 1099 0.0346
059 99 0.0346
059 648 0.0346
059 1267 0.0346
059 179 0.0345
059 1577 0.0344
059 860 0.0344
059 867 0.0343
059 1167 0.0342
059 398 0.0339
059 59 0.0339
059 557 0.0338
059 368 0.0337
059 1328 0.0337
059 1022 0.0335
059 1319 0.0335
059 722 0.0335
059 716 0.0335
059 125 0.0334
059 1468 0.0334
059 665 0.0334
059 188 0.0333
059 511 0.0332
059 1037 0.0332
059 320 0.0332
059 432 0.0331
059 467 0.0330
059 387 0.0329
059 575 0.0329
059 1515 0.0329
059 1067 0.0328
059 215 0.0328
059 938 0.0325
059 1321 0.0325
059 57 0.0324
059 13 0.0323
059 1096 0.0323
059 185 0.0323
059 1467 0.0322
059 740 0.0322
059 1205 0.0322
059 1498 0.0322
059 94 0.0320
059 1382 0.0320
059 442 0.0319
059 1091 0.0319
059 957 0.0318
059 600 0.0318
059 170 0.0317
059 85 0.0317
059 1192 0.0316
059 735 0.0316
059 500 0.0315
059 131 0.0313
059 799 0.0313
059 492 0.0313
059 751 0.0313
059 952 0.0312
059 1059 0.0312
059 435 0.0311
059 655 0.0310
059 569 0.0309
059 287 0.0309
059 1176 0.0309
059 87 0.0309
059 1523 0.0308
059 650 0.0307
059 1409 0.0307
059 869 0.0306
059 1534 0.0306
059 1056 0.0306
059 12 0.0305
059 330 0.0304
059 20 0.0303
059 412 0.0303
059 617 0.0303
059 1287 0.0303
059 314 0.0302
059 880 0.0302
059 726 0.0301
059 381 0.0299
059 618 0.0298
059 1564 0.0298
059 944 0.0297
059 1064 0.0297
059 893 0.0296
059 816 0.0295
059 312 0.0295
059 1040 0.0295
059 1199 0.0294
059 239 0.0294
059 1365 0.0294
059 1488 0.0294
059 909 0.0293
059 331 0.0293
059 1529 0.0293
059 328 0.0292
059 1113 0.0291
059 667 0.0291
059 1092 0.0290
059 964 0.0289
059 537 0.0289
059 1566 0.0288
059 696 0.0288
059 1066 0.0288
059 1240 0.0287
059 670 0.0287
059 1418 0.0287
059 787 0.0287
059 462 0.0286
059 283 0.0286
059 853 0.0285
059 1095 0.0285
059 958 0.0285
059 698 0.0284
059 725 0.0282
059 280 0.0282
059 610 0.0281
059 1009 0.0280
059 164 0.0280
059 854 0.0280
059 1406 0.0278
059 914 0.0277
059 438 0.0276
059 1184 0.0276
059 1157 0.0275
059 1000 0.0275
059 1285 0.0274
059 181 0.0274
059 22 0.0273
059 230 0.0273
059 1348 0.0273
059 1490 0.0272
059 34 0.0272
059 1102 0.0272
059 1552 0.0271
059 1396 0.0269
059 1347 0.0269
059 777 0.0269
059 1485 0.0268
059 1356 0.0267
059 828 0.0266
059 636 0.0266
059 157 0.0266
059 414 0.0266
059 676 0.0266
059 1335 0.0266
059 401 0.0265
059 351 0.0265
059 362 0.0265
059 422 0.0265
059 6 0.0264
059 70 0.0264
059 699 0.0263
059 16 0.0262
059 913 0.0262
059 720 0.0262
059 1101 0.0261
059 583 0.0261
059 1491 0.0261
059 1556 0.0260
059 1466 0.0260
059 194 0.0260
059 868 0.0259
059 827 0.0259
059 607 0.0259
059 1394 0.0258
059 21 0.0258
059 844 0.0257
059 460 0.0256
059 297 0.0255
059 502 0.0254
059 556 0.0254
059 49 0.0253
059 706 0.0253
059 1069 0.0253
059 1044 0.0253
059 1050 0.0252
059 457 0.0251
059 945 0.0250
059 630 0.0249
059 1343 0.0249
059 114 0.0249
059 1078 0.0249
059 173 0.0249
059 928 0.0248
059 288 0.0248
059 1558 0.0248
059 543 0.0248
059 1224 0.0248
059 785 0.0247
059 1100 0.0247
059 8 0.0247
059 447 0.0247
059 1029 0.0247
059 1296 0.0247
059 539 0.0246
059 1410 0.0245
059 1264 0.0245
059 323 0.0243
059 5 0.0243
059 1489 0.0242
059 729 0.0241
059 1060 0.0241
059 759 0.0241
059 1315 0.0241
059 1212 0.0240
059 542 0.0240
059 477 0.0240
059 1159 0.0240
059 821 0.0239
059 1158 0.0239
059 392 0.0239
059 625 0.0238
059 917 0.0238
059 153 0.0237
059 638 0.0236
059 942 0.0236
059 259 0.0236
059 88 0.0236
059 626 0.0234
059 268 0.0233
059 161 0.0233
059 1010 0.0233
059 550 0.0233
059 352 0.0231
059 1446 0.0229
059 993 0.0229
059 61 0.0229
059 892 0.0229
059 1453 0.0228
059 680 0.0228
059 490 0.0227
059 373 0.0227
059 1120 0.0226
059 1380 0.0226
059 864 0.0225
059 1108 0.0225
059 1519 0.0225
059 574 0.0225
059 349 0.0225
059 576 0.0224
059 1411 0.0224
059 1020 0.0224
059 1121 0.0224
059 1111 0.0223
059 1204 0.0223
059 493 0.0223
059 1015 0.0222
059 687 0.0221
059 439 0.0221
059 551 0.0221
059 1019 0.0221
059 1464 0.0221
059 354 0.0220
059 353 0.0220
059 68 0.0219
059 850 0.0219
059 440 0.0219
059 496 0.0219
059 1345 0.0218
059 1261 0.0218
059 1055 0.0218
059 639 0.0218
059 1387 0.0215
059 563 0.0214
059 998 0.0213
059 120 0.0213
059 766 0.0213
059 53 0.0212
059 427 0.0211
059 389 0.0211
059 703 0.0211
059 515 0.0209
059 1495 0.0209
059 718 0.0208
059 674 0.0208
059 39 0.0208
059 743 0.0207
059 846 0.0207
059 1492 0.0206
059 252 0.0206
059 1162 0.0206
059 533 0.0206
059 797 0.0205
059 208 0.0205
059 658 0.0204
059 75 0.0204
059 1273 0.0204
059 959 0.0203
059 295 0.0202
059 1368 0.0202
059 1164 0.0202
059 789 0.0202
059 984 0.0202
059 18 0.0201
059 286 0.0201
059 174 0.0200
059 489 0.0200
059 1383 0.0200
059 704 0.0200
059 769 0.0200
059 258 0.0199
059 113 0.0199
059 198 0.0197
059 801 0.0197
059 1026 0.0197
059 300 0.0197
059 73 0.0196
059 17 0.0195
059 547 0.0195
059 672 0.0195
059 315 0.0193
059 904 0.0193
059 404 0.0192
059 1478 0.0192
059 182 0.0191
059 1457 0.0191
059 1244 0.0191
059 264 0.0190
059 951 0.0190
059 140 0.0189
059 930 0.0189
059 446 0.0189
059 960 0.0188
059 430 0.0186
059 666 0.0186
059 1114 0.0185
059 565 0.0185
059 548 0.0185
059 1397 0.0184
059 1177 0.0184
059 1414 0.0183
059 231 0.0183
059 1352 0.0182
059 1363 0.0182
059 1325 0.0182
059 693 0.0181
059 1386 0.0181
059 1573 0.0181
059 890 0.0181
059 1385 0.0180
059 838 0.0180
059 334 0.0180
059 1003 0.0180
059 1408 0.0179
059 560 0.0178
059 1194 0.0178
059 212 0.0178
059 823 0.0178
059 1354 0.0177
059 1370 0.0177
059 657 0.0177
059 755 0.0176
059 870 0.0176
059 859 0.0176
059 1070 0.0175
059 584 0.0175
059 1395 0.0175
059 1272 0.0175
059 483 0.0174
059 1313 0.0174
059 760 0.0173
059 1511 0.0173
059 1379 0.0172
059 136 0.0169
059 1433 0.0169
059 802 0.0169
059 605 0.0169
059 1127 0.0168
059 1448 0.0168
059 683 0.0168
059 1151 0.0168
059 966 0.0168
059 1458 0.0167
059 1539 0.0167
059 307 0.0165
059 1441 0.0165
059 1469 0.0165
059 1234 0.0165
059 376 0.0165
059 411 0.0165
059 1030 0.0165
059 671 0.0164
059 842 0.0164
059 468 0.0164
059 793 0.0164
059 419 0.0163
059 171 0.0163
059 790 0.0162
059 103 0.0161
059 646 0.0161
059 507 0.0160
059 1283 0.0159
059 572 0.0159
059 386 0.0159
059 165 0.0159
059 1227 0.0158
059 1302 0.0158
059 340 0.0158
059 1149 0.0157
059 434 0.0157
059 505 0.0156
059 1482 0.0156
059 1381 0.0155
059 968 0.0155
059 524 0.0155
059 210 0.0155
059 93 0.0154
059 1450 0.0154
059 920 0.0152
059 102 0.0152
059 1217 0.0152
059 836 0.0151
059 744 0.0150
059 1543 0.0150
059 946 0.0150
059 450 0.0150
059 837 0.0150
059 236 0.0150
059 119 0.0150
059 100 0.0149
059 541 0.0149
059 736 0.0148
059 263 0.0148
059 78 0.0148
059 437 0.0147
059 224 0.0147
059 1259 0.0146
059 1270 0.0146
059 723 0.0146
059 1215 0.0146
059 922 0.0146
059 402 0.0146
059 369 0.0145
059 1483 0.0145
059 416 0.0144
059 1500 0.0144
059 1196 0.0144
059 62 0.0143
059 1420 0.0143
059 424 0.0143
059 967 0.0142
059 1452 0.0142
059 933 0.0142
059 485 0.0141
059 1170 0.0141
059 358 0.0141
059 1567 0.0141
059 190 0.0141
059 513 0.0141
059 1353 0.0140
059 52 0.0140
059 1182 0.0140
059 910 0.0139
059 384 0.0139
059 366 0.0139
059 246 0.0139
059 830 0.0139
059 888 0.0138
059 553 0.0138
059 632 0.0137
059 601 0.0137
059 612 0.0137
059 497 0.0136
059 177 0.0136
059 1201 0.0136
059 158 0.0136
059 980 0.0136
059 1038 0.0135
059 1152 0.0135
059 1063 0.0135
059 501 0.0135
059 154 0.0135
059 127 0.0134
059 642 0.0133
059 1 0.0133
059 269 0.0133
059 1424 0.0132
059 1514 0.0132
059 664 0.0132
059 31 0.0131
059 715 0.0130
059 1124 0.0130
059 41 0.0129
059 242 0.0129
059 907 0.0129
059 1497 0.0128
059 76 0.0128
059 651 0.0127
059 35 0.0127
059 115 0.0127
059 1065 0.0126
059 1517 0.0126
059 1142 0.0126
059 486 0.0126
059 997 0.0125
059 1284 0.0125
059 1211 0.0125
059 1163 0.0125
059 1521 0.0125
059 1465 0.0125
059 1109 0.0125
059 1218 0.0124
059 1361 0.0124
059 1104 0.0124
059 1350 0.0123
059 1462 0.0123
059 911 0.0122
059 792 0.0122
059 608 0.0122
059 894 0.0120
059 857 0.0119
059 1480 0.0119
059 774 0.0119
059 906 0.0118
059 1048 0.0118
059 1340 0.0118
059 597 0.0118
059 1576 0.0118
059 1322 0.0117
059 123 0.0117
059 176 0.0116
059 1304 0.0116
059 1401 0.0115
059 15 0.0115
059 1456 0.0114
059 1165 0.0114
059 845 0.0114
059 752 0.0114
059 1392 0.0114
059 319 0.0113
059 218 0.0113
059 29 0.0113
059 579 0.0112
059 1222 0.0112
059 365 0.0112
059 1257 0.0112
059 197 0.0111
059 939 0.0110
059 180 0.0109
059 999 0.0109
059 476 0.0109
059 274 0.0109
059 1052 0.0109
059 191 0.0108
059 256 0.0108
059 863 0.0108
059 1371 0.0108
059 1305 0.0108
059 1191 0.0108
059 778 0.0107
059 375 0.0107
059 254 0.0107
059 1011 0.0107
059 866 0.0106
059 271 0.0106
059 32 0.0106
059 526 0.0106
059 321 0.0105
059 1239 0.0105
059 882 0.0105
059 240 0.0105
059 4 0.0104
059 1292 0.0104
059 417 0.0104
059 1493 0.0104
059 499 0.0104
059 1301 0.0104
059 1311 0.0104
059 727 0.0104
059 48 0.0103
059 69 0.0103
059 1430 0.0103
059 1076 0.0103
059 206 0.0103
059 1471 0.0102
059 243 0.0102
059 622 0.0101
059 748 0.0101
059 861 0.0101
059 1023 0.0101
059 494 0.0100
059 848 0.0100
059 1293 0.0100
059 187 0.0100
059 733 0.0100
059 284 0.0100
059 150 0.0099
059 217 0.0099
059 42 0.0099
059 1077 0.0099
059 941 0.0099
059 72 0.0099
059 1107 0.0099
059 1161 0.0098
059 455 0.0098
059 782 0.0098
059 79 0.0097
059 205 0.0097
059 193 0.0097
059 1438 0.0097
059 305 0.0097
059 1580 0.0096
059 135 0.0096
059 1007 0.0096
059 594 0.0096
059 783 0.0096
059 709 0.0096
059 805 0.0095
059 1141 0.0094
059 1130 0.0093
059 1031 0.0093
059 815 0.0093
059 1135 0.0092
059 884 0.0092
059 459 0.0092
059 742 0.0091
059 602 0.0091
059 1546 0.0091
059 1058 0.0090
059 1412 0.0090
059 1198 0.0089
059 372 0.0089
059 40 0.0089
059 364 0.0088
059 552 0.0087
059 1393 0.0086
059 249 0.0086
059 1548 0.0086
059 595 0.0085
059 451 0.0085
059 83 0.0085
059 226 0.0085
059 1579 0.0085
059 356 0.0084
059 531 0.0084
059 949 0.0084
059 1512 0.0083
059 1110 0.0083
059 3 0.0083
059 924 0.0083
059 705 0.0082
059 961 0.0082
059 1518 0.0082
059 192 0.0081
059 107 0.0081
059 1169 0.0081
059 1346 0.0080
059 1415 0.0080
059 1362 0.0080
059 1400 0.0080
059 1150 0.0079
059 261 0.0079
059 519 0.0079
059 308 0.0078
059 211 0.0078
059 1168 0.0078
059 1203 0.0078
059 1027 0.0077
059 77 0.0077
059 74 0.0077
059 1442 0.0076
059 508 0.0075
059 555 0.0075
059 1357 0.0075
059 694 0.0074
059 812 0.0074
059 1323 0.0074
059 578 0.0074
059 344 0.0074
059 738 0.0073
059 186 0.0073
059 570 0.0073
059 688 0.0073
059 581 0.0073
059 708 0.0073
059 1351 0.0073
059 1209 0.0072
059 1046 0.0072
059 298 0.0071
059 1560 0.0071
059 47 0.0071
059 947 0.0071
059 589 0.0071
059 1451 0.0071
059 1278 0.0071
059 498 0.0071
059 724 0.0071
059 1143 0.0071
059 97 0.0070
059 1042 0.0070
059 478 0.0070
059 754 0.0070
059 44 0.0069
059 510 0.0069
059 1181 0.0069
059 1549 0.0068
059 327 0.0068
059 1286 0.0067
059 1463 0.0067
059 1559 0.0067
059 1324 0.0067
059 1262 0.0067
059 955 0.0067
059 145 0.0066
059 1238 0.0066
059 1332 0.0066
059 1538 0.0065
059 598 0.0065
059 1390 0.0064
059 270 0.0064
059 839 0.0064
059 1136 0.0064
059 1562 0.0064
059 1427 0.0064
059 1338 0.0064
059 919 0.0063
059 1250 0.0063
059 1098 0.0062
059 1062 0.0062
059 1237 0.0062
059 1426 0.0062
059 546 0.0062
059 1041 0.0061
059 294 0.0061
059 317 0.0061
059 278 0.0060
059 1528 0.0060
059 1349 0.0059
059 380 0.0059
059 1085 0.0059
059 60 0.0059
059 1016 0.0059
059 558 0.0058
059 1073 0.0058
059 948 0.0057
059 849 0.0057
059 1190 0.0056
059 1036 0.0056
059 1540 0.0056
059 361 0.0055
059 532 0.0055
059 1369 0.0055
059 1447 0.0055
059 1516 0.0054
059 1156 0.0054
059 1068 0.0054
059 1499 0.0054
059 431 0.0054
059 50 0.0053
059 1481 0.0053
059 833 0.0053
059 1075 0.0053
059 233 0.0053
059 1479 0.0053
059 829 0.0052
059 104 0.0052
059 1449 0.0052
059 976 0.0052
059 956 0.0051
059 1251 0.0051
059 1155 0.0051
059 989 0.0050
059 1565 0.0050
059 1360 0.0050
059 1358 0.0050
059 1275 0.0050
059 1436 0.0050
059 1291 0.0049
059 852 0.0049
059 988 0.0049
059 303 0.0048
059 1513 0.0048
059 972 0.0048
059 1372 0.0048
059 276 0.0047
059 586 0.0047
059 603 0.0047
059 1443 0.0047
059 463 0.0047
059 517 0.0047
059 1526 0.0047
059 325 0.0045
059 1247 0.0044
059 691 0.0044
059 1018 0.0043
059 520 0.0043
059 810 0.0043
059 1216 0.0043
059 469 0.0042
059 24 0.0042
059 1333 0.0041
059 1475 0.0040
059 1039 0.0040
059 443 0.0039
059 803 0.0039
059 756 0.0039
059 795 0.0038
059 363 0.0038
059 804 0.0038
059 461 0.0037
059 1425 0.0037
059 858 0.0036
059 876 0.0036
059 1119 0.0036
059 1087 0.0036
059 921 0.0035
059 433 0.0035
059 54 0.0034
059 689 0.0034
059 1419 0.0034
059 637 0.0034
059 1404 0.0034
059 916 0.0033
059 929 0.0033
059 684 0.0033
059 1103 0.0033
059 413 0.0032
059 843 0.0032
059 1355 0.0031
059 301 0.0031
059 247 0.0031
059 1531 0.0031
059 1274 0.0031
059 1507 0.0030
059 374 0.0030
059 244 0.0030
059 292 0.0030
059 514 0.0029
059 1271 0.0029
059 383 0.0029
059 992 0.0029
059 1233 0.0029
059 1289 0.0028
059 629 0.0028
059 504 0.0028
059 1047 0.0027
059 168 0.0027
059 621 0.0027
059 762 0.0026
059 1329 0.0025
059 898 0.0024
059 734 0.0024
059 1006 0.0024
059 1118 0.0024
059 336 0.0023
059 82 0.0023
059 1138 0.0022
059 1403 0.0022
059 925 0.0022
059 1183 0.0021
059 1428 0.0021
059 521 0.0021
059 1532 0.0020
059 333 0.0020
059 668 0.0020
059 871 0.0019
059 1544 0.0018
059 1505 0.0018
059 962 0.0016
059 216 0.0015
059 707 0.0014
060 1292 0.2857
060 1476 0.2648
060 1370 0.2643
060 1243 0.2511
060 1096 0.2444
060 1363 0.2284
060 1192 0.2174
060 1297 0.2127
060 468 0.2025
060 1054 0.1659
060 1244 0.1588
060 1547 0.1564
060 1009 0.1471
060 918 0.1334
060 1419 0.1311
060 301 0.1292
060 835 0.1287
060 1339 0.1267
060 1176 0.1264
060 1041 0.1261
060 1423 0.1260
060 106 0.1237
060 1481 0.1224
060 1528 0.1215
060 986 0.1176
060 1412 0.1169
060 210 0.1167
060 630 0.1159
060 599 0.1158
060 492 0.1155
060 1066 0.1149
060 897 0.1144
060 1178 0.1143
060 161 0.1101
060 473 0.1094
060 1406 0.1092
060 1517 0.1081
060 1240 0.1073
060 504 0.1061
060 632 0.1045
060 1303 0.1044
060 1365 0.1027
060 987 0.1014
060 1180 0.1014
060 1513 0.1013
060 697 0.1010
060 1448 0.1005
060 581 0.0991
060 362 0.0988
060 776 0.0966
060 304 0.0963
060 105 0.0957
060 1119 0.0948
060 978 0.0947
060 1330 0.0946
060 1532 0.0945
060 587 0.0937
060 968 0.0935
060 392 0.0932
060 1062 0.0896
060 609 0.0894
060 1372 0.0891
060 1053 0.0879
060 824 0.0879
060 271 0.0877
060 627 0.0873
060 1279 0.0870
060 1216 0.0859
060 950 0.0840
060 1436 0.0832
060 679 0.0825
060 628 0.0819
060 1358 0.0816
060 1125 0.0816
060 943 0.0814
060 1384 0.0806
060 1175 0.0805
060 1306 0.0804
060 1522 0.0791
060 641 0.0789
060 984 0.0769
060 465 0.0762
060 1523 0.0750
060 970 0.0742
060 1130 0.0725
060 1287 0.0725
060 601 0.0721
060 759 0.0718
060 1278 0.0713
060 869 0.0707
060 242 0.0706
060 83 0.0705
060 947 0.0697
060 862 0.0695
060 1543 0.0691
060 517 0.0680
060 1307 0.0679
060 64 0.0679
060 1021 0.0676
060 1070 0.0674
060 946 0.0668
060 763 0.0667
060 668 0.0664
060 1386 0.0661
060 982 0.0658
060 138 0.0657
060 479 0.0650
060 539 0.0648
060 1100 0.0646
060 813 0.0644
060 438 0.0642
060 760 0.0640
060 1140 0.0638
060 1265 0.0630
060 345 0.0629
060 1332 0.0615
060 285 0.0610
060 915 0.0605
060 54 0.0602
060 741 0.0601
060 995 0.0589
060 1171 0.0580
060 1459 0.0577
060 336 0.0576
060 971 0.0572
060 523 0.0571
060 1355 0.0566
060 8 0.0565
060 864 0.0564
060 331 0.0560
060 844 0.0557
060 733 0.0556
060 806 0.0555
060 575 0.0555
060 152 0.0554
060 1117 0.0547
060 130 0.0547
060 425 0.0546
060 1295 0.0545
060 721 0.0545
060 39 0.0545
060 1037 0.0544
060 1212 0.0542
060 337 0.0540
060 1382 0.0540
060 738 0.0535
060 1361 0.0535
060 88 0.0533
060 896 0.0533
060 994 0.0532
060 753 0.0531
060 1120 0.0525
060 663 0.0521
060 790 0.0521
060 1035 0.0516
060 832 0.0515
060 68 0.0513
060 618 0.0509
060 131 0.0509
060 461 0.0508
060 818 0.0505
060 1519 0.0504
060 1420 0.0497
060 1234 0.0493
060 549 0.0489
060 1194 0.0488
060 1210 0.0485
060 1142 0.0481
060 1272 0.0478
060 82 0.0472
060 781 0.0463
060 1036 0.0462
060 1356 0.0461
060 1520 0.0461
060 626 0.0458
060 1146 0.0457
060 256 0.0457
060 1267 0.0453
060 248 0.0453
060 942 0.0452
060 1285 0.0450
060 1069 0.0448
060 743 0.0448
060 1529 0.0446
060 857 0.0446
060 952 0.0445
060 969 0.0444
060 230 0.0442
060 1350 0.0441
060 1273 0.0441
060 1433 0.0441
060 1271 0.0439
060 1526 0.0438
060 1442 0.0438
060 1471 0.0437
060 711 0.0437
060 1248 0.0437
060 961 0.0436
060 275 0.0435
060 941 0.0433
060 430 0.0432
060 480 0.0431
060 1129 0.0431
060 459 0.0431
060 217 0.0429
060 1536 0.0425
060 1398 0.0424
060 737 0.0423
060 661 0.0423
060 1173 0.0422
060 629 0.0421
060 1225 0.0419
060 842 0.0417
060 108 0.0416
060 870 0.0414
060 488 0.0413
060 885 0.0411
060 1533 0.0408
060 1116 0.0405
060 985 0.0404
060 485 0.0403
060 980 0.0402
060 695 0.0401
060 998 0.0398
060 882 0.0396
060 1202 0.0392
060 25 0.0386
060 190 0.0382
060 1256 0.0381
060 355 0.0381
060 44 0.0381
060 654 0.0380
060 1252 0.0379
060 715 0.0378
060 1263 0.0378
060 1422 0.0376
060 1012 0.0375
060 484 0.0375
060 1431 0.0375
060 531 0.0374
060 462 0.0374
060 1211 0.0373
060 428 0.0372
060 867 0.0370
060 307 0.0370
060 234 0.0370
060 90 0.0369
060 510 0.0367
060 536 0.0367
060 742 0.0366
060 1467 0.0366
060 1441 0.0365
060 1001 0.0365
060 188 0.0365
060 387 0.0361
060 441 0.0360
060 1457 0.0357
060 432 0.0355
060 368 0.0353
060 669 0.0350
060 1167 0.0350
060 638 0.0348
060 20 0.0348
060 845 0.0345
060 1023 0.0345
060 1030 0.0344
060 58 0.0344
060 386 0.0343
060 1357 0.0343
060 1082 0.0341
060 1463 0.0339
060 1305 0.0337
060 1028 0.0337
060 1038 0.0335
060 1007 0.0335
060 170 0.0335
060 526 0.0335
060 611 0.0335
060 1093 0.0334
060 576 0.0330
060 595 0.0330
060 981 0.0330
060 670 0.0330
060 107 0.0328
060 1478 0.0328
060 1364 0.0326
060 1443 0.0325
060 1052 0.0324
060 948 0.0324
060 1375 0.0323
060 964 0.0322
060 799 0.0322
060 365 0.0321
060 1578 0.0321
060 55 0.0318
060 542 0.0317
060 644 0.0314
060 795 0.0314
060 589 0.0314
060 1115 0.0313
060 1421 0.0310
060 709 0.0309
060 446 0.0309
060 1170 0.0305
060 1229 0.0305
060 1461 0.0304
060 1319 0.0304
060 770 0.0302
060 1033 0.0301
060 451 0.0300
060 1262 0.0300
060 1411 0.0298
060 191 0.0296
060 1091 0.0295
060 615 0.0295
060 467 0.0295
060 1201 0.0294
060 1247 0.0294
060 252 0.0294
060 158 0.0293
060 1058 0.0293
060 164 0.0293
060 1280 0.0292
060 288 0.0291
060 1516 0.0289
060 951 0.0289
060 1534 0.0287
060 1065 0.0287
060 1266 0.0285
060 330 0.0285
060 1190 0.0285
060 1383 0.0279
060 156 0.0278
060 676 0.0277
060 979 0.0275
060 593 0.0274
060 1458 0.0271
060 1218 0.0269
060 1480 0.0268
060 239 0.0268
060 427 0.0266
060 7 0.0266
060 407 0.0265
060 477 0.0264
060 424 0.0264
060 1208 0.0263
060 880 0.0263
060 927 0.0262
060 148 0.0261
060 1010 0.0260
060 1465 0.0259
060 1235 0.0259
060 565 0.0258
060 1226 0.0258
060 963 0.0258
060 1182 0.0257
060 142 0.0257
060 1195 0.0255
060 1204 0.0254
060 1390 0.0253
060 719 0.0251
060 391 0.0248
060 889 0.0248
060 113 0.0247
060 509 0.0246
060 371 0.0246
060 284 0.0245
060 821 0.0244
060 444 0.0244
060 1514 0.0243
060 687 0.0243
060 1530 0.0242
060 1464 0.0240
060 433 0.0239
060 1049 0.0239
060 1460 0.0239
060 18 0.0239
060 1147 0.0238
060 1425 0.0237
060 731 0.0236
060 699 0.0235
060 702 0.0234
060 572 0.0233
060 778 0.0232
060 1309 0.0231
060 412 0.0230
060 851 0.0230
060 165 0.0229
060 1407 0.0228
060 1113 0.0226
060 939 0.0226
060 805 0.0226
060 642 0.0226
060 160 0.0225
060 499 0.0225
060 1474 0.0223
060 344 0.0222
060 852 0.0219
060 1159 0.0219
060 1424 0.0217
060 831 0.0217
060 53 0.0216
060 1451 0.0216
060 977 0.0215
060 1270 0.0215
060 730 0.0214
060 261 0.0214
060 470 0.0213
060 562 0.0213
060 253 0.0213
060 537 0.0211
060 782 0.0211
060 503 0.0211
060 1377 0.0209
060 803 0.0208
060 1000 0.0207
060 135 0.0207
060 189 0.0206
060 1238 0.0206
060 652 0.0206
060 751 0.0206
060 184 0.0205
060 61 0.0205
060 89 0.0205
060 370 0.0204
060 487 0.0204
060 348 0.0204
060 619 0.0204
060 469 0.0201
060 244 0.0200
060 744 0.0200
060 406 0.0200
060 436 0.0200
060 700 0.0198
060 605 0.0198
060 213 0.0198
060 205 0.0197
060 207 0.0197
060 379 0.0197
060 1562 0.0197
060 1103 0.0196
060 914 0.0196
060 999 0.0195
060 259 0.0194
060 1335 0.0194
060 823 0.0194
060 773 0.0193
060 846 0.0193
060 945 0.0191
060 873 0.0190
060 208 0.0190
060 556 0.0190
060 1276 0.0189
060 1128 0.0189
060 794 0.0189
060 114 0.0188
060 578 0.0187
060 923 0.0187
060 861 0.0186
060 29 0.0186
060 636 0.0185
060 1016 0.0185
060 1044 0.0184
060 559 0.0183
060 1348 0.0183
060 590 0.0182
060 519 0.0181
060 1508 0.0180
060 891 0.0180
060 67 0.0179
060 266 0.0179
060 326 0.0179
060 634 0.0179
060 70 0.0179
060 1336 0.0178
060 443 0.0177
060 1085 0.0176
060 532 0.0175
060 201 0.0174
060 1381 0.0174
060 1181 0.0172
060 811 0.0172
060 75 0.0172
060 476 0.0171
060 728 0.0171
060 125 0.0171
060 395 0.0170
060 925 0.0170
060 658 0.0169
060 705 0.0169
060 94 0.0169
060 1302 0.0168
060 225 0.0167
060 1099 0.0167
060 1388 0.0166
060 1047 0.0166
060 1083 0.0165
060 120 0.0165
060 290 0.0164
060 616 0.0164
060 220 0.0164
060 600 0.0164
060 1166 0.0164
060 292 0.0164
060 1160 0.0163
060 267 0.0163
060 657 0.0162
060 1410 0.0162
060 1315 0.0161
060 1011 0.0161
060 1254 0.0161
060 1114 0.0161
060 879 0.0160
060 822 0.0160
060 1288 0.0160
060 1580 0.0159
060 837 0.0159
060 848 0.0159
060 906 0.0158
060 725 0.0158
060 688 0.0158
060 47 0.0158
060 708 0.0157
060 966 0.0156
060 909 0.0156
060 1539 0.0156
060 816 0.0155
060 729 0.0155
060 1193 0.0154
060 79 0.0154
060 547 0.0154
060 930 0.0153
060 1328 0.0153
060 1537 0.0153
060 41 0.0153
060 959 0.0153
060 268 0.0152
060 1558 0.0152
060 187 0.0152
060 1032 0.0151
060 949 0.0151
060 1456 0.0151
060 145 0.0150
060 373 0.0150
060 1489 0.0150
060 1282 0.0150
060 866 0.0149
060 788 0.0148
060 555 0.0148
060 1466 0.0147
060 1304 0.0147
060 92 0.0147
060 1084 0.0146
060 690 0.0146
060 1368 0.0146
060 785 0.0146
060 780 0.0146
060 257 0.0145
060 666 0.0145
060 718 0.0144
060 717 0.0144
060 1172 0.0143
060 1440 0.0142
060 333 0.0141
060 1277 0.0141
060 960 0.0140
060 243 0.0139
060 1354 0.0139
060 696 0.0139
060 195 0.0139
060 1427 0.0138
060 251 0.0138
060 625 0.0137
060 847 0.0136
060 506 0.0136
060 919 0.0136
060 1239 0.0136
060 937 0.0136
060 293 0.0135
060 1098 0.0135
060 713 0.0135
060 989 0.0133
060 786 0.0132
060 829 0.0132
060 296 0.0131
060 1316 0.0131
060 673 0.0129
060 357 0.0129
060 66 0.0128
060 1296 0.0128
060 246 0.0128
060 1329 0.0128
060 591 0.0127
060 612 0.0127
060 86 0.0126
060 1299 0.0126
060 1056 0.0125
060 1371 0.0125
060 878 0.0125
060 335 0.0124
060 4 0.0124
060 992 0.0124
060 1396 0.0123
060 573 0.0123
060 1123 0.0122
060 582 0.0122
060 117 0.0121
060 93 0.0121
060 27 0.0120
060 784 0.0120
060 1050 0.0120
060 1298 0.0119
060 134 0.0119
060 830 0.0118
060 1405 0.0118
060 659 0.0118
060 817 0.0118
060 119 0.0118
060 1141 0.0117
060 802 0.0117
060 1027 0.0117
060 1045 0.0116
060 1187 0.0116
060 308 0.0116
060 435 0.0116
060 231 0.0115
060 1475 0.0115
060 1479 0.0115
060 1501 0.0115
060 1088 0.0114
060 329 0.0114
060 1323 0.0113
060 1046 0.0112
060 801 0.0112
060 196 0.0112
060 557 0.0112
060 1196 0.0112
060 1286 0.0112
060 704 0.0112
060 486 0.0111
060 1294 0.0111
060 1048 0.0110
060 1301 0.0110
060 399 0.0110
060 366 0.0110
060 334 0.0110
060 1483 0.0108
060 448 0.0108
060 1237 0.0108
060 566 0.0107
060 17 0.0107
060 567 0.0106
060 898 0.0106
060 1509 0.0106
060 97 0.0105
060 843 0.0105
060 1560 0.0105
060 554 0.0104
060 1057 0.0104
060 38 0.0103
060 1553 0.0103
060 1446 0.0103
060 1253 0.0103
060 812 0.0103
060 1205 0.0102
060 1020 0.0102
060 1015 0.0099
060 143 0.0099
060 6 0.0098
060 393 0.0098
060 585 0.0098
060 163 0.0098
060 1200 0.0098
060 1469 0.0098
060 1148 0.0097
060 14 0.0096
060 508 0.0096
060 63 0.0095
060 137 0.0095
060 1207 0.0094
060 1331 0.0093
060 868 0.0092
060 1477 0.0092
060 660 0.0091
060 37 0.0090
060 1401 0.0090
060 214 0.0090
060 938 0.0090
060 752 0.0090
060 464 0.0089
060 1222 0.0089
060 439 0.0088
060 1333 0.0088
060 622 0.0088
060 877 0.0088
060 351 0.0087
060 414 0.0087
060 789 0.0086
060 11 0.0086
060 1019 0.0086
060 1203 0.0086
060 390 0.0085
060 1515 0.0084
060 49 0.0084
060 1561 0.0084
060 895 0.0084
060 258 0.0084
060 19 0.0084
060 287 0.0083
060 215 0.0083
060 73 0.0083
060 732 0.0082
060 458 0.0082
060 299 0.0082
060 65 0.0081
060 440 0.0081
060 1555 0.0080
060 2 0.0080
060 597 0.0080
060 402 0.0080
060 953 0.0080
060 1230 0.0078
060 174 0.0078
060 577 0.0078
060 98 0.0077
060 437 0.0077
060 340 0.0077
060 1061 0.0077
060 972 0.0077
060 1118 0.0077
060 1158 0.0077
060 1395 0.0077
060 761 0.0077
060 1246 0.0077
060 377 0.0077
060 722 0.0076
060 12 0.0075
060 418 0.0075
060 894 0.0075
060 872 0.0075
060 1174 0.0075
060 127 0.0075
060 1245 0.0074
060 739 0.0074
060 374 0.0073
060 283 0.0073
060 691 0.0073
060 411 0.0071
060 772 0.0071
060 118 0.0071
060 602 0.0071
060 178 0.0070
060 384 0.0070
060 1264 0.0069
060 472 0.0069
060 247 0.0069
060 179 0.0069
060 383 0.0069
060 1109 0.0069
060 1379 0.0069
060 1583 0.0069
060 924 0.0069
060 546 0.0069
060 405 0.0069
060 724 0.0067
060 1470 0.0067
060 346 0.0066
060 212 0.0066
060 716 0.0066
060 1506 0.0065
060 1563 0.0065
060 560 0.0065
060 1008 0.0065
060 26 0.0065
060 1492 0.0064
060 136 0.0064
060 310 0.0063
060 155 0.0063
060 672 0.0063
060 518 0.0062
060 1150 0.0062
060 1312 0.0062
060 720 0.0062
060 1326 0.0061
060 35 0.0060
060 15 0.0060
060 936 0.0060
060 804 0.0059
060 43 0.0059
060 983 0.0059
060 420 0.0058
060 1092 0.0058
060 309 0.0058
060 858 0.0057
060 767 0.0057
060 991 0.0057
060 1418 0.0057
060 681 0.0056
060 734 0.0056
060 1581 0.0055
060 623 0.0055
060 167 0.0055
060 380 0.0054
060 541 0.0054
060 886 0.0054
060 996 0.0053
060 528 0.0052
060 1255 0.0052
060 463 0.0052
060 173 0.0052
060 397 0.0052
060 101 0.0051
060 736 0.0050
060 382 0.0050
060 416 0.0049
060 912 0.0049
060 316 0.0048
060 350 0.0048
060 1403 0.0048
060 564 0.0047
060 529 0.0047
060 890 0.0047
060 607 0.0047
060 1349 0.0047
060 674 0.0047
060 820 0.0046
060 1374 0.0045
060 692 0.0045
060 361 0.0044
060 342 0.0044
060 774 0.0044
060 662 0.0044
060 814 0.0044
060 314 0.0044
060 1151 0.0043
060 349 0.0043
060 965 0.0043
060 561 0.0043
060 489 0.0042
060 431 0.0042
060 750 0.0042
060 311 0.0041
060 434 0.0041
060 931 0.0041
060 1179 0.0041
060 1112 0.0041
060 502 0.0041
060 109 0.0041
060 584 0.0040
060 798 0.0040
060 797 0.0040
060 1360 0.0040
060 1087 0.0039
060 1097 0.0039
060 219 0.0039
060 631 0.0039
060 650 0.0039
060 1122 0.0039
060 447 0.0039
060 162 0.0039
060 1132 0.0039
060 940 0.0039
060 87 0.0038
060 1289 0.0038
060 422 0.0038
060 328 0.0038
060 1161 0.0038
060 193 0.0038
060 640 0.0038
060 147 0.0038
060 151 0.0037
060 52 0.0037
060 933 0.0037
060 255 0.0037
060 367 0.0036
060 426 0.0036
060 514 0.0036
060 394 0.0036
060 836 0.0036
060 321 0.0036
060 303 0.0036
060 372 0.0035
060 1219 0.0035
060 574 0.0034
060 1549 0.0033
060 974 0.0033
060 318 0.0033
060 466 0.0033
060 1127 0.0033
060 656 0.0033
060 1344 0.0033
060 222 0.0033
060 614 0.0033
060 701 0.0033
060 449 0.0032
060 954 0.0032
060 216 0.0032
060 1343 0.0032
060 1233 0.0032
060 1346 0.0032
060 755 0.0032
060 710 0.0031
060 1415 0.0031
060 1387 0.0031
060 1104 0.0030
060 1510 0.0030
060 552 0.0030
060 1373 0.0030
060 764 0.0030
060 278 0.0030
060 1341 0.0029
060 1283 0.0029
060 932 0.0029
060 1108 0.0029
060 60 0.0029
060 273 0.0029
060 1168 0.0029
060 232 0.0029
060 181 0.0028
060 1494 0.0028
060 265 0.0028
060 1314 0.0028
060 1308 0.0028
060 46 0.0028
060 768 0.0027
060 1511 0.0027
060 121 0.0027
060 99 0.0027
060 655 0.0027
060 1397 0.0027
060 91 0.0026
060 664 0.0026
060 563 0.0026
060 667 0.0026
060 1576 0.0025
060 856 0.0025
060 727 0.0025
060 305 0.0025
060 282 0.0025
060 1260 0.0025
060 1512 0.0025
060 920 0.0025
060 3 0.0025
060 580 0.0025
060 533 0.0025
060 1224 0.0024
060 819 0.0024
060 516 0.0024
060 1402 0.0024
060 317 0.0024
060 598 0.0024
060 1089 0.0024
060 421 0.0023
060 128 0.0023
060 40 0.0023
060 359 0.0023
060 157 0.0023
060 1075 0.0023
060 36 0.0022
060 962 0.0022
060 482 0.0022
060 997 0.0022
060 558 0.0021
060 280 0.0021
060 911 0.0021
060 620 0.0021
060 1542 0.0021
060 1428 0.0021
060 928 0.0020
060 1241 0.0020
060 1079 0.0020
060 1453 0.0020
060 1068 0.0020
060 9 0.0020
060 1221 0.0020
060 958 0.0020
060 1429 0.0019
060 369 0.0019
060 78 0.0019
060 33 0.0019
060 272 0.0019
060 454 0.0019
060 550 0.0019
060 1541 0.0018
060 863 0.0018
060 988 0.0018
060 1342 0.0018
060 1544 0.0018
060 1291 0.0017
060 888 0.0017
060 1026 0.0017
060 967 0.0017
060 493 0.0017
060 177 0.0017
060 338 0.0017
060 651 0.0016
060 1249 0.0016
060 238 0.0016
060 860 0.0016
060 1399 0.0016
060 312 0.0016
060 1063 0.0016
060 653 0.0016
060 973 0.0015
060 81 0.0015
060 176 0.0015
060 209 0.0015
060 900 0.0015
060 294 0.0015
060 171 0.0015
060 1367 0.0015
060 1022 0.0015
060 706 0.0015
060 24 0.0015
060 633 0.0015
060 1569 0.0015
060 1268 0.0014
060 31 0.0014
060 13 0.0014
060 849 0.0014
060 415 0.0014
060 1444 0.0014
060 124 0.0014
060 934 0.0014
060 887 0.0014
060 726 0.0013
060 172 0.0013
060 494 0.0013
060 74 0.0013
060 69 0.0013
060 1310 0.0013
060 606 0.0013
060 1564 0.0013
060 1571 0.0013
060 1439 0.0013
060 645 0.0013
060 445 0.0012
060 1144 0.0012
060 685 0.0012
060 1572 0.0012
060 1416 0.0012
060 604 0.0012
060 1126 0.0012
060 754 0.0012
060 21 0.0012
060 497 0.0012
060 327 0.0012
060 423 0.0012
060 490 0.0012
060 264 0.0012
060 583 0.0012
060 1548 0.0011
060 408 0.0011
060 456 0.0011
060 491 0.0011
060 1185 0.0011
060 1198 0.0011
060 115 0.0011
060 1072 0.0011
060 233 0.0011
060 302 0.0011
060 1017 0.0010
060 1236 0.0010
060 635 0.0010
060 250 0.0010
060 1376 0.0010
060 1554 0.0010
060 1101 0.0010
060 1392 0.0010
060 218 0.0010
060 1496 0.0010
060 223 0.0010
060 1524 0.0010
060 975 0.0010
060 180 0.0009
060 1055 0.0009
060 1086 0.0009
060 901 0.0009
060 363 0.0009
060 1156 0.0009
060 50 0.0009
060 522 0.0009
060 793 0.0009
060 126 0.0009
060 22 0.0009
060 154 0.0009
060 588 0.0009
060 592 0.0009
060 475 0.0009
060 511 0.0009
060 905 0.0009
060 122 0.0009
060 921 0.0009
060 150 0.0009
060 907 0.0009
060 300 0.0009
060 262 0.0008
060 538 0.0008
060 1432 0.0008
060 221 0.0008
060 916 0.0008
060 1574 0.0008
060 166 0.0008
060 229 0.0008
060 683 0.0008
060 740 0.0008
060 1455 0.0008
060 34 0.0008
060 291 0.0008
060 339 0.0008
060 771 0.0008
060 1121 0.0008
060 149 0.0008
060 1040 0.0008
060 791 0.0007
060 141 0.0007
060 1290 0.0007
060 322 0.0007
060 1557 0.0007
060 714 0.0007
060 144 0.0007
060 129 0.0007
060 1579 0.0007
060 28 0.0007
060 1540 0.0007
060 917 0.0007
060 48 0.0007
060 1227 0.0007
060 935 0.0007
060 1325 0.0007
060 1499 0.0007
060 1077 0.0007
060 1095 0.0007
060 1473 0.0007
060 450 0.0006
060 515 0.0006
060 527 0.0006
060 1164 0.0006
060 186 0.0006
060 1107 0.0006
060 540 0.0006
060 1275 0.0006
060 922 0.0006
060 289 0.0006
060 910 0.0006
060 553 0.0006
060 1317 0.0006
060 815 0.0006
060 1135 0.0006
060 498 0.0006
060 269 0.0006
060 1538 0.0006
060 1214 0.0006
060 1153 0.0006
060 1338 0.0005
060 112 0.0005
060 765 0.0005
060 1090 0.0005
060 521 0.0005
060 249 0.0005
060 1503 0.0005
060 1487 0.0005
060 77 0.0005
060 1369 0.0005
060 783 0.0005
060 613 0.0004
060 5 0.0004
060 1505 0.0004
060 883 0.0004
060 520 0.0004
060 749 0.0004
060 707 0.0004
060 240 0.0003
060 1486 0.0003
060 1111 0.0003
060 1155 0.0002
061 1520 0.2610
061 147 0.2500
061 1297 0.2310
061 189 0.2216
061 1044 0.2199
061 426 0.2194
061 923 0.2096
061 1122 0.2021
061 814 0.2020
061 1254 0.1931
061 290 0.1929
061 591 0.1919
061 935 0.1683
061 1172 0.1660
061 1154 0.1599
061 728 0.1560
061 840 0.1480
061 1020 0.1464
061 1461 0.1391
061 1083 0.1328
061 647 0.1312
061 807 0.1269
061 577 0.1229
061 901 0.1219
061 1208 0.1209
061 101 0.1172
061 1354 0.1171
061 765 0.1155
061 1199 0.1144
061 1057 0.1139
061 715 0.1131
061 1071 0.1118
061 1388 0.1089
061 826 0.1052
061 91 0.1052
061 1182 0.1039
061 1407 0.1034
061 311 0.1032
061 155 0.1007
061 1473 0.1003
061 464 0.0994
061 85 0.0978
061 1515 0.0969
061 624 0.0934
061 579 0.0929
061 1523 0.0925
061 1225 0.0905
061 809 0.0899
061 1054 0.0892
061 1089 0.0875
061 959 0.0865
061 932 0.0860
061 87 0.0852
061 558 0.0849
061 33 0.0841
061 1411 0.0835
061 196 0.0835
061 730 0.0834
061 224 0.0831
061 148 0.0824
061 134 0.0824
061 67 0.0819
061 1079 0.0813
061 466 0.0811
061 1024 0.0806
061 1418 0.0805
061 1320 0.0804
061 704 0.0798
061 74 0.0792
061 991 0.0791
061 1378 0.0784
061 1060 0.0782
061 104 0.0782
061 1426 0.0771
061 1291 0.0771
061 95 0.0763
061 559 0.0762
061 266 0.0761
061 900 0.0744
061 309 0.0740
061 395 0.0725
061 611 0.0715
061 946 0.0708
061 623 0.0705
061 315 0.0693
061 999 0.0688
061 357 0.0687
061 793 0.0682
061 341 0.0681
061 1101 0.0680
061 1300 0.0673
061 731 0.0668
061 592 0.0658
061 722 0.0656
061 479 0.0655
061 1132 0.0647
061 1398 0.0646
061 1504 0.0639
061 1267 0.0639
061 1485 0.0637
061 1078 0.0633
061 124 0.0633
061 1450 0.0628
061 532 0.0627
061 1534 0.0622
061 729 0.0618
061 304 0.0618
061 345 0.0618
061 1198 0.0615
061 251 0.0606
061 537 0.0602
061 1533 0.0601
061 1070 0.0601
061 1433 0.0600
061 63 0.0599
061 1288 0.0599
061 860 0.0598
061 462 0.0596
061 1369 0.0594
061 1484 0.0593
061 1328 0.0581
061 465 0.0573
061 47 0.0573
061 1142 0.0568
061 474 0.0566
061 425 0.0562
061 891 0.0559
061 61 0.0559
061 1561 0.0557
061 1356 0.0557
061 990 0.0554
061 1434 0.0553
061 576 0.0551
061 720 0.0546
061 1298 0.0544
061 749 0.0542
061 1372 0.0535
061 1084 0.0532
061 776 0.0531
061 1389 0.0522
061 721 0.0515
061 1459 0.0508
061 397 0.0505
061 1521 0.0503
061 1212 0.0503
061 1464 0.0498
061 312 0.0496
061 1013 0.0493
061 1278 0.0493
061 1113 0.0487
061 1303 0.0483
061 1035 0.0476
061 737 0.0459
061 1202 0.0458
061 970 0.0458
061 145 0.0455
061 781 0.0455
061 639 0.0454
061 1478 0.0447
061 600 0.0446
061 240 0.0445
061 402 0.0441
061 979 0.0438
061 994 0.0437
061 468 0.0434
061 187 0.0431
061 1001 0.0429
061 94 0.0427
061 197 0.0427
061 1466 0.0426
061 1273 0.0425
061 981 0.0423
061 330 0.0423
061 398 0.0422
061 295 0.0422
061 384 0.0420
061 771 0.0416
061 1541 0.0415
061 1280 0.0415
061 587 0.0413
061 225 0.0402
061 1221 0.0396
061 744 0.0392
061 743 0.0388
061 459 0.0387
061 617 0.0385
061 1272 0.0385
061 789 0.0379
061 964 0.0378
061 603 0.0378
061 1529 0.0374
061 666 0.0372
061 896 0.0371
061 1050 0.0371
061 1186 0.0369
061 1546 0.0368
061 441 0.0367
061 1445 0.0366
061 1146 0.0365
061 273 0.0363
061 165 0.0362
061 696 0.0362
061 424 0.0358
061 484 0.0358
061 271 0.0356
061 1552 0.0356
061 287 0.0355
061 629 0.0352
061 1281 0.0351
061 1458 0.0349
061 1075 0.0346
061 947 0.0344
061 1030 0.0343
061 1014 0.0342
061 113 0.0340
061 892 0.0337
061 492 0.0332
061 340 0.0329
061 1465 0.0327
061 942 0.0325
061 1482 0.0325
061 968 0.0323
061 626 0.0322
061 267 0.0320
061 1334 0.0319
061 1365 0.0317
061 1063 0.0317
061 1022 0.0316
061 364 0.0314
061 1410 0.0312
061 549 0.0312
061 1352 0.0311
061 190 0.0311
061 506 0.0309
061 1456 0.0307
061 99 0.0306
061 1395 0.0306
061 694 0.0305
061 1117 0.0302
061 1457 0.0301
061 977 0.0298
061 1384 0.0297
061 1119 0.0295
061 1067 0.0295
061 358 0.0294
061 1306 0.0293
061 1270 0.0293
061 796 0.0292
061 1377 0.0289
061 1441 0.0288
061 971 0.0287
061 1081 0.0285
061 862 0.0274
061 31 0.0273
061 152 0.0272
061 388 0.0271
061 1011 0.0270
061 1406 0.0270
061 813 0.0267
061 1292 0.0265
061 566 0.0265
061 1331 0.0264
061 201 0.0264
061 1162 0.0263
061 670 0.0263
061 1034 0.0263
061 741 0.0262
061 1205 0.0261
061 573 0.0261
061 265 0.0258
061 654 0.0258
061 504 0.0257
061 1439 0.0254
061 908 0.0253
061 1047 0.0252
061 1524 0.0252
061 1370 0.0252
061 107 0.0252
061 334 0.0250
061 1015 0.0250
061 638 0.0250
061 1576 0.0245
061 652 0.0244
061 1204 0.0244
061 1322 0.0244
061 918 0.0243
061 889 0.0243
061 1237 0.0239
061 1557 0.0237
061 913 0.0236
061 285 0.0232
061 1201 0.0232
061 906 0.0231
061 1082 0.0230
061 1058 0.0229
061 1021 0.0229
061 1463 0.0228
061 939 0.0228
061 1240 0.0227
061 473 0.0227
061 274 0.0227
061 866 0.0225
061 1224 0.0224
061 803 0.0220
061 1487 0.0219
061 702 0.0218
061 128 0.0217
061 1498 0.0217
061 485 0.0217
061 586 0.0216
061 1252 0.0215
061 842 0.0215
061 88 0.0212
061 917 0.0211
061 416 0.0209
061 557 0.0208
061 284 0.0208
061 412 0.0208
061 882 0.0208
061 1262 0.0208
061 1114 0.0207
061 217 0.0207
061 42 0.0207
061 365 0.0206
061 1440 0.0206
061 72 0.0205
061 1302 0.0204
061 925 0.0203
061 788 0.0202
061 1268 0.0201
061 1029 0.0200
061 310 0.0200
061 594 0.0199
061 885 0.0198
061 302 0.0198
061 1530 0.0198
061 1027 0.0196
061 753 0.0196
061 1496 0.0195
061 661 0.0193
061 742 0.0190
061 1438 0.0190
061 1455 0.0190
061 82 0.0189
061 419 0.0189
061 683 0.0188
061 1243 0.0188
061 458 0.0187
061 556 0.0186
061 244 0.0184
061 411 0.0184
061 1452 0.0182
061 408 0.0182
061 1501 0.0182
061 418 0.0181
061 590 0.0181
061 339 0.0180
061 1028 0.0180
061 1261 0.0179
061 454 0.0178
061 451 0.0178
061 1159 0.0178
061 1196 0.0177
061 1386 0.0176
061 475 0.0176
061 515 0.0176
061 73 0.0175
061 467 0.0174
061 1550 0.0174
061 1333 0.0173
061 1357 0.0173
061 86 0.0172
061 169 0.0171
061 607 0.0169
061 510 0.0169
061 1335 0.0169
061 1525 0.0169
061 1394 0.0168
061 1169 0.0168
061 894 0.0168
061 109 0.0168
061 599 0.0167
061 207 0.0167
061 560 0.0167
061 782 0.0166
061 1400 0.0166
061 799 0.0166
061 1449 0.0166
061 680 0.0166
061 530 0.0166
061 1236 0.0165
061 686 0.0164
061 1226 0.0163
061 631 0.0163
061 1105 0.0161
061 643 0.0161
061 335 0.0160
061 1037 0.0160
061 1518 0.0160
061 1129 0.0159
061 1442 0.0158
061 1580 0.0157
061 989 0.0157
061 191 0.0157
061 980 0.0157
061 874 0.0156
061 857 0.0156
061 1353 0.0155
061 471 0.0155
061 1065 0.0154
061 1432 0.0154
061 1137 0.0154
061 1180 0.0153
061 1371 0.0153
061 774 0.0153
061 321 0.0152
061 512 0.0152
061 414 0.0152
061 1086 0.0151
061 1351 0.0151
061 1401 0.0151
061 151 0.0151
061 1296 0.0151
061 1509 0.0150
061 1560 0.0149
061 1002 0.0149
061 1283 0.0148
061 909 0.0148
061 800 0.0147
061 322 0.0147
061 220 0.0146
061 1093 0.0146
061 757 0.0145
061 1502 0.0145
061 915 0.0144
061 399 0.0142
061 2 0.0142
061 1519 0.0141
061 1451 0.0141
061 1040 0.0141
061 56 0.0141
061 1342 0.0140
061 368 0.0140
061 219 0.0140
061 1522 0.0140
061 487 0.0140
061 905 0.0139
061 922 0.0139
061 884 0.0139
061 955 0.0139
061 1476 0.0138
061 1239 0.0138
061 255 0.0138
061 1375 0.0137
061 675 0.0137
061 1147 0.0135
061 1390 0.0133
061 1492 0.0133
061 1092 0.0132
061 1088 0.0131
061 779 0.0131
061 618 0.0130
061 1246 0.0130
061 1383 0.0130
061 432 0.0129
061 75 0.0129
061 545 0.0129
061 1508 0.0128
061 529 0.0127
061 1514 0.0125
061 836 0.0125
061 1338 0.0125
061 636 0.0125
061 1558 0.0125
061 494 0.0124
061 1128 0.0124
061 1019 0.0124
061 795 0.0124
061 199 0.0124
061 899 0.0124
061 1475 0.0124
061 60 0.0122
061 811 0.0122
061 582 0.0121
061 912 0.0121
061 1385 0.0121
061 1494 0.0121
061 1178 0.0121
061 1099 0.0120
061 392 0.0120
061 1512 0.0120
061 1031 0.0120
061 1175 0.0119
061 1263 0.0118
061 59 0.0118
061 1396 0.0118
061 1553 0.0116
061 1115 0.0116
061 6 0.0115
061 371 0.0115
061 1275 0.0115
061 495 0.0114
061 289 0.0114
061 1329 0.0113
061 1380 0.0113
061 768 0.0113
061 963 0.0112
061 818 0.0112
061 1276 0.0112
061 415 0.0111
061 164 0.0111
061 1382 0.0111
061 1317 0.0111
061 1091 0.0111
061 376 0.0111
061 522 0.0111
061 957 0.0111
061 233 0.0111
061 1479 0.0110
061 1192 0.0110
061 131 0.0109
061 1255 0.0108
061 235 0.0107
061 1373 0.0107
061 783 0.0107
061 1176 0.0105
061 1358 0.0104
061 1253 0.0104
061 205 0.0103
061 448 0.0103
061 1230 0.0101
061 57 0.0101
061 184 0.0100
061 1181 0.0100
061 904 0.0098
061 12 0.0098
061 1195 0.0097
061 1223 0.0097
061 914 0.0096
061 230 0.0096
061 740 0.0096
061 1157 0.0096
061 1049 0.0095
061 1307 0.0095
061 34 0.0094
061 325 0.0094
061 653 0.0094
061 1305 0.0094
061 777 0.0093
061 359 0.0093
061 692 0.0093
061 1467 0.0093
061 1279 0.0093
061 157 0.0092
061 806 0.0092
061 1470 0.0092
061 16 0.0091
061 695 0.0091
061 902 0.0091
061 1171 0.0091
061 698 0.0091
061 961 0.0090
061 194 0.0090
061 1264 0.0090
061 19 0.0090
061 658 0.0090
061 827 0.0090
061 938 0.0089
061 1216 0.0089
061 706 0.0088
061 1359 0.0088
061 543 0.0086
061 1409 0.0085
061 323 0.0084
061 1332 0.0084
061 1472 0.0082
061 259 0.0082
061 443 0.0082
061 452 0.0082
061 877 0.0082
061 391 0.0082
061 352 0.0080
061 1420 0.0080
061 984 0.0080
061 1009 0.0080
061 993 0.0080
061 1141 0.0079
061 1304 0.0078
061 435 0.0078
061 314 0.0078
061 619 0.0077
061 551 0.0077
061 354 0.0076
061 353 0.0076
061 66 0.0076
061 965 0.0076
061 1055 0.0076
061 1477 0.0076
061 1189 0.0076
061 1419 0.0075
061 116 0.0074
061 275 0.0074
061 389 0.0073
061 1118 0.0073
061 1100 0.0073
061 21 0.0073
061 1184 0.0072
061 39 0.0072
061 1062 0.0072
061 1326 0.0072
061 542 0.0072
061 797 0.0071
061 351 0.0071
061 286 0.0070
061 174 0.0070
061 1403 0.0069
061 1026 0.0068
061 732 0.0068
061 472 0.0068
061 373 0.0067
061 97 0.0067
061 182 0.0066
061 1379 0.0066
061 140 0.0066
061 229 0.0065
061 440 0.0065
061 1343 0.0064
061 759 0.0064
061 120 0.0063
061 890 0.0063
061 1213 0.0062
061 209 0.0062
061 1423 0.0061
061 288 0.0061
061 535 0.0060
061 659 0.0060
061 188 0.0059
061 1282 0.0059
061 605 0.0059
061 362 0.0059
061 780 0.0058
061 716 0.0058
061 1151 0.0058
061 1108 0.0058
061 96 0.0058
061 13 0.0056
061 68 0.0056
061 646 0.0056
061 1160 0.0055
061 1387 0.0055
061 1227 0.0055
061 1149 0.0055
061 505 0.0054
061 725 0.0054
061 1325 0.0054
061 172 0.0054
061 1095 0.0053
061 864 0.0052
061 1543 0.0052
061 450 0.0052
061 837 0.0052
061 236 0.0052
061 100 0.0052
061 867 0.0052
061 78 0.0051
061 770 0.0051
061 183 0.0051
061 1489 0.0051
061 299 0.0050
061 1500 0.0050
061 387 0.0050
061 62 0.0050
061 185 0.0049
061 516 0.0049
061 910 0.0048
061 830 0.0048
061 553 0.0048
061 1190 0.0048
061 735 0.0048
061 601 0.0048
061 1397 0.0047
061 156 0.0047
061 501 0.0047
061 746 0.0046
061 269 0.0046
061 1491 0.0046
061 593 0.0045
061 1124 0.0045
061 1185 0.0045
061 1497 0.0044
061 1295 0.0044
061 651 0.0044
061 35 0.0044
061 115 0.0044
061 676 0.0044
061 997 0.0044
061 711 0.0043
061 615 0.0043
061 1462 0.0043
061 911 0.0042
061 608 0.0042
061 1010 0.0042
061 687 0.0040
061 268 0.0039
061 1392 0.0039
061 218 0.0039
061 29 0.0039
061 662 0.0039
061 1257 0.0039
061 180 0.0038
061 489 0.0038
061 1413 0.0038
061 1259 0.0038
061 1059 0.0037
061 1381 0.0037
061 126 0.0037
061 417 0.0036
061 1493 0.0036
061 524 0.0036
061 1311 0.0036
061 18 0.0036
061 655 0.0036
061 569 0.0036
061 584 0.0036
061 1430 0.0036
061 588 0.0036
061 206 0.0036
061 632 0.0035
061 622 0.0035
061 404 0.0035
061 748 0.0035
061 511 0.0035
061 1023 0.0035
061 355 0.0035
061 1293 0.0035
061 1152 0.0035
061 150 0.0034
061 300 0.0034
061 1161 0.0034
061 455 0.0034
061 262 0.0034
061 337 0.0034
061 198 0.0033
061 801 0.0033
061 1258 0.0033
061 242 0.0033
061 1245 0.0033
061 221 0.0033
061 805 0.0033
061 565 0.0033
061 766 0.0032
061 1033 0.0032
061 693 0.0032
061 1191 0.0032
061 602 0.0032
061 500 0.0031
061 372 0.0031
061 208 0.0031
061 1321 0.0031
061 552 0.0030
061 1215 0.0030
061 173 0.0030
061 1490 0.0030
061 17 0.0030
061 226 0.0029
061 531 0.0029
061 798 0.0029
061 1446 0.0029
061 1139 0.0028
061 422 0.0028
061 1415 0.0028
061 928 0.0027
061 895 0.0027
061 879 0.0027
061 726 0.0027
061 1318 0.0027
061 1408 0.0027
061 823 0.0027
061 69 0.0026
061 828 0.0026
061 1471 0.0026
061 26 0.0026
061 186 0.0026
061 570 0.0025
061 460 0.0025
061 850 0.0025
061 1107 0.0025
061 1209 0.0025
061 1046 0.0025
061 724 0.0025
061 854 0.0025
061 790 0.0024
061 754 0.0024
061 1148 0.0024
061 815 0.0024
061 252 0.0024
061 1135 0.0024
061 998 0.0024
061 329 0.0023
061 1538 0.0023
061 1316 0.0022
061 723 0.0022
061 533 0.0022
061 254 0.0022
061 215 0.0021
061 317 0.0021
061 817 0.0021
061 612 0.0021
061 853 0.0020
061 868 0.0020
061 77 0.0020
061 486 0.0020
061 231 0.0020
061 1156 0.0019
061 1556 0.0018
061 671 0.0018
061 976 0.0018
061 1251 0.0018
061 852 0.0017
061 657 0.0017
061 1158 0.0016
061 1155 0.0015
061 520 0.0015
061 1425 0.0013
062 1343 0.2685
062 743 0.2614
062 1137 0.2538
062 305 0.2244
062 954 0.2189
062 157 0.2170
062 955 0.2169
062 403 0.2149
062 951 0.2056
062 1151 0.1926
062 1342 0.1893
062 736 0.1878
062 1311 0.1785
062 241 0.1763
062 515 0.1717
062 1161 0.1690
062 1264 0.1602
062 867 0.1549
062 525 0.1539
062 482 0.1526
062 760 0.1472
062 1174 0.1470
062 1035 0.1458
062 881 0.1415
062 1272 0.1357
062 652 0.1321
062 755 0.1320
062 1221 0.1307
062 363 0.1294
062 697 0.1290
062 662 0.1287
062 1283 0.1274
062 794 0.1254
062 961 0.1252
062 682 0.1250
062 198 0.1244
062 435 0.1230
062 1130 0.1222
062 1541 0.1204
062 342 0.1191
062 1464 0.1169
062 1101 0.1141
062 4 0.1136
062 863 0.1135
062 1022 0.1115
062 657 0.1094
062 1475 0.1093
062 1108 0.1079
062 998 0.1055
062 1028 0.1019
062 1072 0.1014
062 611 0.1005
062 499 0.0997
062 1384 0.0980
062 517 0.0975
062 630 0.0955
062 727 0.0954
062 438 0.0948
062 1476 0.0946
062 1027 0.0926
062 1091 0.0923
062 52 0.0919
062 1180 0.0885
062 776 0.0881
062 1310 0.0874
062 526 0.0869
062 1573 0.0868
062 883 0.0858
062 1175 0.0855
062 1176 0.0854
062 152 0.0851
062 1053 0.0850
062 1170 0.0845
062 1335 0.0839
062 739 0.0831
062 670 0.0825
062 1163 0.0811
062 910 0.0800
062 791 0.0798
062 1018 0.0796
062 939 0.0790
062 465 0.0789
062 1414 0.0786
062 1338 0.0776
062 501 0.0772
062 1433 0.0769
062 533 0.0757
062 1073 0.0753
062 1536 0.0750
062 1185 0.0738
062 973 0.0729
062 1379 0.0726
062 19 0.0715
062 1462 0.0708
062 430 0.0706
062 1252 0.0702
062 1010 0.0698
062 679 0.0695
062 941 0.0695
062 116 0.0691
062 1344 0.0689
062 8 0.0682
062 924 0.0676
062 1405 0.0672
062 1079 0.0670
062 231 0.0664
062 1212 0.0664
062 1376 0.0664
062 1346 0.0660
062 1131 0.0659
062 742 0.0659
062 1278 0.0655
062 1171 0.0651
062 415 0.0651
062 685 0.0650
062 161 0.0644
062 367 0.0636
062 1052 0.0631
062 845 0.0628
062 892 0.0626
062 102 0.0624
062 369 0.0623
062 272 0.0618
062 851 0.0618
062 425 0.0617
062 575 0.0616
062 676 0.0615
062 786 0.0612
062 638 0.0611
062 1057 0.0610
062 344 0.0601
062 384 0.0600
062 1448 0.0600
062 844 0.0597
062 785 0.0597
062 956 0.0591
062 101 0.0591
062 712 0.0584
062 1087 0.0580
062 301 0.0576
062 953 0.0574
062 600 0.0570
062 185 0.0569
062 1529 0.0569
062 1337 0.0561
062 507 0.0559
062 1546 0.0559
062 1042 0.0556
062 275 0.0555
062 830 0.0554
062 1438 0.0541
062 695 0.0538
062 366 0.0538
062 392 0.0526
062 609 0.0524
062 896 0.0522
062 28 0.0519
062 331 0.0518
062 357 0.0516
062 176 0.0513
062 514 0.0511
062 942 0.0504
062 1237 0.0499
062 1451 0.0495
062 821 0.0494
062 707 0.0487
062 1467 0.0480
062 674 0.0477
062 255 0.0477
062 230 0.0475
062 25 0.0472
062 752 0.0466
062 799 0.0464
062 1473 0.0464
062 905 0.0462
062 781 0.0461
062 1234 0.0456
062 988 0.0449
062 1167 0.0447
062 188 0.0447
062 63 0.0446
062 1363 0.0444
062 494 0.0443
062 1361 0.0442
062 368 0.0442
062 901 0.0442
062 1259 0.0440
062 386 0.0438
062 1421 0.0437
062 846 0.0431
062 400 0.0429
062 18 0.0428
062 170 0.0428
062 1458 0.0426
062 547 0.0425
062 1430 0.0417
062 498 0.0414
062 625 0.0413
062 60 0.0412
062 986 0.0411
062 1194 0.0409
062 55 0.0406
062 732 0.0405
062 503 0.0403
062 698 0.0400
062 184 0.0398
062 193 0.0398
062 472 0.0396
062 608 0.0395
062 897 0.0394
062 607 0.0389
062 178 0.0389
062 1432 0.0387
062 770 0.0386
062 1242 0.0386
062 1485 0.0383
062 336 0.0383
062 1556 0.0382
062 1526 0.0382
062 1201 0.0375
062 280 0.0375
062 158 0.0375
062 980 0.0375
062 387 0.0374
062 1260 0.0369
062 917 0.0366
062 479 0.0366
062 1085 0.0361
062 1528 0.0360
062 1153 0.0358
062 156 0.0355
062 471 0.0354
062 987 0.0353
062 1211 0.0345
062 1218 0.0344
062 605 0.0343
062 593 0.0342
062 99 0.0342
062 1411 0.0342
062 1407 0.0341
062 285 0.0340
062 201 0.0338
062 1190 0.0338
062 1001 0.0338
062 990 0.0336
062 180 0.0334
062 192 0.0334
062 70 0.0333
062 1099 0.0332
062 1480 0.0329
062 404 0.0328
062 1208 0.0327
062 1357 0.0327
062 477 0.0324
062 615 0.0322
062 1082 0.0321
062 565 0.0320
062 725 0.0320
062 889 0.0316
062 1447 0.0315
062 1555 0.0313
062 1060 0.0313
062 1184 0.0311
062 734 0.0310
062 1128 0.0310
062 1253 0.0308
062 173 0.0304
062 350 0.0301
062 1517 0.0300
062 256 0.0299
062 1164 0.0298
062 964 0.0298
062 687 0.0297
062 778 0.0297
062 391 0.0296
062 773 0.0295
062 177 0.0295
062 57 0.0295
062 1534 0.0287
062 654 0.0286
062 427 0.0286
062 351 0.0284
062 1196 0.0284
062 271 0.0283
062 1159 0.0280
062 1562 0.0280
062 345 0.0278
062 347 0.0278
062 423 0.0277
062 733 0.0276
062 1113 0.0276
062 907 0.0276
062 919 0.0275
062 874 0.0275
062 1021 0.0273
062 1038 0.0273
062 397 0.0270
062 1393 0.0269
062 782 0.0269
062 1340 0.0268
062 792 0.0264
062 135 0.0264
062 1214 0.0262
062 355 0.0262
062 1297 0.0261
062 468 0.0260
062 1510 0.0258
062 1569 0.0257
062 337 0.0255
062 1469 0.0255
062 650 0.0252
062 89 0.0249
062 870 0.0247
062 817 0.0246
062 422 0.0245
062 1183 0.0243
062 556 0.0242
062 642 0.0242
062 784 0.0242
062 928 0.0241
062 838 0.0241
062 887 0.0240
062 1532 0.0235
062 53 0.0235
062 796 0.0234
062 208 0.0233
062 804 0.0232
062 606 0.0230
062 236 0.0228
062 224 0.0224
062 913 0.0223
062 566 0.0222
062 1298 0.0222
062 412 0.0222
062 282 0.0222
062 1465 0.0221
062 920 0.0220
062 476 0.0219
062 1065 0.0215
062 1229 0.0213
062 1155 0.0211
062 1386 0.0211
062 693 0.0211
062 1166 0.0209
062 1160 0.0209
062 1125 0.0208
062 709 0.0207
062 165 0.0207
062 436 0.0207
062 1254 0.0206
062 190 0.0205
062 879 0.0205
062 432 0.0204
062 861 0.0203
062 702 0.0203
062 688 0.0202
062 708 0.0201
062 878 0.0200
062 1449 0.0199
062 94 0.0199
062 1202 0.0198
062 1314 0.0198
062 1514 0.0197
062 491 0.0197
062 589 0.0197
062 225 0.0196
062 79 0.0196
062 1250 0.0195
062 1489 0.0192
062 44 0.0191
062 962 0.0189
062 395 0.0188
062 1225 0.0188
062 1048 0.0188
062 915 0.0187
062 1583 0.0187
062 125 0.0187
062 1390 0.0186
062 1017 0.0185
062 459 0.0185
062 696 0.0185
062 1463 0.0185
062 718 0.0184
062 966 0.0184
062 991 0.0182
062 930 0.0181
062 635 0.0180
062 959 0.0180
062 882 0.0179
062 1542 0.0179
062 1232 0.0178
062 239 0.0178
062 666 0.0177
062 1427 0.0176
062 541 0.0174
062 958 0.0173
062 923 0.0173
062 1098 0.0172
062 1062 0.0172
062 842 0.0169
062 518 0.0169
062 866 0.0169
062 613 0.0168
062 1102 0.0168
062 965 0.0168
062 1285 0.0167
062 1316 0.0167
062 148 0.0166
062 1396 0.0164
062 871 0.0164
062 767 0.0163
062 1011 0.0163
062 1312 0.0162
062 311 0.0162
062 1377 0.0161
062 994 0.0160
062 757 0.0160
062 39 0.0158
062 1119 0.0158
062 235 0.0157
062 584 0.0157
062 759 0.0155
062 1036 0.0155
062 612 0.0155
062 1193 0.0154
062 1097 0.0154
062 1388 0.0154
062 1466 0.0153
062 1078 0.0152
062 134 0.0152
062 921 0.0152
062 150 0.0151
062 1375 0.0151
062 659 0.0151
062 1581 0.0150
062 1026 0.0150
062 852 0.0149
062 1516 0.0149
062 483 0.0149
062 1425 0.0148
062 1204 0.0148
062 801 0.0146
062 596 0.0146
062 806 0.0145
062 1324 0.0145
062 969 0.0145
062 1362 0.0145
062 1574 0.0145
062 191 0.0144
062 829 0.0144
062 1345 0.0143
062 1352 0.0143
062 926 0.0142
062 761 0.0142
062 308 0.0142
062 1406 0.0142
062 1533 0.0141
062 909 0.0141
062 703 0.0141
062 1301 0.0140
062 413 0.0140
062 1455 0.0139
062 349 0.0139
062 1483 0.0138
062 1381 0.0138
062 1058 0.0138
062 40 0.0137
062 1560 0.0137
062 1213 0.0137
062 365 0.0136
062 253 0.0136
062 149 0.0136
062 894 0.0135
062 1269 0.0135
062 1321 0.0135
062 1304 0.0135
062 1007 0.0134
062 1454 0.0134
062 1309 0.0134
062 341 0.0134
062 546 0.0134
062 900 0.0134
062 1133 0.0134
062 802 0.0133
062 1307 0.0132
062 1305 0.0131
062 1490 0.0130
062 226 0.0129
062 614 0.0129
062 1290 0.0129
062 290 0.0129
062 322 0.0129
062 374 0.0129
062 1093 0.0128
062 1096 0.0127
062 714 0.0127
062 705 0.0127
062 1122 0.0125
062 1446 0.0125
062 162 0.0125
062 992 0.0124
062 591 0.0124
062 1134 0.0124
062 857 0.0123
062 1140 0.0123
062 1387 0.0121
062 114 0.0121
062 1506 0.0121
062 884 0.0120
062 504 0.0119
062 1348 0.0119
062 1373 0.0118
062 795 0.0117
062 764 0.0117
062 74 0.0117
062 69 0.0116
062 508 0.0116
062 266 0.0115
062 1339 0.0114
062 837 0.0114
062 100 0.0114
062 519 0.0114
062 1226 0.0114
062 880 0.0112
062 751 0.0111
062 1281 0.0111
062 1371 0.0110
062 1561 0.0110
062 1084 0.0110
062 1172 0.0110
062 205 0.0110
062 1520 0.0109
062 1144 0.0108
062 1024 0.0108
062 724 0.0108
062 289 0.0107
062 548 0.0107
062 1416 0.0107
062 1329 0.0107
062 330 0.0107
062 1374 0.0106
062 97 0.0105
062 553 0.0105
062 252 0.0105
062 1135 0.0104
062 490 0.0104
062 1380 0.0104
062 895 0.0103
062 108 0.0103
062 1118 0.0102
062 684 0.0102
062 1459 0.0101
062 269 0.0101
062 1441 0.0101
062 329 0.0100
062 982 0.0099
062 1142 0.0099
062 873 0.0099
062 567 0.0099
062 1383 0.0098
062 1539 0.0098
062 651 0.0097
062 1249 0.0097
062 402 0.0097
062 1138 0.0097
062 1403 0.0096
062 925 0.0094
062 1402 0.0094
062 467 0.0094
062 855 0.0093
062 1428 0.0091
062 390 0.0090
062 1110 0.0090
062 521 0.0090
062 1148 0.0090
062 405 0.0089
062 587 0.0089
062 721 0.0089
062 701 0.0089
062 868 0.0087
062 486 0.0087
062 485 0.0087
062 738 0.0086
062 1369 0.0083
062 1320 0.0082
062 1282 0.0082
062 1059 0.0082
062 1216 0.0082
062 783 0.0081
062 1544 0.0078
062 963 0.0078
062 1410 0.0077
062 1481 0.0077
062 1239 0.0076
062 88 0.0073
062 1061 0.0072
062 1158 0.0071
062 93 0.0067
062 216 0.0067
062 1323 0.0063
062 1415 0.0061
062 1046 0.0055
062 1111 0.0050
063 1137 0.4170
063 305 0.3794
063 157 0.3734
063 1311 0.3529
063 1151 0.3347
063 515 0.2972
063 1174 0.2946
063 241 0.2898
063 1161 0.2778
063 525 0.2677
063 1464 0.2464
063 1221 0.2419
063 1541 0.2401
063 1462 0.2265
063 435 0.2166
063 662 0.2115
063 1283 0.2094
063 961 0.2058
063 1376 0.2022
063 1272 0.2021
063 4 0.1903
063 657 0.1850
063 1210 0.1795
063 670 0.1754
063 910 0.1687
063 924 0.1624
063 867 0.1558
063 998 0.1506
063 1310 0.1492
063 1573 0.1426
063 1087 0.1397
063 1079 0.1379
063 939 0.1348
063 1010 0.1348
063 775 0.1328
063 32 0.1316
063 501 0.1270
063 1185 0.1259
063 1145 0.1239
063 438 0.1235
063 627 0.1194
063 788 0.1185
063 794 0.1143
063 1458 0.1119
063 52 0.1117
063 1549 0.1104
063 810 0.1101
063 272 0.1094
063 742 0.1082
063 344 0.1063
063 888 0.1048
063 739 0.1048
063 1052 0.1037
063 851 0.1015
063 1313 0.1003
063 142 0.0995
063 1194 0.0991
063 907 0.0989
063 860 0.0948
063 823 0.0946
063 761 0.0941
063 1260 0.0925
063 176 0.0907
063 800 0.0907
063 1136 0.0904
063 482 0.0896
063 517 0.0889
063 366 0.0884
063 956 0.0880
063 563 0.0863
063 1299 0.0847
063 674 0.0845
063 445 0.0842
063 1259 0.0833
063 831 0.0829
063 1317 0.0822
063 714 0.0817
063 270 0.0817
063 1451 0.0813
063 1162 0.0810
063 973 0.0808
063 677 0.0804
063 1012 0.0797
063 734 0.0796
063 801 0.0794
063 769 0.0793
063 392 0.0788
063 1319 0.0786
063 900 0.0785
063 1357 0.0785
063 494 0.0783
063 625 0.0782
063 1318 0.0775
063 1022 0.0775
063 919 0.0769
063 214 0.0764
063 362 0.0760
063 1040 0.0755
063 878 0.0744
063 1328 0.0742
063 96 0.0741
063 824 0.0740
063 372 0.0738
063 460 0.0727
063 1460 0.0725
063 1274 0.0724
063 1212 0.0723
063 215 0.0719
063 914 0.0713
063 786 0.0709
063 963 0.0705
063 1344 0.0703
063 336 0.0701
063 672 0.0700
063 768 0.0695
063 1053 0.0694
063 1373 0.0689
063 394 0.0687
063 491 0.0687
063 1540 0.0686
063 1496 0.0686
063 814 0.0685
063 1495 0.0685
063 1430 0.0680
063 1300 0.0678
063 1518 0.0676
063 1005 0.0671
063 1360 0.0671
063 859 0.0671
063 47 0.0670
063 25 0.0664
063 1566 0.0663
063 254 0.0654
063 28 0.0652
063 1220 0.0648
063 483 0.0645
063 1144 0.0638
063 1517 0.0636
063 1450 0.0633
063 1371 0.0633
063 1121 0.0624
063 208 0.0621
063 711 0.0619
063 242 0.0618
063 1291 0.0616
063 999 0.0610
063 1101 0.0606
063 990 0.0603
063 743 0.0603
063 1281 0.0600
063 821 0.0593
063 1219 0.0587
063 971 0.0586
063 1556 0.0584
063 920 0.0582
063 255 0.0578
063 1051 0.0571
063 953 0.0570
063 802 0.0564
063 1368 0.0560
063 1035 0.0556
063 967 0.0555
063 1564 0.0552
063 135 0.0552
063 402 0.0548
063 1082 0.0547
063 882 0.0545
063 351 0.0540
063 489 0.0538
063 818 0.0534
063 575 0.0530
063 1474 0.0519
063 783 0.0517
063 505 0.0516
063 378 0.0506
063 529 0.0500
063 381 0.0500
063 1503 0.0498
063 1143 0.0498
063 1546 0.0497
063 1527 0.0497
063 308 0.0496
063 911 0.0493
063 1127 0.0489
063 205 0.0487
063 1076 0.0483
063 1209 0.0477
063 414 0.0475
063 1245 0.0474
063 681 0.0469
063 1280 0.0468
063 679 0.0467
063 1198 0.0467
063 459 0.0463
063 269 0.0462
063 1432 0.0460
063 1156 0.0454
063 472 0.0454
063 347 0.0452
063 1060 0.0450
063 324 0.0447
063 887 0.0447
063 709 0.0444
063 586 0.0444
063 1023 0.0443
063 1537 0.0440
063 1084 0.0439
063 991 0.0439
063 1105 0.0439
063 1454 0.0438
063 1475 0.0432
063 12 0.0432
063 787 0.0432
063 754 0.0431
063 1284 0.0430
063 422 0.0429
063 952 0.0427
063 1129 0.0423
063 442 0.0423
063 1295 0.0421
063 1372 0.0419
063 687 0.0418
063 1074 0.0417
063 513 0.0412
063 1384 0.0411
063 1370 0.0410
063 1402 0.0409
063 673 0.0406
063 1077 0.0405
063 1134 0.0403
063 63 0.0403
063 399 0.0403
063 1484 0.0401
063 1545 0.0398
063 1054 0.0395
063 1254 0.0390
063 252 0.0390
063 1155 0.0389
063 660 0.0388
063 1141 0.0385
063 1447 0.0385
063 1206 0.0381
063 467 0.0381
063 717 0.0379
063 588 0.0377
063 902 0.0376
063 1548 0.0375
063 622 0.0372
063 523 0.0368
063 609 0.0368
063 453 0.0367
063 532 0.0367
063 1346 0.0363
063 228 0.0363
063 81 0.0361
063 204 0.0359
063 304 0.0358
063 1413 0.0358
063 233 0.0355
063 1182 0.0353
063 1463 0.0351
063 727 0.0350
063 534 0.0350
063 745 0.0348
063 217 0.0346
063 960 0.0344
063 779 0.0344
063 1512 0.0344
063 637 0.0341
063 1256 0.0338
063 901 0.0337
063 695 0.0335
063 1427 0.0335
063 1389 0.0335
063 748 0.0335
063 1152 0.0331
063 1393 0.0330
063 1429 0.0328
063 1378 0.0325
063 1553 0.0324
063 686 0.0323
063 1204 0.0322
063 934 0.0321
063 1258 0.0317
063 603 0.0316
063 216 0.0315
063 1138 0.0315
063 795 0.0311
063 778 0.0310
063 59 0.0309
063 1414 0.0309
063 691 0.0308
063 1411 0.0306
063 1525 0.0304
063 807 0.0303
063 410 0.0303
063 602 0.0302
063 1367 0.0298
063 110 0.0298
063 843 0.0297
063 1020 0.0296
063 1394 0.0295
063 1173 0.0295
063 412 0.0293
063 1199 0.0292
063 166 0.0292
063 917 0.0292
063 105 0.0292
063 1340 0.0291
063 514 0.0290
063 630 0.0290
063 1253 0.0288
063 685 0.0284
063 822 0.0284
063 1547 0.0284
063 604 0.0283
063 1385 0.0283
063 1507 0.0283
063 1279 0.0281
063 476 0.0277
063 1085 0.0277
063 1169 0.0276
063 149 0.0276
063 213 0.0271
063 1252 0.0270
063 1164 0.0270
063 1277 0.0270
063 1425 0.0268
063 1329 0.0268
063 871 0.0267
063 57 0.0264
063 408 0.0264
063 69 0.0263
063 373 0.0263
063 97 0.0261
063 1047 0.0259
063 1347 0.0258
063 671 0.0257
063 283 0.0256
063 1468 0.0255
063 326 0.0253
063 15 0.0253
063 1251 0.0252
063 828 0.0252
063 598 0.0252
063 785 0.0252
063 815 0.0252
063 877 0.0252
063 1471 0.0250
063 1067 0.0249
063 666 0.0249
063 420 0.0247
063 1355 0.0245
063 696 0.0245
063 1306 0.0244
063 1203 0.0243
063 913 0.0242
063 850 0.0241
063 158 0.0237
063 1520 0.0237
063 1240 0.0237
063 62 0.0237
063 490 0.0236
063 1539 0.0236
063 1533 0.0235
063 337 0.0232
063 583 0.0232
063 519 0.0230
063 1003 0.0229
063 937 0.0227
063 1524 0.0225
063 1570 0.0225
063 1044 0.0225
063 1034 0.0224
063 1335 0.0223
063 1118 0.0222
063 929 0.0222
063 975 0.0222
063 777 0.0222
063 755 0.0222
063 668 0.0221
063 1175 0.0220
063 746 0.0220
063 1007 0.0219
063 1211 0.0219
063 496 0.0218
063 1218 0.0218
063 1342 0.0217
063 928 0.0217
063 1058 0.0215
063 839 0.0215
063 101 0.0214
063 1305 0.0214
063 736 0.0213
063 1014 0.0213
063 1359 0.0209
063 547 0.0205
063 511 0.0204
063 1119 0.0203
063 706 0.0201
063 889 0.0200
063 564 0.0199
063 594 0.0199
063 1349 0.0199
063 846 0.0198
063 853 0.0193
063 1073 0.0193
063 1262 0.0192
063 648 0.0191
063 752 0.0190
063 993 0.0189
063 1336 0.0188
063 1019 0.0188
063 738 0.0187
063 883 0.0187
063 1536 0.0186
063 486 0.0186
063 726 0.0186
063 1257 0.0185
063 291 0.0182
063 1529 0.0180
063 1431 0.0180
063 561 0.0179
063 1065 0.0179
063 615 0.0179
063 894 0.0178
063 1159 0.0177
063 1571 0.0177
063 866 0.0177
063 951 0.0175
063 1483 0.0175
063 791 0.0174
063 651 0.0174
063 805 0.0172
063 524 0.0172
063 931 0.0172
063 876 0.0171
063 829 0.0171
063 782 0.0171
063 235 0.0171
063 1069 0.0170
063 1557 0.0170
063 331 0.0168
063 652 0.0166
063 855 0.0166
063 457 0.0166
063 1446 0.0165
063 959 0.0164
063 946 0.0163
063 940 0.0162
063 328 0.0161
063 582 0.0160
063 950 0.0158
063 182 0.0158
063 504 0.0158
063 640 0.0158
063 1324 0.0157
063 151 0.0157
063 536 0.0156
063 1325 0.0156
063 694 0.0154
063 384 0.0153
063 1223 0.0153
063 367 0.0153
063 886 0.0153
063 413 0.0152
063 1128 0.0151
063 152 0.0150
063 39 0.0150
063 617 0.0150
063 1048 0.0150
063 207 0.0150
063 1391 0.0150
063 527 0.0150
063 303 0.0149
063 1502 0.0148
063 1320 0.0148
063 341 0.0146
063 187 0.0145
063 1516 0.0145
063 915 0.0145
063 471 0.0144
063 1506 0.0144
063 922 0.0143
063 827 0.0143
063 574 0.0142
063 289 0.0142
063 1083 0.0141
063 54 0.0141
063 1229 0.0141
063 976 0.0141
063 210 0.0140
063 614 0.0140
063 974 0.0140
063 1433 0.0140
063 318 0.0140
063 379 0.0139
063 178 0.0139
063 1406 0.0137
063 954 0.0135
063 903 0.0134
063 271 0.0134
063 1343 0.0133
063 38 0.0133
063 869 0.0133
063 710 0.0132
063 1538 0.0131
063 741 0.0131
063 1214 0.0130
063 452 0.0130
063 1338 0.0128
063 1298 0.0127
063 1104 0.0127
063 1456 0.0126
063 117 0.0126
063 552 0.0126
063 112 0.0126
063 8 0.0126
063 371 0.0125
063 278 0.0124
063 100 0.0124
063 1467 0.0123
063 1090 0.0123
063 1341 0.0122
063 811 0.0122
063 1489 0.0121
063 1443 0.0121
063 932 0.0121
063 1108 0.0121
063 65 0.0120
063 273 0.0120
063 1168 0.0120
063 232 0.0120
063 71 0.0120
063 181 0.0119
063 654 0.0119
063 521 0.0119
063 980 0.0119
063 936 0.0118
063 938 0.0118
063 992 0.0118
063 265 0.0118
063 1314 0.0117
063 1308 0.0116
063 722 0.0116
063 896 0.0116
063 1273 0.0116
063 261 0.0115
063 485 0.0115
063 949 0.0115
063 1235 0.0115
063 1115 0.0115
063 784 0.0115
063 1511 0.0115
063 1276 0.0115
063 845 0.0114
063 1521 0.0113
063 565 0.0113
063 861 0.0113
063 18 0.0112
063 121 0.0112
063 1006 0.0112
063 655 0.0112
063 1418 0.0112
063 760 0.0111
063 1255 0.0111
063 1369 0.0110
063 664 0.0110
063 145 0.0110
063 465 0.0109
063 638 0.0109
063 667 0.0108
063 49 0.0108
063 1361 0.0108
063 1176 0.0108
063 982 0.0108
063 1036 0.0108
063 370 0.0107
063 1142 0.0107
063 1576 0.0107
063 856 0.0107
063 832 0.0106
063 773 0.0106
063 580 0.0105
063 299 0.0105
063 723 0.0105
063 282 0.0105
063 613 0.0105
063 576 0.0104
063 989 0.0104
063 868 0.0104
063 1224 0.0104
063 125 0.0103
063 1505 0.0103
063 942 0.0103
063 1426 0.0103
063 819 0.0102
063 857 0.0102
063 516 0.0101
063 737 0.0101
063 978 0.0100
063 1296 0.0100
063 1183 0.0099
063 972 0.0099
063 421 0.0098
063 383 0.0098
063 179 0.0098
063 893 0.0098
063 1163 0.0098
063 128 0.0098
063 40 0.0098
063 108 0.0097
063 359 0.0097
063 1075 0.0096
063 53 0.0096
063 1309 0.0096
063 659 0.0095
063 842 0.0094
063 1383 0.0093
063 1522 0.0093
063 1091 0.0092
063 623 0.0092
063 27 0.0091
063 380 0.0091
063 1358 0.0091
063 997 0.0091
063 1096 0.0091
063 11 0.0090
063 1405 0.0090
063 658 0.0090
063 19 0.0090
063 161 0.0089
063 280 0.0089
063 1583 0.0089
063 1301 0.0089
063 620 0.0088
063 1386 0.0088
063 1428 0.0086
063 1241 0.0086
063 848 0.0086
063 906 0.0085
063 462 0.0085
063 704 0.0085
063 699 0.0085
063 1068 0.0083
063 1354 0.0083
063 9 0.0083
063 799 0.0083
063 958 0.0082
063 268 0.0082
063 310 0.0082
063 1190 0.0081
063 1449 0.0081
063 1356 0.0081
063 369 0.0081
063 350 0.0081
063 518 0.0080
063 880 0.0080
063 1534 0.0080
063 424 0.0080
063 44 0.0079
063 720 0.0079
063 1057 0.0079
063 33 0.0079
063 454 0.0078
063 550 0.0078
063 173 0.0077
063 830 0.0076
063 863 0.0076
063 6 0.0076
063 330 0.0076
063 988 0.0075
063 1374 0.0075
063 744 0.0075
063 1544 0.0074
063 407 0.0074
063 632 0.0073
063 1238 0.0073
063 293 0.0073
063 355 0.0073
063 1459 0.0072
063 503 0.0072
063 1099 0.0072
063 1581 0.0071
063 1026 0.0071
063 493 0.0071
063 1330 0.0070
063 177 0.0070
063 1037 0.0070
063 338 0.0069
063 619 0.0069
063 1249 0.0069
063 238 0.0069
063 969 0.0069
063 985 0.0069
063 862 0.0068
063 634 0.0068
063 1399 0.0067
063 312 0.0067
063 1063 0.0066
063 653 0.0065
063 1050 0.0065
063 209 0.0064
063 390 0.0064
063 1195 0.0064
063 1248 0.0063
063 160 0.0063
063 294 0.0063
063 912 0.0063
063 171 0.0063
063 977 0.0062
063 188 0.0062
063 1146 0.0061
063 557 0.0061
063 24 0.0061
063 633 0.0061
063 628 0.0061
063 1569 0.0061
063 531 0.0061
063 597 0.0061
063 90 0.0061
063 1268 0.0060
063 590 0.0060
063 1302 0.0060
063 31 0.0060
063 669 0.0059
063 820 0.0059
063 89 0.0059
063 13 0.0059
063 83 0.0058
063 849 0.0058
063 629 0.0058
063 1395 0.0058
063 70 0.0058
063 1246 0.0058
063 1216 0.0058
063 415 0.0058
063 1382 0.0058
063 251 0.0058
063 124 0.0058
063 361 0.0057
063 131 0.0057
063 172 0.0056
063 74 0.0055
063 94 0.0055
063 7 0.0055
063 606 0.0054
063 589 0.0054
063 225 0.0054
063 1278 0.0054
063 1543 0.0054
063 772 0.0054
063 837 0.0054
063 578 0.0054
063 444 0.0054
063 1420 0.0053
063 1439 0.0053
063 1113 0.0053
063 645 0.0053
063 984 0.0052
063 387 0.0052
063 724 0.0051
063 1572 0.0051
063 966 0.0051
063 1416 0.0051
063 1126 0.0051
063 21 0.0050
063 1000 0.0050
063 346 0.0050
063 1477 0.0050
063 930 0.0050
063 497 0.0050
063 1030 0.0050
063 1419 0.0050
063 327 0.0050
063 1125 0.0049
063 423 0.0049
063 1422 0.0049
063 239 0.0049
063 264 0.0049
063 164 0.0049
063 1479 0.0048
063 1441 0.0048
063 82 0.0048
063 329 0.0048
063 1326 0.0048
063 334 0.0047
063 1270 0.0047
063 456 0.0047
063 446 0.0046
063 1461 0.0046
063 35 0.0046
063 115 0.0046
063 559 0.0046
063 1480 0.0046
063 600 0.0045
063 406 0.0045
063 732 0.0045
063 1072 0.0045
063 43 0.0045
063 477 0.0045
063 302 0.0044
063 1017 0.0044
063 767 0.0044
063 479 0.0043
063 700 0.0043
063 1236 0.0043
063 635 0.0043
063 259 0.0043
063 1193 0.0043
063 656 0.0043
063 222 0.0043
063 250 0.0042
063 701 0.0042
063 449 0.0042
063 1554 0.0042
063 3 0.0042
063 636 0.0041
063 541 0.0041
063 719 0.0041
063 1392 0.0041
063 218 0.0041
063 29 0.0041
063 1466 0.0041
063 163 0.0041
063 223 0.0041
063 1407 0.0040
063 872 0.0040
063 806 0.0040
063 14 0.0040
063 1178 0.0040
063 528 0.0040
063 137 0.0040
063 180 0.0040
063 1055 0.0040
063 835 0.0039
063 1086 0.0039
063 363 0.0039
063 1421 0.0039
063 50 0.0039
063 345 0.0038
063 522 0.0038
063 733 0.0038
063 793 0.0038
063 1377 0.0038
063 126 0.0038
063 509 0.0038
063 22 0.0038
063 1294 0.0038
063 296 0.0038
063 941 0.0038
063 473 0.0038
063 154 0.0037
063 510 0.0037
063 439 0.0037
063 592 0.0037
063 663 0.0037
063 986 0.0037
063 475 0.0037
063 905 0.0036
063 348 0.0036
063 122 0.0036
063 468 0.0036
063 921 0.0036
063 150 0.0036
063 1120 0.0036
063 267 0.0036
063 300 0.0036
063 73 0.0036
063 262 0.0035
063 106 0.0035
063 1515 0.0035
063 538 0.0035
063 803 0.0035
063 1333 0.0035
063 184 0.0035
063 995 0.0035
063 1365 0.0035
063 221 0.0034
063 916 0.0034
063 1574 0.0034
063 1526 0.0034
063 763 0.0034
063 229 0.0034
063 683 0.0034
063 440 0.0034
063 1230 0.0034
063 740 0.0033
063 342 0.0033
063 774 0.0033
063 20 0.0033
063 1455 0.0033
063 349 0.0033
063 34 0.0033
063 120 0.0033
063 339 0.0033
063 771 0.0032
063 1287 0.0032
063 947 0.0032
063 196 0.0032
063 377 0.0032
063 257 0.0032
063 418 0.0031
063 430 0.0031
063 595 0.0031
063 141 0.0031
063 1112 0.0031
063 729 0.0031
063 17 0.0031
063 537 0.0031
063 368 0.0031
063 1290 0.0031
063 322 0.0031
063 374 0.0031
063 244 0.0031
063 487 0.0030
063 441 0.0030
063 798 0.0030
063 705 0.0030
063 1171 0.0030
063 1457 0.0030
063 1264 0.0030
063 650 0.0030
063 1122 0.0030
063 144 0.0030
063 713 0.0030
063 201 0.0030
063 715 0.0030
063 162 0.0030
063 333 0.0030
063 87 0.0029
063 1289 0.0029
063 129 0.0029
063 1140 0.0029
063 1579 0.0029
063 48 0.0029
063 165 0.0029
063 436 0.0029
063 1227 0.0029
063 945 0.0029
063 86 0.0029
063 190 0.0028
063 935 0.0028
063 1499 0.0028
063 508 0.0028
063 1095 0.0027
063 1202 0.0027
063 1473 0.0027
063 335 0.0027
063 836 0.0027
063 1339 0.0027
063 450 0.0027
063 573 0.0027
063 1008 0.0027
063 26 0.0027
063 918 0.0027
063 136 0.0027
063 186 0.0027
063 1263 0.0026
063 751 0.0026
063 1107 0.0026
063 1172 0.0026
063 1032 0.0026
063 540 0.0026
063 1275 0.0026
063 813 0.0026
063 1066 0.0026
063 790 0.0026
063 1196 0.0025
063 466 0.0025
063 553 0.0025
063 243 0.0025
063 1135 0.0025
063 572 0.0025
063 1562 0.0024
063 498 0.0024
063 702 0.0024
063 593 0.0024
063 567 0.0023
063 1153 0.0023
063 891 0.0023
063 1510 0.0023
063 1528 0.0023
063 765 0.0022
063 925 0.0022
063 98 0.0022
063 994 0.0022
063 1390 0.0022
063 75 0.0022
063 612 0.0022
063 230 0.0021
063 249 0.0021
063 46 0.0021
063 1487 0.0021
063 77 0.0021
063 1501 0.0020
063 99 0.0020
063 91 0.0020
063 909 0.0020
063 1116 0.0019
063 1381 0.0019
063 1045 0.0019
063 253 0.0019
063 5 0.0018
063 1410 0.0018
063 1205 0.0018
063 549 0.0017
063 1061 0.0017
063 1158 0.0017
063 962 0.0017
063 395 0.0017
063 1288 0.0016
063 1542 0.0016
063 266 0.0016
063 520 0.0016
063 1465 0.0015
063 1470 0.0015
063 1442 0.0015
063 749 0.0015
063 707 0.0015
063 895 0.0014
063 240 0.0014
063 1486 0.0013
063 1111 0.0012
063 1444 0.0010
064 507 0.2776
064 489 0.2730
064 76 0.2511
064 1276 0.2440
064 847 0.2351
064 673 0.2338
064 299 0.2196
064 1051 0.2173
064 745 0.2119
064 1495 0.2084
064 201 0.2059
064 1501 0.1985
064 739 0.1904
064 1394 0.1813
064 1183 0.1811
064 403 0.1806
064 1274 0.1762
064 85 0.1759
064 21 0.1753
064 692 0.1741
064 781 0.1705
064 196 0.1692
064 200 0.1647
064 375 0.1638
064 823 0.1556
064 932 0.1546
064 558 0.1526
064 119 0.1524
064 33 0.1512
064 858 0.1481
064 58 0.1463
064 1317 0.1387
064 1291 0.1385
064 1215 0.1296
064 1260 0.1294
064 1154 0.1291
064 1210 0.1249
064 215 0.1244
064 280 0.1239
064 341 0.1225
064 731 0.1201
064 315 0.1143
064 320 0.1115
064 307 0.1090
064 311 0.1070
064 1561 0.1001
064 262 0.0986
064 1297 0.0971
064 1138 0.0958
064 1403 0.0952
064 536 0.0949
064 891 0.0886
064 278 0.0866
064 312 0.0853
064 1089 0.0847
064 192 0.0828
064 155 0.0816
064 818 0.0812
064 124 0.0804
064 728 0.0753
064 1209 0.0727
064 478 0.0712
064 263 0.0706
064 1196 0.0705
064 841 0.0651
064 942 0.0625
064 61 0.0611
064 906 0.0594
064 1465 0.0588
064 117 0.0586
064 528 0.0555
064 720 0.0552
064 526 0.0539
064 951 0.0533
064 660 0.0532
064 1119 0.0531
064 671 0.0522
064 240 0.0522
064 1360 0.0511
064 1087 0.0509
064 1097 0.0509
064 293 0.0507
064 1293 0.0504
064 447 0.0504
064 574 0.0495
064 193 0.0494
064 549 0.0486
064 566 0.0476
064 1130 0.0475
064 426 0.0470
064 785 0.0465
064 1117 0.0459
064 1007 0.0444
064 1423 0.0441
064 944 0.0432
064 1547 0.0432
064 1083 0.0431
064 1344 0.0428
064 379 0.0424
064 1035 0.0423
064 1492 0.0415
064 1054 0.0412
064 938 0.0411
064 1484 0.0406
064 436 0.0399
064 879 0.0394
064 432 0.0393
064 974 0.0390
064 840 0.0386
064 1068 0.0386
064 1300 0.0382
064 335 0.0381
064 425 0.0379
064 1463 0.0356
064 813 0.0356
064 327 0.0346
064 815 0.0346
064 243 0.0345
064 567 0.0325
064 1338 0.0321
064 376 0.0315
064 245 0.0306
064 700 0.0299
064 1049 0.0298
064 853 0.0294
064 99 0.0282
064 509 0.0265
064 437 0.0250
064 114 0.0233
064 266 0.0221
064 971 0.0220
064 1425 0.0184
