01 207 0.5031
01 731 0.5003
01 978 0.4593
01 504 0.4364
01 562 0.4264
01 947 0.4140
01 470 0.4033
01 163 0.4009
01 835 0.3895
01 503 0.3856
01 519 0.3772
01 469 0.3767
01 487 0.3750
01 987 0.3742
01 1120 0.3712
01 1065 0.3702
01 1355 0.3665
01 709 0.3662
01 344 0.3634
01 393 0.3610
01 510 0.3516
01 576 0.3513
01 1358 0.3482
01 661 0.3480
01 54 0.3436
01 979 0.3428
01 986 0.3411
01 885 0.3403
01 668 0.3283
01 1501 0.3282
01 615 0.3273
01 430 0.3250
01 439 0.3208
01 1539 0.3202
01 1419 0.3186
01 348 0.3181
01 963 0.3152
01 862 0.3147
01 462 0.3141
01 1016 0.3137
01 1457 0.3128
01 1285 0.3114
01 695 0.3105
01 1478 0.3056
01 1513 0.3046
01 190 0.2983
01 1195 0.2967
01 82 0.2951
01 1522 0.2933
01 784 0.2933
01 66 0.2907
01 550 0.2902
01 326 0.2887
01 256 0.2887
01 446 0.2878
01 1194 0.2876
01 1115 0.2858
01 1123 0.2855
01 518 0.2847
01 805 0.2843
01 578 0.2835
01 1069 0.2819
01 945 0.2815
01 257 0.2802
01 589 0.2772
01 89 0.2770
01 251 0.2750
01 1386 0.2750
01 1476 0.2746
01 210 0.2743
01 444 0.2739
01 1050 0.2722
01 1441 0.2696
01 268 0.2689
01 1354 0.2688
01 605 0.2658
01 290 0.2655
01 379 0.2653
01 1382 0.2624
01 217 0.2623
01 630 0.2615
01 837 0.2609
01 1062 0.2569
01 307 0.2566
01 93 0.2557
01 601 0.2554
01 1383 0.2543
01 164 0.2542
01 774 0.2526
01 336 0.2519
01 625 0.2516
01 29 0.2513
01 742 0.2513
01 848 0.2513
01 1461 0.2512
01 267 0.2500
01 39 0.2480
01 1407 0.2480
01 377 0.2475
01 1058 0.2453
01 946 0.2433
01 1262 0.2423
01 432 0.2414
01 1263 0.2412
01 738 0.2412
01 1084 0.2398
01 794 0.2392
01 1087 0.2390
01 333 0.2376
01 14 0.2357
01 1569 0.2357
01 1361 0.2346
01 480 0.2341
01 657 0.2338
01 1536 0.2336
01 191 0.2328
01 479 0.2326
01 1118 0.2326
01 1278 0.2309
01 939 0.2296
01 284 0.2292
01 969 0.2292
01 702 0.2281
01 1420 0.2280
01 1479 0.2268
01 101 0.2265
01 713 0.2261
01 799 0.2261
01 1583 0.2261
01 995 0.2257
01 1009 0.2231
01 1523 0.2228
01 244 0.2227
01 977 0.2227
01 641 0.2222
01 19 0.2212
01 744 0.2212
01 948 0.2212
01 985 0.2211
01 1113 0.2207
01 335 0.2204
01 1082 0.2201
01 638 0.2200
01 847 0.2182
01 246 0.2165
01 1561 0.2164
01 395 0.2160
01 949 0.2157
01 331 0.2151
01 509 0.2151
01 970 0.2144
01 196 0.2136
01 1443 0.2132
01 125 0.2131
01 1555 0.2130
01 906 0.2126
01 296 0.2121
01 1147 0.2107
01 293 0.2105
01 555 0.2091
01 253 0.2083
01 127 0.2070
01 407 0.2070
01 1111 0.2067
01 490 0.2056
01 536 0.2052
01 1260 0.2047
01 472 0.2044
01 632 0.2041
01 730 0.2041
01 563 0.2025
01 1517 0.2025
01 1273 0.2018
01 486 0.1999
01 1030 0.1992
01 669 0.1983
01 1467 0.1983
01 451 0.1980
01 704 0.1980
01 1537 0.1980
01 802 0.1970
01 1406 0.1968
01 283 0.1966
01 886 0.1966
01 816 0.1964
01 1192 0.1961
01 1459 0.1961
01 898 0.1955
01 1286 0.1952
01 1070 0.1949
01 992 0.1946
01 205 0.1941
01 318 0.1938
01 64 0.1936
01 811 0.1936
01 329 0.1930
01 937 0.1929
01 1246 0.1920
01 1365 0.1915
01 1012 0.1913
01 1045 0.1911
01 1140 0.1904
01 461 0.1898
01 292 0.1887
01 591 0.1887
01 1346 0.1887
01 438 0.1886
01 824 0.1885
01 1168 0.1876
01 65 0.1875
01 1226 0.1873
01 187 0.1871
01 1357 0.1871
01 342 0.1865
01 741 0.1865
01 663 0.1864
01 1533 0.1846
01 317 0.1841
01 1297 0.1833
01 597 0.1833
01 618 0.1833
01 820 0.1828
01 1028 0.1827
01 751 0.1826
01 1387 0.1826
01 350 0.1826
01 117 0.1815
01 573 0.1811
01 878 0.1806
01 1112 0.1786
01 959 0.1783
01 626 0.1776
01 485 0.1775
01 172 0.1771
01 872 0.1768
01 1209 0.1768
01 106 0.1749
01 1465 0.1746
01 1331 0.1741
01 790 0.1738
01 373 0.1731
01 673 0.1717
01 465 0.1715
01 628 0.1713
01 923 0.1707
01 1560 0.1698
01 1368 0.1698
01 566 0.1698
01 737 0.1693
01 173 0.1692
01 670 0.1688
01 1294 0.1686
01 982 0.1678
01 1054 0.1678
01 1049 0.1656
01 724 0.1650
01 1480 0.1645
01 1471 0.1641
01 178 0.1639
01 1242 0.1637
01 1240 0.1636
01 932 0.1634
01 972 0.1634
01 1234 0.1633
01 1079 0.1622
01 1239 0.1619
01 137 0.1612
01 1339 0.1611
01 711 0.1608
01 1100 0.1608
01 1021 0.1601
01 529 0.1594
01 47 0.1586
01 1309 0.1578
01 1410 0.1576
01 767 0.1575
01 33 0.1571
01 38 0.1571
01 288 0.1571
01 789 0.1571
01 247 0.1568
01 266 0.1568
01 806 0.1566
01 759 0.1561
01 108 0.1559
01 508 0.1557
01 428 0.1555
01 715 0.1553
01 1458 0.1550
01 705 0.1550
01 1066 0.1550
01 355 0.1543
01 473 0.1543
01 660 0.1543
01 1200 0.1543
01 380 0.1541
01 259 0.1539
01 1158 0.1535
01 1483 0.1531
01 1541 0.1531
01 325 0.1530
01 870 0.1528
01 915 0.1526
01 1464 0.1523
01 1398 0.1521
01 366 0.1519
01 602 0.1519
01 1552 0.1516
01 1036 0.1515
01 222 0.1515
01 1546 0.1510
01 681 0.1509
01 468 0.1506
01 1477 0.1503
01 304 0.1500
01 1384 0.1500
01 559 0.1499
01 600 0.1498
01 98 0.1491
01 299 0.1489
01 458 0.1489
01 1198 0.1489
01 1291 0.1485
01 907 0.1484
01 788 0.1478
01 154 0.1474
01 936 0.1474
01 1187 0.1474
01 1581 0.1474
01 20 0.1474
01 62 0.1466
01 271 0.1466
01 1520 0.1462
01 1506 0.1458
01 817 0.1447
01 942 0.1446
01 9 0.1443
01 449 0.1443
01 996 0.1443
01 1376 0.1443
01 1330 0.1443
01 1093 0.1438
01 107 0.1437
01 1430 0.1433
01 1057 0.1424
01 900 0.1422
01 721 0.1419
01 588 0.1415
01 418 0.1415
01 623 0.1415
01 1530 0.1414
01 567 0.1413
01 760 0.1412
01 1247 0.1405
01 213 0.1402
01 1270 0.1401
01 91 0.1390
01 1475 0.1389
01 1422 0.1387
01 1514 0.1385
01 622 0.1376
01 1287 0.1376
01 581 0.1375
01 1351 0.1369
01 27 0.1364
01 26 0.1362
01 43 0.1361
01 49 0.1361
01 392 0.1361
01 399 0.1361
01 694 0.1361
01 842 0.1361
01 1453 0.1358
01 4 0.1356
01 193 0.1353
01 414 0.1351
01 656 0.1350
01 564 0.1344
01 459 0.1343
01 1119 0.1342
01 954 0.1329
01 590 0.1316
01 1144 0.1316
01 1492 0.1316
01 761 0.1315
01 736 0.1313
01 896 0.1312
01 868 0.1312
01 1418 0.1310
01 592 0.1309
01 1442 0.1307
01 631 0.1307
01 362 0.1306
01 90 0.1306
01 119 0.1306
01 1109 0.1306
01 846 0.1299
01 63 0.1298
01 464 0.1298
01 440 0.1296
01 1417 0.1296
01 189 0.1291
01 1508 0.1291
01 999 0.1289
01 691 0.1278
01 15 0.1277
01 627 0.1275
01 1545 0.1275
01 869 0.1271
01 1211 0.1260
01 11 0.1259
01 1196 0.1258
01 391 0.1256
01 527 0.1256
01 941 0.1256
01 387 0.1250
01 813 0.1248
01 88 0.1247
01 1094 0.1245
01 1222 0.1245
01 233 0.1244
01 484 0.1231
01 1474 0.1230
01 118 0.1229
01 122 0.1229
01 226 0.1229
01 1360 0.1229
01 858 0.1221
01 729 0.1220
01 1207 0.1217
01 1146 0.1211
01 577 0.1208
01 303 0.1204
01 561 0.1201
01 255 0.1195
01 782 0.1191
01 1303 0.1190
01 1061 0.1188
01 1077 0.1183
01 278 0.1179
01 346 0.1179
01 636 0.1179
01 867 0.1179
01 1563 0.1179
01 1562 0.1171
01 1288 0.1164
01 1132 0.1163
01 861 0.1162
01 330 0.1155
01 674 0.1152
01 1395 0.1152
01 1515 0.1148
01 925 0.1146
01 1024 0.1142
01 1340 0.1142
01 34 0.1141
01 1245 0.1141
01 46 0.1140
01 1469 0.1137
01 59 0.1132
01 341 0.1132
01 931 0.1132
01 940 0.1132
01 1512 0.1127
01 435 0.1123
01 953 0.1122
01 1071 0.1122
01 3 0.1120
01 717 0.1119
01 1083 0.1118
01 311 0.1111
01 369 0.1111
01 844 0.1111
01 406 0.1104
01 720 0.1101
01 772 0.1100
01 249 0.1099
01 962 0.1096
01 1001 0.1091
01 1495 0.1091
01 857 0.1089
01 157 0.1088
01 537 0.1088
01 138 0.1087
01 371 0.1087
01 1022 0.1087
01 1202 0.1086
01 771 0.1085
01 701 0.1083
01 1089 0.1083
01 1141 0.1083
01 1208 0.1083
01 1097 0.1082
01 18 0.1081
01 1308 0.1074
01 612 0.1074
01 411 0.1072
01 1221 0.1072
01 44 0.1068
01 950 0.1066
01 1125 0.1066
01 1151 0.1066
01 374 0.1064
01 1179 0.1064
01 531 0.1063
01 546 0.1063
01 1116 0.1063
01 983 0.1058
01 1162 0.1054
01 582 0.1054
01 35 0.1050
01 852 0.1050
01 161 0.1045
01 795 0.1043
01 1110 0.1043
01 514 0.1031
01 312 0.1028
01 109 0.1021
01 175 0.1021
01 287 0.1021
01 340 0.1021
01 587 0.1021
01 734 0.1021
01 783 0.1021
01 1033 0.1021
01 1138 0.1021
01 1499 0.1021
01 964 0.1013
01 87 0.1011
01 974 0.1011
01 873 0.1010
01 1466 0.1008
01 212 0.1007
01 640 0.1007
01 818 0.1007
01 67 0.1005
01 310 0.1005
01 8 0.1001
01 367 0.0998
01 752 0.0998
01 821 0.0998
01 291 0.0996
01 880 0.0996
01 25 0.0993
01 279 0.0993
01 914 0.0993
01 174 0.0990
01 574 0.0990
01 619 0.0990
01 1037 0.0990
01 1175 0.0990
01 1256 0.0990
01 1396 0.0990
01 1516 0.0988
01 526 0.0983
01 635 0.0981
01 549 0.0976
01 565 0.0976
01 1494 0.0974
01 1096 0.0969
01 124 0.0968
01 1267 0.0968
01 349 0.0964
01 162 0.0962
01 492 0.0960
01 477 0.0956
01 1180 0.0956
01 1244 0.0956
01 216 0.0953
01 1104 0.0949
01 528 0.0945
01 538 0.0945
01 1032 0.0944
01 968 0.0943
01 1372 0.0943
01 397 0.0940
01 394 0.0939
01 1307 0.0937
01 1219 0.0934
01 1329 0.0934
01 798 0.0932
01 1439 0.0926
01 152 0.0923
01 654 0.0923
01 1574 0.0923
01 1000 0.0920
01 1091 0.0917
01 328 0.0913
01 467 0.0913
01 214 0.0913
01 1266 0.0913
01 1252 0.0910
01 517 0.0907
01 1337 0.0907
01 1203 0.0905
01 142 0.0903
01 1393 0.0902
01 722 0.0899
01 961 0.0897
01 305 0.0896
01 1163 0.0896
01 195 0.0893
01 272 0.0893
01 1463 0.0892
01 502 0.0891
01 797 0.0891
01 1481 0.0891
01 1015 0.0889
01 1153 0.0888
01 1008 0.0885
01 1092 0.0880
01 552 0.0875
01 1117 0.0875
01 719 0.0875
01 1298 0.0875
01 179 0.0873
01 1314 0.0872
01 2 0.0870
01 81 0.0870
01 151 0.0870
01 1432 0.0866
01 516 0.0863
01 491 0.0857
01 1282 0.0853
01 69 0.0851
01 83 0.0851
01 243 0.0842
01 804 0.0838
01 658 0.0835
01 273 0.0833
01 938 0.0833
01 696 0.0833
01 1534 0.0829
01 417 0.0826
01 136 0.0825
01 1421 0.0818
01 1005 0.0816
01 1343 0.0816
01 1150 0.0812
01 280 0.0811
01 1558 0.0811
01 739 0.0809
01 370 0.0808
01 1549 0.0808
01 1178 0.0805
01 232 0.0804
01 443 0.0803
01 560 0.0801
01 710 0.0801
01 856 0.0801
01 1253 0.0799
01 1341 0.0797
01 832 0.0797
01 823 0.0793
01 890 0.0793
01 40 0.0791
01 141 0.0791
01 181 0.0791
01 421 0.0791
01 1129 0.0789
01 558 0.0789
01 1182 0.0789
01 1304 0.0788
01 583 0.0787
01 1451 0.0787
01 121 0.0786
01 716 0.0786
01 1063 0.0786
01 1496 0.0784
01 390 0.0783
01 763 0.0778
01 1374 0.0776
01 887 0.0775
01 984 0.0774
01 277 0.0772
01 874 0.0772
01 1023 0.0772
01 265 0.0768
01 664 0.0765
01 128 0.0765
01 361 0.0765
01 912 0.0765
01 975 0.0765
01 810 0.0761
01 732 0.0761
01 221 0.0760
01 360 0.0758
01 1067 0.0758
01 1128 0.0757
01 700 0.0755
01 754 0.0755
01 928 0.0754
01 575 0.0752
01 1544 0.0750
01 973 0.0748
01 282 0.0745
01 420 0.0745
01 571 0.0745
01 860 0.0745
01 1007 0.0745
01 1101 0.0744
01 1510 0.0740
01 412 0.0739
01 672 0.0737
01 629 0.0736
01 1048 0.0735
01 728 0.0733
01 746 0.0733
01 990 0.0733
01 1401 0.0733
01 1454 0.0727
01 989 0.0722
01 1296 0.0722
01 1576 0.0722
01 918 0.0719
01 1255 0.0719
01 1046 0.0718
01 52 0.0716
01 129 0.0712
01 167 0.0711
01 819 0.0711
01 1220 0.0711
01 155 0.0708
01 891 0.0708
01 692 0.0705
01 448 0.0702
01 776 0.0700
01 655 0.0698
01 60 0.0698
01 1548 0.0698
01 309 0.0695
01 1370 0.0695
01 768 0.0693
01 1397 0.0693
01 667 0.0690
01 893 0.0690
01 1428 0.0690
01 1409 0.0683
01 1075 0.0683
01 149 0.0680
01 539 0.0680
01 586 0.0680
01 866 0.0680
01 991 0.0680
01 773 0.0678
01 1323 0.0677
01 28 0.0676
01 1408 0.0668
01 215 0.0667
01 651 0.0667
01 1238 0.0667
01 699 0.0664
01 85 0.0662
01 261 0.0662
01 1137 0.0662
01 553 0.0660
01 1249 0.0660
01 1156 0.0658
01 617 0.0657
01 714 0.0657
01 981 0.0657
01 1241 0.0654
01 208 0.0653
01 1214 0.0653
01 1405 0.0653
01 120 0.0649
01 316 0.0645
01 382 0.0645
01 997 0.0645
01 1108 0.0645
01 1212 0.0645
01 541 0.0642
01 980 0.0642
01 1524 0.0642
01 1335 0.0640
01 735 0.0638
01 822 0.0638
01 1248 0.0638
01 727 0.0630
01 1040 0.0628
01 1456 0.0626
01 815 0.0625
01 1324 0.0625
01 1557 0.0625
01 61 0.0625
01 607 0.0623
01 1122 0.0622
01 1338 0.0622
01 1356 0.0621
01 524 0.0615
01 1554 0.0615
01 1371 0.0615
01 967 0.0609
01 41 0.0609
01 598 0.0606
01 1068 0.0606
01 988 0.0603
01 1511 0.0603
01 6 0.0602
01 1359 0.0602
01 171 0.0600
01 1349 0.0595
01 424 0.0592
01 97 0.0589
01 130 0.0589
01 523 0.0589
01 1261 0.0589
01 436 0.0589
01 1172 0.0589
01 1289 0.0587
01 1388 0.0586
01 749 0.0584
01 620 0.0584
01 166 0.0583
01 359 0.0583
01 507 0.0583
01 551 0.0583
01 584 0.0583
01 1319 0.0583
01 1449 0.0583
01 851 0.0582
01 786 0.0579
01 482 0.0579
01 1375 0.0579
01 911 0.0577
01 650 0.0574
01 764 0.0574
01 1216 0.0573
01 42 0.0572
01 1185 0.0572
01 269 0.0571
01 422 0.0571
01 201 0.0566
01 633 0.0566
01 134 0.0565
01 1164 0.0564
01 1193 0.0562
01 416 0.0561
01 1550 0.0561
01 1486 0.0560
01 1348 0.0559
01 920 0.0556
01 958 0.0556
01 924 0.0555
01 1292 0.0554
01 965 0.0550
01 1318 0.0546
01 1333 0.0546
01 1429 0.0543
01 32 0.0541
01 176 0.0541
01 463 0.0541
01 493 0.0541
01 579 0.0541
01 634 0.0541
01 1353 0.0541
01 1367 0.0541
01 1431 0.0541
01 829 0.0538
01 863 0.0538
01 747 0.0537
01 1227 0.0537
01 57 0.0536
01 1411 0.0536
01 1317 0.0535
01 1425 0.0534
01 1528 0.0533
01 1402 0.0531
01 1074 0.0529
01 1415 0.0528
01 814 0.0527
01 1233 0.0527
01 572 0.0525
01 434 0.0523
01 1507 0.0523
01 614 0.0519
01 24 0.0518
01 1019 0.0518
01 1161 0.0518
01 971 0.0515
01 483 0.0514
01 609 0.0514
01 1052 0.0514
01 1580 0.0514
01 337 0.0510
01 466 0.0510
01 1206 0.0510
01 1416 0.0510
01 94 0.0509
01 1044 0.0507
01 160 0.0506
01 314 0.0506
01 1399 0.0506
01 1176 0.0505
01 7 0.0503
01 1215 0.0503
01 1327 0.0499
01 1571 0.0499
01 1342 0.0497
01 219 0.0495
01 262 0.0495
01 876 0.0495
01 934 0.0495
01 1438 0.0495
01 1527 0.0495
01 836 0.0493
01 242 0.0491
01 506 0.0491
01 1026 0.0491
01 1217 0.0491
01 750 0.0488
01 1352 0.0488
01 1535 0.0488
01 1148 0.0486
01 58 0.0485
01 211 0.0485
01 315 0.0485
01 642 0.0485
01 966 0.0485
01 1184 0.0485
01 1334 0.0484
01 662 0.0481
01 1103 0.0478
01 321 0.0477
01 1503 0.0477
01 951 0.0475
01 1460 0.0471
01 554 0.0468
01 933 0.0468
01 1139 0.0468
01 184 0.0465
01 1470 0.0463
01 921 0.0462
01 1235 0.0462
01 1448 0.0462
01 327 0.0459
01 740 0.0459
01 338 0.0458
01 1275 0.0458
01 402 0.0456
01 1114 0.0454
01 1165 0.0454
01 521 0.0453
01 248 0.0451
01 427 0.0451
01 489 0.0451
01 599 0.0451
01 1223 0.0448
01 1224 0.0448
01 188 0.0445
01 227 0.0445
01 606 0.0445
01 1436 0.0445
01 785 0.0443
01 1051 0.0443
01 1237 0.0443
01 1279 0.0443
01 540 0.0440
01 1154 0.0440
01 1502 0.0440
01 826 0.0438
01 238 0.0435
01 396 0.0435
01 454 0.0435
01 494 0.0435
01 1017 0.0435
01 1543 0.0433
01 225 0.0430
01 339 0.0430
01 1142 0.0427
01 31 0.0426
01 755 0.0423
01 1047 0.0421
01 1280 0.0420
01 652 0.0419
01 845 0.0419
01 613 0.0418
01 431 0.0417
01 1300 0.0417
01 1389 0.0417
01 688 0.0415
01 557 0.0411
01 147 0.0410
01 684 0.0410
01 706 0.0410
01 1127 0.0410
01 5 0.0409
01 99 0.0409
01 209 0.0408
01 415 0.0408
01 687 0.0408
01 1444 0.0408
01 322 0.0406
01 930 0.0406
01 1484 0.0406
01 1034 0.0406
01 548 0.0404
01 675 0.0404
01 1277 0.0404
01 475 0.0402
01 1056 0.0402
01 131 0.0400
01 456 0.0400
01 496 0.0397
01 653 0.0397
01 726 0.0395
01 74 0.0393
01 177 0.0393
01 200 0.0393
01 1572 0.0393
01 372 0.0391
01 425 0.0391
01 1344 0.0391
01 21 0.0387
01 944 0.0387
01 894 0.0387
01 1205 0.0383
01 70 0.0382
01 645 0.0382
01 1268 0.0382
01 604 0.0379
01 112 0.0377
01 533 0.0373
01 547 0.0373
01 895 0.0372
01 1283 0.0371
01 1424 0.0370
01 13 0.0367
01 624 0.0367
01 849 0.0367
01 1326 0.0365
01 68 0.0362
01 252 0.0362
01 753 0.0362
01 1350 0.0362
01 1373 0.0362
01 1542 0.0361
01 84 0.0361
01 194 0.0361
01 363 0.0361
01 447 0.0359
01 919 0.0358
01 239 0.0357
01 294 0.0355
01 888 0.0355
01 1498 0.0355
01 1377 0.0354
01 497 0.0350
01 289 0.0348
01 452 0.0346
01 460 0.0346
01 1181 0.0346
01 1204 0.0346
01 1390 0.0345
01 240 0.0344
01 50 0.0340
01 426 0.0340
01 218 0.0336
01 1243 0.0333
01 1379 0.0333
01 78 0.0331
01 685 0.0331
01 853 0.0326
01 676 0.0326
01 334 0.0325
01 1210 0.0325
01 648 0.0323
01 580 0.0321
01 77 0.0320
01 1053 0.0320
01 1088 0.0320
01 1199 0.0317
01 781 0.0316
01 511 0.0315
01 1310 0.0315
01 115 0.0311
01 1072 0.0311
01 1166 0.0309
01 223 0.0308
01 445 0.0308
01 748 0.0308
01 854 0.0308
01 1392 0.0308
01 825 0.0304
01 1183 0.0304
01 671 0.0303
01 791 0.0301
01 803 0.0301
01 1126 0.0301
01 1426 0.0299
01 264 0.0298
01 408 0.0298
01 1299 0.0297
01 368 0.0292
01 830 0.0291
01 532 0.0289
01 1564 0.0289
01 1413 0.0287
01 1131 0.0286
01 36 0.0282
01 365 0.0281
01 302 0.0278
01 522 0.0278
01 1236 0.0278
01 148 0.0275
01 250 0.0275
01 1575 0.0275
01 1284 0.0273
01 114 0.0271
01 423 0.0271
01 22 0.0268
01 180 0.0268
01 1568 0.0268
01 787 0.0267
01 512 0.0266
01 901 0.0264
01 1055 0.0261
01 647 0.0259
01 1099 0.0258
01 1086 0.0258
01 1121 0.0257
01 680 0.0253
01 909 0.0253
01 1130 0.0253
01 169 0.0251
01 1347 0.0250
01 1078 0.0249
01 73 0.0248
01 683 0.0248
01 1272 0.0247
01 1325 0.0246
01 1440 0.0245
01 150 0.0244
01 1526 0.0244
01 300 0.0242
01 1107 0.0242
01 86 0.0241
01 793 0.0239
01 916 0.0239
01 834 0.0237
01 1271 0.0235
01 139 0.0234
01 301 0.0234
01 126 0.0233
01 345 0.0233
01 905 0.0231
01 1173 0.0231
01 165 0.0230
01 441 0.0230
01 1027 0.0228
01 1434 0.0227
01 1446 0.0227
01 733 0.0225
01 1578 0.0223
01 1135 0.0221
01 910 0.0214
01 229 0.0212
01 1362 0.0212
01 437 0.0211
01 1290 0.0211
01 1473 0.0205
01 897 0.0202
01 351 0.0202
01 12 0.0201
01 1171 0.0198
01 917 0.0197
01 769 0.0196
01 525 0.0196
01 922 0.0196
01 595 0.0195
01 1229 0.0195
01 144 0.0191
01 585 0.0190
01 666 0.0190
01 1264 0.0189
01 1380 0.0188
01 17 0.0187
01 48 0.0186
01 542 0.0184
01 1302 0.0184
01 935 0.0183
01 1538 0.0178
01 1190 0.0178
01 1313 0.0177
01 1381 0.0176
01 1455 0.0176
01 1090 0.0174
01 1225 0.0174
01 871 0.0173
01 498 0.0172
01 75 0.0171
01 450 0.0171
01 1540 0.0168
01 1579 0.0167
01 1369 0.0166
01 1505 0.0166
01 1133 0.0166
01 1230 0.0166
01 1336 0.0166
01 765 0.0160
01 186 0.0159
01 515 0.0159
01 879 0.0158
01 593 0.0157
01 707 0.0157
01 994 0.0156
01 1485 0.0156
01 1076 0.0156
01 904 0.0154
01 1170 0.0154
01 1020 0.0153
01 882 0.0153
01 1064 0.0153
01 960 0.0152
01 520 0.0147
01 883 0.0146
01 1095 0.0145
01 1487 0.0144
01 1363 0.0142
01 308 0.0139
01 1328 0.0131
01 230 0.0122
01 1155 0.0091
02 346 0.2222
02 261 0.1873
02 132 0.1826
02 383 0.1555
02 945 0.1405
02 934 0.1400
02 1581 0.1390
02 196 0.1342
02 327 0.1299
02 1016 0.1267
02 163 0.1260
02 456 0.1132
02 33 0.1111
02 251 0.1111
02 278 0.1111
02 360 0.1072
02 88 0.1058
02 533 0.1054
02 535 0.1029
02 233 0.1005
02 1232 0.1005
02 85 0.0937
02 279 0.0937
02 932 0.0925
02 1469 0.0919
02 997 0.0913
02 528 0.0891
02 403 0.0870
02 732 0.0861
02 682 0.0851
02 333 0.0840
02 439 0.0825
02 719 0.0825
02 341 0.0801
02 594 0.0801
02 639 0.0801
02 416 0.0793
02 369 0.0786
02 1236 0.0786
02 417 0.0778
02 1284 0.0772
02 1034 0.0765
02 1568 0.0758
02 40 0.0745
02 181 0.0745
02 558 0.0744
02 117 0.0733
02 763 0.0733
02 1580 0.0727
02 37 0.0722
02 621 0.0716
02 680 0.0716
02 1128 0.0713
02 1583 0.0711
02 61 0.0707
02 73 0.0700
02 377 0.0700
02 1291 0.0700
02 154 0.0695
02 226 0.0695
02 66 0.0685
02 315 0.0685
02 162 0.0680
02 518 0.0671
02 1057 0.0671
02 968 0.0667
02 1271 0.0666
02 448 0.0662
02 933 0.0662
02 184 0.0658
02 489 0.0638
02 470 0.0634
02 244 0.0630
02 1578 0.0630
02 1154 0.0623
02 1513 0.0615
02 1561 0.0612
02 510 0.0603
02 69 0.0602
02 1324 0.0589
02 342 0.0586
02 1534 0.0586
02 514 0.0583
02 1025 0.0574
02 1150 0.0574
02 54 0.0572
02 432 0.0569
02 988 0.0569
02 496 0.0561
02 436 0.0556
02 349 0.0546
02 674 0.0543
02 1160 0.0534
02 435 0.0529
02 637 0.0529
02 547 0.0527
02 1345 0.0525
02 406 0.0521
02 1401 0.0518
02 1029 0.0514
02 1350 0.0512
02 1089 0.0510
02 155 0.0501
02 891 0.0501
02 389 0.0497
02 572 0.0495
02 312 0.0485
02 1138 0.0481
02 46 0.0461
02 485 0.0456
02 731 0.0456
02 77 0.0452
02 216 0.0449
02 515 0.0449
02 781 0.0447
02 567 0.0444
02 806 0.0443
02 904 0.0436
02 737 0.0435
02 1191 0.0434
02 803 0.0426
02 53 0.0424
02 1544 0.0424
02 459 0.0422
02 830 0.0411
02 999 0.0405
02 307 0.0403
02 367 0.0403
02 576 0.0397
02 114 0.0383
02 1465 0.0380
02 1240 0.0356
02 799 0.0355
02 1347 0.0354
02 895 0.0351
02 619 0.0350
02 565 0.0345
02 1119 0.0345
02 240 0.0324
02 759 0.0315
02 657 0.0276
02 884 0.0268
02 566 0.0253
02 1466 0.0204
03 454 0.4954
03 1374 0.4122
03 245 0.4122
03 1134 0.4060
03 30 0.3820
03 1577 0.3766
03 229 0.3481
03 944 0.3431
03 297 0.3361
03 428 0.3279
03 423 0.3256
03 1102 0.3227
03 1290 0.3196
03 593 0.3168
03 649 0.3162
03 665 0.3150
03 1166 0.3132
03 328 0.3079
03 381 0.3079
03 897 0.3068
03 816 0.2981
03 908 0.2951
03 401 0.2924
03 1564 0.2921
03 585 0.2889
03 991 0.2869
03 1264 0.2864
03 798 0.2828
03 902 0.2778
03 1221 0.2712
03 1128 0.2712
03 215 0.2701
03 281 0.2672
03 53 0.2658
03 95 0.2657
03 265 0.2592
03 362 0.2541
03 752 0.2524
03 785 0.2521
03 1193 0.2489
03 436 0.2485
03 485 0.2449
03 648 0.2449
03 679 0.2449
03 349 0.2440
03 572 0.2435
03 424 0.2435
03 1310 0.2390
03 636 0.2385
03 126 0.2354
03 484 0.2335
03 854 0.2335
03 1000 0.2328
03 447 0.2273
03 1008 0.2239
03 555 0.2238
03 1074 0.2230
03 497 0.2214
03 170 0.2182
03 102 0.2176
03 1222 0.2166
03 1321 0.2165
03 230 0.2164
03 94 0.2144
03 1177 0.2142
03 658 0.2113
03 938 0.2108
03 945 0.2094
03 1127 0.2076
03 1567 0.2066
03 93 0.2043
03 257 0.2025
03 241 0.1988
03 716 0.1988
03 434 0.1984
03 24 0.1967
03 904 0.1952
03 70 0.1935
03 1064 0.1930
03 41 0.1925
03 366 0.1922
03 680 0.1922
03 892 0.1907
03 88 0.1893
03 103 0.1886
03 1345 0.1878
03 659 0.1868
03 672 0.1865
03 1187 0.1865
03 13 0.1855
03 320 0.1855
03 824 0.1854
03 334 0.1849
03 1469 0.1849
03 786 0.1830
03 1536 0.1819
03 1313 0.1791
03 438 0.1789
03 933 0.1777
03 156 0.1771
03 452 0.1752
03 516 0.1746
03 228 0.1732
03 49 0.1721
03 1165 0.1721
03 1568 0.1695
03 446 0.1680
03 279 0.1675
03 1491 0.1675
03 40 0.1667
03 617 0.1661
03 119 0.1651
03 1494 0.1643
03 1010 0.1638
03 225 0.1633
03 1365 0.1615
03 477 0.1613
03 1035 0.1613
03 437 0.1604
03 879 0.1598
03 258 0.1598
03 1534 0.1573
03 445 0.1557
03 1509 0.1549
03 1189 0.1540
03 351 0.1532
03 791 0.1523
03 1063 0.1491
03 760 0.1488
03 332 0.1475
03 507 0.1475
03 1133 0.1466
03 817 0.1464
03 1490 0.1457
03 327 0.1452
03 319 0.1432
03 1160 0.1432
03 1347 0.1425
03 1188 0.1419
03 1348 0.1414
03 375 0.1405
03 148 0.1393
03 250 0.1393
03 1476 0.1389
03 535 0.1380
03 753 0.1375
03 1350 0.1375
03 32 0.1368
03 280 0.1368
03 787 0.1350
03 1225 0.1324
03 577 0.1309
03 609 0.1301
03 1052 0.1301
03 1580 0.1301
03 855 0.1296
03 335 0.1287
03 741 0.1287
03 1130 0.1281
03 243 0.1278
03 169 0.1271
03 192 0.1262
03 1327 0.1262
03 85 0.1257
03 261 0.1257
03 1336 0.1257
03 574 0.1252
03 1175 0.1252
03 1537 0.1252
03 526 0.1243
03 595 0.1231
03 211 0.1226
03 300 0.1226
03 329 0.1221
03 162 0.1217
03 1340 0.1204
03 578 0.1195
03 249 0.1192
03 1069 0.1188
03 448 0.1185
03 1132 0.1177
03 193 0.1141
03 427 0.1141
03 305 0.1134
03 705 0.1120
03 356 0.1095
03 1466 0.1093
03 15 0.1077
03 478 0.1077
03 1364 0.1065
03 11 0.1061
03 123 0.1054
03 183 0.1049
03 1421 0.1035
03 730 0.1033
03 1080 0.1033
03 676 0.1030
03 1150 0.1028
03 432 0.1018
03 298 0.1013
03 291 0.1008
03 251 0.0994
03 288 0.0994
03 1573 0.0994
03 331 0.0989
03 425 0.0989
03 525 0.0989
03 1423 0.0989
03 508 0.0985
03 10 0.0976
03 376 0.0976
03 864 0.0976
03 128 0.0967
03 870 0.0966
03 422 0.0963
03 1552 0.0959
03 1346 0.0955
03 1164 0.0951
03 210 0.0946
03 433 0.0939
03 948 0.0933
03 618 0.0927
03 474 0.0927
03 1148 0.0923
03 179 0.0920
03 66 0.0919
03 246 0.0913
03 326 0.0913
03 449 0.0913
03 1089 0.0913
03 891 0.0896
03 1301 0.0895
03 1312 0.0891
03 554 0.0889
03 893 0.0873
03 581 0.0870
03 312 0.0867
03 1351 0.0866
03 50 0.0861
03 426 0.0861
03 457 0.0861
03 873 0.0852
03 1016 0.0850
03 759 0.0846
03 685 0.0838
03 1070 0.0822
03 63 0.0821
03 739 0.0819
03 410 0.0816
03 1041 0.0816
03 869 0.0804
03 1199 0.0802
03 909 0.0801
03 806 0.0792
03 1565 0.0787
03 1120 0.0782
03 524 0.0778
03 1371 0.0778
03 960 0.0770
03 1207 0.0770
03 1504 0.0770
03 1334 0.0765
03 6 0.0761
03 1073 0.0761
03 299 0.0753
03 1349 0.0753
03 653 0.0752
03 859 0.0745
03 1388 0.0742
03 603 0.0738
03 719 0.0738
03 592 0.0736
03 532 0.0730
03 491 0.0723
03 833 0.0723
03 111 0.0716
03 588 0.0716
03 1285 0.0716
03 101 0.0716
03 637 0.0710
03 958 0.0703
03 841 0.0690
03 1242 0.0690
03 493 0.0684
03 1558 0.0684
03 839 0.0678
03 239 0.0677
03 510 0.0674
03 889 0.0667
03 1009 0.0664
03 596 0.0656
03 1288 0.0655
03 1121 0.0651
03 175 0.0645
03 1033 0.0645
03 1257 0.0645
03 563 0.0641
03 1159 0.0641
03 799 0.0636
03 848 0.0636
03 1078 0.0631
03 1342 0.0629
03 262 0.0626
03 388 0.0626
03 712 0.0626
03 1291 0.0626
03 1396 0.0626
03 118 0.0622
03 952 0.0622
03 1360 0.0622
03 1452 0.0617
03 1526 0.0617
03 642 0.0613
03 942 0.0610
03 96 0.0609
03 500 0.0604
03 793 0.0604
03 1057 0.0600
03 1258 0.0596
03 1530 0.0596
03 140 0.0592
03 286 0.0592
03 1139 0.0592
03 1247 0.0592
03 703 0.0581
03 740 0.0581
03 774 0.0581
03 517 0.0574
03 1446 0.0574
03 28 0.0570
03 39 0.0570
03 489 0.0570
03 599 0.0570
03 1223 0.0567
03 502 0.0563
03 780 0.0563
03 812 0.0563
03 1436 0.0563
03 172 0.0560
03 1111 0.0550
03 1331 0.0550
03 1513 0.0550
03 373 0.0547
03 644 0.0538
03 481 0.0535
03 1362 0.0535
03 576 0.0533
03 804 0.0530
03 1483 0.0528
03 431 0.0527
03 204 0.0524
03 256 0.0522
03 684 0.0519
03 623 0.0511
03 1056 0.0509
03 1511 0.0509
03 838 0.0504
03 47 0.0502
03 378 0.0502
03 469 0.0502
03 496 0.0502
03 1171 0.0502
03 1467 0.0502
03 726 0.0499
03 769 0.0497
03 789 0.0497
03 1289 0.0495
03 26 0.0492
03 1096 0.0490
03 355 0.0488
03 1566 0.0488
03 674 0.0486
03 1354 0.0486
03 783 0.0484
03 810 0.0482
03 112 0.0477
03 591 0.0477
03 397 0.0475
03 1031 0.0473
03 1418 0.0473
03 533 0.0471
03 646 0.0471
03 1083 0.0471
03 542 0.0466
03 796 0.0466
03 62 0.0464
03 383 0.0464
03 638 0.0464
03 1401 0.0464
03 1029 0.0460
03 979 0.0456
03 625 0.0455
03 1059 0.0455
03 1194 0.0455
03 566 0.0452
03 233 0.0449
03 1151 0.0449
03 1488 0.0449
03 155 0.0448
03 1419 0.0448
03 1531 0.0446
03 858 0.0441
03 795 0.0440
03 1370 0.0440
03 460 0.0438
03 929 0.0433
03 392 0.0430
03 539 0.0430
03 866 0.0430
03 1379 0.0422
03 330 0.0417
03 836 0.0416
03 1492 0.0416
03 695 0.0413
03 846 0.0411
03 1210 0.0411
03 1239 0.0410
03 189 0.0408
03 1524 0.0406
03 1053 0.0404
03 735 0.0403
03 186 0.0402
03 781 0.0400
03 190 0.0397
03 567 0.0397
03 994 0.0395
03 1265 0.0394
03 1394 0.0385
03 1332 0.0384
03 661 0.0383
03 1018 0.0381
03 404 0.0378
03 1224 0.0378
03 333 0.0376
03 523 0.0373
03 587 0.0369
03 1413 0.0363
03 1363 0.0359
03 1441 0.0359
03 1516 0.0357
03 1305 0.0356
03 365 0.0356
03 1028 0.0356
03 308 0.0352
03 1302 0.0349
03 99 0.0345
03 1333 0.0345
03 114 0.0343
03 863 0.0341
03 1055 0.0331
03 173 0.0329
03 357 0.0329
03 1240 0.0318
03 1583 0.0318
03 486 0.0316
03 559 0.0316
03 895 0.0314
03 242 0.0311
03 549 0.0309
03 1352 0.0309
03 196 0.0300
03 1320 0.0298
03 1271 0.0298
03 479 0.0294
03 470 0.0283
03 1154 0.0278
03 811 0.0272
03 556 0.0271
03 293 0.0266
03 429 0.0265
03 536 0.0259
03 729 0.0257
03 1025 0.0257
03 1277 0.0256
03 823 0.0251
03 372 0.0247
03 4 0.0245
03 887 0.0245
03 482 0.0244
03 492 0.0243
03 1246 0.0243
03 361 0.0242
03 1123 0.0241
03 1067 0.0240
03 292 0.0239
03 788 0.0234
03 52 0.0226
03 747 0.0226
03 1528 0.0225
03 1140 0.0219
03 784 0.0218
03 450 0.0216
03 504 0.0190
03 1539 0.0176
03 696 0.0176
03 266 0.0165
03 106 0.0158
03 1101 0.0157
03 749 0.0148
04 1490 0.2903
04 983 0.2880
04 1514 0.2879
04 416 0.2755
04 1347 0.2554
04 984 0.2457
04 1436 0.2357
04 845 0.2216
04 162 0.2000
04 1500 0.1952
04 961 0.1936
04 737 0.1861
04 515 0.1802
04 1057 0.1794
04 1270 0.1765
04 978 0.1736
04 443 0.1733
04 1324 0.1732
04 1179 0.1609
04 88 0.1602
04 533 0.1549
04 1509 0.1543
04 949 0.1494
04 1117 0.1489
04 1352 0.1475
04 595 0.1471
04 66 0.1465
04 1015 0.1455
04 128 0.1445
04 321 0.1442
04 518 0.1435
04 1310 0.1429
04 270 0.1416
04 72 0.1396
04 383 0.1386
04 638 0.1386
04 935 0.1380
04 1326 0.1380
04 836 0.1368
04 1492 0.1368
04 1462 0.1365
04 1065 0.1343
04 621 0.1340
04 230 0.1293
04 50 0.1286
04 217 0.1283
04 1028 0.1275
04 212 0.1268
04 522 0.1260
04 1424 0.1257
04 1534 0.1253
04 579 0.1226
04 623 0.1222
04 12 0.1216
04 627 0.1205
04 181 0.1195
04 1413 0.1194
04 626 0.1193
04 572 0.1191
04 578 0.1190
04 631 0.1185
04 357 0.1181
04 1489 0.1179
04 924 0.1175
04 1288 0.1173
04 1355 0.1166
04 312 0.1165
04 63 0.1145
04 848 0.1140
04 468 0.1139
04 1164 0.1136
04 435 0.1132
04 1342 0.1127
04 945 0.1126
04 264 0.1125
04 934 0.1123
04 1527 0.1123
04 624 0.1109
04 507 0.1102
04 68 0.1095
04 514 0.1091
04 918 0.1087
04 868 0.1082
04 813 0.1079
04 562 0.1074
04 998 0.1074
04 639 0.1070
04 917 0.1044
04 393 0.1040
04 1149 0.1040
04 751 0.1035
04 1421 0.1031
04 1013 0.1029
04 1458 0.1025
04 1353 0.1022
04 268 0.1016
04 1395 0.1016
04 764 0.1012
04 1532 0.1011
04 1123 0.1007
04 794 0.1004
04 1066 0.1004
04 942 0.1002
04 591 0.0999
04 1058 0.0999
04 330 0.0998
04 1109 0.0987
04 1513 0.0987
04 1019 0.0980
04 679 0.0976
04 997 0.0976
04 629 0.0974
04 594 0.0963
04 216 0.0961
04 1364 0.0955
04 233 0.0940
04 155 0.0937
04 1272 0.0934
04 89 0.0930
04 706 0.0930
04 670 0.0928
04 1080 0.0926
04 1343 0.0926
04 1150 0.0921
04 960 0.0920
04 1262 0.0916
04 803 0.0910
04 1163 0.0903
04 1577 0.0900
04 1357 0.0900
04 834 0.0897
04 414 0.0894
04 121 0.0891
04 177 0.0891
04 288 0.0891
04 346 0.0891
04 610 0.0887
04 898 0.0887
04 178 0.0885
04 448 0.0885
04 1139 0.0885
04 359 0.0882
04 439 0.0882
04 184 0.0879
04 655 0.0879
04 786 0.0875
04 656 0.0875
04 281 0.0871
04 774 0.0868
04 1131 0.0864
04 1185 0.0864
04 199 0.0860
04 360 0.0860
04 1067 0.0860
04 1240 0.0856
04 1069 0.0852
04 980 0.0849
04 213 0.0848
04 1016 0.0847
04 77 0.0846
04 282 0.0845
04 547 0.0845
04 1236 0.0840
04 965 0.0832
04 849 0.0831
04 1284 0.0825
04 1331 0.0822
04 84 0.0818
04 1576 0.0818
04 835 0.0818
04 904 0.0816
04 1196 0.0815
04 882 0.0807
04 167 0.0806
04 1167 0.0806
04 1232 0.0806
04 258 0.0796
04 767 0.0794
04 168 0.0792
04 247 0.0790
04 1224 0.0790
04 1136 0.0785
04 113 0.0784
04 763 0.0784
04 1098 0.0784
04 1122 0.0783
04 127 0.0782
04 1023 0.0778
04 1580 0.0778
04 76 0.0777
04 490 0.0777
04 340 0.0772
04 1205 0.0772
04 1095 0.0770
04 563 0.0766
04 235 0.0764
04 1068 0.0764
04 821 0.0754
04 1315 0.0754
04 25 0.0751
04 895 0.0750
04 73 0.0748
04 709 0.0745
04 1217 0.0743
04 867 0.0742
04 1192 0.0741
04 334 0.0737
04 1469 0.0737
04 344 0.0732
04 336 0.0732
04 263 0.0732
04 1293 0.0727
04 1524 0.0727
04 477 0.0723
04 822 0.0723
04 793 0.0722
04 1340 0.0719
04 437 0.0719
04 461 0.0717
04 1104 0.0717
04 114 0.0717
04 1034 0.0715
04 528 0.0714
04 727 0.0714
04 201 0.0713
04 673 0.0708
04 792 0.0708
04 994 0.0708
04 637 0.0707
04 501 0.0706
04 1348 0.0704
04 1356 0.0704
04 1470 0.0700
04 905 0.0699
04 352 0.0698
04 445 0.0698
04 34 0.0690
04 381 0.0690
04 1183 0.0690
04 1207 0.0690
04 517 0.0686
04 1446 0.0686
04 682 0.0683
04 1126 0.0683
04 427 0.0682
04 489 0.0682
04 599 0.0682
04 801 0.0682
04 447 0.0679
04 1223 0.0677
04 116 0.0675
04 108 0.0673
04 502 0.0673
04 797 0.0673
04 424 0.0672
04 805 0.0672
04 446 0.0669
04 1269 0.0669
04 290 0.0669
04 380 0.0666
04 799 0.0665
04 486 0.0661
04 1442 0.0659
04 238 0.0658
04 569 0.0655
04 1564 0.0655
04 757 0.0654
04 577 0.0652
04 465 0.0648
04 1321 0.0647
04 69 0.0643
04 480 0.0643
04 1363 0.0643
04 1501 0.0643
04 985 0.0643
04 1138 0.0643
04 865 0.0642
04 164 0.0640
04 20 0.0637
04 293 0.0637
04 364 0.0636
04 462 0.0633
04 267 0.0630
04 273 0.0630
04 369 0.0630
04 920 0.0630
04 958 0.0630
04 183 0.0627
04 250 0.0624
04 417 0.0624
04 1287 0.0624
04 1476 0.0623
04 1471 0.0620
04 5 0.0619
04 1001 0.0619
04 46 0.0616
04 1070 0.0614
04 32 0.0613
04 463 0.0613
04 54 0.0611
04 1100 0.0608
04 215 0.0605
04 663 0.0604
04 838 0.0602
04 40 0.0598
04 198 0.0598
04 1011 0.0598
04 495 0.0594
04 716 0.0594
04 1572 0.0594
04 1573 0.0594
04 434 0.0593
04 806 0.0592
04 1456 0.0592
04 922 0.0591
04 173 0.0590
04 1076 0.0588
04 117 0.0588
04 428 0.0588
04 887 0.0586
04 894 0.0584
04 937 0.0583
04 1170 0.0583
04 1152 0.0583
04 854 0.0582
04 1020 0.0580
04 37 0.0579
04 287 0.0579
04 384 0.0579
04 850 0.0579
04 1033 0.0579
04 1257 0.0579
04 366 0.0574
04 1399 0.0574
04 1252 0.0573
04 762 0.0573
04 661 0.0572
04 1032 0.0571
04 1160 0.0571
04 742 0.0570
04 1215 0.0570
04 761 0.0568
04 61 0.0567
04 559 0.0567
04 1007 0.0563
04 103 0.0563
04 798 0.0563
04 1083 0.0563
04 1414 0.0563
04 433 0.0561
04 574 0.0561
04 712 0.0561
04 1175 0.0561
04 1523 0.0561
04 788 0.0559
04 122 0.0557
04 506 0.0557
04 526 0.0557
04 672 0.0557
04 952 0.0557
04 1325 0.0557
04 97 0.0557
04 320 0.0554
04 597 0.0554
04 772 0.0554
04 883 0.0551
04 1298 0.0551
04 315 0.0549
04 1042 0.0549
04 519 0.0548
04 138 0.0548
04 252 0.0548
04 662 0.0546
04 843 0.0546
04 23 0.0546
04 295 0.0546
04 385 0.0546
04 55 0.0543
04 1093 0.0543
04 916 0.0542
04 1103 0.0542
04 999 0.0541
04 1410 0.0541
04 612 0.0541
04 196 0.0538
04 1282 0.0538
04 888 0.0537
04 721 0.0536
04 296 0.0535
04 968 0.0535
04 1143 0.0535
04 1320 0.0535
04 1372 0.0535
04 1460 0.0535
04 1074 0.0533
04 1162 0.0531
04 554 0.0531
04 933 0.0531
04 308 0.0526
04 790 0.0525
04 1110 0.0525
04 1140 0.0524
04 784 0.0522
04 165 0.0521
04 75 0.0516
04 657 0.0516
04 1333 0.0515
04 1050 0.0514
04 49 0.0514
04 426 0.0514
04 586 0.0514
04 1412 0.0514
04 94 0.0513
04 1176 0.0509
04 305 0.0508
04 828 0.0508
04 818 0.0507
04 1533 0.0507
04 163 0.0505
04 977 0.0505
04 1243 0.0504
04 1379 0.0504
04 1579 0.0504
04 605 0.0502
04 172 0.0502
04 297 0.0502
04 1433 0.0502
04 590 0.0497
04 558 0.0497
04 617 0.0496
04 668 0.0496
04 82 0.0496
04 107 0.0494
04 81 0.0493
04 1494 0.0491
04 464 0.0491
04 1400 0.0491
04 1543 0.0491
04 64 0.0488
04 316 0.0488
04 485 0.0488
04 1508 0.0488
04 600 0.0485
04 1084 0.0483
04 83 0.0483
04 374 0.0483
04 870 0.0481
04 1085 0.0480
04 1128 0.0477
04 499 0.0476
04 1559 0.0476
04 862 0.0476
04 824 0.0475
04 190 0.0475
04 1461 0.0475
04 566 0.0473
04 431 0.0472
04 487 0.0472
04 1105 0.0472
04 342 0.0470
04 1374 0.0469
04 1120 0.0468
04 403 0.0465
04 484 0.0465
04 1392 0.0465
04 536 0.0465
04 684 0.0465
04 1473 0.0465
04 886 0.0464
04 1191 0.0464
04 1499 0.0463
04 474 0.0462
04 44 0.0461
04 1064 0.0461
04 1484 0.0461
04 444 0.0460
04 732 0.0460
04 825 0.0460
04 1332 0.0459
04 675 0.0458
04 630 0.0456
04 988 0.0456
04 1493 0.0456
04 303 0.0455
04 878 0.0455
04 1073 0.0455
04 1359 0.0455
04 718 0.0454
04 1 0.0450
04 1198 0.0450
04 1349 0.0450
04 378 0.0450
04 1171 0.0450
04 1467 0.0450
04 74 0.0445
04 1063 0.0445
04 425 0.0443
04 525 0.0443
04 1423 0.0443
04 584 0.0441
04 719 0.0441
04 875 0.0441
04 1449 0.0441
04 179 0.0440
04 830 0.0440
04 4 0.0439
04 725 0.0439
04 1096 0.0439
04 482 0.0437
04 1432 0.0436
04 674 0.0435
04 1246 0.0435
04 70 0.0434
04 912 0.0434
04 422 0.0432
04 1323 0.0427
04 575 0.0426
04 1380 0.0426
04 1305 0.0426
04 576 0.0425
04 987 0.0424
04 1418 0.0424
04 1071 0.0424
04 860 0.0423
04 1283 0.0421
04 844 0.0420
04 1475 0.0420
04 412 0.0419
04 1556 0.0419
04 1517 0.0417
04 148 0.0416
04 622 0.0416
04 691 0.0414
04 80 0.0412
04 99 0.0412
04 143 0.0412
04 197 0.0412
04 534 0.0412
04 535 0.0412
04 841 0.0412
04 847 0.0412
04 1242 0.0412
04 1318 0.0412
04 1495 0.0412
04 771 0.0410
04 449 0.0409
04 280 0.0409
04 1431 0.0409
04 625 0.0408
04 1194 0.0408
04 137 0.0406
04 1465 0.0406
04 22 0.0405
04 57 0.0405
04 839 0.0405
04 1168 0.0405
04 1488 0.0403
04 546 0.0402
04 1008 0.0401
04 1415 0.0399
04 889 0.0398
04 852 0.0397
04 795 0.0394
04 1370 0.0394
04 452 0.0393
04 1181 0.0393
04 1397 0.0393
04 686 0.0392
04 708 0.0392
04 516 0.0391
04 715 0.0391
04 1390 0.0391
04 1428 0.0391
04 498 0.0390
04 1086 0.0390
04 927 0.0389
04 1052 0.0389
04 450 0.0387
04 175 0.0386
04 337 0.0386
04 664 0.0386
04 866 0.0386
04 741 0.0384
04 160 0.0383
04 314 0.0383
04 909 0.0383
04 964 0.0383
04 169 0.0380
04 892 0.0380
04 210 0.0377
04 1101 0.0375
04 136 0.0374
04 275 0.0374
04 377 0.0374
04 451 0.0374
04 683 0.0374
04 704 0.0374
04 1037 0.0374
04 1396 0.0374
04 1438 0.0374
04 118 0.0372
04 154 0.0372
04 242 0.0372
04 948 0.0372
04 1026 0.0372
04 695 0.0371
04 702 0.0369
04 471 0.0369
04 549 0.0369
04 565 0.0369
04 1060 0.0369
04 1119 0.0369
04 1286 0.0369
04 1447 0.0369
04 1526 0.0369
04 1010 0.0367
04 300 0.0366
04 329 0.0365
04 9 0.0364
04 1547 0.0364
04 580 0.0364
04 1053 0.0363
04 1335 0.0363
04 1199 0.0359
04 129 0.0359
04 884 0.0359
04 567 0.0356
04 1271 0.0356
04 139 0.0354
04 140 0.0354
04 286 0.0354
04 1307 0.0354
04 1202 0.0352
04 126 0.0352
04 345 0.0352
04 703 0.0347
04 240 0.0347
04 350 0.0345
04 991 0.0343
04 1337 0.0343
04 521 0.0342
04 1203 0.0342
04 39 0.0341
04 470 0.0339
04 244 0.0337
04 606 0.0337
04 812 0.0337
04 899 0.0337
04 1481 0.0337
04 785 0.0335
04 1092 0.0333
04 1154 0.0333
04 826 0.0331
04 981 0.0331
04 587 0.0331
04 896 0.0331
04 2 0.0329
04 90 0.0329
04 119 0.0329
04 1464 0.0329
04 222 0.0327
04 356 0.0327
04 373 0.0327
04 1157 0.0327
04 225 0.0325
04 367 0.0323
04 1519 0.0322
04 1301 0.0321
04 134 0.0320
04 481 0.0320
04 36 0.0319
04 1047 0.0318
04 1290 0.0318
04 271 0.0317
04 123 0.0315
04 276 0.0315
04 285 0.0315
04 306 0.0315
04 387 0.0315
04 649 0.0315
04 696 0.0315
04 815 0.0315
04 969 0.0315
04 1557 0.0315
04 1292 0.0314
04 1330 0.0312
04 147 0.0310
04 995 0.0310
04 1371 0.0310
04 203 0.0309
04 209 0.0309
04 415 0.0309
04 1201 0.0309
04 1468 0.0309
04 1453 0.0308
04 423 0.0307
04 930 0.0307
04 967 0.0307
04 254 0.0306
04 598 0.0306
04 1549 0.0306
04 863 0.0305
04 432 0.0304
04 8 0.0303
04 171 0.0303
04 257 0.0303
04 456 0.0303
04 885 0.0303
04 1021 0.0303
04 291 0.0301
04 1087 0.0301
04 47 0.0300
04 653 0.0300
04 823 0.0300
04 890 0.0300
04 1303 0.0300
04 1182 0.0298
04 1451 0.0298
04 200 0.0297
04 241 0.0297
04 278 0.0297
04 789 0.0297
04 957 0.0297
04 266 0.0296
04 372 0.0296
04 26 0.0294
04 992 0.0294
04 21 0.0293
04 861 0.0293
04 1099 0.0293
04 277 0.0292
04 349 0.0292
04 492 0.0290
04 1354 0.0290
04 102 0.0289
04 361 0.0289
04 650 0.0289
04 975 0.0289
04 1180 0.0289
04 1281 0.0289
04 395 0.0288
04 956 0.0287
04 1006 0.0287
04 1552 0.0287
04 754 0.0285
04 397 0.0284
04 1477 0.0284
04 420 0.0282
04 571 0.0282
04 646 0.0282
04 1039 0.0282
04 1345 0.0281
04 542 0.0278
04 796 0.0278
04 618 0.0277
04 746 0.0277
04 1401 0.0277
04 1387 0.0276
04 966 0.0275
04 371 0.0274
04 753 0.0274
04 1373 0.0274
04 194 0.0273
04 236 0.0273
04 246 0.0273
04 363 0.0273
04 979 0.0273
04 989 0.0273
04 996 0.0273
04 722 0.0272
04 1255 0.0272
04 1536 0.0272
04 52 0.0271
04 1227 0.0271
04 1339 0.0271
04 1190 0.0269
04 294 0.0269
04 1220 0.0269
04 1443 0.0269
04 1385 0.0268
04 760 0.0267
04 1435 0.0267
04 1531 0.0267
04 389 0.0266
04 497 0.0265
04 858 0.0264
04 91 0.0263
04 309 0.0263
04 871 0.0262
04 104 0.0261
04 255 0.0258
04 855 0.0258
04 773 0.0256
04 902 0.0255
04 243 0.0255
04 873 0.0255
04 1036 0.0255
04 1540 0.0255
04 3 0.0254
04 908 0.0252
04 1118 0.0251
04 1505 0.0251
04 78 0.0250
04 261 0.0250
04 1049 0.0250
04 1133 0.0250
04 1137 0.0250
04 1295 0.0250
04 1336 0.0250
04 1144 0.0249
04 635 0.0247
04 972 0.0247
04 676 0.0246
04 846 0.0246
04 133 0.0244
04 648 0.0244
04 1108 0.0244
04 1212 0.0244
04 1404 0.0244
04 555 0.0243
04 1253 0.0242
04 735 0.0241
04 770 0.0241
04 1035 0.0241
04 186 0.0240
04 1383 0.0240
04 220 0.0238
04 442 0.0238
04 511 0.0238
04 1260 0.0238
04 249 0.0237
04 665 0.0235
04 1072 0.0235
04 1329 0.0235
04 1166 0.0234
04 616 0.0233
04 654 0.0233
04 325 0.0231
04 1275 0.0231
04 328 0.0230
04 467 0.0230
04 1189 0.0230
04 1504 0.0230
04 1555 0.0230
04 351 0.0229
04 362 0.0228
04 504 0.0228
04 791 0.0228
04 1018 0.0228
04 1147 0.0228
04 53 0.0227
04 205 0.0226
04 92 0.0225
04 299 0.0225
04 408 0.0225
04 458 0.0225
04 568 0.0225
04 1112 0.0225
04 1299 0.0224
04 659 0.0223
04 14 0.0223
04 231 0.0223
04 354 0.0223
04 1520 0.0221
04 603 0.0220
04 734 0.0220
04 955 0.0220
04 851 0.0220
04 532 0.0218
04 756 0.0218
04 911 0.0218
04 925 0.0217
04 398 0.0216
04 1038 0.0216
04 59 0.0214
04 319 0.0214
04 588 0.0214
04 1285 0.0214
04 1560 0.0214
04 365 0.0212
04 1014 0.0212
04 476 0.0212
04 1188 0.0212
04 1259 0.0212
04 1539 0.0210
04 302 0.0210
04 311 0.0210
04 375 0.0210
04 641 0.0210
04 1478 0.0210
04 744 0.0209
04 557 0.0207
04 1409 0.0207
04 1155 0.0207
04 1529 0.0206
04 634 0.0204
04 926 0.0204
04 1558 0.0204
04 93 0.0203
04 1308 0.0203
04 180 0.0203
04 400 0.0203
04 411 0.0203
04 643 0.0203
04 1221 0.0203
04 1317 0.0202
04 1425 0.0202
04 531 0.0201
04 906 0.0201
04 1116 0.0201
04 421 0.0199
04 582 0.0199
04 1233 0.0199
04 71 0.0198
04 413 0.0198
04 1055 0.0198
04 1328 0.0198
04 1496 0.0198
04 1507 0.0198
04 440 0.0196
04 1417 0.0196
04 473 0.0194
04 660 0.0194
04 1206 0.0193
04 67 0.0190
04 310 0.0190
04 391 0.0190
04 713 0.0190
04 928 0.0190
04 941 0.0190
04 1583 0.0190
04 106 0.0189
04 1078 0.0189
04 1571 0.0189
04 135 0.0187
04 219 0.0187
04 619 0.0187
04 876 0.0187
04 1291 0.0187
04 1537 0.0187
04 283 0.0186
04 936 0.0186
04 1048 0.0185
04 150 0.0184
04 689 0.0184
04 750 0.0184
04 1452 0.0184
04 318 0.0183
04 1107 0.0183
04 1334 0.0183
04 86 0.0182
04 1046 0.0181
04 1213 0.0179
04 438 0.0178
04 636 0.0178
04 1258 0.0178
04 1530 0.0178
04 301 0.0177
04 1247 0.0177
04 1132 0.0176
04 401 0.0175
04 921 0.0175
04 1366 0.0175
04 1448 0.0175
04 1000 0.0174
04 441 0.0174
04 1515 0.0174
04 1582 0.0174
04 1027 0.0173
04 1195 0.0173
04 1351 0.0173
04 149 0.0171
04 503 0.0171
04 1106 0.0171
04 1434 0.0171
04 28 0.0170
04 1393 0.0170
04 1304 0.0170
04 1486 0.0169
04 640 0.0169
04 759 0.0169
04 780 0.0168
04 800 0.0168
04 1578 0.0168
04 699 0.0167
04 1135 0.0167
04 1237 0.0167
04 540 0.0166
04 736 0.0165
04 802 0.0165
04 157 0.0164
04 208 0.0164
04 454 0.0164
04 537 0.0164
04 120 0.0164
04 1561 0.0164
04 556 0.0162
04 510 0.0161
04 1365 0.0161
04 907 0.0160
04 191 0.0160
04 229 0.0160
04 347 0.0160
04 1177 0.0160
04 1274 0.0160
04 1362 0.0160
04 429 0.0158
04 652 0.0158
04 65 0.0157
04 284 0.0157
04 1300 0.0157
04 1506 0.0157
04 1338 0.0157
04 1420 0.0157
04 632 0.0154
04 1115 0.0154
04 729 0.0154
04 79 0.0154
04 87 0.0153
04 418 0.0153
04 897 0.0153
04 974 0.0153
04 1277 0.0153
04 19 0.0152
04 475 0.0152
04 1056 0.0152
04 1178 0.0152
04 560 0.0151
04 1081 0.0151
04 832 0.0151
04 880 0.0151
04 469 0.0150
04 496 0.0150
04 669 0.0150
04 726 0.0149
04 1129 0.0149
04 436 0.0148
04 1172 0.0148
04 331 0.0148
04 509 0.0148
04 698 0.0148
04 1289 0.0148
04 1344 0.0148
04 1361 0.0148
04 620 0.0147
04 1229 0.0147
04 376 0.0146
04 1375 0.0146
04 1276 0.0145
04 144 0.0145
04 430 0.0145
04 840 0.0145
04 1244 0.0145
04 1268 0.0145
04 51 0.0144
04 269 0.0144
04 585 0.0144
04 1024 0.0144
04 379 0.0143
04 666 0.0143
04 292 0.0143
04 700 0.0143
04 1264 0.0143
04 1368 0.0143
04 1512 0.0142
04 17 0.0141
04 187 0.0141
04 1031 0.0141
04 207 0.0141
04 1322 0.0141
04 48 0.0140
04 1445 0.0140
04 1521 0.0139
04 1091 0.0139
04 1386 0.0139
04 1029 0.0137
04 1022 0.0137
04 1030 0.0137
04 1429 0.0137
04 1089 0.0136
04 1208 0.0136
04 1059 0.0136
04 239 0.0135
04 1463 0.0135
04 1538 0.0135
04 1153 0.0134
04 1528 0.0134
04 1313 0.0134
04 1377 0.0134
04 1402 0.0134
04 1419 0.0134
04 1455 0.0133
04 976 0.0133
04 743 0.0132
04 1548 0.0132
04 1045 0.0131
04 614 0.0131
04 768 0.0131
04 1174 0.0131
04 1525 0.0130
04 581 0.0130
04 929 0.0129
04 392 0.0129
04 335 0.0128
04 1077 0.0128
04 982 0.0127
04 1403 0.0126
04 831 0.0125
04 914 0.0125
04 1230 0.0125
04 1156 0.0124
04 1210 0.0123
04 739 0.0122
04 189 0.0122
04 1267 0.0122
04 1503 0.0120
04 781 0.0119
04 583 0.0119
04 390 0.0118
04 394 0.0118
04 707 0.0118
04 962 0.0118
04 1226 0.0118
04 1427 0.0118
04 1485 0.0118
04 1222 0.0118
04 671 0.0114
04 1544 0.0113
04 404 0.0113
04 459 0.0113
04 333 0.0112
04 1510 0.0112
04 1388 0.0111
04 592 0.0110
04 1358 0.0110
04 817 0.0109
04 1487 0.0109
04 1378 0.0108
04 307 0.0108
04 1142 0.0108
04 1441 0.0107
04 1193 0.0106
04 1294 0.0106
04 1280 0.0106
04 658 0.0105
04 1483 0.0105
04 455 0.0105
04 1398 0.0105
04 1113 0.0104
04 970 0.0101
04 787 0.0101
04 358 0.0100
04 1406 0.0099
04 1297 0.0099
04 971 0.0097
04 265 0.0097
04 783 0.0096
04 1546 0.0095
04 245 0.0091
04 877 0.0090
04 749 0.0088
04 776 0.0088
04 1480 0.0078
04 472 0.0077
04 963 0.0077
04 1466 0.0054
05 760 0.3458
05 38 0.2887
05 1074 0.2880
05 1175 0.2830
05 1117 0.2680
05 1070 0.2652
05 414 0.2621
05 1176 0.2612
05 969 0.2552
05 1020 0.2505
05 773 0.2491
05 848 0.2462
05 620 0.2384
05 392 0.2361
05 1533 0.2329
05 805 0.2321
05 927 0.2310
05 265 0.2301
05 1424 0.2263
05 1240 0.2261
05 742 0.2257
05 892 0.2257
05 1523 0.2223
05 1446 0.2222
05 1205 0.2188
05 1279 0.2169
05 1069 0.2148
05 1192 0.2135
05 378 0.2104
05 898 0.2075
05 949 0.2054
05 115 0.2033
05 1492 0.2015
05 706 0.2010
05 1555 0.1988
05 1178 0.1971
05 1263 0.1970
05 480 0.1911
05 1222 0.1906
05 830 0.1900
05 1064 0.1869
05 1120 0.1852
05 1058 0.1849
05 679 0.1845
05 571 0.1826
05 860 0.1826
05 627 0.1822
05 1406 0.1821
05 412 0.1811
05 578 0.1800
05 567 0.1795
05 1423 0.1756
05 381 0.1739
05 1143 0.1732
05 362 0.1722
05 824 0.1710
05 1422 0.1698
05 203 0.1667
05 332 0.1667
05 519 0.1658
05 897 0.1650
05 7 0.1641
05 1089 0.1620
05 1285 0.1618
05 751 0.1615
05 1573 0.1604
05 1513 0.1599
05 329 0.1576
05 986 0.1547
05 1290 0.1547
05 1353 0.1545
05 633 0.1541
05 296 0.1540
05 312 0.1538
05 839 0.1532
05 284 0.1531
05 673 0.1529
05 554 0.1529
05 1357 0.1528
05 663 0.1522
05 445 0.1508
05 1027 0.1491
05 1351 0.1491
05 1417 0.1482
05 942 0.1476
05 504 0.1474
05 878 0.1474
05 599 0.1472
05 1223 0.1464
05 459 0.1463
05 846 0.1459
05 1015 0.1451
05 992 0.1430
05 1400 0.1413
05 1354 0.1411
05 1428 0.1409
05 102 0.1405
05 1378 0.1404
05 628 0.1399
05 43 0.1389
05 865 0.1387
05 987 0.1375
05 321 0.1363
05 125 0.1339
05 730 0.1333
05 1201 0.1333
05 967 0.1327
05 1010 0.1322
05 997 0.1318
05 970 0.1313
05 1035 0.1301
05 517 0.1296
05 1016 0.1281
05 806 0.1278
05 947 0.1268
05 1096 0.1266
05 984 0.1263
05 1246 0.1254
05 975 0.1249
05 328 0.1242
05 1113 0.1239
05 862 0.1233
05 397 0.1227
05 836 0.1209
05 242 0.1204
05 672 0.1204
05 936 0.1204
05 1325 0.1204
05 695 0.1201
05 624 0.1197
05 772 0.1197
05 1286 0.1195
05 938 0.1191
05 485 0.1186
05 84 0.1179
05 996 0.1179
05 1103 0.1170
05 196 0.1162
05 461 0.1162
05 950 0.1161
05 1528 0.1161
05 1419 0.1156
05 1530 0.1155
05 870 0.1144
05 126 0.1140
05 1398 0.1129
05 391 0.1128
05 872 0.1123
05 923 0.1115
05 1242 0.1114
05 1421 0.1114
05 503 0.1111
05 489 0.1104
05 1407 0.1104
05 212 0.1096
05 1221 0.1094
05 787 0.1090
05 446 0.1085
05 1133 0.1081
05 591 0.1079
05 1418 0.1069
05 161 0.1067
05 835 0.1060
05 686 0.1058
05 1023 0.1050
05 1052 0.1050
05 383 0.1048
05 1401 0.1048
05 1084 0.1044
05 903 0.1043
05 1179 0.1043
05 477 0.1041
05 735 0.1041
05 608 0.1038
05 229 0.1037
05 1177 0.1037
05 366 0.1034
05 1193 0.1033
05 625 0.1027
05 918 0.1027
05 1255 0.1027
05 1571 0.1018
05 501 0.1017
05 1443 0.1015
05 183 0.1015
05 1452 0.0996
05 1150 0.0995
05 825 0.0994
05 974 0.0990
05 318 0.0989
05 1073 0.0983
05 1169 0.0972
05 741 0.0969
05 716 0.0962
05 1460 0.0962
05 610 0.0958
05 178 0.0956
05 448 0.0956
05 656 0.0945
05 136 0.0943
05 330 0.0943
05 590 0.0940
05 774 0.0938
05 1515 0.0938
05 465 0.0934
05 833 0.0934
05 1363 0.0927
05 164 0.0922
05 1294 0.0918
05 1031 0.0917
05 646 0.0913
05 798 0.0913
05 759 0.0911
05 977 0.0909
05 1383 0.0908
05 924 0.0907
05 172 0.0904
05 1066 0.0904
05 1302 0.0901
05 148 0.0899
05 622 0.0899
05 1092 0.0899
05 746 0.0898
05 190 0.0897
05 962 0.0895
05 841 0.0891
05 1442 0.0890
05 857 0.0889
05 1030 0.0887
05 1373 0.0887
05 423 0.0885
05 194 0.0884
05 1543 0.0883
05 904 0.0882
05 1194 0.0880
05 612 0.0877
05 1100 0.0875
05 562 0.0870
05 1151 0.0870
05 141 0.0861
05 1364 0.0860
05 1297 0.0855
05 631 0.0854
05 649 0.0851
05 1389 0.0851
05 581 0.0842
05 724 0.0842
05 1580 0.0840
05 287 0.0833
05 539 0.0833
05 632 0.0833
05 985 0.0833
05 1077 0.0828
05 1128 0.0824
05 818 0.0822
05 475 0.0821
05 29 0.0821
05 885 0.0817
05 908 0.0816
05 1101 0.0810
05 433 0.0808
05 626 0.0806
05 709 0.0805
05 288 0.0802
05 436 0.0802
05 1289 0.0798
05 1526 0.0797
05 1483 0.0796
05 1292 0.0792
05 189 0.0791
05 1355 0.0787
05 1476 0.0785
05 1244 0.0780
05 1123 0.0777
05 538 0.0772
05 1472 0.0772
05 292 0.0770
05 754 0.0770
05 1427 0.0765
05 665 0.0762
05 1270 0.0762
05 1348 0.0761
05 616 0.0754
05 854 0.0754
05 740 0.0750
05 1582 0.0750
05 443 0.0749
05 1231 0.0745
05 661 0.0741
05 324 0.0741
05 1114 0.0741
05 1165 0.0741
05 68 0.0739
05 1203 0.0739
05 1462 0.0737
05 979 0.0737
05 1086 0.0736
05 427 0.0736
05 1196 0.0734
05 92 0.0729
05 272 0.0729
05 299 0.0729
05 458 0.0729
05 1349 0.0729
05 813 0.0728
05 227 0.0727
05 797 0.0727
05 297 0.0723
05 1347 0.0715
05 668 0.0715
05 826 0.0715
05 875 0.0714
05 1095 0.0712
05 723 0.0712
05 81 0.0711
05 577 0.0704
05 784 0.0704
05 468 0.0703
05 398 0.0700
05 478 0.0695
05 426 0.0694
05 842 0.0694
05 966 0.0692
05 36 0.0690
05 576 0.0688
05 353 0.0687
05 1071 0.0687
05 1550 0.0687
05 462 0.0684
05 804 0.0684
05 1532 0.0683
05 868 0.0682
05 65 0.0680
05 431 0.0680
05 522 0.0680
05 1379 0.0680
05 1506 0.0680
05 744 0.0677
05 1049 0.0676
05 720 0.0674
05 1330 0.0673
05 1144 0.0672
05 1333 0.0668
05 1115 0.0667
05 1567 0.0667
05 729 0.0664
05 1558 0.0662
05 87 0.0660
05 1267 0.0659
05 12 0.0657
05 630 0.0657
05 580 0.0655
05 171 0.0654
05 1088 0.0653
05 1116 0.0651
05 216 0.0649
05 469 0.0648
05 1467 0.0648
05 1199 0.0647
05 181 0.0645
05 558 0.0644
05 1009 0.0643
05 177 0.0642
05 200 0.0642
05 789 0.0642
05 816 0.0642
05 1063 0.0642
05 331 0.0639
05 1344 0.0639
05 994 0.0637
05 1105 0.0637
05 113 0.0635
05 763 0.0635
05 1019 0.0635
05 1202 0.0634
05 1273 0.0634
05 1374 0.0634
05 944 0.0633
05 473 0.0630
05 10 0.0630
05 277 0.0630
05 281 0.0627
05 1033 0.0625
05 1257 0.0625
05 764 0.0624
05 422 0.0622
05 602 0.0620
05 1130 0.0620
05 1159 0.0620
05 1552 0.0619
05 201 0.0616
05 1264 0.0616
05 310 0.0615
05 1583 0.0615
05 559 0.0612
05 187 0.0611
05 404 0.0609
05 1426 0.0609
05 98 0.0609
05 533 0.0609
05 837 0.0609
05 377 0.0606
05 683 0.0606
05 1396 0.0606
05 1481 0.0606
05 948 0.0602
05 952 0.0602
05 1187 0.0602
05 542 0.0601
05 320 0.0599
05 849 0.0599
05 1386 0.0599
05 1388 0.0598
05 1387 0.0596
05 587 0.0595
05 535 0.0594
05 66 0.0593
05 300 0.0593
05 326 0.0589
05 363 0.0589
05 449 0.0589
05 1208 0.0589
05 447 0.0587
05 307 0.0582
05 167 0.0580
05 233 0.0580
05 294 0.0580
05 888 0.0580
05 1232 0.0580
05 1441 0.0579
05 1301 0.0578
05 636 0.0577
05 1271 0.0576
05 1455 0.0576
05 1531 0.0576
05 1312 0.0575
05 139 0.0574
05 301 0.0574
05 1307 0.0574
05 11 0.0571
05 1090 0.0570
05 308 0.0568
05 452 0.0565
05 1136 0.0565
05 1514 0.0565
05 127 0.0563
05 441 0.0563
05 393 0.0561
05 1149 0.0561
05 929 0.0559
05 75 0.0557
05 450 0.0557
05 49 0.0556
05 50 0.0556
05 1050 0.0556
05 902 0.0552
05 1134 0.0552
05 243 0.0550
05 1540 0.0550
05 470 0.0549
05 828 0.0549
05 137 0.0548
05 244 0.0546
05 502 0.0546
05 651 0.0544
05 1369 0.0543
05 1269 0.0542
05 85 0.0541
05 1295 0.0541
05 380 0.0539
05 1182 0.0537
05 802 0.0536
05 767 0.0536
05 972 0.0534
05 1459 0.0534
05 266 0.0533
05 1214 0.0533
05 334 0.0530
05 1469 0.0530
05 1097 0.0530
05 1157 0.0530
05 133 0.0527
05 648 0.0527
05 731 0.0527
05 779 0.0527
05 1041 0.0527
05 611 0.0526
05 555 0.0525
05 1524 0.0524
05 529 0.0521
05 1503 0.0519
05 191 0.0518
05 347 0.0518
05 20 0.0516
05 258 0.0516
05 528 0.0514
05 1559 0.0514
05 429 0.0513
05 1461 0.0513
05 273 0.0510
05 1300 0.0510
05 486 0.0510
05 88 0.0509
05 1265 0.0508
05 1420 0.0508
05 1356 0.0507
05 217 0.0504
05 1170 0.0504
05 352 0.0503
05 524 0.0503
05 536 0.0503
05 654 0.0503
05 777 0.0503
05 995 0.0503
05 1371 0.0503
05 1554 0.0503
05 886 0.0502
05 1499 0.0500
05 230 0.0499
05 565 0.0498
05 930 0.0498
05 1484 0.0498
05 41 0.0497
05 467 0.0497
05 1207 0.0497
05 1391 0.0497
05 54 0.0495
05 623 0.0495
05 6 0.0491
05 1126 0.0491
05 257 0.0490
05 1021 0.0490
05 838 0.0488
05 205 0.0488
05 1224 0.0488
05 408 0.0486
05 1171 0.0486
05 1299 0.0485
05 1065 0.0484
05 14 0.0481
05 372 0.0479
05 749 0.0477
05 595 0.0477
05 955 0.0476
05 4 0.0475
05 21 0.0475
05 861 0.0475
05 355 0.0472
05 532 0.0471
05 1376 0.0471
05 128 0.0468
05 650 0.0468
05 491 0.0467
05 1142 0.0464
05 1006 0.0464
05 111 0.0462
05 1560 0.0462
05 1323 0.0461
05 575 0.0460
05 435 0.0458
05 213 0.0458
05 1188 0.0458
05 1345 0.0455
05 375 0.0454
05 641 0.0454
05 844 0.0454
05 1556 0.0453
05 629 0.0451
05 1287 0.0449
05 638 0.0449
05 691 0.0447
05 80 0.0445
05 99 0.0445
05 847 0.0445
05 1001 0.0445
05 1482 0.0445
05 701 0.0442
05 176 0.0442
05 280 0.0442
05 463 0.0442
05 493 0.0442
05 946 0.0442
05 1034 0.0442
05 1079 0.0442
05 1093 0.0440
05 1308 0.0439
05 1465 0.0439
05 1168 0.0438
05 1411 0.0438
05 1425 0.0436
05 998 0.0435
05 1153 0.0435
05 794 0.0434
05 906 0.0434
05 437 0.0431
05 389 0.0430
05 1162 0.0430
05 358 0.0430
05 1451 0.0429
05 71 0.0427
05 247 0.0427
05 1055 0.0427
05 1507 0.0427
05 795 0.0426
05 357 0.0425
05 768 0.0424
05 1397 0.0424
05 117 0.0423
05 440 0.0423
05 1197 0.0423
05 516 0.0423
05 1525 0.0423
05 660 0.0420
05 466 0.0417
05 664 0.0417
05 850 0.0417
05 866 0.0417
05 939 0.0417
05 1102 0.0417
05 915 0.0415
05 563 0.0413
05 964 0.0413
05 873 0.0412
05 1036 0.0412
05 713 0.0410
05 210 0.0407
05 488 0.0407
05 752 0.0407
05 1315 0.0407
05 1327 0.0407
05 1118 0.0407
05 1403 0.0407
05 1230 0.0406
05 1336 0.0406
05 73 0.0404
05 712 0.0404
05 1256 0.0404
05 1527 0.0404
05 1026 0.0401
05 1217 0.0401
05 1048 0.0400
05 702 0.0399
05 471 0.0398
05 1352 0.0398
05 1501 0.0397
05 344 0.0396
05 1250 0.0394
05 843 0.0393
05 1293 0.0393
05 1547 0.0393
05 869 0.0389
05 129 0.0387
05 518 0.0387
05 884 0.0387
05 438 0.0385
05 968 0.0385
05 792 0.0382
05 1139 0.0382
05 776 0.0381
05 655 0.0380
05 1132 0.0380
05 1166 0.0379
05 1366 0.0377
05 327 0.0375
05 703 0.0375
05 44 0.0374
05 882 0.0374
05 1275 0.0374
05 228 0.0373
05 1043 0.0373
05 1394 0.0373
05 1155 0.0372
05 803 0.0369
05 39 0.0368
05 193 0.0368
05 733 0.0368
05 801 0.0368
05 53 0.0368
05 108 0.0364
05 163 0.0364
05 800 0.0364
05 1436 0.0364
05 1098 0.0363
05 699 0.0362
05 1450 0.0362
05 1520 0.0358
05 617 0.0357
05 1298 0.0357
05 157 0.0355
05 396 0.0355
05 537 0.0355
05 1358 0.0355
05 1500 0.0351
05 1553 0.0351
05 1410 0.0351
05 556 0.0349
05 1282 0.0348
05 1365 0.0348
05 721 0.0348
05 134 0.0346
05 1274 0.0346
05 293 0.0344
05 1047 0.0344
05 717 0.0343
05 271 0.0342
05 845 0.0342
05 1040 0.0342
05 276 0.0340
05 1122 0.0338
05 1534 0.0338
05 684 0.0335
05 1127 0.0335
05 1186 0.0335
05 1509 0.0333
05 963 0.0332
05 322 0.0332
05 820 0.0332
05 1068 0.0330
05 988 0.0328
05 1493 0.0328
05 880 0.0325
05 653 0.0324
05 669 0.0324
05 1129 0.0322
05 241 0.0321
05 1361 0.0319
05 1288 0.0317
05 336 0.0316
05 1458 0.0316
05 894 0.0316
05 482 0.0315
05 864 0.0315
05 937 0.0315
05 1375 0.0315
05 674 0.0314
05 1490 0.0314
05 70 0.0312
05 361 0.0312
05 840 0.0312
05 1268 0.0312
05 395 0.0311
05 810 0.0311
05 1024 0.0311
05 199 0.0309
05 1067 0.0309
05 1546 0.0308
05 112 0.0308
05 1160 0.0308
05 1518 0.0308
05 145 0.0307
05 761 0.0307
05 1380 0.0307
05 1477 0.0307
05 637 0.0306
05 973 0.0306
05 1342 0.0304
05 207 0.0304
05 1083 0.0304
05 1414 0.0304
05 619 0.0303
05 1254 0.0303
05 1283 0.0303
05 1445 0.0303
05 1517 0.0301
05 62 0.0299
05 597 0.0299
05 1091 0.0299
05 1218 0.0299
05 935 0.0298
05 1318 0.0297
05 1334 0.0296
05 753 0.0296
05 1022 0.0296
05 1429 0.0296
05 385 0.0295
05 1536 0.0293
05 1046 0.0293
05 409 0.0292
05 566 0.0292
05 1538 0.0291
05 224 0.0290
05 808 0.0290
05 1125 0.0290
05 1220 0.0290
05 155 0.0289
05 290 0.0289
05 1008 0.0289
05 1313 0.0289
05 1377 0.0289
05 976 0.0287
05 1474 0.0287
05 743 0.0285
05 1314 0.0285
05 91 0.0284
05 309 0.0284
05 460 0.0283
05 614 0.0283
05 871 0.0283
05 1174 0.0283
05 1181 0.0283
05 407 0.0282
05 893 0.0282
05 1000 0.0282
05 255 0.0279
05 855 0.0279
05 586 0.0278
05 3 0.0274
05 1486 0.0274
05 982 0.0274
05 1054 0.0274
05 1243 0.0272
05 605 0.0271
05 1505 0.0271
05 25 0.0270
05 1491 0.0270
05 1551 0.0270
05 635 0.0267
05 932 0.0267
05 1111 0.0267
05 46 0.0266
05 853 0.0266
05 676 0.0266
05 771 0.0266
05 1494 0.0265
05 739 0.0264
05 316 0.0264
05 382 0.0264
05 410 0.0264
05 1508 0.0264
05 980 0.0262
05 77 0.0261
05 1253 0.0261
05 1248 0.0260
05 1545 0.0260
05 1085 0.0259
05 593 0.0256
05 1565 0.0254
05 89 0.0251
05 152 0.0251
05 484 0.0251
05 1191 0.0251
05 472 0.0250
05 960 0.0248
05 1189 0.0248
05 1228 0.0248
05 1252 0.0248
05 1332 0.0248
05 351 0.0247
05 303 0.0246
05 1147 0.0246
05 1544 0.0245
05 195 0.0243
05 1112 0.0243
05 859 0.0241
05 551 0.0238
05 603 0.0238
05 719 0.0238
05 734 0.0238
05 1382 0.0238
05 1449 0.0238
05 179 0.0237
05 851 0.0237
05 817 0.0236
05 1278 0.0236
05 925 0.0234
05 367 0.0233
05 1014 0.0229
05 1028 0.0229
05 234 0.0229
05 953 0.0229
05 1259 0.0229
05 369 0.0227
05 1475 0.0227
05 455 0.0226
05 965 0.0225
05 557 0.0224
05 1409 0.0223
05 615 0.0223
05 1529 0.0223
05 1453 0.0222
05 114 0.0221
05 1431 0.0221
05 643 0.0219
05 1317 0.0218
05 1190 0.0218
05 1061 0.0216
05 40 0.0215
05 901 0.0215
05 413 0.0213
05 1328 0.0213
05 24 0.0212
05 647 0.0212
05 971 0.0210
05 961 0.0209
05 783 0.0208
05 56 0.0207
05 680 0.0207
05 909 0.0207
05 693 0.0206
05 941 0.0205
05 61 0.0204
05 106 0.0204
05 1078 0.0204
05 135 0.0202
05 451 0.0202
05 704 0.0202
05 1272 0.0202
05 283 0.0201
05 1440 0.0200
05 474 0.0200
05 549 0.0199
05 750 0.0199
05 1060 0.0199
05 1119 0.0199
05 1447 0.0199
05 1146 0.0198
05 1184 0.0198
05 916 0.0195
05 1057 0.0194
05 1562 0.0191
05 345 0.0190
05 479 0.0190
05 401 0.0189
05 905 0.0189
05 165 0.0188
05 350 0.0186
05 1245 0.0186
05 1106 0.0185
05 248 0.0184
05 1309 0.0184
05 1304 0.0184
05 268 0.0183
05 305 0.0183
05 640 0.0183
05 1051 0.0181
05 1135 0.0181
05 1433 0.0181
05 1154 0.0180
05 1249 0.0180
05 714 0.0179
05 981 0.0179
05 208 0.0178
05 454 0.0178
05 1331 0.0178
05 63 0.0177
05 373 0.0177
05 757 0.0177
05 1561 0.0177
05 811 0.0176
05 600 0.0175
05 69 0.0174
05 1519 0.0174
05 1362 0.0173
05 652 0.0171
05 613 0.0171
05 550 0.0169
05 256 0.0168
05 1479 0.0168
05 370 0.0165
05 432 0.0164
05 1056 0.0164
05 405 0.0163
05 1081 0.0163
05 832 0.0163
05 496 0.0162
05 823 0.0162
05 917 0.0161
05 1563 0.0160
05 657 0.0159
05 508 0.0159
05 1229 0.0159
05 492 0.0157
05 1276 0.0157
05 430 0.0156
05 1180 0.0156
05 1281 0.0156
05 585 0.0155
05 1032 0.0154
05 1164 0.0153
05 317 0.0150
05 143 0.0148
05 1495 0.0148
05 138 0.0148
05 722 0.0147
05 747 0.0146
05 1463 0.0146
05 891 0.0145
05 1385 0.0145
05 1381 0.0144
05 60 0.0142
05 858 0.0142
05 289 0.0142
05 790 0.0142
05 1370 0.0142
05 1204 0.0141
05 490 0.0140
05 1075 0.0139
05 304 0.0136
05 1238 0.0136
05 1384 0.0136
05 831 0.0135
05 914 0.0135
05 1156 0.0134
05 82 0.0134
05 1239 0.0132
05 1335 0.0131
05 515 0.0130
05 1260 0.0129
05 707 0.0128
05 1456 0.0128
05 1329 0.0127
05 1470 0.0126
05 737 0.0126
05 338 0.0125
05 732 0.0124
05 671 0.0124
05 573 0.0123
05 1510 0.0121
05 97 0.0120
05 231 0.0120
05 896 0.0119
05 999 0.0117
05 1516 0.0115
05 658 0.0114
05 1539 0.0114
05 696 0.0113
05 93 0.0110
05 863 0.0110
05 852 0.0107
05 799 0.0103
05 245 0.0099
05 877 0.0097
05 240 0.0094
05 1434 0.0093
05 510 0.0087
05 1444 0.0083
05 1466 0.0059
06 934 0.1833
06 1250 0.1638
06 383 0.1527
06 1232 0.1316
06 196 0.1098
06 346 0.1091
06 360 0.1053
06 639 0.1048
06 486 0.1041
06 88 0.1039
06 533 0.1035
06 1252 0.0983
06 945 0.0920
06 997 0.0896
06 528 0.0875
06 933 0.0867
06 467 0.0845
06 682 0.0836
06 163 0.0825
06 439 0.0810
06 222 0.0801
06 1428 0.0799
06 369 0.0772
06 1236 0.0772
06 1534 0.0768
06 417 0.0764
06 1284 0.0758
06 1567 0.0756
06 40 0.0732
06 181 0.0732
06 1009 0.0729
06 33 0.0727
06 177 0.0727
06 763 0.0720
06 904 0.0714
06 37 0.0709
06 621 0.0703
06 892 0.0698
06 73 0.0688
06 565 0.0678
06 66 0.0673
06 86 0.0668
06 162 0.0668
06 793 0.0664
06 518 0.0659
06 35 0.0648
06 184 0.0646
06 43 0.0630
06 85 0.0613
06 932 0.0605
06 494 0.0604
06 69 0.0591
06 1205 0.0591
06 1012 0.0590
06 216 0.0588
06 293 0.0585
06 1290 0.0585
06 61 0.0578
06 514 0.0573
06 484 0.0570
06 1150 0.0564
06 732 0.0563
06 54 0.0561
06 1147 0.0557
06 264 0.0551
06 288 0.0546
06 361 0.0531
06 341 0.0524
06 1160 0.0524
06 637 0.0520
06 213 0.0519
06 547 0.0518
06 935 0.0507
06 841 0.0505
06 1168 0.0496
06 233 0.0493
06 155 0.0492
06 558 0.0487
06 1181 0.0481
06 1138 0.0472
06 1159 0.0469
06 873 0.0468
06 106 0.0463
06 275 0.0458
06 1291 0.0458
06 1469 0.0451
06 315 0.0449
06 77 0.0444
06 515 0.0441
06 806 0.0435
06 1222 0.0432
06 1173 0.0428
06 737 0.0427
06 1191 0.0426
06 991 0.0420
06 1426 0.0415
06 1154 0.0408
06 981 0.0405
06 830 0.0404
06 1561 0.0401
06 1553 0.0398
06 999 0.0398
06 367 0.0396
06 65 0.0386
06 632 0.0378
06 114 0.0376
06 1034 0.0375
06 171 0.0371
06 885 0.0371
06 861 0.0359
06 277 0.0357
06 145 0.0348
06 1342 0.0345
06 371 0.0335
06 236 0.0334
06 363 0.0334
06 996 0.0334
06 1089 0.0334
06 891 0.0328
06 1271 0.0327
06 312 0.0317
06 75 0.0316
06 818 0.0311
06 695 0.0303
06 731 0.0299
06 781 0.0292
06 707 0.0290
06 1166 0.0287
06 97 0.0273
06 1358 0.0269
06 1465 0.0249
06 1317 0.0248
06 531 0.0246
06 794 0.0246
06 852 0.0243
06 631 0.0242
06 1099 0.0239
06 1052 0.0238
06 766 0.0234
06 742 0.0233
06 210 0.0231
06 704 0.0229
06 1037 0.0229
06 1396 0.0229
06 1119 0.0226
06 642 0.0224
06 1258 0.0218
06 1000 0.0213
06 240 0.0212
06 350 0.0211
06 1195 0.0211
06 503 0.0210
06 1323 0.0209
06 1433 0.0205
06 380 0.0204
06 1502 0.0204
06 736 0.0203
06 396 0.0201
06 1040 0.0194
06 969 0.0193
06 1506 0.0193
06 204 0.0192
06 1371 0.0190
06 675 0.0187
06 988 0.0186
06 1056 0.0186
06 718 0.0185
06 1087 0.0184
06 823 0.0184
06 626 0.0183
06 1129 0.0183
06 425 0.0181
06 698 0.0181
06 1344 0.0181
06 1361 0.0181
06 482 0.0179
06 492 0.0178
06 764 0.0177
06 628 0.0176
06 1067 0.0175
06 700 0.0175
06 412 0.0171
06 629 0.0170
06 1521 0.0170
06 68 0.0168
06 1208 0.0167
06 52 0.0166
06 566 0.0165
06 309 0.0161
06 1140 0.0160
06 947 0.0160
06 1075 0.0158
06 842 0.0157
06 1036 0.0156
06 1540 0.0156
06 1403 0.0154
06 330 0.0153
06 590 0.0152
06 580 0.0148
06 1335 0.0148
06 1461 0.0145
06 390 0.0145
06 984 0.0143
06 1470 0.0143
06 1275 0.0141
06 1015 0.0137
06 896 0.0135
06 1298 0.0135
06 817 0.0134
06 1413 0.0133
06 925 0.0133
06 721 0.0131
06 1301 0.0131
06 36 0.0130
06 11 0.0129
06 1113 0.0128
06 215 0.0124
06 767 0.0121
06 611 0.0119
06 894 0.0119
06 799 0.0116
06 886 0.0114
06 1048 0.0113
06 230 0.0113
06 1334 0.0112
06 942 0.0112
06 776 0.0108
06 472 0.0095
07 775 0.4333
07 1136 0.3675
07 888 0.3482
07 1458 0.3480
07 1210 0.3447
07 1318 0.3267
07 831 0.3244
07 1527 0.3234
07 677 0.3208
07 810 0.3108
07 1319 0.3095
07 1436 0.3091
07 1460 0.3079
07 919 0.3070
07 769 0.3047
07 1549 0.2970
07 1299 0.2910
07 917 0.2900
07 1162 0.2869
07 1495 0.2821
07 1357 0.2778
07 1274 0.2765
07 801 0.2761
07 372 0.2714
07 1344 0.2714
07 1534 0.2708
07 914 0.2704
07 1145 0.2697
07 768 0.2686
07 907 0.2682
07 1022 0.2662
07 1317 0.2620
07 1360 0.2608
07 1012 0.2603
07 973 0.2597
07 1040 0.2565
07 1328 0.2561
07 460 0.2545
07 1326 0.2534
07 483 0.2520
07 1121 0.2520
07 1471 0.2513
07 1280 0.2512
07 1281 0.2498
07 956 0.2476
07 1540 0.2474
07 233 0.2466
07 1518 0.2465
07 934 0.2425
07 983 0.2420
07 672 0.2408
07 737 0.2387
07 1324 0.2381
07 1212 0.2372
07 1430 0.2341
07 1023 0.2310
07 761 0.2301
07 1493 0.2299
07 1206 0.2292
07 860 0.2282
07 563 0.2274
07 920 0.2268
07 1174 0.2262
07 990 0.2245
07 214 0.2236
07 324 0.2222
07 878 0.2212
07 1141 0.2210
07 1503 0.2206
07 1566 0.2205
07 1447 0.2191
07 422 0.2176
07 1051 0.2169
07 859 0.2165
07 889 0.2152
07 1144 0.2149
07 734 0.2143
07 637 0.2139
07 743 0.2136
07 208 0.2132
07 1376 0.2121
07 47 0.2104
07 491 0.2100
07 1152 0.2100
07 383 0.2095
07 1259 0.2060
07 1245 0.2050
07 1101 0.2025
07 1537 0.2021
07 687 0.2000
07 381 0.1988
07 402 0.1988
07 711 0.1970
07 505 0.1961
07 378 0.1943
07 811 0.1933
07 1209 0.1925
07 1076 0.1906
07 883 0.1905
07 887 0.1898
07 1463 0.1893
07 945 0.1893
07 1295 0.1893
07 1551 0.1893
07 1564 0.1886
07 1402 0.1879
07 1131 0.1867
07 269 0.1865
07 1546 0.1850
07 1368 0.1849
07 575 0.1841
07 489 0.1841
07 1393 0.1841
07 821 0.1833
07 953 0.1831
07 254 0.1815
07 351 0.1813
07 255 0.1812
07 952 0.1806
07 394 0.1790
07 1105 0.1784
07 1454 0.1780
07 1464 0.1777
07 1129 0.1772
07 32 0.1766
07 518 0.1744
07 1143 0.1732
07 347 0.1728
07 1462 0.1720
07 717 0.1713
07 1340 0.1710
07 205 0.1706
07 1067 0.1702
07 513 0.1697
07 1253 0.1697
07 1032 0.1695
07 1035 0.1692
07 1199 0.1682
07 536 0.1675
07 1260 0.1672
07 586 0.1667
07 603 0.1667
07 783 0.1667
07 991 0.1667
07 1138 0.1667
07 1468 0.1667
07 1484 0.1658
07 28 0.1656
07 1311 0.1654
07 532 0.1650
07 818 0.1644
07 456 0.1634
07 787 0.1634
07 1007 0.1623
07 25 0.1622
07 685 0.1622
07 588 0.1618
07 714 0.1608
07 476 0.1603
07 173 0.1594
07 63 0.1590
07 1074 0.1584
07 1553 0.1581
07 910 0.1572
07 1547 0.1571
07 674 0.1568
07 1548 0.1566
07 1545 0.1562
07 1204 0.1555
07 453 0.1543
07 270 0.1529
07 933 0.1529
07 1570 0.1529
07 1219 0.1525
07 1270 0.1525
07 533 0.1521
07 999 0.1521
07 1134 0.1517
07 412 0.1509
07 748 0.1508
07 1517 0.1503
07 993 0.1497
07 963 0.1494
07 34 0.1491
07 1277 0.1485
07 252 0.1479
07 326 0.1473
07 733 0.1472
07 609 0.1470
07 660 0.1470
07 1223 0.1464
07 1198 0.1459
07 1469 0.1459
07 978 0.1458
07 1409 0.1451
07 602 0.1447
07 1385 0.1445
07 354 0.1443
07 523 0.1443
07 1289 0.1437
07 736 0.1429
07 515 0.1427
07 1078 0.1425
07 4 0.1424
07 81 0.1421
07 355 0.1417
07 1425 0.1416
07 911 0.1414
07 614 0.1414
07 871 0.1414
07 1514 0.1414
07 1413 0.1407
07 393 0.1404
07 1427 0.1402
07 616 0.1382
07 1077 0.1379
07 942 0.1377
07 162 0.1375
07 843 0.1375
07 213 0.1374
07 1254 0.1364
07 1283 0.1364
07 651 0.1361
07 877 0.1361
07 961 0.1359
07 622 0.1348
07 1258 0.1347
07 1372 0.1347
07 1271 0.1345
07 1156 0.1343
07 691 0.1342
07 1128 0.1339
07 534 0.1336
07 745 0.1336
07 1509 0.1333
07 88 0.1324
07 1536 0.1321
07 1508 0.1318
07 630 0.1314
07 998 0.1306
07 954 0.1302
07 1085 0.1297
07 1446 0.1296
07 1474 0.1291
07 427 0.1288
07 1182 0.1288
07 511 0.1286
07 528 0.1286
07 346 0.1283
07 867 0.1283
07 1507 0.1280
07 525 0.1277
07 1423 0.1277
07 163 0.1273
07 1301 0.1271
07 924 0.1269
07 1279 0.1265
07 1305 0.1265
07 1480 0.1259
07 11 0.1256
07 37 0.1250
07 850 0.1250
07 1541 0.1250
07 975 0.1249
07 157 0.1244
07 1513 0.1244
07 1251 0.1241
07 1159 0.1240
07 1252 0.1239
07 671 0.1235
07 1466 0.1234
07 682 0.1229
07 1164 0.1227
07 1512 0.1227
07 435 0.1222
07 1230 0.1217
07 1034 0.1214
07 876 0.1213
07 1256 0.1213
07 1523 0.1213
07 293 0.1203
07 1526 0.1195
07 846 0.1193
07 431 0.1191
07 815 0.1191
07 875 0.1190
07 1155 0.1190
07 535 0.1188
07 66 0.1187
07 300 0.1187
07 329 0.1182
07 514 0.1179
07 1335 0.1175
07 1185 0.1167
07 129 0.1162
07 1057 0.1162
07 879 0.1161
07 294 0.1161
07 1313 0.1156
07 639 0.1156
07 1056 0.1150
07 60 0.1139
07 641 0.1134
07 496 0.1133
07 823 0.1133
07 905 0.1132
07 1173 0.1132
07 1140 0.1131
07 1191 0.1127
07 228 0.1118
07 694 0.1111
07 1272 0.1110
07 741 0.1107
07 39 0.1104
07 493 0.1104
07 1355 0.1102
07 1375 0.1102
07 828 0.1098
07 230 0.1098
07 1119 0.1096
07 839 0.1094
07 1221 0.1094
07 502 0.1091
07 794 0.1085
07 379 0.1083
07 1336 0.1081
07 1346 0.1079
07 145 0.1074
07 1069 0.1074
07 348 0.1069
07 1031 0.1069
07 695 0.1068
07 71 0.1067
07 247 0.1067
07 413 0.1067
07 238 0.1066
07 1414 0.1065
07 1400 0.1060
07 763 0.1058
07 1019 0.1058
07 132 0.1054
07 263 0.1054
07 1521 0.1052
07 110 0.1048
07 638 0.1048
07 367 0.1048
07 980 0.1048
07 1524 0.1048
07 822 0.1041
07 1003 0.1041
07 216 0.1038
07 164 0.1038
07 1350 0.1035
07 909 0.1034
07 1047 0.1031
07 447 0.1027
07 310 0.1026
07 1583 0.1026
07 267 0.1021
07 1571 0.1018
07 1342 0.1014
07 73 0.1011
07 433 0.1011
07 683 0.1011
07 1396 0.1011
07 1531 0.1008
07 524 0.1005
07 654 0.1005
07 777 0.1005
07 1371 0.1005
07 1473 0.1005
07 886 0.1003
07 948 0.1003
07 572 0.1000
07 1005 0.1000
07 44 0.0997
07 150 0.0996
07 1352 0.0996
07 795 0.0993
07 675 0.0990
07 573 0.0986
07 662 0.0982
07 215 0.0981
07 929 0.0979
07 291 0.0976
07 1087 0.0976
07 1103 0.0975
07 1426 0.0975
07 1349 0.0972
07 1065 0.0967
07 121 0.0962
07 200 0.0962
07 241 0.0962
07 243 0.0962
07 716 0.0962
07 719 0.0952
07 830 0.0950
07 184 0.0950
07 158 0.0945
07 349 0.0945
07 281 0.0941
07 1492 0.0940
07 912 0.0937
07 1282 0.0929
07 360 0.0928
07 604 0.0928
07 666 0.0928
07 913 0.0928
07 1114 0.0926
07 111 0.0925
07 319 0.0925
07 865 0.0925
07 1160 0.0925
07 1347 0.0920
07 61 0.0918
07 576 0.0918
07 1014 0.0918
07 416 0.0916
07 640 0.0913
07 103 0.0913
07 420 0.0913
07 646 0.0913
07 308 0.0909
07 1483 0.0909
07 977 0.0909
07 1489 0.0909
07 696 0.0907
07 417 0.0899
07 720 0.0899
07 62 0.0898
07 386 0.0898
07 746 0.0898
07 1218 0.0898
07 565 0.0896
07 617 0.0893
07 80 0.0891
07 143 0.0891
07 841 0.0891
07 1001 0.0891
07 1029 0.0891
07 1284 0.0891
07 1529 0.0891
07 1214 0.0888
07 138 0.0887
07 1429 0.0887
07 1356 0.0887
07 1166 0.0884
07 1576 0.0884
07 1353 0.0883
07 1431 0.0883
07 1500 0.0878
07 670 0.0877
07 1168 0.0875
07 1275 0.0872
07 808 0.0870
07 1220 0.0870
07 1232 0.0870
07 1528 0.0870
07 69 0.0869
07 155 0.0867
07 481 0.0864
07 676 0.0864
07 437 0.0863
07 181 0.0861
07 652 0.0855
07 824 0.0855
07 1090 0.0854
07 613 0.0854
07 459 0.0853
07 884 0.0852
07 649 0.0851
07 117 0.0847
07 1161 0.0847
07 127 0.0845
07 170 0.0845
07 490 0.0839
07 706 0.0838
07 1520 0.0835
07 43 0.0833
07 337 0.0833
07 384 0.0833
07 426 0.0833
07 457 0.0833
07 507 0.0833
07 664 0.0833
07 985 0.0833
07 773 0.0830
07 820 0.0829
07 786 0.0827
07 621 0.0827
07 964 0.0827
07 54 0.0825
07 598 0.0825
07 623 0.0825
07 1176 0.0825
07 29 0.0821
07 527 0.0821
07 928 0.0821
07 1532 0.0819
07 718 0.0817
07 1384 0.0816
07 752 0.0814
07 1118 0.0814
07 261 0.0811
07 895 0.0810
07 669 0.0809
07 1467 0.0809
07 135 0.0808
07 451 0.0808
07 1516 0.0807
07 36 0.0805
07 242 0.0803
07 1026 0.0803
07 1325 0.0803
07 436 0.0802
07 46 0.0798
07 853 0.0798
07 771 0.0797
07 471 0.0797
07 750 0.0797
07 1539 0.0796
07 657 0.0795
07 1501 0.0794
07 1010 0.0793
07 153 0.0791
07 410 0.0791
07 485 0.0791
07 648 0.0791
07 679 0.0791
07 997 0.0791
07 1108 0.0791
07 9 0.0786
07 1395 0.0784
07 529 0.0781
07 627 0.0781
07 144 0.0780
07 196 0.0775
07 114 0.0774
07 781 0.0774
07 1006 0.0774
07 727 0.0772
07 1211 0.0772
07 1058 0.0770
07 438 0.0770
07 397 0.0767
07 738 0.0766
07 994 0.0765
07 140 0.0765
07 115 0.0762
07 663 0.0761
07 1083 0.0761
07 1322 0.0761
07 1374 0.0760
07 1345 0.0758
07 223 0.0754
07 403 0.0754
07 796 0.0751
07 472 0.0751
07 338 0.0747
07 444 0.0745
07 732 0.0745
07 1207 0.0745
07 1391 0.0745
07 935 0.0745
07 517 0.0741
07 1337 0.0741
07 1203 0.0739
07 1099 0.0738
07 1323 0.0737
07 142 0.0737
07 791 0.0737
07 1018 0.0737
07 1073 0.0737
07 1359 0.0737
07 193 0.0736
07 949 0.0734
07 564 0.0732
07 1016 0.0732
07 264 0.0729
07 408 0.0729
07 782 0.0729
07 1538 0.0728
07 1015 0.0725
07 1488 0.0725
07 172 0.0723
07 297 0.0723
07 446 0.0723
07 705 0.0723
07 1455 0.0720
07 1240 0.0719
07 1502 0.0719
07 439 0.0714
07 106 0.0714
07 486 0.0714
07 1109 0.0711
07 519 0.0711
07 289 0.0709
07 1432 0.0707
07 464 0.0707
07 468 0.0703
07 925 0.0702
07 1149 0.0702
07 1048 0.0700
07 312 0.0699
07 827 0.0699
07 307 0.0698
07 83 0.0695
07 903 0.0695
07 1179 0.0695
07 341 0.0693
07 594 0.0693
07 1028 0.0688
07 20 0.0688
07 1188 0.0687
07 804 0.0684
07 658 0.0682
07 369 0.0680
07 908 0.0680
07 1236 0.0680
07 1379 0.0680
07 1557 0.0680
07 1579 0.0680
07 342 0.0677
07 1122 0.0677
07 1338 0.0677
07 78 0.0676
07 1287 0.0674
07 256 0.0673
07 1120 0.0673
07 1330 0.0673
07 197 0.0668
07 423 0.0664
07 1150 0.0663
07 280 0.0662
07 1079 0.0662
07 1068 0.0660
07 19 0.0657
07 1511 0.0657
07 22 0.0657
07 180 0.0657
07 232 0.0657
07 1411 0.0657
07 580 0.0655
07 8 0.0654
07 257 0.0654
07 856 0.0654
07 1190 0.0653
07 906 0.0651
07 1341 0.0651
07 653 0.0648
07 40 0.0645
07 814 0.0645
07 626 0.0644
07 726 0.0644
07 852 0.0643
07 1569 0.0642
07 190 0.0641
07 1461 0.0641
07 1456 0.0639
07 922 0.0639
07 595 0.0636
07 1229 0.0636
07 1197 0.0635
07 182 0.0630
07 1052 0.0630
07 937 0.0630
07 1246 0.0627
07 1020 0.0626
07 1257 0.0625
07 102 0.0624
07 1183 0.0621
07 221 0.0620
07 366 0.0620
07 766 0.0620
07 762 0.0619
07 1552 0.0619
07 661 0.0618
07 521 0.0616
07 742 0.0615
07 1418 0.0611
07 1327 0.0611
07 547 0.0609
07 574 0.0606
07 1175 0.0606
07 1481 0.0606
07 424 0.0605
07 1510 0.0605
07 1424 0.0604
07 154 0.0602
07 283 0.0602
07 506 0.0602
07 526 0.0602
07 406 0.0601
07 542 0.0601
07 629 0.0601
07 1302 0.0601
07 624 0.0599
07 772 0.0599
07 1401 0.0599
07 1060 0.0598
07 896 0.0595
07 179 0.0594
07 1095 0.0594
07 315 0.0593
07 1262 0.0593
07 371 0.0592
07 1293 0.0589
07 295 0.0589
07 996 0.0589
07 722 0.0587
07 1194 0.0587
07 321 0.0584
07 959 0.0582
07 834 0.0581
07 951 0.0581
07 1104 0.0581
07 1142 0.0581
07 562 0.0580
07 721 0.0579
07 1441 0.0579
07 1008 0.0578
07 968 0.0577
07 448 0.0574
07 554 0.0574
07 95 0.0572
07 497 0.0572
07 655 0.0570
07 1132 0.0570
07 723 0.0570
07 1225 0.0570
07 1314 0.0570
07 91 0.0568
07 1370 0.0568
07 921 0.0566
07 1235 0.0566
07 1366 0.0566
07 452 0.0565
07 104 0.0563
07 784 0.0563
07 774 0.0563
07 1351 0.0559
07 450 0.0557
07 1333 0.0557
07 109 0.0556
07 539 0.0556
07 1013 0.0556
07 915 0.0554
07 414 0.0552
07 268 0.0549
07 159 0.0548
07 982 0.0548
07 244 0.0546
07 797 0.0546
07 1243 0.0544
07 605 0.0543
07 1433 0.0542
07 85 0.0541
07 279 0.0541
07 1491 0.0541
07 1154 0.0539
07 136 0.0539
07 826 0.0536
07 1451 0.0536
07 125 0.0535
07 119 0.0533
07 1331 0.0533
07 702 0.0532
07 222 0.0530
07 1097 0.0530
07 739 0.0529
07 64 0.0527
07 555 0.0525
07 600 0.0524
07 1321 0.0524
07 77 0.0522
07 1053 0.0522
07 510 0.0522
07 735 0.0521
07 770 0.0521
07 186 0.0519
07 191 0.0518
07 258 0.0516
07 220 0.0514
07 442 0.0514
07 1310 0.0514
07 862 0.0514
07 845 0.0513
07 799 0.0513
07 593 0.0511
07 806 0.0511
07 962 0.0511
07 273 0.0510
07 559 0.0510
07 673 0.0510
07 665 0.0508
07 1265 0.0508
07 1565 0.0508
07 550 0.0508
07 1273 0.0507
07 217 0.0504
07 904 0.0504
07 100 0.0503
07 147 0.0503
07 484 0.0503
07 684 0.0503
07 322 0.0498
07 967 0.0498
07 1025 0.0498
07 185 0.0497
07 751 0.0497
07 960 0.0497
07 235 0.0495
07 1334 0.0494
07 432 0.0493
07 988 0.0493
07 1178 0.0493
07 504 0.0491
07 1126 0.0491
07 171 0.0490
07 561 0.0490
07 885 0.0490
07 1081 0.0490
07 53 0.0490
07 832 0.0488
07 838 0.0488
07 868 0.0487
07 1 0.0486
07 195 0.0486
07 299 0.0486
07 1577 0.0486
07 1303 0.0486
07 659 0.0482
07 14 0.0481
07 130 0.0481
07 610 0.0479
07 1361 0.0479
07 508 0.0477
07 166 0.0476
07 955 0.0476
07 1298 0.0476
07 1382 0.0476
07 569 0.0471
07 1276 0.0470
07 361 0.0468
07 1180 0.0468
07 1268 0.0468
07 240 0.0468
07 443 0.0468
07 1410 0.0468
07 42 0.0467
07 585 0.0466
07 1434 0.0463
07 101 0.0462
07 112 0.0462
07 700 0.0462
07 754 0.0462
07 1264 0.0462
07 48 0.0455
07 375 0.0454
07 958 0.0454
07 1478 0.0454
07 1556 0.0453
07 455 0.0452
07 744 0.0452
07 1398 0.0452
07 250 0.0449
07 1575 0.0449
07 1386 0.0449
07 668 0.0447
07 1421 0.0445
07 68 0.0444
07 1030 0.0444
07 449 0.0442
07 1367 0.0442
07 625 0.0440
07 1255 0.0440
07 93 0.0440
07 829 0.0440
07 1308 0.0439
07 612 0.0439
07 747 0.0439
07 1339 0.0439
07 566 0.0438
07 1100 0.0438
07 1568 0.0438
07 805 0.0435
07 531 0.0434
07 546 0.0434
07 1415 0.0431
07 389 0.0430
07 582 0.0430
07 1009 0.0429
07 107 0.0427
07 631 0.0427
07 1055 0.0427
07 790 0.0426
07 357 0.0425
07 113 0.0423
07 428 0.0423
07 686 0.0423
07 715 0.0423
07 893 0.0423
07 1390 0.0423
07 1525 0.0423
07 473 0.0420
07 927 0.0420
07 855 0.0418
07 287 0.0417
07 340 0.0417
07 866 0.0417
07 335 0.0415
07 395 0.0415
07 1399 0.0413
07 1533 0.0411
07 941 0.0410
07 304 0.0408
07 488 0.0407
07 1369 0.0407
07 1505 0.0407
07 1049 0.0406
07 619 0.0404
07 1037 0.0404
07 590 0.0403
07 836 0.0403
07 82 0.0402
07 118 0.0401
07 226 0.0401
07 1187 0.0401
07 1217 0.0401
07 689 0.0398
07 344 0.0396
07 245 0.0394
07 1250 0.0394
07 1542 0.0394
07 86 0.0393
07 916 0.0390
07 296 0.0385
07 1530 0.0385
07 707 0.0383
07 139 0.0382
07 178 0.0382
07 286 0.0382
07 1470 0.0378
07 401 0.0377
07 1448 0.0377
07 854 0.0377
07 327 0.0375
07 703 0.0375
07 1582 0.0375
07 570 0.0375
07 1064 0.0374
07 1332 0.0372
07 149 0.0370
07 1050 0.0370
07 248 0.0368
07 1309 0.0368
07 305 0.0366
07 1163 0.0366
07 1224 0.0366
07 108 0.0364
07 146 0.0364
07 227 0.0364
07 237 0.0364
07 333 0.0364
07 606 0.0364
07 780 0.0364
07 699 0.0362
07 231 0.0361
07 1249 0.0359
07 802 0.0357
07 981 0.0357
07 1449 0.0357
07 592 0.0356
07 90 0.0355
07 494 0.0355
07 537 0.0355
07 817 0.0354
07 1278 0.0354
07 835 0.0353
07 1487 0.0353
07 15 0.0348
07 374 0.0348
07 1365 0.0348
07 134 0.0346
07 1177 0.0346
07 709 0.0345
07 1364 0.0344
07 168 0.0342
07 429 0.0342
07 462 0.0342
07 123 0.0340
07 276 0.0340
07 284 0.0340
07 387 0.0340
07 487 0.0340
07 1300 0.0340
07 183 0.0338
07 1476 0.0336
07 1127 0.0335
07 5 0.0334
07 203 0.0333
07 632 0.0333
07 1080 0.0333
07 1567 0.0333
07 370 0.0330
07 863 0.0330
07 1021 0.0327
07 469 0.0324
07 890 0.0324
07 558 0.0322
07 38 0.0321
07 251 0.0321
07 943 0.0321
07 1572 0.0321
07 1573 0.0321
07 425 0.0319
07 509 0.0319
07 944 0.0316
07 894 0.0316
07 376 0.0315
07 482 0.0315
07 656 0.0315
07 864 0.0315
07 265 0.0314
07 1490 0.0314
07 764 0.0312
07 1024 0.0311
07 199 0.0309
07 697 0.0309
07 693 0.0308
07 292 0.0308
07 1380 0.0307
07 1348 0.0304
07 1445 0.0303
07 1440 0.0300
07 320 0.0299
07 597 0.0299
07 618 0.0299
07 728 0.0299
07 849 0.0299
07 549 0.0299
07 1387 0.0298
07 1373 0.0296
07 23 0.0295
07 194 0.0295
07 236 0.0295
07 246 0.0295
07 363 0.0295
07 1089 0.0295
07 55 0.0293
07 1059 0.0293
07 1093 0.0293
07 813 0.0291
07 224 0.0290
07 1153 0.0290
07 290 0.0289
07 1419 0.0289
07 1320 0.0289
07 692 0.0288
07 156 0.0286
07 858 0.0285
07 577 0.0282
07 581 0.0281
07 75 0.0279
07 49 0.0278
07 399 0.0278
07 902 0.0276
07 873 0.0275
07 212 0.0274
07 206 0.0270
07 1133 0.0270
07 1137 0.0270
07 330 0.0269
07 972 0.0267
07 1192 0.0267
07 1241 0.0267
07 1459 0.0267
07 124 0.0264
07 382 0.0264
07 477 0.0260
07 499 0.0257
07 538 0.0257
07 578 0.0257
07 249 0.0256
07 390 0.0256
07 1226 0.0255
07 1072 0.0254
07 1094 0.0254
07 984 0.0253
07 1170 0.0252
07 89 0.0251
07 152 0.0251
07 259 0.0251
07 1554 0.0251
07 1574 0.0251
07 882 0.0249
07 41 0.0248
07 467 0.0248
07 825 0.0248
07 1189 0.0248
07 1394 0.0248
07 803 0.0246
07 1147 0.0246
07 92 0.0243
07 116 0.0243
07 458 0.0243
07 1169 0.0243
07 1098 0.0242
07 97 0.0241
07 1261 0.0241
07 76 0.0240
07 332 0.0238
07 584 0.0238
07 587 0.0238
07 1378 0.0234
07 398 0.0233
07 833 0.0233
07 59 0.0231
07 353 0.0229
07 1071 0.0229
07 1550 0.0229
07 844 0.0227
07 1292 0.0226
07 1113 0.0225
07 965 0.0225
07 847 0.0223
07 1482 0.0223
07 176 0.0221
07 1558 0.0221
07 202 0.0219
07 400 0.0219
07 512 0.0217
07 198 0.0215
07 421 0.0215
07 161 0.0213
07 434 0.0213
07 1496 0.0213
07 24 0.0212
07 1417 0.0212
07 1288 0.0211
07 971 0.0210
07 1580 0.0210
07 1033 0.0208
07 1205 0.0208
07 160 0.0207
07 713 0.0205
07 210 0.0204
07 1315 0.0204
07 377 0.0202
07 704 0.0202
07 712 0.0202
07 1291 0.0202
07 1438 0.0202
07 122 0.0201
07 936 0.0201
07 1581 0.0201
07 474 0.0200
07 1452 0.0199
07 1148 0.0198
07 58 0.0198
07 211 0.0198
07 318 0.0198
07 642 0.0198
07 1042 0.0198
07 1046 0.0195
07 793 0.0195
07 461 0.0194
07 1312 0.0192
07 301 0.0191
07 1247 0.0191
07 1307 0.0191
07 126 0.0190
07 345 0.0190
07 1422 0.0189
07 1000 0.0188
07 441 0.0188
07 740 0.0188
07 1515 0.0188
07 1195 0.0186
07 503 0.0185
07 1106 0.0185
07 599 0.0184
07 3 0.0183
07 470 0.0183
07 1578 0.0182
07 785 0.0181
07 1066 0.0181
07 1269 0.0181
07 1450 0.0181
07 380 0.0180
07 1092 0.0180
07 1117 0.0179
07 1442 0.0178
07 1111 0.0178
07 1543 0.0177
07 480 0.0174
07 229 0.0173
07 1290 0.0172
07 271 0.0171
07 65 0.0170
07 938 0.0170
07 969 0.0170
07 1389 0.0170
07 204 0.0169
07 724 0.0168
07 1115 0.0167
07 1499 0.0167
07 1444 0.0166
07 79 0.0166
07 12 0.0164
07 475 0.0164
07 1171 0.0162
07 74 0.0160
07 288 0.0160
07 1063 0.0160
07 331 0.0160
07 1457 0.0160
07 26 0.0159
07 336 0.0158
07 874 0.0157
07 1354 0.0157
07 70 0.0156
07 128 0.0156
07 650 0.0156
07 840 0.0156
07 1123 0.0155
07 986 0.0155
07 201 0.0154
07 591 0.0154
07 633 0.0154
07 1477 0.0153
07 187 0.0153
07 987 0.0153
07 98 0.0152
07 207 0.0152
07 589 0.0151
07 52 0.0146
07 1227 0.0146
07 1377 0.0145
07 1381 0.0144
07 309 0.0142
07 1181 0.0141
07 516 0.0141
07 1075 0.0139
07 842 0.0139
07 94 0.0138
07 1036 0.0137
07 1070 0.0133
07 1494 0.0133
07 608 0.0130
07 869 0.0130
07 583 0.0129
07 567 0.0128
07 607 0.0127
07 1222 0.0127
07 1439 0.0126
07 325 0.0125
07 681 0.0123
07 1358 0.0118
07 1216 0.0117
07 1363 0.0116
07 1193 0.0115
07 1294 0.0115
07 253 0.0113
07 557 0.0112
07 99 0.0111
07 1453 0.0111
07 137 0.0110
07 970 0.0109
07 1116 0.0108
07 1297 0.0107
07 870 0.0104
07 1184 0.0099
07 760 0.0096
07 776 0.0095
07 1486 0.0091
07 759 0.0091
07 362 0.0082
08 1116 0.4193
08 1358 0.3835
08 581 0.3812
08 1216 0.3788
08 978 0.3699
08 587 0.3482
08 523 0.3266
08 461 0.3238
08 73 0.3167
08 869 0.2981
08 1049 0.2965
08 1048 0.2715
08 304 0.2701
08 1277 0.2585
08 1519 0.2541
08 1356 0.2515
08 866 0.2321
08 1069 0.2244
08 630 0.2230
08 576 0.2157
08 131 0.2048
08 1425 0.2048
08 1053 0.2045
08 691 0.2024
08 753 0.2008
08 609 0.1974
08 1200 0.1974
08 1173 0.1971
08 1033 0.1958
08 510 0.1908
08 705 0.1888
08 915 0.1879
08 68 0.1854
08 391 0.1821
08 808 0.1818
08 794 0.1813
08 1372 0.1809
08 767 0.1790
08 731 0.1789
08 1123 0.1786
08 631 0.1783
08 195 0.1777
08 947 0.1765
08 1113 0.1764
08 87 0.1724
08 742 0.1714
08 721 0.1694
08 1513 0.1670
08 1543 0.1661
08 1476 0.1639
08 986 0.1616
08 1211 0.1612
08 1461 0.1607
08 1100 0.1600
08 1307 0.1597
08 1004 0.1593
08 1270 0.1593
08 342 0.1591
08 536 0.1575
08 684 0.1575
08 1194 0.1533
08 337 0.1523
08 1457 0.1501
08 1331 0.1485
08 430 0.1467
08 886 0.1467
08 58 0.1446
08 191 0.1444
08 1305 0.1441
08 987 0.1436
08 1036 0.1436
08 487 0.1421
08 1120 0.1407
08 1431 0.1383
08 1255 0.1379
08 290 0.1359
08 1050 0.1354
08 469 0.1353
08 890 0.1353
08 190 0.1339
08 470 0.1338
08 1279 0.1322
08 1023 0.1316
08 621 0.1296
08 700 0.1287
08 480 0.1270
08 903 0.1270
08 948 0.1257
08 62 0.1251
08 1285 0.1207
08 1226 0.1198
08 311 0.1184
08 1478 0.1184
08 670 0.1178
08 148 0.1174
08 1195 0.1168
08 1481 0.1140
08 446 0.1133
08 1433 0.1133
08 379 0.1131
08 945 0.1130
08 1058 0.1127
08 802 0.1120
08 82 0.1119
08 1459 0.1115
08 837 0.1112
08 835 0.1107
08 629 0.1099
08 307 0.1094
08 15 0.1089
08 1441 0.1089
08 462 0.1072
08 29 0.1071
08 249 0.1071
08 284 0.1066
08 387 0.1066
08 1389 0.1066
08 1419 0.1057
08 1523 0.1056
08 217 0.1053
08 3 0.1051
08 1554 0.1050
08 1286 0.1040
08 444 0.1038
08 1555 0.1038
08 54 0.1034
08 344 0.1033
08 1262 0.1033
08 970 0.1029
08 1147 0.1027
08 1349 0.1016
08 873 0.1005
08 251 0.1005
08 816 0.1005
08 1361 0.1000
08 439 0.0995
08 1382 0.0995
08 479 0.0992
08 874 0.0987
08 1422 0.0986
08 756 0.0985
08 674 0.0983
08 740 0.0979
08 695 0.0976
08 42 0.0975
08 628 0.0974
08 503 0.0967
08 862 0.0966
08 799 0.0964
08 164 0.0963
08 1309 0.0961
08 1407 0.0961
08 589 0.0946
08 785 0.0944
08 1386 0.0938
08 668 0.0933
08 1242 0.0930
08 1421 0.0930
08 1482 0.0930
08 246 0.0923
08 326 0.0923
08 979 0.0923
08 996 0.0923
08 813 0.0913
08 562 0.0909
08 805 0.0909
08 661 0.0903
08 573 0.0901
08 293 0.0898
08 1009 0.0895
08 824 0.0893
08 267 0.0888
08 969 0.0888
08 1420 0.0884
08 784 0.0883
08 256 0.0879
08 1479 0.0879
08 995 0.0875
08 730 0.0870
08 939 0.0870
08 985 0.0870
08 1115 0.0870
08 870 0.0869
08 335 0.0867
08 1077 0.0864
08 1278 0.0862
08 818 0.0859
08 19 0.0858
08 713 0.0857
08 210 0.0851
08 605 0.0850
08 275 0.0844
08 1028 0.0839
08 789 0.0838
08 11 0.0835
08 1070 0.0831
08 211 0.0826
08 555 0.0823
08 1355 0.0822
08 96 0.0821
08 1012 0.0816
08 1085 0.0813
08 1383 0.0813
08 578 0.0806
08 1472 0.0806
08 292 0.0805
08 93 0.0803
08 1380 0.0801
08 673 0.0799
08 348 0.0798
08 207 0.0795
08 984 0.0792
08 1263 0.0791
08 89 0.0787
08 1297 0.0782
08 1401 0.0782
08 1522 0.0782
08 44 0.0781
08 963 0.0780
08 467 0.0778
08 1030 0.0772
08 504 0.0770
08 39 0.0769
08 1093 0.0766
08 1536 0.0766
08 1016 0.0764
08 458 0.0762
08 977 0.0760
08 1066 0.0755
08 14 0.0754
08 1082 0.0751
08 88 0.0744
08 519 0.0742
08 1109 0.0742
08 790 0.0741
08 532 0.0739
08 373 0.0738
08 811 0.0734
08 600 0.0730
08 601 0.0726
08 1365 0.0726
08 1357 0.0725
08 1560 0.0724
08 741 0.0723
08 773 0.0723
08 1014 0.0719
08 1158 0.0714
08 1539 0.0712
08 276 0.0711
08 431 0.0711
08 1506 0.0711
08 253 0.0711
08 641 0.0711
08 1398 0.0707
08 847 0.0698
08 632 0.0696
08 1080 0.0696
08 1234 0.0696
08 967 0.0693
08 32 0.0692
08 463 0.0692
08 946 0.0692
08 1558 0.0692
08 1239 0.0690
08 432 0.0686
08 711 0.0686
08 566 0.0686
08 257 0.0683
08 1084 0.0682
08 906 0.0680
08 47 0.0676
08 669 0.0676
08 901 0.0674
08 626 0.0673
08 1451 0.0671
08 107 0.0669
08 266 0.0669
08 962 0.0668
08 898 0.0667
08 759 0.0666
08 26 0.0664
08 508 0.0664
08 1019 0.0663
08 660 0.0658
08 1052 0.0658
08 1354 0.0655
08 269 0.0649
08 585 0.0649
08 56 0.0648
08 366 0.0648
08 112 0.0644
08 591 0.0644
08 848 0.0643
08 1477 0.0641
08 559 0.0639
08 435 0.0638
08 192 0.0638
08 1315 0.0638
08 98 0.0636
08 262 0.0633
08 377 0.0633
08 451 0.0633
08 683 0.0633
08 333 0.0633
08 1065 0.0631
08 118 0.0629
08 283 0.0629
08 1187 0.0629
08 1581 0.0629
08 1517 0.0628
08 1091 0.0625
08 1520 0.0623
08 1501 0.0622
08 66 0.0620
08 966 0.0620
08 817 0.0617
08 942 0.0617
08 625 0.0613
08 918 0.0613
08 949 0.0613
08 925 0.0611
08 1410 0.0611
08 1339 0.0611
08 1538 0.0608
08 196 0.0607
08 1443 0.0606
08 296 0.0603
08 1460 0.0603
08 1530 0.0603
08 692 0.0602
08 1294 0.0599
08 749 0.0598
08 795 0.0593
08 1370 0.0593
08 1140 0.0591
08 407 0.0588
08 577 0.0588
08 1245 0.0584
08 657 0.0582
08 43 0.0580
08 1251 0.0576
08 268 0.0573
08 1465 0.0573
08 212 0.0572
08 1408 0.0570
08 1436 0.0570
08 699 0.0566
08 1316 0.0563
08 1442 0.0557
08 635 0.0557
08 972 0.0557
08 1192 0.0557
08 119 0.0557
08 1469 0.0554
08 464 0.0554
08 1561 0.0554
08 64 0.0550
08 153 0.0550
08 189 0.0550
08 1508 0.0550
08 809 0.0550
08 1553 0.0550
08 329 0.0549
08 827 0.0547
08 627 0.0544
08 778 0.0544
08 395 0.0542
08 983 0.0542
08 20 0.0539
08 567 0.0536
08 806 0.0534
08 106 0.0533
08 1222 0.0531
08 1329 0.0531
08 1273 0.0529
08 1330 0.0528
08 1470 0.0526
08 484 0.0525
08 737 0.0525
08 1471 0.0525
08 751 0.0519
08 1207 0.0519
08 1148 0.0518
08 1068 0.0517
08 681 0.0515
08 878 0.0513
08 885 0.0512
08 1021 0.0512
08 205 0.0509
08 299 0.0508
08 1169 0.0508
08 1303 0.0507
08 1467 0.0507
08 867 0.0503
08 872 0.0503
08 1563 0.0503
08 331 0.0500
08 992 0.0498
08 776 0.0498
08 1319 0.0497
08 4 0.0496
08 336 0.0496
08 786 0.0494
08 355 0.0493
08 656 0.0493
08 465 0.0488
08 1301 0.0483
08 397 0.0481
08 709 0.0480
08 187 0.0479
08 717 0.0477
08 1083 0.0477
08 1445 0.0475
08 844 0.0474
08 622 0.0469
08 1287 0.0469
08 615 0.0465
08 745 0.0465
08 1001 0.0465
08 857 0.0464
08 138 0.0463
08 1453 0.0463
08 1141 0.0462
08 579 0.0461
08 137 0.0458
08 1308 0.0458
08 411 0.0457
08 998 0.0455
08 663 0.0454
08 546 0.0453
08 1377 0.0453
08 1061 0.0450
08 858 0.0446
08 247 0.0446
08 871 0.0443
08 1514 0.0443
08 117 0.0442
08 440 0.0442
08 708 0.0442
08 1428 0.0441
08 393 0.0440
08 1062 0.0438
08 287 0.0435
08 340 0.0435
08 1205 0.0435
08 602 0.0432
08 964 0.0432
08 1240 0.0429
08 1054 0.0429
08 67 0.0429
08 1384 0.0426
08 486 0.0426
08 752 0.0425
08 174 0.0422
08 704 0.0422
08 1175 0.0422
08 590 0.0421
08 125 0.0419
08 122 0.0419
08 526 0.0419
08 1217 0.0419
08 1360 0.0419
08 702 0.0417
08 549 0.0416
08 689 0.0416
08 846 0.0415
08 739 0.0414
08 318 0.0413
08 485 0.0413
08 162 0.0410
08 1046 0.0408
08 129 0.0405
08 1057 0.0405
08 1260 0.0403
08 438 0.0402
08 636 0.0402
08 968 0.0402
08 760 0.0401
08 178 0.0399
08 994 0.0399
08 1562 0.0399
08 1132 0.0397
08 1020 0.0393
08 1515 0.0392
08 325 0.0391
08 443 0.0391
08 214 0.0389
08 1043 0.0389
08 1266 0.0389
08 1351 0.0389
08 149 0.0387
08 1203 0.0386
08 1393 0.0384
08 108 0.0380
08 163 0.0380
08 227 0.0380
08 244 0.0380
08 502 0.0380
08 924 0.0379
08 1237 0.0378
08 1450 0.0378
08 380 0.0375
08 1092 0.0375
08 981 0.0373
08 896 0.0373
08 179 0.0372
08 592 0.0372
08 2 0.0371
08 90 0.0371
08 537 0.0371
08 1214 0.0371
08 63 0.0369
08 1097 0.0369
08 468 0.0367
08 374 0.0363
08 1179 0.0363
08 271 0.0357
08 804 0.0357
08 65 0.0355
08 724 0.0352
08 676 0.0347
08 79 0.0346
08 1150 0.0346
08 235 0.0345
08 418 0.0345
08 623 0.0345
08 988 0.0343
08 1178 0.0343
08 1511 0.0343
08 560 0.0341
08 823 0.0338
08 1406 0.0336
08 38 0.0335
08 200 0.0335
08 346 0.0335
08 716 0.0335
08 1063 0.0335
08 509 0.0333
08 1288 0.0331
08 21 0.0330
08 937 0.0329
08 1375 0.0329
08 961 0.0328
08 492 0.0328
08 1246 0.0328
08 1395 0.0328
08 1244 0.0326
08 693 0.0322
08 1418 0.0319
08 420 0.0318
08 1556 0.0315
08 406 0.0314
08 597 0.0313
08 618 0.0313
08 728 0.0313
08 772 0.0313
08 565 0.0312
08 1495 0.0310
08 84 0.0308
08 194 0.0308
08 449 0.0308
08 52 0.0305
08 612 0.0305
08 919 0.0305
08 167 0.0303
08 233 0.0303
08 1125 0.0303
08 1498 0.0303
08 155 0.0302
08 1008 0.0302
08 1402 0.0302
08 1320 0.0302
08 976 0.0300
08 1162 0.0300
08 35 0.0299
08 1548 0.0297
08 91 0.0296
08 309 0.0296
08 614 0.0295
08 1000 0.0294
08 127 0.0294
08 929 0.0292
08 923 0.0291
08 49 0.0290
08 109 0.0290
08 842 0.0290
08 414 0.0288
08 1044 0.0288
08 243 0.0287
08 640 0.0286
08 982 0.0286
08 1533 0.0286
08 1403 0.0283
08 136 0.0281
08 330 0.0281
08 1492 0.0281
08 1494 0.0277
08 316 0.0275
08 382 0.0275
08 648 0.0275
08 608 0.0271
08 528 0.0269
08 390 0.0267
08 1456 0.0267
08 607 0.0265
08 1202 0.0265
08 259 0.0262
08 748 0.0262
08 854 0.0262
08 825 0.0259
08 1183 0.0259
08 142 0.0257
08 1224 0.0255
08 272 0.0254
08 1112 0.0254
08 1388 0.0250
08 507 0.0249
08 584 0.0249
08 719 0.0249
08 1432 0.0246
08 999 0.0244
08 1131 0.0244
08 1185 0.0244
08 213 0.0239
08 416 0.0239
08 953 0.0239
08 658 0.0237
08 1292 0.0236
08 455 0.0236
08 744 0.0236
08 720 0.0235
08 965 0.0235
08 1575 0.0235
08 1284 0.0233
08 280 0.0231
08 1353 0.0231
08 863 0.0230
08 1411 0.0229
08 1568 0.0229
08 512 0.0227
08 1415 0.0225
08 814 0.0225
08 1233 0.0225
08 852 0.0224
08 161 0.0223
08 434 0.0223
08 173 0.0222
08 428 0.0221
08 647 0.0221
08 763 0.0221
08 1161 0.0221
08 1417 0.0221
08 473 0.0219
08 1580 0.0219
08 314 0.0216
08 680 0.0216
08 1128 0.0215
08 1546 0.0215
08 169 0.0214
08 310 0.0214
08 941 0.0214
08 1583 0.0214
08 1078 0.0213
08 895 0.0211
08 219 0.0211
08 619 0.0211
08 1037 0.0211
08 1396 0.0211
08 154 0.0210
08 226 0.0210
08 672 0.0210
08 936 0.0210
08 750 0.0208
08 642 0.0207
08 1146 0.0207
08 1454 0.0207
08 662 0.0205
08 1103 0.0204
08 321 0.0203
08 518 0.0202
08 951 0.0202
08 1104 0.0202
08 139 0.0200
08 448 0.0200
08 933 0.0200
08 1247 0.0200
08 184 0.0198
08 921 0.0197
08 1235 0.0197
08 774 0.0196
08 350 0.0195
08 1027 0.0195
08 991 0.0193
08 1114 0.0193
08 193 0.0192
08 248 0.0192
08 427 0.0192
08 489 0.0192
08 599 0.0192
08 305 0.0191
08 797 0.0190
08 1578 0.0190
08 540 0.0188
08 736 0.0187
08 1117 0.0187
08 81 0.0186
08 222 0.0185
08 1466 0.0184
08 339 0.0183
08 541 0.0182
08 755 0.0181
08 1362 0.0181
08 1047 0.0180
08 845 0.0179
08 1122 0.0177
08 1534 0.0177
08 147 0.0175
08 1127 0.0175
08 1371 0.0175
08 1444 0.0174
08 322 0.0173
08 820 0.0173
08 897 0.0172
08 8 0.0171
08 880 0.0170
08 1087 0.0170
08 1129 0.0168
08 436 0.0168
08 769 0.0168
08 1172 0.0168
08 1209 0.0168
08 372 0.0167
08 425 0.0167
08 525 0.0167
08 1289 0.0167
08 1344 0.0167
08 1096 0.0165
08 349 0.0164
08 361 0.0163
08 650 0.0163
08 764 0.0163
08 912 0.0163
08 1180 0.0163
08 422 0.0162
08 1032 0.0161
08 1346 0.0161
08 575 0.0160
08 761 0.0160
08 533 0.0159
08 798 0.0159
08 1348 0.0159
08 1283 0.0158
08 317 0.0157
08 1387 0.0156
08 1318 0.0155
08 371 0.0154
08 1350 0.0154
08 1373 0.0154
08 701 0.0154
08 1089 0.0154
08 1208 0.0154
08 447 0.0153
08 747 0.0153
08 1463 0.0152
08 1528 0.0152
08 891 0.0151
08 1313 0.0151
08 1074 0.0150
08 1474 0.0150
08 572 0.0149
08 60 0.0149
08 1225 0.0149
08 289 0.0148
08 1045 0.0148
08 768 0.0148
08 1397 0.0148
08 516 0.0147
08 312 0.0146
08 392 0.0145
08 426 0.0145
08 466 0.0145
08 1176 0.0144
08 651 0.0142
08 1379 0.0142
08 1118 0.0142
08 78 0.0141
08 914 0.0141
08 1133 0.0141
08 1336 0.0141
08 836 0.0140
08 46 0.0139
08 1210 0.0138
08 1267 0.0138
08 580 0.0137
08 77 0.0136
08 1088 0.0136
08 1253 0.0136
08 1335 0.0136
08 216 0.0136
08 879 0.0135
08 1485 0.0133
08 1076 0.0133
08 1374 0.0132
08 904 0.0132
08 1170 0.0132
08 732 0.0130
08 960 0.0130
08 1252 0.0129
08 1299 0.0127
08 1510 0.0126
08 97 0.0126
08 734 0.0124
08 1142 0.0121
08 1282 0.0121
08 1363 0.0121
08 36 0.0120
08 1193 0.0120
08 1483 0.0119
08 696 0.0118
08 1409 0.0117
08 99 0.0116
08 114 0.0116
08 1317 0.0114
08 215 0.0114
08 558 0.0112
08 1328 0.0111
08 1099 0.0110
08 971 0.0110
08 265 0.0109
08 909 0.0108
08 61 0.0107
08 1007 0.0106
08 1542 0.0103
08 1271 0.0100
08 1304 0.0096
08 437 0.0090
08 472 0.0087
09 581 0.5199
09 1216 0.5176
09 978 0.4931
09 587 0.4777
09 1358 0.4388
09 1457 0.3942
09 869 0.3872
09 304 0.3641
09 1543 0.3636
09 523 0.3466
09 979 0.3183
09 1270 0.3008
09 1356 0.2869
09 1519 0.2861
09 915 0.2848
09 1287 0.2775
09 1476 0.2769
09 947 0.2754
09 753 0.2739
09 986 0.2707
09 131 0.2691
09 1053 0.2687
09 510 0.2686
09 1288 0.2608
09 609 0.2593
09 1023 0.2593
09 1092 0.2589
09 1513 0.2559
09 1555 0.2557
09 1173 0.2524
09 1282 0.2509
09 68 0.2435
09 1120 0.2425
09 1194 0.2416
09 721 0.2384
09 1372 0.2376
09 1307 0.2361
09 987 0.2358
09 469 0.2332
09 191 0.2312
09 1523 0.2288
09 430 0.2249
09 576 0.2243
09 190 0.2243
09 1123 0.2239
09 446 0.2232
09 862 0.2221
09 1069 0.2210
09 1195 0.2109
09 487 0.2100
09 1478 0.2100
09 290 0.2082
09 217 0.2074
09 379 0.2070
09 444 0.2045
09 54 0.2038
09 58 0.2035
09 344 0.2035
09 794 0.2009
09 1028 0.2007
09 1361 0.1971
09 480 0.1967
09 1382 0.1960
09 945 0.1947
09 1355 0.1945
09 1419 0.1933
09 284 0.1925
09 695 0.1922
09 307 0.1916
09 503 0.1906
09 1285 0.1903
09 29 0.1900
09 742 0.1900
09 731 0.1898
09 1407 0.1894
09 1305 0.1894
09 470 0.1882
09 837 0.1879
09 1262 0.1832
09 326 0.1819
09 1431 0.1817
09 1093 0.1812
09 670 0.1805
09 1425 0.1794
09 562 0.1791
09 82 0.1791
09 1459 0.1785
09 1147 0.1770
09 479 0.1759
09 668 0.1747
09 256 0.1732
09 995 0.1724
09 730 0.1715
09 1115 0.1715
09 939 0.1715
09 1461 0.1715
09 589 0.1708
09 673 0.1705
09 1226 0.1705
09 1278 0.1698
09 1386 0.1694
09 713 0.1689
09 848 0.1689
09 737 0.1681
09 210 0.1676
09 605 0.1675
09 661 0.1653
09 251 0.1650
09 816 0.1650
09 805 0.1642
09 1286 0.1640
09 1070 0.1637
09 811 0.1627
09 1508 0.1627
09 1354 0.1613
09 1012 0.1607
09 1383 0.1602
09 196 0.1595
09 461 0.1595
09 578 0.1588
09 292 0.1586
09 824 0.1584
09 799 0.1583
09 93 0.1583
09 267 0.1575
09 969 0.1575
09 348 0.1572
09 1420 0.1567
09 1479 0.1559
09 1263 0.1559
09 89 0.1551
09 1471 0.1551
09 164 0.1542
09 1297 0.1540
09 1522 0.1540
09 963 0.1538
09 504 0.1517
09 246 0.1516
09 1309 0.1515
09 949 0.1510
09 1536 0.1510
09 1113 0.1507
09 1016 0.1506
09 870 0.1498
09 1433 0.1488
09 555 0.1487
09 1082 0.1479
09 802 0.1471
09 439 0.1470
09 970 0.1464
09 519 0.1463
09 1331 0.1463
09 1140 0.1455
09 373 0.1454
09 464 0.1454
09 835 0.1454
09 1561 0.1454
09 1500 0.1446
09 601 0.1430
09 1365 0.1430
09 1441 0.1430
09 985 0.1429
09 1560 0.1427
09 566 0.1426
09 335 0.1424
09 741 0.1424
09 293 0.1415
09 207 0.1409
09 1158 0.1407
09 1539 0.1404
09 641 0.1400
09 1398 0.1394
09 342 0.1393
09 536 0.1379
09 847 0.1375
09 632 0.1372
09 1234 0.1372
09 1030 0.1370
09 946 0.1363
09 1558 0.1363
09 1239 0.1360
09 189 0.1356
09 711 0.1351
09 1100 0.1351
09 257 0.1345
09 1084 0.1343
09 906 0.1340
09 1050 0.1334
09 47 0.1333
09 823 0.1333
09 1467 0.1333
09 39 0.1326
09 1410 0.1324
09 1009 0.1323
09 1406 0.1323
09 789 0.1320
09 898 0.1314
09 790 0.1314
09 759 0.1312
09 977 0.1310
09 1436 0.1310
09 4 0.1302
09 393 0.1300
09 1200 0.1296
09 253 0.1284
09 628 0.1279
09 751 0.1278
09 366 0.1276
09 591 0.1268
09 700 0.1268
09 1058 0.1268
09 67 0.1267
09 559 0.1259
09 458 0.1251
09 451 0.1248
09 1065 0.1244
09 1187 0.1239
09 14 0.1238
09 1517 0.1237
09 1352 0.1230
09 1520 0.1228
09 1326 0.1227
09 66 0.1221
09 817 0.1216
09 942 0.1215
09 767 0.1213
09 996 0.1213
09 625 0.1208
09 107 0.1208
09 266 0.1208
09 1339 0.1203
09 1131 0.1201
09 296 0.1188
09 1530 0.1188
09 630 0.1183
09 1294 0.1181
09 1562 0.1180
09 669 0.1166
09 626 0.1161
09 407 0.1160
09 508 0.1145
09 268 0.1129
09 1308 0.1128
09 1465 0.1128
09 1501 0.1123
09 333 0.1123
09 705 0.1116
09 785 0.1116
09 1066 0.1116
09 1451 0.1102
09 1192 0.1098
09 119 0.1097
09 1109 0.1097
09 98 0.1096
09 64 0.1085
09 329 0.1081
09 660 0.1080
09 691 0.1074
09 627 0.1071
09 1085 0.1068
09 395 0.1068
09 657 0.1064
09 20 0.1061
09 1211 0.1059
09 462 0.1056
09 567 0.1055
09 806 0.1052
09 1222 0.1046
09 1443 0.1045
09 1122 0.1045
09 1273 0.1043
09 377 0.1040
09 484 0.1034
09 118 0.1032
09 283 0.1032
09 1207 0.1023
09 1514 0.1018
09 577 0.1015
09 573 0.1014
09 432 0.1014
09 878 0.1011
09 1021 0.1009
09 1442 0.1007
09 205 0.1003
09 1112 0.1001
09 1303 0.0999
09 917 0.0995
09 872 0.0990
09 1563 0.0990
09 331 0.0986
09 992 0.0981
09 1319 0.0980
09 336 0.0977
09 532 0.0970
09 465 0.0961
09 1245 0.0959
09 1469 0.0955
09 709 0.0947
09 106 0.0945
09 187 0.0943
09 213 0.0942
09 1083 0.0939
09 844 0.0934
09 622 0.0925
09 981 0.0919
09 1001 0.0917
09 138 0.0913
09 137 0.0903
09 411 0.0901
09 600 0.0899
09 663 0.0895
09 546 0.0893
09 983 0.0889
09 1061 0.0887
09 1415 0.0887
09 247 0.0878
09 117 0.0871
09 440 0.0871
09 1534 0.0871
09 784 0.0870
09 1330 0.0866
09 43 0.0857
09 287 0.0857
09 337 0.0857
09 340 0.0857
09 1033 0.0857
09 1077 0.0852
09 314 0.0851
09 602 0.0851
09 964 0.0851
09 623 0.0849
09 1240 0.0846
09 212 0.0846
09 19 0.0845
09 885 0.0841
09 88 0.0838
09 752 0.0838
09 1315 0.0838
09 174 0.0832
09 219 0.0832
09 704 0.0832
09 886 0.0826
09 948 0.0826
09 1581 0.0826
09 867 0.0825
09 972 0.0824
09 702 0.0821
09 565 0.0820
09 846 0.0819
09 485 0.0813
09 518 0.0797
09 1057 0.0797
09 1032 0.0793
09 636 0.0792
09 968 0.0792
09 397 0.0789
09 1380 0.0789
09 1422 0.0777
09 1515 0.0772
09 34 0.0767
09 214 0.0767
09 825 0.0767
09 1266 0.0767
09 173 0.0765
09 1203 0.0761
09 1141 0.0758
09 248 0.0758
09 195 0.0750
09 299 0.0750
09 163 0.0748
09 244 0.0748
09 1481 0.0748
09 699 0.0744
09 155 0.0744
09 896 0.0735
09 486 0.0735
09 179 0.0733
09 858 0.0733
09 2 0.0731
09 90 0.0731
09 537 0.0731
09 63 0.0727
09 1157 0.0727
09 468 0.0723
09 1553 0.0723
09 1062 0.0720
09 374 0.0715
09 1357 0.0715
09 717 0.0705
09 1054 0.0705
09 804 0.0704
09 65 0.0700
09 387 0.0700
09 311 0.0700
09 1049 0.0696
09 724 0.0693
09 760 0.0692
09 590 0.0691
09 1127 0.0689
09 776 0.0686
09 1150 0.0683
09 739 0.0680
09 418 0.0679
09 1000 0.0676
09 443 0.0674
09 560 0.0673
09 890 0.0666
09 38 0.0660
09 346 0.0660
09 677 0.0660
09 716 0.0660
09 631 0.0659
09 26 0.0654
09 1417 0.0653
09 355 0.0648
09 656 0.0648
09 937 0.0648
09 492 0.0645
09 1246 0.0645
09 1395 0.0645
09 1244 0.0642
09 435 0.0629
09 1078 0.0629
09 420 0.0626
09 1175 0.0624
09 1396 0.0624
09 1360 0.0619
09 406 0.0619
09 62 0.0616
09 597 0.0616
09 618 0.0616
09 728 0.0616
09 772 0.0616
09 883 0.0612
09 1373 0.0609
09 162 0.0606
09 1255 0.0604
09 321 0.0601
09 813 0.0599
09 167 0.0597
09 998 0.0597
09 1125 0.0597
09 1008 0.0595
09 438 0.0594
09 692 0.0593
09 178 0.0590
09 35 0.0588
09 1132 0.0586
09 309 0.0584
09 795 0.0584
09 905 0.0583
09 127 0.0580
09 923 0.0574
09 49 0.0572
09 109 0.0572
09 842 0.0572
09 773 0.0570
09 414 0.0568
09 243 0.0566
09 982 0.0564
09 1533 0.0564
09 108 0.0561
09 502 0.0561
09 1408 0.0561
09 380 0.0555
09 136 0.0555
09 330 0.0555
09 1492 0.0553
09 852 0.0551
09 635 0.0549
09 676 0.0547
09 1097 0.0545
09 316 0.0542
09 382 0.0542
09 779 0.0542
09 961 0.0538
09 1179 0.0536
09 528 0.0529
09 1260 0.0529
09 271 0.0528
09 994 0.0525
09 607 0.0523
09 1094 0.0523
09 1202 0.0522
09 259 0.0517
09 654 0.0517
09 1473 0.0517
09 467 0.0511
09 1178 0.0507
09 1511 0.0507
09 142 0.0506
09 1349 0.0500
09 509 0.0493
09 1344 0.0493
09 1388 0.0493
09 332 0.0490
09 584 0.0490
09 603 0.0490
09 719 0.0490
09 734 0.0490
09 851 0.0489
09 1375 0.0486
09 674 0.0484
09 925 0.0481
09 999 0.0481
09 1038 0.0480
09 1323 0.0474
09 1418 0.0472
09 416 0.0471
09 953 0.0471
09 1071 0.0471
09 11 0.0470
09 658 0.0468
09 924 0.0466
09 1292 0.0466
09 720 0.0462
09 965 0.0462
09 1421 0.0458
09 857 0.0457
09 449 0.0455
09 463 0.0454
09 579 0.0454
09 918 0.0453
09 52 0.0451
09 180 0.0450
09 1168 0.0450
09 1411 0.0450
09 531 0.0447
09 1116 0.0447
09 1402 0.0446
09 814 0.0443
09 1233 0.0443
09 161 0.0439
09 434 0.0439
09 91 0.0438
09 614 0.0436
09 428 0.0436
09 763 0.0436
09 1161 0.0436
09 1099 0.0434
09 473 0.0432
09 1052 0.0432
09 1152 0.0432
09 1257 0.0429
09 1176 0.0424
09 310 0.0422
09 391 0.0422
09 941 0.0422
09 1583 0.0422
09 1384 0.0420
09 1327 0.0419
09 1571 0.0419
09 914 0.0417
09 619 0.0416
09 1037 0.0416
09 122 0.0413
09 242 0.0413
09 506 0.0413
09 526 0.0413
09 672 0.0413
09 936 0.0413
09 1217 0.0413
09 230 0.0411
09 750 0.0410
09 1210 0.0409
09 1494 0.0409
09 1148 0.0409
09 642 0.0407
09 1542 0.0405
09 662 0.0404
09 1547 0.0404
09 77 0.0403
09 1046 0.0402
09 1103 0.0401
09 129 0.0399
09 951 0.0399
09 1460 0.0396
09 1456 0.0395
09 448 0.0393
09 933 0.0393
09 1247 0.0393
09 1235 0.0388
09 774 0.0386
09 350 0.0383
09 149 0.0381
09 991 0.0381
09 1114 0.0381
09 1337 0.0381
09 193 0.0379
09 427 0.0379
09 489 0.0379
09 599 0.0379
09 1393 0.0379
09 1224 0.0376
09 227 0.0374
09 797 0.0374
09 1237 0.0372
09 1279 0.0372
09 736 0.0368
09 1117 0.0368
09 592 0.0367
09 238 0.0366
09 1214 0.0366
09 222 0.0364
09 541 0.0360
09 755 0.0356
09 1047 0.0354
09 845 0.0352
09 431 0.0350
09 1506 0.0350
09 744 0.0348
09 147 0.0345
09 820 0.0341
09 87 0.0340
09 863 0.0339
09 215 0.0336
09 880 0.0335
09 1087 0.0335
09 1129 0.0332
09 200 0.0330
09 436 0.0330
09 1063 0.0330
09 1172 0.0330
09 372 0.0329
09 425 0.0329
09 610 0.0329
09 1289 0.0329
09 861 0.0326
09 1096 0.0326
09 349 0.0324
09 281 0.0323
09 361 0.0321
09 645 0.0321
09 650 0.0321
09 764 0.0321
09 912 0.0321
09 1180 0.0321
09 422 0.0320
09 1128 0.0318
09 201 0.0317
09 1346 0.0317
09 761 0.0316
09 1477 0.0316
09 533 0.0313
09 798 0.0313
09 1283 0.0312
09 317 0.0309
09 629 0.0309
09 1048 0.0309
09 1387 0.0307
09 1495 0.0306
09 252 0.0304
09 1350 0.0304
09 84 0.0303
09 194 0.0303
09 701 0.0303
09 1089 0.0303
09 1208 0.0303
09 1466 0.0302
09 447 0.0302
09 612 0.0301
09 919 0.0301
09 1190 0.0299
09 1498 0.0299
09 1528 0.0299
09 1162 0.0295
09 572 0.0294
09 60 0.0293
09 1548 0.0293
09 1045 0.0292
09 1370 0.0292
09 768 0.0291
09 1397 0.0291
09 392 0.0286
09 426 0.0286
09 466 0.0286
09 873 0.0283
09 1036 0.0283
09 3 0.0282
09 1243 0.0280
09 1379 0.0280
09 1118 0.0279
09 1403 0.0279
09 78 0.0278
09 836 0.0276
09 46 0.0274
09 648 0.0271
09 1267 0.0271
09 580 0.0269
09 980 0.0269
09 1088 0.0269
09 1253 0.0269
09 1335 0.0269
09 770 0.0268
09 216 0.0267
09 249 0.0264
09 390 0.0263
09 593 0.0263
09 962 0.0263
09 1329 0.0262
09 1374 0.0261
09 984 0.0260
09 1470 0.0259
09 748 0.0259
09 854 0.0259
09 1554 0.0259
09 1444 0.0257
09 1064 0.0256
09 402 0.0256
09 732 0.0256
09 1183 0.0256
09 1252 0.0255
09 681 0.0254
09 459 0.0251
09 272 0.0250
09 1510 0.0249
09 97 0.0248
09 507 0.0245
09 1432 0.0243
09 1185 0.0240
09 1142 0.0239
09 36 0.0237
09 1193 0.0236
09 696 0.0233
09 148 0.0231
09 1575 0.0231
09 99 0.0229
09 197 0.0229
09 1284 0.0229
09 1333 0.0229
09 1453 0.0228
09 114 0.0228
09 280 0.0227
09 1353 0.0227
09 1568 0.0225
09 512 0.0223
09 558 0.0221
09 647 0.0218
09 611 0.0216
09 971 0.0216
09 1580 0.0216
09 1205 0.0214
09 680 0.0213
09 1546 0.0212
09 169 0.0211
09 61 0.0210
09 1007 0.0209
09 895 0.0208
09 73 0.0208
09 262 0.0208
09 1272 0.0208
09 154 0.0206
09 226 0.0206
09 1146 0.0204
09 1184 0.0204
09 1454 0.0204
09 916 0.0201
09 1104 0.0199
09 1271 0.0198
09 139 0.0197
09 184 0.0195
09 921 0.0194
09 740 0.0193
09 1027 0.0192
09 305 0.0188
09 1578 0.0187
09 540 0.0185
09 81 0.0183
09 339 0.0181
09 1362 0.0178
09 437 0.0178
09 1300 0.0175
09 1371 0.0172
09 472 0.0172
09 322 0.0171
09 897 0.0170
09 8 0.0168
09 769 0.0165
09 1209 0.0165
09 525 0.0164
09 1268 0.0161
09 585 0.0160
09 112 0.0159
09 754 0.0159
09 575 0.0158
09 1348 0.0157
09 48 0.0156
09 412 0.0155
09 1521 0.0155
09 1091 0.0154
09 1155 0.0153
09 143 0.0153
09 1318 0.0153
09 371 0.0152
09 747 0.0150
09 1463 0.0150
09 891 0.0149
09 1313 0.0149
09 1074 0.0148
09 1474 0.0148
09 1225 0.0147
09 289 0.0146
09 871 0.0145
09 516 0.0145
09 312 0.0144
09 866 0.0143
09 651 0.0140
09 1133 0.0139
09 1336 0.0139
09 879 0.0133
09 1485 0.0131
09 1076 0.0131
09 904 0.0130
09 1170 0.0130
09 1020 0.0129
09 960 0.0128
09 1299 0.0125
09 786 0.0122
09 1487 0.0121
09 1363 0.0119
09 1014 0.0118
09 1280 0.0118
09 1483 0.0117
09 1409 0.0115
09 1317 0.0112
09 1328 0.0110
09 265 0.0108
09 909 0.0106
09 868 0.0100
09 1320 0.0099
09 1434 0.0095
09 1304 0.0095
10 1221 0.5943
10 245 0.5353
10 305 0.5159
10 1577 0.5078
10 328 0.4930
10 454 0.4825
10 944 0.4626
10 1310 0.4566
10 297 0.4532
10 1290 0.4489
10 593 0.4406
10 423 0.4390
10 1102 0.4352
10 665 0.4247
10 362 0.4197
10 1564 0.4185
10 381 0.4152
10 897 0.4137
10 1374 0.4103
10 991 0.4062
10 1264 0.4023
10 438 0.4020
10 816 0.4020
10 401 0.3942
10 215 0.3869
10 1166 0.3695
10 265 0.3604
10 1193 0.3595
10 95 0.3582
10 1128 0.3549
10 428 0.3537
10 157 0.3526
10 1134 0.3458
10 366 0.3455
10 349 0.3454
10 636 0.3417
10 1137 0.3389
10 798 0.3337
10 1000 0.3335
10 1151 0.3333
10 679 0.3303
10 94 0.3180
10 484 0.3149
10 854 0.3149
10 53 0.3072
10 447 0.3065
10 424 0.3031
10 785 0.3021
10 945 0.2965
10 516 0.2942
10 70 0.2935
10 1321 0.2920
10 49 0.2901
10 485 0.2890
10 1177 0.2888
10 658 0.2849
10 436 0.2848
10 938 0.2843
10 13 0.2814
10 1127 0.2799
10 1567 0.2785
10 1010 0.2761
10 672 0.2724
10 497 0.2687
10 241 0.2680
10 716 0.2680
10 1573 0.2680
10 434 0.2675
10 1161 0.2653
10 904 0.2632
10 1052 0.2632
10 102 0.2609
10 1536 0.2606
10 230 0.2605
10 585 0.2597
10 786 0.2591
10 680 0.2591
10 1311 0.2591
10 892 0.2571
10 88 0.2552
10 103 0.2543
10 15 0.2541
10 572 0.2538
10 574 0.2533
10 1345 0.2532
10 1187 0.2515
10 760 0.2508
10 334 0.2493
10 1534 0.2474
10 40 0.2472
10 446 0.2455
10 477 0.2447
10 1313 0.2415
10 1074 0.2406
10 933 0.2396
10 156 0.2388
10 1174 0.2362
10 1365 0.2359
10 170 0.2354
10 229 0.2347
10 1063 0.2345
10 1165 0.2321
10 280 0.2306
10 902 0.2305
10 515 0.2304
10 30 0.2289
10 1491 0.2259
10 119 0.2227
10 257 0.2219
10 1469 0.2216
10 1494 0.2216
10 1541 0.2176
10 331 0.2168
10 437 0.2163
10 258 0.2155
10 824 0.2143
10 649 0.2132
10 1222 0.2124
10 250 0.2113
10 41 0.2076
10 435 0.2074
10 525 0.2001
10 507 0.1989
10 817 0.1974
10 281 0.1965
10 1490 0.1965
10 327 0.1959
10 319 0.1931
10 1160 0.1931
10 329 0.1921
10 1175 0.1900
10 1283 0.1899
10 375 0.1895
10 335 0.1879
10 148 0.1878
10 243 0.1866
10 535 0.1861
10 300 0.1859
10 753 0.1854
10 1350 0.1854
10 32 0.1845
10 625 0.1839
10 1272 0.1791
10 1225 0.1785
10 452 0.1772
10 577 0.1765
10 1580 0.1755
10 961 0.1748
10 249 0.1741
10 1130 0.1727
10 169 0.1714
10 908 0.1706
10 192 0.1701
10 752 0.1701
10 1327 0.1701
10 705 0.1699
10 261 0.1694
10 526 0.1677
10 251 0.1675
10 1464 0.1670
10 211 0.1653
10 910 0.1642
10 662 0.1641
10 312 0.1607
10 448 0.1597
10 1132 0.1587
10 657 0.1579
10 517 0.1547
10 449 0.1539
10 193 0.1538
10 427 0.1538
10 272 0.1524
10 299 0.1524
10 867 0.1508
10 508 0.1494
10 595 0.1494
10 617 0.1493
10 210 0.1489
10 4 0.1487
10 356 0.1476
10 422 0.1461
10 478 0.1452
10 50 0.1451
10 1164 0.1442
10 670 0.1439
10 123 0.1421
10 183 0.1414
10 1466 0.1412
10 1476 0.1405
10 730 0.1393
10 1080 0.1393
10 676 0.1388
10 1150 0.1386
10 486 0.1385
10 176 0.1383
10 493 0.1383
10 1079 0.1383
10 351 0.1377
10 298 0.1366
10 578 0.1343
10 425 0.1334
10 24 0.1326
10 924 0.1326
10 376 0.1316
10 864 0.1316
10 445 0.1312
10 870 0.1303
10 1340 0.1299
10 1552 0.1293
10 1346 0.1287
10 848 0.1286
10 1342 0.1271
10 1348 0.1271
10 1291 0.1267
10 320 0.1251
10 474 0.1251
10 638 0.1251
10 344 0.1240
10 246 0.1231
10 1376 0.1231
10 1185 0.1219
10 1057 0.1214
10 998 0.1212
10 581 0.1173
10 1421 0.1163
10 392 0.1161
10 426 0.1161
10 336 0.1157
10 1096 0.1157
10 741 0.1157
10 482 0.1151
10 873 0.1149
10 564 0.1146
10 1354 0.1146
10 1133 0.1130
10 494 0.1113
10 1070 0.1108
10 648 0.1101
10 1041 0.1101
10 555 0.1098
10 939 0.1088
10 501 0.1062
10 1565 0.1062
10 262 0.1056
10 524 0.1050
10 472 0.1046
10 1526 0.1040
10 960 0.1038
10 1189 0.1038
10 1207 0.1038
10 1073 0.1027
10 1462 0.1027
10 668 0.1026
10 561 0.1024
10 793 0.1019
10 1349 0.1016
10 1533 0.1002
10 603 0.0995
10 179 0.0992
10 851 0.0992
10 937 0.0987
10 330 0.0985
10 532 0.0985
10 674 0.0983
10 740 0.0979
10 774 0.0979
10 833 0.0975
10 1446 0.0967
10 1240 0.0966
10 931 0.0966
10 940 0.0966
10 1301 0.0966
10 101 0.0966
10 576 0.0959
10 615 0.0930
10 841 0.0930
10 63 0.0923
10 93 0.0918
10 839 0.0914
10 233 0.0909
10 950 0.0909
10 510 0.0909
10 794 0.0907
10 1419 0.0906
10 681 0.0901
10 582 0.0899
10 1451 0.0895
10 795 0.0889
10 1370 0.0889
10 65 0.0888
10 1506 0.0888
10 1065 0.0884
10 514 0.0879
10 1120 0.0879
10 1159 0.0864
10 974 0.0862
10 640 0.0859
10 742 0.0857
10 799 0.0857
10 1347 0.0854
10 1384 0.0853
10 367 0.0851
10 1078 0.0851
10 291 0.0849
10 1171 0.0845
10 712 0.0844
10 1516 0.0843
10 936 0.0838
10 948 0.0838
10 1360 0.0838
10 695 0.0836
10 932 0.0836
10 1111 0.0835
10 1452 0.0832
10 26 0.0830
10 66 0.0826
10 642 0.0826
10 942 0.0822
10 529 0.0816
10 869 0.0813
10 1372 0.0804
10 1308 0.0802
10 761 0.0801
10 1069 0.0801
10 394 0.0801
10 806 0.0801
10 178 0.0799
10 1247 0.0799
10 1219 0.0796
10 152 0.0787
10 654 0.0787
10 703 0.0783
10 1406 0.0783
10 371 0.0772
10 303 0.0770
10 39 0.0769
10 489 0.0769
10 599 0.0769
10 722 0.0766
10 1016 0.0764
10 1223 0.0764
10 52 0.0763
10 108 0.0760
10 333 0.0760
10 502 0.0760
10 780 0.0760
10 812 0.0760
10 1436 0.0760
10 805 0.0758
10 1443 0.0758
10 1008 0.0755
10 552 0.0747
10 592 0.0744
10 1314 0.0744
10 151 0.0742
10 1513 0.0742
10 255 0.0728
10 1362 0.0722
10 1364 0.0718
10 1036 0.0718
10 271 0.0714
10 804 0.0714
10 273 0.0711
10 431 0.0711
10 1475 0.0711
10 836 0.0701
10 684 0.0700
10 1371 0.0700
10 27 0.0698
10 1333 0.0698
10 857 0.0696
10 1343 0.0696
10 18 0.0692
10 946 0.0692
10 54 0.0689
10 370 0.0689
10 1549 0.0689
10 232 0.0686
10 1168 0.0686
10 8 0.0683
10 710 0.0683
10 856 0.0683
10 954 0.0680
10 1341 0.0680
10 832 0.0680
10 838 0.0680
10 1087 0.0680
10 469 0.0676
10 496 0.0676
10 1467 0.0676
10 181 0.0674
10 421 0.0674
10 33 0.0670
10 38 0.0670
10 121 0.0670
10 278 0.0670
10 288 0.0670
10 190 0.0670
10 1423 0.0667
10 994 0.0666
10 992 0.0664
10 117 0.0663
10 1273 0.0662
10 861 0.0661
10 1023 0.0658
10 664 0.0653
10 128 0.0652
10 810 0.0649
10 591 0.0644
10 928 0.0643
10 397 0.0641
10 1512 0.0641
10 187 0.0638
10 637 0.0638
10 1031 0.0638
10 1418 0.0638
10 205 0.0636
10 207 0.0636
10 282 0.0636
10 533 0.0636
10 1083 0.0636
10 788 0.0630
10 1556 0.0630
10 542 0.0628
10 796 0.0628
10 383 0.0625
10 1091 0.0625
10 1401 0.0625
10 1522 0.0625
10 734 0.0622
10 318 0.0620
10 979 0.0615
10 989 0.0615
10 1296 0.0615
10 1576 0.0615
10 949 0.0613
10 1194 0.0613
10 999 0.0611
10 566 0.0610
10 1104 0.0607
10 819 0.0606
10 1531 0.0602
10 1474 0.0599
10 655 0.0595
10 858 0.0595
10 308 0.0594
10 407 0.0588
10 667 0.0588
10 784 0.0588
10 1428 0.0588
10 929 0.0584
10 350 0.0584
10 1075 0.0582
10 842 0.0580
10 1309 0.0577
10 1238 0.0569
10 699 0.0566
10 380 0.0563
10 1249 0.0563
10 125 0.0559
10 972 0.0557
10 1241 0.0557
10 1405 0.0557
10 173 0.0555
10 1210 0.0554
10 739 0.0552
10 189 0.0550
10 997 0.0550
10 1108 0.0550
10 1212 0.0550
10 1053 0.0545
10 822 0.0544
10 1248 0.0544
10 216 0.0542
10 1383 0.0542
10 909 0.0540
10 781 0.0539
10 727 0.0537
10 1260 0.0537
10 462 0.0536
10 1356 0.0529
10 737 0.0525
10 1115 0.0522
10 1064 0.0520
10 549 0.0520
10 967 0.0520
10 1394 0.0519
10 1332 0.0518
10 598 0.0517
10 623 0.0517
10 1068 0.0517
10 19 0.0515
10 988 0.0515
10 6 0.0513
10 878 0.0513
10 171 0.0512
10 1544 0.0512
10 880 0.0510
10 404 0.0509
10 1224 0.0509
10 868 0.0508
10 620 0.0498
10 359 0.0497
10 1358 0.0495
10 1355 0.0493
10 911 0.0492
10 465 0.0488
10 1363 0.0484
10 633 0.0483
10 365 0.0479
10 1028 0.0479
10 213 0.0478
10 953 0.0478
10 1483 0.0475
10 369 0.0474
10 920 0.0474
10 958 0.0474
10 720 0.0469
10 1386 0.0469
10 1429 0.0463
10 114 0.0462
10 634 0.0461
10 1367 0.0461
10 1431 0.0461
10 829 0.0459
10 787 0.0455
10 531 0.0453
10 906 0.0453
10 161 0.0446
10 357 0.0444
10 337 0.0435
10 866 0.0435
10 978 0.0435
10 985 0.0435
10 1416 0.0435
10 1044 0.0432
10 160 0.0432
10 563 0.0432
10 1399 0.0432
10 7 0.0429
10 310 0.0429
10 1583 0.0429
10 651 0.0426
10 1571 0.0425
10 619 0.0422
10 704 0.0422
10 934 0.0422
10 1037 0.0422
10 590 0.0421
10 242 0.0419
10 1026 0.0419
10 1581 0.0419
10 1459 0.0418
10 966 0.0413
10 1146 0.0413
10 9 0.0410
10 1253 0.0409
10 518 0.0405
10 1271 0.0401
10 390 0.0401
10 1270 0.0398
10 1329 0.0398
10 984 0.0396
10 217 0.0395
10 1422 0.0394
10 44 0.0390
10 338 0.0390
10 1195 0.0389
10 1155 0.0388
10 503 0.0387
10 1050 0.0387
10 268 0.0382
10 459 0.0382
10 759 0.0380
10 188 0.0380
10 606 0.0380
10 977 0.0380
10 172 0.0378
10 1082 0.0375
10 736 0.0373
10 802 0.0373
10 81 0.0371
10 90 0.0371
10 238 0.0371
10 1017 0.0371
10 222 0.0369
10 1543 0.0369
10 225 0.0367
10 1216 0.0367
10 600 0.0365
10 31 0.0363
10 69 0.0363
10 83 0.0363
10 709 0.0360
10 293 0.0359
10 11 0.0358
10 387 0.0355
10 969 0.0355
10 744 0.0354
10 550 0.0353
10 1420 0.0353
10 1113 0.0353
10 724 0.0352
10 1330 0.0352
10 1479 0.0352
10 557 0.0350
10 706 0.0350
10 209 0.0348
10 415 0.0348
10 632 0.0348
10 687 0.0348
10 820 0.0346
10 900 0.0346
10 930 0.0346
10 475 0.0343
10 131 0.0341
10 456 0.0341
10 653 0.0338
10 669 0.0338
10 726 0.0337
10 1129 0.0337
10 767 0.0336
10 74 0.0335
10 177 0.0335
10 346 0.0335
10 872 0.0335
10 1569 0.0335
10 1572 0.0335
10 509 0.0333
10 21 0.0330
10 887 0.0330
10 1458 0.0330
10 894 0.0330
10 355 0.0329
10 656 0.0329
10 1246 0.0328
10 1395 0.0328
10 361 0.0326
10 645 0.0326
10 912 0.0326
10 975 0.0326
10 1268 0.0326
10 628 0.0325
10 604 0.0323
10 862 0.0322
10 700 0.0322
10 754 0.0322
10 1058 0.0322
10 1477 0.0321
10 973 0.0319
10 837 0.0318
10 860 0.0318
10 412 0.0315
10 589 0.0315
10 406 0.0314
10 629 0.0314
10 1517 0.0314
10 1302 0.0314
10 597 0.0313
10 772 0.0313
10 849 0.0313
10 1326 0.0311
10 252 0.0309
10 1022 0.0309
10 1030 0.0309
10 363 0.0308
10 701 0.0308
10 239 0.0304
10 959 0.0304
10 294 0.0303
10 888 0.0303
10 1125 0.0303
10 1377 0.0302
10 35 0.0299
10 1548 0.0297
10 1204 0.0295
10 490 0.0292
10 43 0.0290
10 399 0.0290
10 414 0.0288
10 3 0.0287
10 218 0.0286
10 25 0.0282
10 685 0.0282
10 1144 0.0281
10 1156 0.0281
10 82 0.0280
10 635 0.0279
10 124 0.0275
10 1524 0.0274
10 1335 0.0273
10 511 0.0269
10 528 0.0269
10 538 0.0269
10 583 0.0269
10 1461 0.0268
10 115 0.0265
10 1072 0.0265
10 1439 0.0263
10 89 0.0262
10 223 0.0262
10 259 0.0262
10 1392 0.0262
10 1554 0.0262
10 1574 0.0262
10 444 0.0259
10 467 0.0259
10 732 0.0259
10 1252 0.0259
10 142 0.0257
10 791 0.0257
10 803 0.0257
10 1126 0.0257
10 264 0.0254
10 408 0.0254
10 1112 0.0254
10 1198 0.0254
10 14 0.0251
10 97 0.0251
10 166 0.0249
10 368 0.0249
10 439 0.0249
10 719 0.0249
10 1298 0.0249
10 1382 0.0249
10 1278 0.0246
10 1432 0.0246
10 491 0.0244
10 1441 0.0242
10 588 0.0241
10 164 0.0241
10 1294 0.0240
10 302 0.0237
10 522 0.0237
10 696 0.0237
10 1236 0.0237
10 622 0.0235
10 1287 0.0235
10 137 0.0229
10 22 0.0229
10 180 0.0229
10 1425 0.0228
10 663 0.0227
10 141 0.0225
10 901 0.0225
10 1055 0.0223
10 1496 0.0223
10 440 0.0221
10 763 0.0221
10 1086 0.0220
10 473 0.0219
10 609 0.0219
10 660 0.0219
10 1121 0.0219
10 221 0.0216
10 29 0.0214
10 527 0.0214
10 713 0.0214
10 941 0.0214
10 106 0.0213
10 559 0.0213
10 1101 0.0211
10 73 0.0211
10 377 0.0211
10 683 0.0211
10 122 0.0210
10 154 0.0210
10 1325 0.0210
10 150 0.0208
10 565 0.0208
10 1107 0.0207
10 1262 0.0207
10 86 0.0205
10 162 0.0205
10 916 0.0204
10 129 0.0202
10 196 0.0202
10 296 0.0201
10 1562 0.0200
10 126 0.0198
10 184 0.0198
10 345 0.0198
10 479 0.0198
10 905 0.0197
10 921 0.0197
10 165 0.0196
10 441 0.0196
10 1515 0.0196
10 34 0.0195
10 149 0.0193
10 28 0.0192
10 733 0.0192
10 1407 0.0192
10 163 0.0190
10 244 0.0190
10 1066 0.0189
10 1135 0.0189
10 540 0.0188
10 553 0.0188
10 714 0.0187
10 208 0.0186
10 537 0.0186
10 1214 0.0186
10 771 0.0185
10 120 0.0185
10 835 0.0185
10 339 0.0183
10 468 0.0183
10 541 0.0182
10 374 0.0181
10 907 0.0181
10 20 0.0180
10 1040 0.0179
10 613 0.0178
10 267 0.0178
10 487 0.0178
10 815 0.0178
10 1557 0.0178
10 342 0.0177
10 1122 0.0177
10 1338 0.0177
10 1480 0.0175
10 995 0.0175
10 1473 0.0175
10 1499 0.0174
10 729 0.0173
10 322 0.0173
10 87 0.0172
10 418 0.0172
10 12 0.0172
10 1178 0.0172
10 917 0.0168
10 1172 0.0168
10 922 0.0167
10 1289 0.0167
10 1457 0.0167
10 1229 0.0166
10 144 0.0163
10 430 0.0163
10 650 0.0163
10 269 0.0162
10 666 0.0162
10 986 0.0162
10 112 0.0161
10 201 0.0161
10 1032 0.0161
10 1368 0.0161
10 575 0.0160
10 17 0.0160
10 348 0.0160
10 98 0.0159
10 48 0.0158
10 1263 0.0158
10 935 0.0156
10 1141 0.0154
10 918 0.0153
10 1196 0.0153
10 612 0.0153
10 1227 0.0153
10 1339 0.0153
10 813 0.0152
10 1538 0.0152
10 1153 0.0152
10 1528 0.0152
10 891 0.0151
10 1381 0.0150
10 1455 0.0150
10 1090 0.0149
10 91 0.0148
10 289 0.0148
10 790 0.0148
10 1045 0.0148
10 1140 0.0148
10 715 0.0147
10 947 0.0147
10 1390 0.0147
10 498 0.0147
10 75 0.0146
10 450 0.0146
10 466 0.0145
10 915 0.0145
10 1077 0.0144
10 1540 0.0144
10 1054 0.0143
10 304 0.0142
10 1579 0.0142
10 1369 0.0142
10 1505 0.0142
10 914 0.0141
10 1230 0.0141
10 136 0.0141
10 46 0.0139
10 702 0.0139
10 765 0.0137
10 77 0.0136
10 1084 0.0136
10 186 0.0136
10 1503 0.0136
10 567 0.0134
10 707 0.0134
10 962 0.0134
10 1456 0.0134
10 1202 0.0132
10 1470 0.0132
10 882 0.0130
10 1275 0.0130
10 402 0.0130
10 751 0.0130
10 521 0.0129
10 573 0.0129
10 504 0.0128
10 1299 0.0127
10 1510 0.0126
10 520 0.0126
10 883 0.0124
10 896 0.0124
10 1095 0.0124
10 519 0.0124
10 1487 0.0123
10 925 0.0122
10 1410 0.0122
10 1280 0.0119
10 1158 0.0119
10 1539 0.0119
10 253 0.0118
10 5 0.0116
10 99 0.0116
10 863 0.0115
10 1465 0.0115
10 1317 0.0114
10 1116 0.0113
10 1061 0.0113
10 266 0.0111
10 1288 0.0110
10 783 0.0109
10 1205 0.0109
10 395 0.0108
10 895 0.0106
10 1119 0.0104
10 1501 0.0104
10 1542 0.0103
10 749 0.0100
10 240 0.0098
10 1486 0.0096
10 1442 0.0093
10 1444 0.0087
11 897 0.5717
11 1177 0.5388
11 1321 0.4842
11 679 0.4564
11 716 0.4444
11 245 0.4438
11 665 0.4402
11 944 0.4384
11 1577 0.4211
11 1469 0.4134
11 1063 0.3889
11 423 0.3832
11 193 0.3825
11 1334 0.3762
11 297 0.3757
11 1160 0.3736
11 454 0.3693
11 798 0.3689
11 1102 0.3608
11 1290 0.3573
11 1536 0.3558
11 593 0.3542
11 1534 0.3517
11 1166 0.3502
11 484 0.3482
11 328 0.3443
11 381 0.3443
11 816 0.3333
11 401 0.3269
11 1564 0.3266
11 265 0.3260
11 1552 0.3216
11 991 0.3208
11 1264 0.3203
11 1374 0.3073
11 246 0.3062
11 1221 0.3032
11 215 0.3019
11 1313 0.3004
11 95 0.2970
11 572 0.2970
11 428 0.2933
11 870 0.2881
11 1134 0.2867
11 680 0.2864
11 1128 0.2854
11 362 0.2841
11 1193 0.2782
11 658 0.2756
11 485 0.2739
11 349 0.2728
11 281 0.2716
11 1333 0.2700
11 877 0.2694
11 585 0.2692
11 1310 0.2673
11 636 0.2667
11 760 0.2662
11 854 0.2611
11 1000 0.2602
11 41 0.2582
11 53 0.2547
11 447 0.2542
11 1223 0.2535
11 424 0.2513
11 785 0.2505
11 88 0.2469
11 119 0.2462
11 1513 0.2462
11 356 0.2448
11 94 0.2397
11 824 0.2369
11 649 0.2357
11 550 0.2345
11 945 0.2341
11 250 0.2335
11 1127 0.2321
11 1242 0.2315
11 1421 0.2315
11 1567 0.2309
11 257 0.2265
11 436 0.2222
11 434 0.2218
11 904 0.2182
11 1490 0.2173
11 70 0.2163
11 102 0.2163
11 366 0.2148
11 1346 0.2135
11 892 0.2132
11 103 0.2108
11 1345 0.2099
11 672 0.2085
11 948 0.2085
11 1187 0.2085
11 1360 0.2085
11 13 0.2074
11 230 0.2074
11 1449 0.2062
11 535 0.2057
11 1466 0.2036
11 438 0.2000
11 1074 0.1995
11 933 0.1987
11 156 0.1980
11 497 0.1980
11 170 0.1952
11 516 0.1952
11 49 0.1925
11 1165 0.1925
11 902 0.1911
11 30 0.1898
11 446 0.1879
11 1491 0.1873
11 334 0.1837
11 1070 0.1837
11 1494 0.1837
11 1365 0.1806
11 477 0.1803
11 229 0.1796
11 1362 0.1796
11 437 0.1794
11 258 0.1786
11 249 0.1776
11 938 0.1768
11 1222 0.1761
11 1342 0.1757
11 439 0.1650
11 507 0.1650
11 1096 0.1644
11 786 0.1637
11 817 0.1637
11 1375 0.1637
11 430 0.1622
11 319 0.1601
11 1285 0.1601
11 375 0.1571
11 148 0.1557
11 557 0.1550
11 753 0.1537
11 1350 0.1537
11 114 0.1533
11 32 0.1529
11 280 0.1529
11 493 0.1529
11 40 0.1491
11 1225 0.1480
11 71 0.1478
11 795 0.1474
11 452 0.1469
11 577 0.1464
11 1052 0.1455
11 1580 0.1455
11 929 0.1454
11 335 0.1438
11 602 0.1432
11 1130 0.1432
11 243 0.1429
11 169 0.1421
11 908 0.1414
11 192 0.1411
11 752 0.1411
11 1327 0.1411
11 262 0.1400
11 574 0.1400
11 1175 0.1400
11 526 0.1390
11 1010 0.1374
11 211 0.1370
11 300 0.1370
11 344 0.1370
11 329 0.1365
11 448 0.1325
11 1307 0.1325
11 1202 0.1317
11 1132 0.1316
11 327 0.1299
11 427 0.1275
11 305 0.1267
11 828 0.1267
11 606 0.1260
11 705 0.1252
11 1433 0.1252
11 1082 0.1245
11 617 0.1238
11 537 0.1231
11 15 0.1204
11 478 0.1204
11 1441 0.1204
11 123 0.1179
11 431 0.1179
11 183 0.1172
11 1420 0.1172
11 1476 0.1165
11 995 0.1161
11 1371 0.1161
11 45 0.1155
11 730 0.1155
11 1080 0.1155
11 676 0.1151
11 1025 0.1149
11 1150 0.1149
11 351 0.1142
11 298 0.1132
11 251 0.1111
11 288 0.1111
11 1573 0.1111
11 331 0.1106
11 425 0.1106
11 508 0.1101
11 595 0.1101
11 376 0.1091
11 864 0.1091
11 492 0.1086
11 422 0.1077
11 1340 0.1077
11 1164 0.1063
11 1348 0.1054
11 1302 0.1040
11 320 0.1037
11 597 0.1037
11 638 0.1037
11 772 0.1037
11 1401 0.1037
11 474 0.1037
11 549 0.1035
11 449 0.1021
11 1208 0.1021
11 233 0.1005
11 1312 0.0997
11 581 0.0972
11 312 0.0969
11 50 0.0962
11 426 0.0962
11 741 0.0959
11 873 0.0952
11 1176 0.0952
11 759 0.0946
11 206 0.0937
11 261 0.0937
11 1133 0.0937
11 1492 0.0930
11 189 0.0913
11 648 0.0913
11 1041 0.0913
11 1508 0.0913
11 555 0.0910
11 1250 0.0910
11 627 0.0902
11 1383 0.0899
11 511 0.0891
11 578 0.0891
11 806 0.0886
11 1565 0.0880
11 445 0.0870
11 524 0.0870
11 1444 0.0865
11 185 0.0861
11 960 0.0861
11 1189 0.0861
11 1207 0.0861
11 1073 0.0851
11 404 0.0844
11 299 0.0842
11 1112 0.0842
11 1169 0.0842
11 1349 0.0842
11 14 0.0833
11 603 0.0825
11 179 0.0823
11 532 0.0816
11 833 0.0808
11 1363 0.0803
11 1301 0.0801
11 1516 0.0799
11 709 0.0797
11 720 0.0778
11 841 0.0772
11 93 0.0761
11 1308 0.0760
11 22 0.0758
11 839 0.0758
11 1568 0.0758
11 24 0.0733
11 1023 0.0727
11 337 0.0722
11 964 0.0716
11 1159 0.0716
11 799 0.0711
11 848 0.0711
11 1347 0.0708
11 210 0.0705
11 1078 0.0705
11 1306 0.0705
11 135 0.0700
11 712 0.0700
11 1037 0.0700
11 1291 0.0700
11 886 0.0695
11 1286 0.0690
11 1452 0.0690
11 1526 0.0690
11 58 0.0685
11 66 0.0685
11 642 0.0685
11 942 0.0682
11 793 0.0676
11 129 0.0671
11 1057 0.0671
11 1247 0.0662
11 165 0.0650
11 703 0.0650
11 740 0.0650
11 774 0.0650
11 1043 0.0645
11 1245 0.0645
11 503 0.0642
11 517 0.0642
11 1434 0.0642
11 1446 0.0642
11 39 0.0638
11 489 0.0638
11 599 0.0638
11 1016 0.0634
11 502 0.0630
11 780 0.0630
11 812 0.0630
11 1408 0.0630
11 1436 0.0630
11 1450 0.0626
11 380 0.0623
11 1092 0.0623
11 1154 0.0623
11 157 0.0615
11 1111 0.0615
11 63 0.0612
11 120 0.0612
11 222 0.0612
11 1500 0.0609
11 910 0.0605
11 510 0.0603
11 1364 0.0595
11 804 0.0592
11 487 0.0589
11 1120 0.0583
11 536 0.0580
11 684 0.0580
11 729 0.0575
11 967 0.0574
11 1511 0.0569
11 560 0.0566
11 291 0.0563
11 838 0.0563
11 469 0.0561
11 496 0.0561
11 823 0.0561
11 1171 0.0561
11 74 0.0556
11 509 0.0553
11 525 0.0553
11 1423 0.0553
11 26 0.0550
11 1246 0.0543
11 1354 0.0543
11 840 0.0541
11 810 0.0538
11 1123 0.0538
11 591 0.0534
11 397 0.0531
11 1069 0.0531
11 637 0.0529
11 1031 0.0529
11 533 0.0527
11 1083 0.0527
11 788 0.0523
11 1424 0.0523
11 542 0.0521
11 796 0.0521
11 383 0.0518
11 1091 0.0518
11 979 0.0510
11 625 0.0508
11 1255 0.0508
11 1339 0.0506
11 566 0.0505
11 1008 0.0501
11 1419 0.0501
11 1455 0.0499
11 1531 0.0499
11 723 0.0493
11 858 0.0493
11 289 0.0491
11 1370 0.0491
11 1054 0.0475
11 1049 0.0468
11 330 0.0467
11 836 0.0465
11 695 0.0462
11 1210 0.0459
11 731 0.0456
11 1084 0.0452
11 781 0.0447
11 190 0.0444
11 994 0.0442
11 616 0.0435
11 1064 0.0432
11 1394 0.0430
11 1332 0.0429
11 1224 0.0422
11 333 0.0420
11 1481 0.0420
11 97 0.0417
11 896 0.0412
11 592 0.0411
11 1358 0.0410
11 594 0.0400
11 365 0.0397
11 576 0.0397
11 1028 0.0397
11 308 0.0394
11 1483 0.0394
11 744 0.0391
11 5 0.0386
11 1034 0.0382
11 787 0.0377
11 357 0.0368
11 909 0.0358
11 1240 0.0356
11 486 0.0353
11 966 0.0343
11 321 0.0337
11 1271 0.0333
11 3 0.0317
11 668 0.0309
12 947 0.5855
12 1513 0.5539
12 510 0.5425
12 986 0.5361
12 1194 0.5083
12 1457 0.4977
12 430 0.4867
12 576 0.4770
12 1120 0.4666
12 290 0.4506
12 469 0.4486
12 190 0.4441
12 1123 0.4307
12 1476 0.4272
12 1069 0.4252
12 480 0.4214
12 342 0.4103
12 1285 0.4003
12 1478 0.3928
12 1195 0.3873
12 794 0.3758
12 446 0.3757
12 379 0.3752
12 945 0.3746
12 82 0.3710
12 837 0.3689
12 307 0.3629
12 978 0.3608
12 29 0.3553
12 742 0.3553
12 284 0.3536
12 487 0.3536
12 1419 0.3504
12 1523 0.3501
12 217 0.3491
12 1286 0.3450
12 444 0.3443
12 54 0.3430
12 344 0.3426
12 1262 0.3426
12 1147 0.3405
12 251 0.3333
12 816 0.3333
12 1361 0.3318
12 439 0.3299
12 1382 0.3299
12 479 0.3290
12 695 0.3236
12 503 0.3208
12 862 0.3204
12 799 0.3198
12 731 0.3195
12 164 0.3195
12 1407 0.3188
12 987 0.3176
12 470 0.3169
12 589 0.3136
12 1226 0.3091
12 1331 0.3077
12 246 0.3062
12 326 0.3062
12 979 0.3062
12 996 0.3062
12 1100 0.3032
12 562 0.3015
12 805 0.3015
12 661 0.2996
12 191 0.2993
12 293 0.2977
12 1009 0.2969
12 824 0.2962
12 267 0.2946
12 969 0.2946
12 1420 0.2931
12 256 0.2916
12 1479 0.2916
12 995 0.2901
12 730 0.2887
12 939 0.2887
12 1115 0.2887
12 985 0.2887
12 335 0.2877
12 1077 0.2867
12 1278 0.2858
12 19 0.2844
12 713 0.2843
12 210 0.2821
12 605 0.2819
12 1028 0.2782
12 789 0.2778
12 1070 0.2756
12 1113 0.2731
12 555 0.2730
12 1355 0.2728
12 1012 0.2705
12 1383 0.2697
12 461 0.2685
12 578 0.2673
12 292 0.2669
12 93 0.2665
12 1461 0.2665
12 673 0.2649
12 348 0.2646
12 207 0.2635
12 1263 0.2624
12 89 0.2611
12 1297 0.2593
12 1522 0.2592
12 963 0.2588
12 1050 0.2566
12 1030 0.2562
12 504 0.2554
12 39 0.2550
12 1093 0.2542
12 1536 0.2542
12 1016 0.2535
12 195 0.2526
12 458 0.2526
12 977 0.2520
12 705 0.2505
12 1066 0.2505
12 14 0.2500
12 1082 0.2490
12 802 0.2476
12 519 0.2462
12 1109 0.2462
12 790 0.2457
12 373 0.2448
12 835 0.2448
12 811 0.2434
12 600 0.2421
12 601 0.2408
12 1365 0.2408
12 1441 0.2408
12 1560 0.2402
12 741 0.2397
12 1158 0.2368
12 1539 0.2362
12 253 0.2357
12 641 0.2357
12 1398 0.2346
12 536 0.2321
12 847 0.2315
12 1459 0.2311
12 632 0.2309
12 1234 0.2309
12 946 0.2294
12 1239 0.2289
12 432 0.2276
12 630 0.2276
12 566 0.2274
12 711 0.2274
12 970 0.2274
12 257 0.2265
12 1084 0.2261
12 906 0.2255
12 47 0.2243
12 669 0.2243
12 626 0.2233
12 107 0.2218
12 266 0.2218
12 898 0.2212
12 759 0.2208
12 508 0.2202
12 1200 0.2182
12 660 0.2182
12 1354 0.2173
12 668 0.2166
12 1033 0.2165
12 366 0.2148
12 591 0.2135
12 1058 0.2135
12 848 0.2132
12 559 0.2120
12 98 0.2108
12 377 0.2100
12 451 0.2100
12 333 0.2100
12 1065 0.2094
12 118 0.2085
12 283 0.2085
12 948 0.2085
12 1187 0.2085
12 1581 0.2085
12 1517 0.2082
12 62 0.2074
12 1520 0.2067
12 691 0.2066
12 1501 0.2063
12 66 0.2056
12 817 0.2046
12 942 0.2045
12 625 0.2033
12 949 0.2033
12 1410 0.2026
12 1339 0.2025
12 196 0.2013
12 1443 0.2010
12 296 0.2000
12 1530 0.2000
12 1294 0.1987
12 723 0.1973
12 795 0.1966
12 1140 0.1959
12 407 0.1952
12 577 0.1952
12 1245 0.1936
12 43 0.1925
12 915 0.1918
12 268 0.1901
12 1465 0.1899
12 212 0.1898
12 1408 0.1890
12 1442 0.1849
12 635 0.1849
12 972 0.1849
12 1192 0.1849
12 119 0.1846
12 1469 0.1837
12 464 0.1836
12 1561 0.1836
12 64 0.1826
12 189 0.1826
12 1508 0.1826
12 329 0.1820
12 627 0.1803
12 870 0.1801
12 395 0.1797
12 983 0.1796
12 20 0.1786
12 1211 0.1782
12 462 0.1777
12 567 0.1776
12 806 0.1771
12 106 0.1767
12 1222 0.1761
12 1273 0.1756
12 1330 0.1750
12 484 0.1741
12 737 0.1741
12 1471 0.1741
12 886 0.1738
12 751 0.1721
12 1207 0.1721
12 1555 0.1721
12 897 0.1715
12 573 0.1707
12 878 0.1703
12 885 0.1698
12 1021 0.1698
12 205 0.1689
12 299 0.1684
12 1303 0.1682
12 1467 0.1682
12 867 0.1667
12 872 0.1667
12 1563 0.1667
12 331 0.1659
12 992 0.1651
12 587 0.1650
12 1319 0.1650
12 4 0.1644
12 336 0.1644
12 1358 0.1641
12 656 0.1637
12 465 0.1617
12 628 0.1615
12 397 0.1594
12 709 0.1594
12 187 0.1588
12 717 0.1582
12 1083 0.1581
12 311 0.1571
12 844 0.1571
12 622 0.1557
12 1287 0.1557
12 1575 0.1557
12 1386 0.1555
12 1001 0.1543
12 138 0.1537
12 1141 0.1531
12 579 0.1529
12 137 0.1519
12 411 0.1516
12 813 0.1513
12 663 0.1506
12 546 0.1503
12 1061 0.1494
12 767 0.1485
12 858 0.1480
12 247 0.1478
12 631 0.1478
12 1514 0.1469
12 117 0.1466
12 440 0.1466
12 784 0.1464
12 393 0.1459
12 1062 0.1454
12 287 0.1443
12 340 0.1443
12 1357 0.1443
12 602 0.1432
12 964 0.1432
12 1240 0.1424
12 1054 0.1424
12 67 0.1421
12 1384 0.1414
12 486 0.1413
12 88 0.1411
12 752 0.1411
12 1049 0.1405
12 174 0.1400
12 704 0.1400
12 1175 0.1400
12 590 0.1396
12 122 0.1390
12 526 0.1390
12 1217 0.1390
12 1360 0.1390
12 702 0.1382
12 846 0.1378
12 739 0.1374
12 485 0.1369
12 162 0.1361
12 129 0.1342
12 1057 0.1342
12 1260 0.1336
12 438 0.1333
12 636 0.1333
12 968 0.1333
12 760 0.1331
12 178 0.1325
12 1307 0.1325
12 1562 0.1325
12 1270 0.1321
12 1132 0.1316
12 1422 0.1307
12 670 0.1302
12 1515 0.1299
12 443 0.1297
12 467 0.1291
12 214 0.1291
12 1266 0.1291
12 149 0.1283
12 1203 0.1280
12 1309 0.1275
12 1393 0.1275
12 108 0.1260
12 163 0.1260
12 227 0.1260
12 244 0.1260
12 502 0.1260
12 1481 0.1260
12 785 0.1252
12 1237 0.1252
12 380 0.1245
12 1092 0.1245
12 981 0.1238
12 896 0.1237
12 179 0.1234
12 592 0.1234
12 2 0.1231
12 90 0.1231
12 537 0.1231
12 1214 0.1231
12 63 0.1224
12 1097 0.1224
12 468 0.1217
12 374 0.1204
12 1179 0.1204
12 271 0.1185
12 804 0.1185
12 65 0.1179
12 387 0.1179
12 724 0.1166
12 1150 0.1149
12 418 0.1143
12 623 0.1143
12 1178 0.1138
12 1511 0.1138
12 560 0.1132
12 823 0.1122
12 890 0.1122
12 1406 0.1113
12 1451 0.1113
12 38 0.1111
12 200 0.1111
12 346 0.1111
12 716 0.1111
12 1063 0.1111
12 509 0.1106
12 657 0.1102
12 26 0.1101
12 1288 0.1098
12 937 0.1091
12 1375 0.1091
12 961 0.1087
12 492 0.1086
12 674 0.1086
12 1246 0.1086
12 1395 0.1086
12 1244 0.1081
12 391 0.1066
12 435 0.1059
12 1418 0.1059
12 420 0.1054
12 406 0.1041
12 597 0.1037
12 618 0.1037
12 728 0.1037
12 772 0.1037
12 565 0.1035
12 1495 0.1029
12 84 0.1021
12 194 0.1021
12 449 0.1021
12 918 0.1017
12 1255 0.1017
12 52 0.1013
12 612 0.1013
12 919 0.1013
12 167 0.1005
12 1125 0.1005
12 1498 0.1005
12 155 0.1001
12 1008 0.1001
12 1402 0.1001
12 692 0.0998
12 1162 0.0994
12 35 0.0990
12 1548 0.0987
12 91 0.0983
12 309 0.0983
12 614 0.0979
12 127 0.0976
12 1000 0.0976
12 581 0.0972
12 923 0.0966
12 49 0.0962
12 109 0.0962
12 842 0.0962
12 773 0.0959
12 414 0.0956
12 243 0.0952
12 873 0.0952
12 982 0.0949
12 1533 0.0949
12 136 0.0934
12 330 0.0934
12 1492 0.0930
12 1494 0.0919
12 316 0.0913
12 382 0.0913
12 648 0.0913
12 528 0.0891
12 249 0.0888
12 390 0.0886
12 1456 0.0886
12 607 0.0880
12 1202 0.0878
12 1470 0.0873
12 259 0.0870
12 748 0.0870
12 854 0.0870
12 1554 0.0870
12 825 0.0861
12 1183 0.0861
12 142 0.0851
12 1224 0.0844
12 272 0.0842
12 1112 0.0842
12 1349 0.0842
12 523 0.0833
12 1388 0.0829
12 507 0.0825
12 584 0.0825
12 719 0.0825
12 1432 0.0816
12 925 0.0810
12 999 0.0810
12 1131 0.0808
12 1185 0.0808
12 721 0.0803
12 213 0.0793
12 416 0.0793
12 953 0.0793
12 11 0.0791
12 658 0.0787
12 1292 0.0784
12 744 0.0782
12 148 0.0778
12 720 0.0778
12 965 0.0778
12 1284 0.0772
12 1421 0.0772
12 280 0.0765
12 463 0.0765
12 1353 0.0765
12 1558 0.0765
12 863 0.0761
12 1411 0.0758
12 1568 0.0758
12 512 0.0752
12 1116 0.0752
12 1415 0.0747
12 814 0.0745
12 1233 0.0745
12 852 0.0742
12 161 0.0739
12 434 0.0739
12 173 0.0736
12 428 0.0733
12 647 0.0733
12 763 0.0733
12 1161 0.0733
12 1417 0.0733
12 473 0.0727
12 1052 0.0727
12 1580 0.0727
12 314 0.0716
12 680 0.0716
12 1128 0.0713
12 1546 0.0712
12 169 0.0711
12 310 0.0711
12 941 0.0711
12 1583 0.0711
12 1078 0.0705
12 219 0.0700
12 262 0.0700
12 619 0.0700
12 1037 0.0700
12 1396 0.0700
12 154 0.0695
12 226 0.0695
12 672 0.0695
12 936 0.0695
12 1048 0.0693
12 750 0.0690
12 1148 0.0688
12 58 0.0685
12 642 0.0685
12 1146 0.0685
12 1454 0.0685
12 662 0.0680
12 1046 0.0677
12 1103 0.0676
12 321 0.0675
12 518 0.0671
12 951 0.0671
12 1104 0.0671
12 1460 0.0667
12 139 0.0662
12 448 0.0662
12 933 0.0662
12 1247 0.0662
12 776 0.0660
12 184 0.0658
12 921 0.0654
12 1173 0.0654
12 1235 0.0654
12 740 0.0650
12 774 0.0650
12 350 0.0645
12 1027 0.0645
12 991 0.0642
12 1114 0.0642
12 193 0.0638
12 248 0.0638
12 427 0.0638
12 489 0.0638
12 599 0.0638
12 3 0.0634
12 305 0.0634
12 797 0.0630
12 1578 0.0630
12 1279 0.0626
12 540 0.0623
12 736 0.0619
12 1117 0.0619
12 81 0.0615
12 222 0.0612
12 1466 0.0611
12 339 0.0609
12 541 0.0605
12 755 0.0599
12 1362 0.0599
12 1047 0.0595
12 845 0.0592
12 431 0.0589
12 1506 0.0589
12 1122 0.0586
12 1534 0.0586
12 147 0.0580
12 1127 0.0580
12 1371 0.0580
12 1444 0.0577
12 322 0.0574
12 820 0.0574
12 87 0.0572
12 8 0.0566
12 880 0.0563
12 1087 0.0563
12 1129 0.0558
12 436 0.0556
12 769 0.0556
12 1172 0.0556
12 1209 0.0556
12 372 0.0553
12 425 0.0553
12 525 0.0553
12 1289 0.0553
12 1344 0.0553
12 1096 0.0548
12 349 0.0546
12 361 0.0541
12 650 0.0541
12 764 0.0541
12 912 0.0541
12 1180 0.0541
12 422 0.0538
12 585 0.0538
12 112 0.0534
12 1032 0.0534
12 1346 0.0534
12 575 0.0531
12 761 0.0531
12 1380 0.0531
12 1477 0.0531
12 533 0.0527
12 798 0.0527
12 1348 0.0527
12 1283 0.0525
12 317 0.0521
12 629 0.0521
12 1091 0.0518
12 1387 0.0516
12 1318 0.0514
12 371 0.0512
12 753 0.0512
12 1350 0.0512
12 1373 0.0512
12 701 0.0510
12 1089 0.0510
12 1208 0.0510
12 447 0.0508
12 747 0.0506
12 1463 0.0504
12 1528 0.0503
12 891 0.0501
12 1313 0.0501
12 1074 0.0499
12 1474 0.0497
12 572 0.0495
12 60 0.0493
12 1225 0.0493
12 289 0.0491
12 1045 0.0491
12 1370 0.0491
12 768 0.0490
12 871 0.0490
12 1397 0.0490
12 516 0.0488
12 312 0.0485
12 392 0.0481
12 426 0.0481
12 466 0.0481
12 866 0.0481
12 1036 0.0476
12 1176 0.0476
12 304 0.0471
12 651 0.0471
12 1379 0.0471
12 1118 0.0470
12 78 0.0468
12 914 0.0468
12 1133 0.0468
12 1336 0.0468
12 836 0.0465
12 46 0.0461
12 676 0.0460
12 1210 0.0459
12 1267 0.0456
12 580 0.0454
12 77 0.0452
12 1088 0.0452
12 1253 0.0452
12 1335 0.0452
12 216 0.0449
12 869 0.0449
12 879 0.0447
12 962 0.0443
12 1485 0.0442
12 1076 0.0440
12 1329 0.0440
12 1374 0.0439
12 984 0.0438
12 904 0.0436
12 1170 0.0436
12 1020 0.0434
12 732 0.0430
12 960 0.0430
12 1252 0.0429
12 681 0.0427
12 1299 0.0420
12 1510 0.0419
12 97 0.0417
12 734 0.0412
12 786 0.0409
12 1216 0.0405
12 1142 0.0402
12 1282 0.0402
12 1363 0.0401
12 36 0.0398
12 1193 0.0397
12 1483 0.0394
12 696 0.0393
12 1409 0.0387
12 99 0.0386
12 857 0.0385
12 1453 0.0384
12 114 0.0383
12 1308 0.0380
12 1317 0.0378
12 215 0.0377
12 558 0.0372
12 1328 0.0370
12 1099 0.0365
12 971 0.0364
12 265 0.0362
12 1205 0.0361
12 909 0.0358
12 61 0.0353
12 1007 0.0351
12 1542 0.0341
12 1271 0.0333
12 1304 0.0318
12 924 0.0314
12 437 0.0299
12 472 0.0289
13 1201 0.5000
13 1312 0.4891
13 1041 0.3953
13 286 0.3441
13 5 0.3341
13 358 0.3227
13 735 0.3123
13 559 0.3060
13 704 0.3032
13 1256 0.3032
13 1081 0.2942
13 1303 0.2914
13 1515 0.2813
13 36 0.2760
13 62 0.2694
13 746 0.2694
13 99 0.2673
13 1426 0.2559
13 1130 0.2481
13 1315 0.2443
13 653 0.2428
13 1172 0.2406
13 1469 0.2387
13 1146 0.2374
13 281 0.2352
13 793 0.2341
13 1401 0.2245
13 1275 0.2242
13 1223 0.2195
13 1198 0.2188
13 1488 0.2176
13 289 0.2128
13 756 0.2121
13 498 0.2105
13 31 0.2085
13 1176 0.2062
13 353 0.2060
13 1300 0.2041
13 958 0.2041
13 1229 0.1907
13 725 0.1898
13 1257 0.1875
13 1281 0.1873
13 1340 0.1865
13 771 0.1860
13 205 0.1828
13 1095 0.1781
13 1429 0.1775
13 1296 0.1768
13 1474 0.1721
13 696 0.1701
13 104 0.1690
13 1245 0.1677
13 1351 0.1677
13 586 0.1667
13 991 0.1667
13 1114 0.1667
13 605 0.1628
13 25 0.1622
13 85 0.1622
13 1502 0.1617
13 997 0.1581
13 903 0.1564
13 229 0.1555
13 1040 0.1539
13 267 0.1531
13 1101 0.1519
13 152 0.1508
13 1554 0.1508
13 41 0.1491
13 807 0.1491
13 1277 0.1485
13 1112 0.1459
13 496 0.1457
13 859 0.1443
13 867 0.1443
13 1449 0.1429
13 532 0.1414
13 492 0.1411
13 762 0.1393
13 1067 0.1393
13 134 0.1383
13 145 0.1381
13 1305 0.1380
13 213 0.1374
13 364 0.1374
13 1322 0.1369
13 1445 0.1364
13 375 0.1361
13 1556 0.1358
13 841 0.1336
13 1421 0.1336
13 1463 0.1311
13 1008 0.1301
13 1162 0.1291
13 558 0.1288
13 647 0.1270
13 1128 0.1236
13 892 0.1231
13 1243 0.1225
13 1133 0.1217
13 895 0.1215
13 433 0.1213
13 549 0.1195
13 1060 0.1195
13 485 0.1186
13 1143 0.1155
13 1258 0.1155
13 1372 0.1155
13 1461 0.1154
13 1307 0.1147
13 1202 0.1140
13 1020 0.1127
13 1446 0.1111
13 470 0.1098
13 81 0.1066
13 339 0.1054
13 811 0.1054
13 15 0.1043
13 907 0.1038
13 1274 0.1037
13 1047 0.1031
13 824 0.1026
13 308 0.1023
13 1371 0.1005
13 1005 0.1000
13 1499 0.1000
13 963 0.0996
13 900 0.0995
13 54 0.0990
13 87 0.0990
13 1116 0.0976
13 726 0.0967
13 917 0.0967
13 1182 0.0966
13 288 0.0962
13 346 0.0962
13 789 0.0962
13 816 0.0962
13 1572 0.0962
13 26 0.0953
13 887 0.0949
13 971 0.0947
13 1086 0.0947
13 1276 0.0941
13 128 0.0937
13 1180 0.0937
13 810 0.0933
13 913 0.0928
13 956 0.0928
13 1552 0.0928
13 101 0.0925
13 201 0.0925
13 1160 0.0925
13 1512 0.0921
13 412 0.0905
13 1048 0.0900
13 597 0.0898
13 1495 0.0891
13 1022 0.0887
13 942 0.0885
13 246 0.0884
13 1255 0.0880
13 747 0.0877
13 321 0.0876
13 566 0.0875
13 1538 0.0874
13 224 0.0870
13 808 0.0870
13 1220 0.0870
13 1455 0.0864
13 572 0.0857
13 743 0.0854
13 795 0.0851
13 255 0.0836
13 109 0.0833
13 1077 0.0828
13 873 0.0825
13 1540 0.0825
13 159 0.0822
13 818 0.0822
13 1049 0.0811
13 1336 0.0811
13 590 0.0806
13 1492 0.0806
13 82 0.0803
13 972 0.0801
13 1459 0.0801
13 739 0.0793
13 1010 0.0793
13 124 0.0791
13 263 0.0791
13 316 0.0791
13 410 0.0791
13 648 0.0791
13 679 0.0791
13 1108 0.0791
13 1524 0.0786
13 1503 0.0778
13 1199 0.0776
13 1472 0.0772
13 1456 0.0767
13 1485 0.0765
13 223 0.0754
13 524 0.0754
13 616 0.0754
13 825 0.0745
13 1189 0.0745
13 1394 0.0745
13 1224 0.0731
13 195 0.0729
13 408 0.0729
13 782 0.0729
13 1520 0.0716
13 332 0.0714
13 603 0.0714
13 875 0.0714
13 1319 0.0714
13 1376 0.0707
13 1432 0.0707
13 1413 0.0704
13 491 0.0700
13 319 0.0693
13 588 0.0693
13 639 0.0693
13 1014 0.0688
13 234 0.0687
13 1071 0.0687
13 1550 0.0687
13 658 0.0682
13 302 0.0680
13 522 0.0680
13 1453 0.0665
13 32 0.0662
13 280 0.0662
13 1353 0.0662
13 419 0.0657
13 643 0.0657
13 839 0.0657
13 1100 0.0657
13 1190 0.0653
13 546 0.0651
13 906 0.0651
13 889 0.0645
13 901 0.0645
13 631 0.0640
13 24 0.0635
13 117 0.0635
13 1023 0.0630
13 1580 0.0630
13 1205 0.0625
13 56 0.0620
13 1546 0.0617
13 67 0.0615
13 310 0.0615
13 391 0.0615
13 848 0.0615
13 210 0.0611
13 135 0.0606
13 1175 0.0606
13 1438 0.0606
13 1537 0.0606
13 283 0.0602
13 506 0.0602
13 936 0.0602
13 230 0.0599
13 1501 0.0595
13 211 0.0593
13 162 0.0589
13 196 0.0581
13 301 0.0574
13 1247 0.0574
13 345 0.0570
13 694 0.0556
13 1106 0.0556
13 1434 0.0556
13 1323 0.0553
13 248 0.0552
13 489 0.0552
13 1393 0.0552
13 1486 0.0549
13 1051 0.0542
13 1135 0.0542
13 1433 0.0542
13 826 0.0536
13 981 0.0536
13 119 0.0533
13 454 0.0533
13 494 0.0533
13 537 0.0533
13 1464 0.0533
13 1513 0.0533
13 373 0.0530
13 757 0.0530
13 1400 0.0530
13 827 0.0524
13 347 0.0518
13 481 0.0518
13 20 0.0516
13 1364 0.0516
13 284 0.0510
13 649 0.0510
13 342 0.0508
13 1122 0.0508
13 1338 0.0508
13 1479 0.0505
13 1484 0.0498
13 351 0.0494
13 432 0.0493
13 291 0.0488
13 1087 0.0488
13 669 0.0486
13 331 0.0479
13 372 0.0479
13 525 0.0479
13 898 0.0479
13 922 0.0479
13 1344 0.0479
13 657 0.0477
13 620 0.0477
13 21 0.0475
13 1458 0.0475
13 349 0.0472
13 376 0.0472
13 656 0.0472
13 674 0.0470
13 1246 0.0470
13 430 0.0468
13 585 0.0466
13 1006 0.0464
13 292 0.0462
13 754 0.0462
13 1032 0.0462
13 1518 0.0462
13 187 0.0458
13 1418 0.0458
13 207 0.0456
13 860 0.0456
13 1263 0.0455
13 990 0.0449
13 1155 0.0446
13 143 0.0445
13 1318 0.0445
13 68 0.0444
13 138 0.0444
13 722 0.0440
13 949 0.0440
13 1536 0.0440
13 52 0.0439
13 612 0.0439
13 233 0.0435
13 805 0.0435
13 692 0.0432
13 389 0.0430
13 60 0.0427
13 723 0.0427
13 1045 0.0426
13 768 0.0424
13 1397 0.0424
13 1525 0.0423
13 393 0.0421
13 1075 0.0418
13 866 0.0417
13 1357 0.0417
13 741 0.0415
13 773 0.0415
13 243 0.0412
13 1533 0.0411
13 1379 0.0408
13 1384 0.0408
13 1403 0.0407
13 831 0.0406
13 125 0.0402
13 702 0.0399
13 853 0.0399
13 846 0.0398
13 189 0.0395
13 555 0.0394
13 980 0.0393
13 1084 0.0392
13 608 0.0389
13 1260 0.0386
13 1329 0.0381
13 1064 0.0374
13 402 0.0373
13 671 0.0371
13 573 0.0370
13 1203 0.0370
13 504 0.0369
13 1015 0.0363
13 1098 0.0363
13 1510 0.0363
13 1388 0.0359
13 851 0.0356
13 721 0.0348
13 1301 0.0347
13 1193 0.0344
13 1294 0.0344
13 1483 0.0341
13 1539 0.0341
13 1398 0.0339
13 1113 0.0338
13 1476 0.0336
13 557 0.0336
13 1034 0.0331
13 863 0.0330
13 1317 0.0328
13 1425 0.0327
13 107 0.0320
13 1328 0.0320
13 611 0.0316
13 783 0.0312
13 862 0.0308
13 1240 0.0308
13 61 0.0306
13 1342 0.0304
13 619 0.0303
13 1184 0.0297
13 1334 0.0296
13 877 0.0292
13 760 0.0288
13 443 0.0281
13 3 0.0274
13 729 0.0249
13 884 0.0232
13 1302 0.0225
14 1446 0.3879
14 956 0.3242
14 1315 0.3199
14 286 0.3004
14 1257 0.3000
14 1357 0.2910
14 913 0.2837
14 1474 0.2817
14 1518 0.2623
14 743 0.2610
14 381 0.2602
14 1430 0.2554
14 495 0.2520
14 1319 0.2494
14 907 0.2492
14 831 0.2478
14 679 0.2415
14 706 0.2412
14 672 0.2364
14 772 0.2352
14 1176 0.2340
14 1429 0.2324
14 372 0.2299
14 878 0.2252
14 1245 0.2196
14 1005 0.2182
14 1376 0.2160
14 378 0.2120
14 1492 0.2110
14 1325 0.2102
14 213 0.2098
14 1426 0.2074
14 1458 0.2071
14 1145 0.2060
14 1015 0.2058
14 735 0.2045
14 269 0.2035
14 775 0.2026
14 578 0.2020
14 633 0.2017
14 140 0.2003
14 1424 0.1976
14 445 0.1974
14 990 0.1960
14 1305 0.1958
14 1351 0.1952
14 630 0.1935
14 1144 0.1934
14 996 0.1929
14 1299 0.1905
14 808 0.1899
14 1066 0.1894
14 867 0.1890
14 1096 0.1864
14 1175 0.1852
14 1527 0.1852
14 756 0.1852
14 460 0.1851
14 768 0.1851
14 764 0.1839
14 498 0.1838
14 1406 0.1824
14 865 0.1816
14 1058 0.1816
14 818 0.1794
14 605 0.1776
14 1336 0.1770
14 622 0.1765
14 1460 0.1764
14 1312 0.1758
14 1001 0.1750
14 203 0.1746
14 1549 0.1729
14 988 0.1720
14 1488 0.1709
14 1503 0.1699
14 801 0.1687
14 177 0.1680
14 200 0.1680
14 769 0.1680
14 1328 0.1676
14 898 0.1672
14 686 0.1663
14 725 0.1657
14 277 0.1650
14 1023 0.1650
14 1121 0.1650
14 37 0.1637
14 850 0.1637
14 1541 0.1637
14 1340 0.1628
14 964 0.1624
14 1476 0.1615
14 848 0.1612
14 1073 0.1609
14 575 0.1607
14 860 0.1594
14 1322 0.1594
14 299 0.1592
14 1349 0.1592
14 934 0.1588
14 1256 0.1588
14 1274 0.1584
14 1364 0.1576
14 695 0.1572
14 1022 0.1549
14 843 0.1543
14 1547 0.1543
14 1296 0.1543
14 918 0.1537
14 995 0.1535
14 967 0.1520
14 588 0.1513
14 1258 0.1512
14 1372 0.1512
14 673 0.1502
14 139 0.1502
14 554 0.1502
14 1129 0.1477
14 1020 0.1476
14 104 0.1475
14 228 0.1464
14 610 0.1463
14 489 0.1446
14 599 0.1446
14 463 0.1445
14 1079 0.1445
14 281 0.1437
14 212 0.1435
14 1533 0.1435
14 839 0.1433
14 1281 0.1431
14 1279 0.1420
14 25 0.1416
14 1295 0.1416
14 963 0.1413
14 101 0.1412
14 1368 0.1412
14 582 0.1409
14 889 0.1409
14 761 0.1406
14 883 0.1403
14 1449 0.1403
14 1464 0.1396
14 1210 0.1389
14 1469 0.1389
14 835 0.1388
14 1010 0.1384
14 1179 0.1365
14 1206 0.1364
14 627 0.1363
14 1495 0.1361
14 1085 0.1359
14 252 0.1355
14 20 0.1350
14 1047 0.1350
14 1546 0.1346
14 919 0.1340
14 649 0.1336
14 696 0.1336
14 1300 0.1336
14 1105 0.1335
14 1292 0.1333
14 821 0.1333
14 501 0.1331
14 1101 0.1326
14 1385 0.1325
14 1537 0.1323
14 854 0.1316
14 242 0.1314
14 687 0.1309
14 924 0.1306
14 1275 0.1305
14 1060 0.1304
14 751 0.1301
14 825 0.1301
14 1277 0.1296
14 642 0.1295
14 137 0.1292
14 362 0.1289
14 408 0.1273
14 1198 0.1273
14 1251 0.1264
14 130 0.1260
14 677 0.1260
14 1143 0.1260
14 368 0.1247
14 734 0.1247
14 914 0.1239
14 1566 0.1237
14 136 0.1235
14 1246 0.1232
14 1413 0.1228
14 102 0.1226
14 975 0.1226
14 465 0.1222
14 810 0.1221
14 762 0.1216
14 1512 0.1205
14 1393 0.1205
14 637 0.1200
14 987 0.1200
14 953 0.1199
14 1259 0.1199
14 828 0.1198
14 1489 0.1190
14 513 0.1185
14 1517 0.1181
14 1502 0.1177
14 383 0.1176
14 746 0.1176
14 849 0.1176
14 617 0.1170
14 80 0.1166
14 143 0.1166
14 535 0.1166
14 1318 0.1166
14 208 0.1163
14 537 0.1163
14 68 0.1162
14 138 0.1162
14 1400 0.1157
14 32 0.1156
14 1353 0.1156
14 1431 0.1156
14 1100 0.1146
14 1425 0.1141
14 888 0.1140
14 998 0.1140
14 1151 0.1140
14 903 0.1138
14 1365 0.1138
14 1402 0.1135
14 671 0.1132
14 347 0.1131
14 389 0.1127
14 1162 0.1127
14 95 0.1123
14 572 0.1123
14 1040 0.1119
14 247 0.1118
14 1136 0.1111
14 763 0.1109
14 1417 0.1109
14 127 0.1107
14 1428 0.1107
14 483 0.1100
14 660 0.1100
14 927 0.1100
14 1152 0.1100
14 100 0.1097
14 783 0.1091
14 870 0.1089
14 1130 0.1083
14 67 0.1074
14 1243 0.1069
14 106 0.1068
14 1363 0.1062
14 47 0.1060
14 1301 0.1059
14 135 0.1059
14 174 0.1059
14 275 0.1059
14 1217 0.1051
14 1360 0.1051
14 1209 0.1050
14 922 0.1045
14 1344 0.1045
14 1119 0.1043
14 1286 0.1043
14 1070 0.1042
14 1146 0.1036
14 887 0.1036
14 382 0.1035
14 1212 0.1035
14 942 0.1030
14 529 0.1022
14 1012 0.1022
14 144 0.1022
14 1244 0.1022
14 1317 0.1001
14 973 0.1000
14 787 0.0999
14 1219 0.0998
14 98 0.0996
14 984 0.0993
14 1182 0.0984
14 214 0.0976
14 402 0.0976
14 1203 0.0968
14 612 0.0957
14 502 0.0952
14 1481 0.0952
14 1051 0.0947
14 859 0.0945
14 1074 0.0943
14 1513 0.0930
14 871 0.0925
14 1174 0.0925
14 1514 0.0925
14 63 0.0925
14 491 0.0917
14 929 0.0916
14 556 0.0915
14 601 0.0910
14 985 0.0909
14 741 0.0906
14 134 0.0906
14 1540 0.0900
14 982 0.0897
14 123 0.0891
14 969 0.0891
14 522 0.0891
14 641 0.0891
14 148 0.0883
14 256 0.0882
14 1120 0.0882
14 1371 0.0877
14 16 0.0873
14 415 0.0873
14 857 0.0873
14 1201 0.0873
14 1234 0.0873
14 1343 0.0873
14 1509 0.0873
14 897 0.0864
14 1068 0.0864
14 485 0.0863
14 1308 0.0861
14 1056 0.0860
14 711 0.0860
14 1221 0.0860
14 1524 0.0857
14 171 0.0856
14 505 0.0856
14 856 0.0856
14 885 0.0856
14 1084 0.0855
14 1116 0.0852
14 496 0.0848
14 653 0.0848
14 358 0.0845
14 626 0.0844
14 241 0.0840
14 1063 0.0840
14 1569 0.0840
14 1573 0.0840
14 567 0.0839
14 1055 0.0838
14 1423 0.0836
14 357 0.0835
14 1427 0.0834
14 1076 0.0832
14 1019 0.0831
14 1197 0.0831
14 944 0.0828
14 10 0.0825
14 355 0.0825
14 656 0.0825
14 978 0.0818
14 650 0.0818
14 422 0.0814
14 1183 0.0813
14 563 0.0812
14 1067 0.0810
14 1552 0.0810
14 661 0.0809
14 862 0.0807
14 1240 0.0807
14 1160 0.0807
14 742 0.0806
14 928 0.0806
14 504 0.0804
14 145 0.0804
14 1418 0.0800
14 205 0.0798
14 646 0.0797
14 876 0.0794
14 1445 0.0794
14 1272 0.0792
14 412 0.0790
14 226 0.0788
14 1026 0.0788
14 320 0.0784
14 386 0.0784
14 624 0.0784
14 471 0.0782
14 1447 0.0782
14 1387 0.0781
14 1262 0.0777
14 1454 0.0777
14 753 0.0775
14 385 0.0772
14 979 0.0772
14 949 0.0769
14 813 0.0763
14 951 0.0761
14 562 0.0760
14 1167 0.0760
14 296 0.0756
14 1455 0.0754
14 1531 0.0754
14 1280 0.0748
14 479 0.0746
14 1132 0.0746
14 858 0.0746
14 309 0.0743
14 795 0.0743
14 1422 0.0741
14 667 0.0738
14 312 0.0732
14 1333 0.0729
14 324 0.0727
14 586 0.0727
14 694 0.0727
14 842 0.0727
14 1412 0.0727
14 28 0.0723
14 733 0.0723
14 268 0.0719
14 543 0.0717
14 640 0.0717
14 172 0.0710
14 1135 0.0710
14 1433 0.0710
14 1450 0.0710
14 1049 0.0708
14 1137 0.0708
14 1491 0.0708
14 836 0.0703
14 714 0.0702
14 767 0.0701
14 852 0.0701
14 1297 0.0700
14 454 0.0698
14 702 0.0697
14 853 0.0697
14 771 0.0696
14 846 0.0694
14 189 0.0690
14 263 0.0690
14 1041 0.0690
14 1108 0.0690
14 1553 0.0690
14 910 0.0686
14 477 0.0682
14 1035 0.0682
14 1545 0.0682
14 453 0.0673
14 528 0.0673
14 1211 0.0673
14 271 0.0672
14 1461 0.0671
14 1506 0.0668
14 1485 0.0668
14 665 0.0666
14 1338 0.0665
14 1342 0.0664
14 1356 0.0664
14 1170 0.0660
14 352 0.0658
14 748 0.0658
14 670 0.0656
14 570 0.0654
14 1484 0.0651
14 105 0.0651
14 185 0.0651
14 328 0.0651
14 807 0.0651
14 1501 0.0650
14 235 0.0648
14 254 0.0648
14 548 0.0648
14 351 0.0647
14 142 0.0643
14 303 0.0643
14 682 0.0643
14 1147 0.0643
14 1359 0.0643
14 291 0.0639
14 1087 0.0639
14 1 0.0637
14 1112 0.0637
14 1303 0.0636
14 523 0.0630
14 789 0.0630
14 1361 0.0627
14 1457 0.0627
14 1229 0.0624
14 776 0.0624
14 551 0.0623
14 603 0.0623
14 1298 0.0623
14 532 0.0617
14 911 0.0617
14 1564 0.0617
14 361 0.0613
14 1142 0.0608
14 1441 0.0607
14 940 0.0605
14 1032 0.0605
14 1285 0.0605
14 1560 0.0605
14 1069 0.0603
14 36 0.0602
14 476 0.0599
14 1071 0.0599
14 717 0.0598
14 1083 0.0598
14 1414 0.0598
14 1539 0.0595
14 1254 0.0595
14 844 0.0594
14 920 0.0594
14 1475 0.0594
14 1113 0.0590
14 1091 0.0588
14 691 0.0586
14 1155 0.0584
14 5 0.0583
14 27 0.0583
14 99 0.0583
14 534 0.0583
14 745 0.0583
14 841 0.0583
14 1242 0.0583
14 1284 0.0583
14 1421 0.0583
14 1141 0.0579
14 493 0.0578
14 1034 0.0578
14 55 0.0576
14 1194 0.0576
14 1465 0.0574
14 400 0.0573
14 419 0.0573
14 970 0.0573
14 1463 0.0572
14 215 0.0571
14 233 0.0570
14 546 0.0568
14 906 0.0568
14 1341 0.0568
14 723 0.0559
14 1548 0.0559
14 413 0.0559
14 631 0.0559
14 1507 0.0559
14 1204 0.0555
14 647 0.0554
14 1525 0.0553
14 609 0.0550
14 255 0.0547
14 450 0.0547
14 175 0.0546
14 426 0.0546
14 1138 0.0546
14 915 0.0544
14 1077 0.0542
14 1134 0.0542
14 602 0.0541
14 909 0.0541
14 1311 0.0541
14 1036 0.0540
14 7 0.0537
14 169 0.0537
14 1347 0.0535
14 304 0.0535
14 651 0.0535
14 1379 0.0535
14 1369 0.0533
14 1505 0.0533
14 1316 0.0529
14 574 0.0529
14 1396 0.0529
14 1156 0.0528
14 283 0.0525
14 886 0.0525
14 952 0.0525
14 1581 0.0525
14 1239 0.0519
14 66 0.0518
14 300 0.0518
14 344 0.0518
14 1107 0.0518
14 1184 0.0518
14 1267 0.0518
14 1542 0.0515
14 580 0.0514
14 662 0.0514
14 1253 0.0513
14 1335 0.0513
14 1103 0.0511
14 1199 0.0508
14 461 0.0507
14 834 0.0507
14 583 0.0505
14 1260 0.0505
14 1530 0.0504
14 1271 0.0503
14 394 0.0502
14 1456 0.0502
14 178 0.0501
14 301 0.0501
14 1562 0.0501
14 1570 0.0501
14 1273 0.0498
14 1374 0.0498
14 655 0.0497
14 401 0.0494
14 1173 0.0494
14 616 0.0493
14 1000 0.0492
14 774 0.0491
14 1515 0.0491
14 1027 0.0488
14 960 0.0488
14 1252 0.0487
14 149 0.0485
14 991 0.0485
14 1165 0.0485
14 573 0.0484
14 427 0.0482
14 1407 0.0482
14 53 0.0481
14 470 0.0479
14 1016 0.0479
14 1486 0.0479
14 1224 0.0479
14 797 0.0476
14 1578 0.0476
14 297 0.0473
14 446 0.0473
14 699 0.0473
14 705 0.0473
14 380 0.0471
14 553 0.0471
14 736 0.0468
14 802 0.0468
14 1117 0.0468
14 81 0.0465
14 157 0.0465
14 238 0.0465
14 786 0.0464
14 356 0.0463
14 757 0.0463
14 1543 0.0463
14 999 0.0459
14 110 0.0458
14 600 0.0458
14 827 0.0458
14 1321 0.0458
14 1282 0.0456
14 480 0.0455
14 229 0.0453
14 481 0.0453
14 576 0.0451
14 258 0.0450
14 1290 0.0450
14 429 0.0448
14 462 0.0448
14 652 0.0448
14 804 0.0448
14 845 0.0448
14 1483 0.0446
14 267 0.0445
14 273 0.0445
14 285 0.0445
14 815 0.0445
14 204 0.0443
14 1122 0.0443
14 1534 0.0443
14 514 0.0441
14 1330 0.0441
14 684 0.0439
14 777 0.0439
14 1127 0.0439
14 1471 0.0439
14 1115 0.0436
14 1468 0.0436
14 114 0.0435
14 1025 0.0434
14 87 0.0432
14 974 0.0432
14 738 0.0430
14 131 0.0428
14 560 0.0428
14 1021 0.0428
14 1081 0.0428
14 880 0.0426
14 823 0.0424
14 890 0.0424
14 1467 0.0424
14 917 0.0422
14 288 0.0420
14 331 0.0418
14 595 0.0416
14 4 0.0414
14 158 0.0412
14 482 0.0412
14 864 0.0412
14 874 0.0412
14 937 0.0412
14 674 0.0411
14 1354 0.0411
14 1205 0.0409
14 70 0.0409
14 430 0.0409
14 840 0.0409
14 1180 0.0409
14 395 0.0408
14 51 0.0407
14 628 0.0407
14 1123 0.0407
14 884 0.0406
14 199 0.0405
14 604 0.0405
14 666 0.0405
14 1128 0.0404
14 754 0.0403
14 1264 0.0403
14 391 0.0403
14 799 0.0403
14 1164 0.0402
14 559 0.0401
14 435 0.0400
14 207 0.0398
14 420 0.0398
14 571 0.0398
14 1007 0.0398
14 1348 0.0398
14 1345 0.0397
14 589 0.0395
14 1521 0.0394
14 1048 0.0393
14 62 0.0392
14 993 0.0392
14 1218 0.0392
14 1386 0.0392
14 1401 0.0392
14 230 0.0392
14 549 0.0391
14 966 0.0388
14 1334 0.0388
14 1030 0.0387
14 246 0.0386
14 326 0.0386
14 363 0.0386
14 449 0.0386
14 1089 0.0386
14 1208 0.0386
14 447 0.0384
14 747 0.0383
14 877 0.0382
14 239 0.0381
14 1220 0.0380
14 1443 0.0380
14 1528 0.0380
14 155 0.0378
14 1419 0.0378
14 760 0.0377
14 692 0.0377
14 976 0.0376
14 91 0.0372
14 790 0.0372
14 1045 0.0372
14 407 0.0369
14 784 0.0369
14 393 0.0368
14 1149 0.0368
14 855 0.0365
14 923 0.0365
14 43 0.0364
14 399 0.0364
14 457 0.0364
14 466 0.0364
14 1434 0.0364
14 335 0.0362
14 243 0.0360
14 908 0.0356
14 1384 0.0356
14 1118 0.0355
14 1403 0.0355
14 78 0.0354
14 685 0.0354
14 1133 0.0354
14 330 0.0353
14 334 0.0347
14 124 0.0345
14 410 0.0345
14 648 0.0345
14 555 0.0344
14 822 0.0341
14 1003 0.0341
14 442 0.0337
14 511 0.0337
14 727 0.0337
14 190 0.0336
14 390 0.0335
14 707 0.0335
14 806 0.0335
14 962 0.0335
14 994 0.0334
14 1226 0.0334
14 1222 0.0333
14 1270 0.0333
14 904 0.0330
14 259 0.0329
14 524 0.0329
14 737 0.0329
14 1392 0.0329
14 1191 0.0328
14 472 0.0328
14 44 0.0326
14 1064 0.0326
14 444 0.0325
14 732 0.0325
14 1391 0.0325
14 1394 0.0325
14 791 0.0322
14 92 0.0318
14 782 0.0318
14 1098 0.0317
14 520 0.0315
14 76 0.0314
14 1388 0.0313
14 1520 0.0313
14 507 0.0312
14 830 0.0311
14 851 0.0311
14 1095 0.0311
14 1410 0.0306
14 341 0.0303
14 594 0.0303
14 164 0.0302
14 1516 0.0302
14 1014 0.0300
14 1028 0.0300
14 1193 0.0300
14 1294 0.0300
14 1158 0.0298
14 308 0.0298
14 302 0.0297
14 1398 0.0296
14 1302 0.0295
14 965 0.0294
14 557 0.0293
14 1529 0.0292
14 18 0.0289
14 579 0.0289
14 1558 0.0289
14 22 0.0287
14 232 0.0287
14 663 0.0285
14 531 0.0284
14 141 0.0282
14 814 0.0282
14 71 0.0279
14 428 0.0277
14 182 0.0275
14 1580 0.0275
14 337 0.0273
14 384 0.0273
14 160 0.0271
14 1159 0.0271
14 527 0.0269
14 941 0.0269
14 88 0.0267
14 752 0.0267
14 1571 0.0267
14 895 0.0265
14 219 0.0265
14 451 0.0265
14 1523 0.0265
14 506 0.0263
14 936 0.0263
14 1352 0.0261
14 1526 0.0261
14 1046 0.0256
14 636 0.0252
14 1320 0.0252
14 126 0.0249
14 1235 0.0247
14 703 0.0246
14 34 0.0244
14 1337 0.0242
14 1323 0.0241
14 1309 0.0241
14 1304 0.0241
14 1223 0.0240
14 759 0.0238
14 780 0.0238
14 977 0.0238
14 1436 0.0238
14 785 0.0237
14 1237 0.0237
14 540 0.0235
14 1442 0.0233
14 1111 0.0233
14 1214 0.0233
14 468 0.0230
14 811 0.0230
14 510 0.0228
14 69 0.0228
14 437 0.0226
14 824 0.0224
14 613 0.0224
14 284 0.0223
14 1324 0.0223
14 1557 0.0223
14 724 0.0220
14 147 0.0219
14 536 0.0219
14 1186 0.0219
14 729 0.0217
14 322 0.0217
14 820 0.0217
14 1150 0.0217
14 418 0.0216
14 598 0.0216
14 675 0.0216
14 1178 0.0215
14 1493 0.0215
14 1511 0.0215
14 838 0.0213
14 726 0.0211
14 436 0.0210
14 525 0.0209
14 336 0.0207
14 376 0.0206
14 1355 0.0206
14 1375 0.0206
14 1276 0.0205
14 379 0.0203
14 1006 0.0203
14 112 0.0202
14 1477 0.0201
14 533 0.0199
14 1283 0.0198
14 788 0.0198
14 1556 0.0198
14 629 0.0197
14 371 0.0194
14 625 0.0192
14 1093 0.0192
14 1196 0.0192
14 1255 0.0192
14 1536 0.0192
14 566 0.0191
14 959 0.0191
14 1538 0.0191
14 60 0.0186
14 1090 0.0186
14 289 0.0186
14 452 0.0185
14 614 0.0185
14 893 0.0184
14 1075 0.0182
14 866 0.0182
14 773 0.0181
14 414 0.0181
14 1532 0.0179
14 1494 0.0174
14 739 0.0173
14 980 0.0171
14 1053 0.0171
14 515 0.0170
14 1383 0.0170
14 781 0.0169
14 217 0.0165
14 882 0.0163
14 1504 0.0163
14 521 0.0161
14 1163 0.0160
14 424 0.0158
14 659 0.0158
14 896 0.0156
14 179 0.0155
14 1358 0.0155
14 817 0.0155
14 367 0.0152
14 658 0.0149
14 253 0.0148
14 829 0.0144
14 863 0.0144
14 1415 0.0141
14 1451 0.0140
14 107 0.0140
14 173 0.0139
14 1099 0.0138
14 894 0.0138
14 971 0.0138
14 961 0.0137
14 486 0.0134
14 474 0.0131
14 565 0.0130
14 3 0.0120
14 1466 0.0077
15 286 0.4588
15 1315 0.4072
15 1257 0.2917
15 1474 0.2869
15 756 0.2828
15 498 0.2807
15 1312 0.2781
15 1426 0.2681
15 735 0.2603
15 725 0.2531
15 605 0.2441
15 867 0.2406
15 1429 0.2366
15 1296 0.2357
15 1488 0.2321
15 1322 0.2282
15 104 0.2254
15 1305 0.2070
15 1300 0.2041
15 1005 0.2000
15 1512 0.1995
15 1275 0.1993
15 495 0.1925
15 1340 0.1865
15 1245 0.1863
15 762 0.1857
15 956 0.1857
15 1176 0.1787
15 907 0.1731
15 1351 0.1677
15 1449 0.1667
15 1130 0.1654
15 1336 0.1622
15 653 0.1619
15 213 0.1603
15 1469 0.1591
15 1146 0.1582
15 572 0.1572
15 101 0.1541
15 633 0.1541
15 1258 0.1540
15 1372 0.1540
15 37 0.1458
15 1502 0.1438
15 67 0.1436
15 1319 0.1429
15 281 0.1411
15 20 0.1375
15 963 0.1328
15 1277 0.1320
15 988 0.1314
15 1446 0.1296
15 696 0.1247
15 1160 0.1233
15 1518 0.1233
15 1445 0.1212
15 1430 0.1170
15 1151 0.1161
15 743 0.1139
15 212 0.1096
15 831 0.1081
15 1418 0.1069
15 1041 0.1054
15 1108 0.1054
15 903 0.1043
15 1364 0.1031
15 1461 0.1026
15 1485 0.1020
15 1101 0.1012
15 242 0.1003
15 1020 0.1002
15 1149 0.0983
15 299 0.0972
15 368 0.0952
15 1376 0.0943
15 1413 0.0938
15 269 0.0933
15 134 0.0922
15 1066 0.0904
15 990 0.0898
15 1476 0.0897
15 80 0.0891
15 1001 0.0891
15 32 0.0883
15 1079 0.0883
15 949 0.0880
15 1100 0.0875
15 546 0.0868
15 582 0.0861
15 889 0.0861
15 763 0.0847
15 850 0.0833
15 1541 0.0833
15 964 0.0827
15 1546 0.0822
15 630 0.0821
15 106 0.0816
15 174 0.0808
15 275 0.0808
15 934 0.0808
15 1175 0.0808
15 1527 0.0808
15 1537 0.0808
15 1217 0.0803
15 1325 0.0803
15 702 0.0798
15 1060 0.0797
15 1286 0.0797
15 1010 0.0793
15 642 0.0791
15 887 0.0791
15 102 0.0780
15 951 0.0775
15 707 0.0767
15 140 0.0765
15 1515 0.0750
15 228 0.0745
15 1203 0.0739
15 1393 0.0736
15 1486 0.0732
15 1489 0.0727
15 768 0.0707
15 757 0.0707
15 1272 0.0706
15 601 0.0695
15 1179 0.0695
15 1301 0.0693
15 481 0.0691
15 36 0.0690
15 1251 0.0690
15 123 0.0680
15 267 0.0680
15 649 0.0680
15 256 0.0673
15 995 0.0670
15 27 0.0668
15 695 0.0667
15 16 0.0667
15 203 0.0667
15 415 0.0667
15 1234 0.0667
15 1343 0.0667
15 171 0.0654
15 856 0.0654
15 885 0.0654
15 1087 0.0651
15 496 0.0648
15 1129 0.0644
15 177 0.0642
15 200 0.0642
15 241 0.0642
15 1569 0.0642
15 1573 0.0642
15 1507 0.0640
15 1456 0.0639
15 372 0.0639
15 898 0.0639
15 922 0.0639
15 1229 0.0636
15 1197 0.0635
15 944 0.0633
15 1458 0.0633
15 10 0.0630
15 277 0.0630
15 355 0.0630
15 656 0.0630
15 650 0.0624
15 1180 0.0624
15 1281 0.0624
15 870 0.0624
15 628 0.0622
15 751 0.0621
15 913 0.0619
15 1067 0.0619
15 862 0.0617
15 1032 0.0616
15 145 0.0614
15 98 0.0609
15 860 0.0609
15 1348 0.0609
15 1026 0.0602
15 320 0.0599
15 386 0.0599
15 624 0.0599
15 772 0.0599
15 1387 0.0596
15 535 0.0594
15 1495 0.0594
15 1184 0.0593
15 1334 0.0592
15 252 0.0592
15 1022 0.0592
15 843 0.0589
15 385 0.0589
15 996 0.0589
15 918 0.0587
15 747 0.0585
15 808 0.0580
15 1167 0.0580
15 1385 0.0578
15 1455 0.0576
15 362 0.0574
15 389 0.0574
15 554 0.0574
15 95 0.0572
15 858 0.0570
15 309 0.0568
15 1045 0.0568
15 460 0.0565
15 667 0.0563
15 393 0.0561
15 543 0.0548
15 1533 0.0548
15 1578 0.0546
15 1243 0.0544
15 1379 0.0544
15 1403 0.0543
15 699 0.0542
15 705 0.0542
15 25 0.0541
15 1295 0.0541
15 1491 0.0541
15 1492 0.0537
15 189 0.0527
15 263 0.0527
15 382 0.0527
15 679 0.0527
15 529 0.0521
15 1085 0.0519
15 528 0.0514
15 665 0.0508
15 1330 0.0505
15 1170 0.0504
15 654 0.0503
15 670 0.0501
15 1509 0.0500
15 570 0.0500
15 1025 0.0498
15 185 0.0497
15 328 0.0497
15 807 0.0497
15 1183 0.0497
15 897 0.0495
15 1549 0.0495
15 671 0.0494
15 1056 0.0493
15 303 0.0491
15 1147 0.0491
15 1 0.0486
15 408 0.0486
15 1112 0.0486
15 1198 0.0486
15 1349 0.0486
15 1388 0.0479
15 551 0.0476
15 851 0.0475
15 465 0.0467
15 588 0.0462
15 1294 0.0459
15 953 0.0458
15 1539 0.0455
15 1475 0.0454
15 1398 0.0452
15 1113 0.0450
15 1145 0.0449
15 383 0.0449
15 99 0.0445
15 1284 0.0445
15 1421 0.0445
15 463 0.0442
15 493 0.0442
15 1034 0.0442
15 1431 0.0442
15 1308 0.0439
15 400 0.0438
15 419 0.0438
15 711 0.0438
15 1221 0.0438
15 1425 0.0436
15 906 0.0434
15 1341 0.0434
15 1162 0.0430
15 1182 0.0429
15 767 0.0429
15 247 0.0427
15 631 0.0427
15 1055 0.0427
15 795 0.0426
15 428 0.0423
15 647 0.0423
15 686 0.0423
15 1019 0.0423
15 1417 0.0423
15 660 0.0420
15 1121 0.0420
15 1152 0.0420
15 978 0.0417
15 1205 0.0417
15 1311 0.0413
15 1240 0.0411
15 169 0.0410
15 928 0.0410
15 488 0.0407
15 821 0.0407
15 135 0.0404
15 574 0.0404
15 876 0.0404
15 1037 0.0404
15 1256 0.0404
15 1396 0.0404
15 283 0.0401
15 1581 0.0401
15 471 0.0398
15 344 0.0396
15 1107 0.0396
15 1262 0.0396
15 942 0.0394
15 1542 0.0394
15 662 0.0393
15 834 0.0387
15 1460 0.0385
15 1530 0.0385
15 390 0.0383
15 994 0.0382
15 301 0.0382
15 1562 0.0382
15 776 0.0381
15 479 0.0380
15 655 0.0380
15 1132 0.0380
15 401 0.0377
15 1422 0.0377
15 854 0.0377
15 44 0.0374
15 149 0.0370
15 694 0.0370
15 1165 0.0370
15 427 0.0368
15 599 0.0368
15 733 0.0368
15 1407 0.0368
15 268 0.0366
15 828 0.0366
15 640 0.0365
15 502 0.0364
15 606 0.0364
15 446 0.0362
15 1135 0.0362
15 1279 0.0362
15 1433 0.0362
15 1450 0.0362
15 380 0.0359
15 553 0.0359
15 617 0.0357
15 802 0.0357
15 1117 0.0357
15 454 0.0355
15 537 0.0355
15 63 0.0353
15 356 0.0353
15 835 0.0353
15 1400 0.0353
15 1410 0.0351
15 556 0.0349
15 600 0.0349
15 229 0.0346
15 1274 0.0346
15 1028 0.0344
15 1047 0.0344
15 271 0.0342
15 429 0.0342
15 804 0.0342
15 273 0.0340
15 204 0.0338
15 1338 0.0338
15 1534 0.0338
15 1120 0.0337
15 536 0.0335
15 1127 0.0335
15 967 0.0332
15 235 0.0330
15 974 0.0330
15 1068 0.0330
15 560 0.0327
15 1021 0.0327
15 1081 0.0327
15 215 0.0327
15 291 0.0325
15 378 0.0324
15 890 0.0324
15 1303 0.0324
15 626 0.0322
15 769 0.0321
15 1423 0.0319
15 1457 0.0319
15 4 0.0316
15 1096 0.0316
15 874 0.0315
15 1246 0.0314
15 70 0.0312
15 361 0.0312
15 430 0.0312
15 840 0.0312
15 51 0.0311
15 884 0.0310
15 199 0.0309
15 1058 0.0308
15 1368 0.0308
15 575 0.0307
15 1069 0.0307
15 207 0.0304
15 1414 0.0304
15 1345 0.0303
15 412 0.0302
15 589 0.0302
15 1302 0.0300
15 690 0.0299
15 849 0.0299
15 68 0.0296
15 138 0.0296
15 753 0.0296
15 1350 0.0296
15 449 0.0295
15 55 0.0293
15 447 0.0293
15 1194 0.0293
15 612 0.0292
15 239 0.0291
15 998 0.0290
15 1402 0.0289
15 692 0.0288
15 1381 0.0288
15 1531 0.0288
15 976 0.0287
15 91 0.0284
15 790 0.0284
15 893 0.0282
15 1428 0.0282
15 1525 0.0282
15 312 0.0280
15 929 0.0280
15 923 0.0279
15 466 0.0278
15 842 0.0278
15 985 0.0278
15 1357 0.0278
15 335 0.0277
15 915 0.0277
15 982 0.0274
15 304 0.0272
15 651 0.0272
15 1369 0.0271
15 1505 0.0271
15 78 0.0270
15 261 0.0270
15 330 0.0269
15 836 0.0269
15 932 0.0267
15 972 0.0267
15 853 0.0266
15 846 0.0265
15 1267 0.0264
15 580 0.0262
15 822 0.0260
15 1012 0.0260
15 437 0.0259
15 220 0.0257
15 583 0.0257
15 962 0.0256
15 1105 0.0255
15 1226 0.0255
15 217 0.0252
15 259 0.0251
15 616 0.0251
15 737 0.0251
15 1392 0.0251
15 1191 0.0251
15 41 0.0248
15 732 0.0248
15 960 0.0248
15 1394 0.0248
15 573 0.0246
15 53 0.0245
15 1224 0.0244
15 195 0.0243
15 458 0.0243
15 1299 0.0242
15 1015 0.0242
15 1098 0.0242
15 520 0.0241
15 76 0.0240
15 507 0.0238
15 883 0.0238
15 1298 0.0238
15 786 0.0236
15 1038 0.0233
15 1282 0.0232
15 1441 0.0232
15 1516 0.0231
15 576 0.0229
15 1158 0.0228
15 658 0.0227
15 641 0.0227
15 958 0.0227
15 1292 0.0226
15 557 0.0224
15 5 0.0223
15 1333 0.0223
15 857 0.0222
15 926 0.0221
15 137 0.0219
15 1465 0.0219
15 970 0.0219
15 787 0.0218
15 663 0.0217
15 1116 0.0217
15 358 0.0215
15 1297 0.0214
15 1328 0.0213
15 357 0.0213
15 783 0.0208
15 909 0.0207
15 1128 0.0206
15 742 0.0205
15 799 0.0205
15 1347 0.0204
15 1342 0.0203
15 895 0.0202
15 619 0.0202
15 506 0.0201
15 1501 0.0198
15 1293 0.0196
15 1046 0.0195
15 1271 0.0192
15 1000 0.0188
15 327 0.0188
15 441 0.0188
15 1114 0.0185
15 1434 0.0185
15 1323 0.0184
15 39 0.0184
15 801 0.0184
15 1304 0.0184
15 108 0.0182
15 812 0.0182
15 977 0.0182
15 1436 0.0182
15 1111 0.0178
15 1331 0.0178
15 1405 0.0178
15 771 0.0177
15 1157 0.0177
15 811 0.0176
15 510 0.0174
15 258 0.0172
15 1471 0.0168
15 405 0.0163
15 47 0.0162
15 823 0.0162
15 331 0.0160
15 861 0.0158
15 492 0.0157
15 585 0.0155
15 986 0.0155
15 591 0.0154
15 1264 0.0154
15 17 0.0153
15 637 0.0153
15 987 0.0153
15 1401 0.0150
15 1093 0.0147
15 813 0.0146
15 60 0.0142
15 1174 0.0141
15 1062 0.0140
15 392 0.0139
15 414 0.0138
15 902 0.0138
15 243 0.0137
15 879 0.0129
15 1427 0.0127
15 1329 0.0127
15 402 0.0124
15 1228 0.0124
15 1332 0.0124
15 681 0.0123
15 205 0.0122
15 164 0.0115
15 1453 0.0111
15 611 0.0105
15 559 0.0102
15 565 0.0100
15 1119 0.0100
15 868 0.0097
15 760 0.0096
16 63 0.2918
16 985 0.2868
16 983 0.2855
16 1194 0.2828
16 1527 0.2782
16 794 0.2688
16 495 0.2649
16 366 0.2561
16 435 0.2524
16 446 0.2488
16 469 0.2451
16 670 0.2414
16 411 0.2410
16 805 0.2396
16 430 0.2364
16 947 0.2327
16 1120 0.2317
16 340 0.2294
16 510 0.2275
16 576 0.2211
16 290 0.2188
16 1476 0.2161
16 1395 0.2158
16 986 0.2130
16 335 0.2096
16 741 0.2096
16 889 0.2073
16 444 0.2052
16 978 0.2007
16 862 0.1980
16 1457 0.1978
16 742 0.1977
16 848 0.1977
16 439 0.1966
16 1331 0.1956
16 393 0.1932
16 1185 0.1927
16 307 0.1923
16 379 0.1917
16 480 0.1913
16 662 0.1893
16 1430 0.1880
16 267 0.1873
16 1478 0.1873
16 605 0.1867
16 461 0.1867
16 82 0.1843
16 1065 0.1831
16 1021 0.1800
16 1195 0.1795
16 626 0.1774
16 816 0.1766
16 190 0.1765
16 470 0.1763
16 759 0.1755
16 977 0.1752
16 217 0.1734
16 274 0.1734
16 128 0.1719
16 1513 0.1712
16 1123 0.1711
16 1207 0.1710
16 1399 0.1707
16 1518 0.1697
16 799 0.1694
16 1147 0.1691
16 1069 0.1690
16 458 0.1673
16 451 0.1669
16 1523 0.1669
16 695 0.1653
16 76 0.1651
16 1070 0.1643
16 284 0.1639
16 487 0.1639
16 66 0.1634
16 342 0.1631
16 256 0.1622
16 1576 0.1622
16 1383 0.1607
16 566 0.1607
16 1285 0.1591
16 296 0.1589
16 164 0.1587
16 961 0.1583
16 1028 0.1579
16 673 0.1579
16 885 0.1575
16 572 0.1574
16 669 0.1560
16 789 0.1545
16 214 0.1539
16 847 0.1533
16 503 0.1529
16 1050 0.1529
16 1165 0.1529
16 39 0.1520
16 1077 0.1519
16 1016 0.1511
16 1354 0.1511
16 1501 0.1503
16 1578 0.1502
16 945 0.1489
16 292 0.1485
16 1058 0.1485
16 1520 0.1479
16 1442 0.1469
16 837 0.1466
16 835 0.1459
16 647 0.1457
16 64 0.1451
16 1508 0.1451
16 627 0.1433
16 870 0.1431
16 395 0.1428
16 20 0.1420
16 1536 0.1414
16 29 0.1412
16 1461 0.1412
16 1324 0.1405
16 1420 0.1398
16 1113 0.1395
16 1419 0.1393
16 1479 0.1390
16 89 0.1383
16 484 0.1383
16 948 0.1381
16 230 0.1373
16 1286 0.1371
16 790 0.1367
16 1332 0.1364
16 54 0.1363
16 344 0.1361
16 1262 0.1361
16 661 0.1360
16 784 0.1357
16 19 0.1356
16 257 0.1350
16 94 0.1334
16 1057 0.1333
16 1009 0.1327
16 251 0.1325
16 867 0.1325
16 107 0.1322
16 1361 0.1318
16 507 0.1311
16 719 0.1311
16 1382 0.1311
16 479 0.1307
16 519 0.1304
16 937 0.1301
16 269 0.1284
16 1245 0.1282
16 702 0.1282
16 731 0.1270
16 1407 0.1267
16 329 0.1266
16 555 0.1266
16 559 0.1264
16 987 0.1262
16 213 0.1261
16 416 0.1261
16 268 0.1259
16 963 0.1257
16 502 0.1252
16 1436 0.1252
16 958 0.1249
16 589 0.1246
16 297 0.1244
16 1066 0.1244
16 886 0.1243
16 618 0.1236
16 1522 0.1236
16 691 0.1231
16 935 0.1231
16 1226 0.1228
16 1001 0.1226
16 138 0.1221
16 236 0.1217
16 246 0.1217
16 326 0.1217
16 979 0.1217
16 996 0.1217
16 1208 0.1217
16 918 0.1212
16 1093 0.1212
16 93 0.1210
16 1339 0.1207
16 1100 0.1205
16 813 0.1203
16 600 0.1202
16 167 0.1198
16 562 0.1198
16 467 0.1197
16 906 0.1195
16 191 0.1189
16 1455 0.1189
16 293 0.1183
16 271 0.1177
16 824 0.1177
16 743 0.1176
16 631 0.1175
16 1224 0.1174
16 795 0.1172
16 969 0.1171
16 173 0.1170
16 1514 0.1168
16 113 0.1165
16 117 0.1165
16 660 0.1156
16 536 0.1153
16 995 0.1153
16 175 0.1147
16 287 0.1147
16 587 0.1147
16 730 0.1147
16 850 0.1147
16 939 0.1147
16 1033 0.1147
16 1115 0.1147
16 1509 0.1147
16 1541 0.1147
16 915 0.1143
16 817 0.1138
16 964 0.1138
16 1278 0.1136
16 630 0.1130
16 713 0.1130
16 210 0.1121
16 1315 0.1121
16 1007 0.1117
16 1342 0.1117
16 721 0.1116
16 895 0.1115
16 1467 0.1114
16 590 0.1109
16 36 0.1108
16 668 0.1107
16 118 0.1105
16 122 0.1105
16 283 0.1105
16 526 0.1105
16 672 0.1105
16 1459 0.1102
16 1539 0.1095
16 1469 0.1095
16 253 0.1093
16 739 0.1092
16 1096 0.1089
16 1355 0.1084
16 942 0.1083
16 9 0.1081
16 281 0.1079
16 1012 0.1075
16 650 0.1074
16 422 0.1070
16 628 0.1070
16 129 0.1067
16 1104 0.1067
16 578 0.1062
16 636 0.1060
16 760 0.1058
16 397 0.1056
16 994 0.1053
16 348 0.1052
16 1222 0.1050
16 207 0.1047
16 1083 0.1047
16 184 0.1046
16 1132 0.1046
16 1263 0.1043
16 1517 0.1034
16 1297 0.1030
16 149 0.1020
16 252 0.1018
16 1030 0.1018
16 1203 0.1018
16 504 0.1015
16 1018 0.1015
16 625 0.1010
16 205 0.1007
16 409 0.1006
16 195 0.1004
16 299 0.1004
16 1489 0.1001
16 998 0.0998
16 172 0.0995
16 705 0.0995
16 14 0.0993
16 692 0.0991
16 1082 0.0990
16 802 0.0984
16 486 0.0983
16 88 0.0981
16 592 0.0981
16 858 0.0980
16 90 0.0978
16 119 0.0978
16 1109 0.0978
16 1564 0.0973
16 356 0.0973
16 373 0.0973
16 464 0.0973
16 577 0.0969
16 811 0.0967
16 312 0.0963
16 255 0.0959
16 601 0.0957
16 644 0.0957
16 1365 0.0957
16 1441 0.0957
16 1357 0.0956
16 1560 0.0954
16 709 0.0950
16 1294 0.0948
16 1036 0.0946
16 1158 0.0941
16 285 0.0937
16 306 0.0937
16 641 0.0937
16 1398 0.0932
16 914 0.0930
16 1336 0.0930
16 330 0.0927
16 1421 0.0920
16 16 0.0918
16 415 0.0918
16 632 0.0918
16 1234 0.0918
16 32 0.0912
16 280 0.0912
16 946 0.0912
16 1239 0.0910
16 623 0.0909
16 189 0.0907
16 485 0.0907
16 1308 0.0906
16 1465 0.0906
16 432 0.0904
16 711 0.0904
16 970 0.0904
16 215 0.0900
16 1084 0.0898
16 663 0.0898
16 47 0.0891
16 890 0.0891
16 1171 0.0891
16 1303 0.0891
16 1415 0.0890
16 1260 0.0885
16 288 0.0883
16 247 0.0881
16 266 0.0881
16 331 0.0879
16 525 0.0879
16 898 0.0879
16 508 0.0875
16 992 0.0875
16 1019 0.0874
16 1417 0.0874
16 336 0.0871
16 10 0.0867
16 1200 0.0867
16 737 0.0865
16 492 0.0863
16 1246 0.0863
16 840 0.0859
16 602 0.0854
16 956 0.0852
16 671 0.0850
16 591 0.0848
16 941 0.0847
16 1418 0.0841
16 98 0.0838
16 103 0.0838
16 282 0.0838
16 377 0.0835
16 433 0.0835
16 1438 0.0835
16 333 0.0834
16 506 0.0829
16 1187 0.0829
16 1581 0.0829
16 13 0.0824
16 62 0.0824
16 624 0.0824
16 1386 0.0824
16 471 0.0823
16 1495 0.0818
16 179 0.0817
16 1042 0.0817
16 1358 0.0815
16 371 0.0814
16 1542 0.0813
16 194 0.0811
16 295 0.0811
16 385 0.0811
16 1141 0.0811
16 949 0.0808
16 1255 0.0808
16 1410 0.0805
16 196 0.0800
16 1443 0.0799
16 438 0.0795
16 1530 0.0795
16 1531 0.0793
16 389 0.0790
16 139 0.0789
16 448 0.0789
16 554 0.0789
16 35 0.0787
16 717 0.0786
16 1225 0.0784
16 1548 0.0784
16 460 0.0778
16 1140 0.0778
16 407 0.0776
16 667 0.0776
16 1515 0.0774
16 581 0.0773
16 350 0.0769
16 1043 0.0769
16 99 0.0766
16 1114 0.0765
16 43 0.0765
16 1453 0.0763
16 773 0.0762
16 1393 0.0760
16 212 0.0754
16 818 0.0754
16 1054 0.0754
16 1533 0.0754
16 244 0.0751
16 800 0.0751
16 1408 0.0751
16 1379 0.0749
16 1116 0.0747
16 1092 0.0742
16 1492 0.0739
16 558 0.0739
16 981 0.0738
16 1451 0.0737
16 635 0.0735
16 972 0.0735
16 1192 0.0735
16 1561 0.0730
16 316 0.0725
16 468 0.0725
16 910 0.0721
16 374 0.0718
16 727 0.0708
16 1211 0.0708
16 1240 0.0707
16 462 0.0706
16 249 0.0706
16 567 0.0706
16 390 0.0704
16 806 0.0704
16 106 0.0702
16 115 0.0700
16 1270 0.0700
16 1338 0.0699
16 1534 0.0699
16 1273 0.0698
16 1330 0.0695
16 904 0.0694
16 1470 0.0694
16 403 0.0692
16 748 0.0692
16 854 0.0692
16 1471 0.0692
16 381 0.0684
16 751 0.0684
16 1189 0.0684
16 1555 0.0684
16 351 0.0681
16 573 0.0678
16 1178 0.0678
16 878 0.0677
16 1462 0.0677
16 8 0.0675
16 1426 0.0671
16 1198 0.0669
16 653 0.0668
16 424 0.0666
16 1015 0.0666
16 859 0.0662
16 769 0.0662
16 872 0.0662
16 1563 0.0662
16 372 0.0659
16 425 0.0659
16 610 0.0659
16 1388 0.0659
16 776 0.0656
16 551 0.0655
16 1319 0.0655
16 4 0.0653
16 786 0.0651
16 349 0.0650
16 656 0.0650
16 1432 0.0649
16 674 0.0647
16 764 0.0645
16 999 0.0644
16 465 0.0642
16 585 0.0642
16 884 0.0640
16 1006 0.0639
16 1067 0.0639
16 639 0.0636
16 201 0.0636
16 761 0.0634
16 1380 0.0634
16 187 0.0631
16 311 0.0624
16 375 0.0624
16 844 0.0624
16 744 0.0622
16 629 0.0621
16 622 0.0619
16 965 0.0619
16 1287 0.0619
16 1529 0.0613
16 463 0.0608
16 579 0.0608
16 137 0.0604
16 612 0.0604
16 400 0.0602
16 419 0.0602
16 1568 0.0602
16 1538 0.0601
16 546 0.0597
16 954 0.0597
16 155 0.0597
16 1008 0.0597
16 1061 0.0594
16 181 0.0592
16 582 0.0592
16 1233 0.0592
16 1474 0.0592
16 1182 0.0591
16 767 0.0590
16 1370 0.0586
16 357 0.0585
16 768 0.0584
16 440 0.0583
16 894 0.0579
16 1121 0.0578
16 1152 0.0578
16 1062 0.0578
16 923 0.0576
16 337 0.0574
16 414 0.0570
16 902 0.0570
16 243 0.0568
16 67 0.0565
16 169 0.0565
16 1384 0.0562
16 61 0.0562
16 752 0.0561
16 1078 0.0561
16 78 0.0558
16 530 0.0558
16 1049 0.0558
16 174 0.0556
16 574 0.0556
16 619 0.0556
16 704 0.0556
16 1175 0.0556
16 154 0.0552
16 936 0.0552
16 1217 0.0552
16 1360 0.0552
16 1060 0.0548
16 1526 0.0548
16 334 0.0548
16 846 0.0548
16 1494 0.0548
16 211 0.0545
16 162 0.0541
16 843 0.0541
16 1293 0.0541
16 1035 0.0537
16 321 0.0536
16 515 0.0536
16 1199 0.0534
16 518 0.0533
16 834 0.0533
16 583 0.0531
16 968 0.0530
16 178 0.0526
16 270 0.0526
16 1247 0.0526
16 1307 0.0526
16 1562 0.0526
16 345 0.0523
16 1173 0.0520
16 1422 0.0520
16 1020 0.0517
16 1000 0.0517
16 441 0.0516
16 740 0.0516
16 774 0.0516
16 443 0.0515
16 44 0.0514
16 1183 0.0513
16 1266 0.0513
16 1351 0.0513
16 427 0.0507
16 489 0.0507
16 1309 0.0507
16 53 0.0506
16 305 0.0504
16 828 0.0504
16 1223 0.0504
16 108 0.0501
16 163 0.0501
16 227 0.0501
16 237 0.0501
16 797 0.0501
16 1481 0.0501
16 785 0.0498
16 1237 0.0498
16 1433 0.0498
16 97 0.0497
16 380 0.0495
16 1154 0.0495
16 896 0.0492
16 2 0.0489
16 537 0.0489
16 1214 0.0489
16 1097 0.0486
16 1157 0.0486
16 1321 0.0481
16 903 0.0478
16 1179 0.0478
16 1301 0.0477
16 907 0.0476
16 1177 0.0476
16 1305 0.0475
16 1193 0.0474
16 168 0.0471
16 804 0.0471
16 658 0.0469
16 65 0.0468
16 387 0.0468
16 696 0.0468
16 1292 0.0467
16 724 0.0463
16 706 0.0461
16 1567 0.0459
16 676 0.0457
16 820 0.0457
16 1150 0.0457
16 418 0.0454
16 1068 0.0454
16 475 0.0452
16 1493 0.0452
16 1511 0.0452
16 1317 0.0451
16 456 0.0450
16 560 0.0450
16 1087 0.0448
16 496 0.0446
16 823 0.0446
16 1129 0.0444
16 1406 0.0442
16 38 0.0442
16 74 0.0442
16 200 0.0442
16 241 0.0442
16 346 0.0442
16 716 0.0442
16 1063 0.0442
16 1172 0.0442
16 1328 0.0441
16 509 0.0439
16 657 0.0438
16 26 0.0437
16 595 0.0437
16 1229 0.0437
16 1288 0.0436
16 1375 0.0434
16 70 0.0430
16 912 0.0430
16 1244 0.0430
16 604 0.0426
16 1032 0.0424
16 1368 0.0424
16 391 0.0424
16 1477 0.0422
16 420 0.0419
16 1414 0.0419
16 412 0.0415
16 317 0.0414
16 406 0.0414
16 542 0.0414
16 320 0.0412
16 597 0.0412
16 638 0.0412
16 728 0.0412
16 772 0.0412
16 565 0.0411
16 1387 0.0410
16 143 0.0409
16 68 0.0407
16 84 0.0406
16 449 0.0406
16 447 0.0404
16 1059 0.0404
16 52 0.0402
16 919 0.0402
16 1227 0.0402
16 1463 0.0401
16 1125 0.0399
16 1498 0.0399
16 1528 0.0399
16 891 0.0398
16 1402 0.0398
16 1162 0.0395
16 497 0.0393
16 91 0.0391
16 309 0.0391
16 614 0.0389
16 871 0.0389
16 127 0.0388
16 1428 0.0388
16 1525 0.0388
16 490 0.0385
16 929 0.0385
16 1075 0.0384
16 49 0.0382
16 109 0.0382
16 426 0.0382
16 842 0.0382
16 1251 0.0380
16 873 0.0378
16 3 0.0378
16 982 0.0377
16 908 0.0375
16 1579 0.0375
16 25 0.0372
16 261 0.0372
16 1137 0.0372
16 1491 0.0372
16 136 0.0371
16 836 0.0370
16 853 0.0366
16 771 0.0366
16 1210 0.0365
16 382 0.0363
16 648 0.0363
16 679 0.0363
16 580 0.0360
16 77 0.0359
16 1253 0.0359
16 1335 0.0359
16 778 0.0358
16 1545 0.0358
16 1085 0.0357
16 220 0.0354
16 442 0.0354
16 528 0.0354
16 1310 0.0354
16 1456 0.0352
16 1105 0.0351
16 607 0.0350
16 1219 0.0350
16 1202 0.0349
16 1374 0.0349
16 984 0.0348
16 1166 0.0348
16 259 0.0346
16 654 0.0346
16 1392 0.0346
16 1554 0.0346
16 1191 0.0345
16 732 0.0342
16 807 0.0342
16 825 0.0342
16 142 0.0338
16 404 0.0336
16 1 0.0335
16 92 0.0335
16 264 0.0335
16 272 0.0335
16 1112 0.0335
16 1349 0.0335
16 523 0.0331
16 584 0.0328
16 875 0.0328
16 955 0.0328
16 1449 0.0328
16 925 0.0322
16 1216 0.0322
16 1131 0.0321
16 134 0.0317
16 953 0.0315
16 11 0.0314
16 308 0.0313
16 920 0.0312
16 148 0.0309
16 720 0.0309
16 1575 0.0309
16 1409 0.0307
16 1155 0.0307
16 5 0.0307
16 197 0.0307
16 841 0.0307
16 1284 0.0307
16 1482 0.0307
16 857 0.0306
16 1079 0.0304
16 1353 0.0304
16 1558 0.0304
16 863 0.0303
16 180 0.0301
16 839 0.0301
16 1221 0.0301
16 1411 0.0301
16 512 0.0299
16 141 0.0296
16 814 0.0296
16 852 0.0295
16 71 0.0294
16 161 0.0294
16 434 0.0294
16 24 0.0291
16 428 0.0291
16 763 0.0291
16 1161 0.0291
16 1197 0.0291
16 473 0.0289
16 1023 0.0289
16 1052 0.0289
16 1580 0.0289
16 384 0.0287
16 1205 0.0287
16 1206 0.0287
16 56 0.0285
16 314 0.0285
16 680 0.0285
16 766 0.0285
16 909 0.0285
16 1128 0.0283
16 1546 0.0283
16 310 0.0282
16 1215 0.0282
16 1583 0.0282
16 1306 0.0280
16 1571 0.0280
16 73 0.0278
16 135 0.0278
16 219 0.0278
16 262 0.0278
16 1037 0.0278
16 1291 0.0278
16 1396 0.0278
16 1537 0.0278
16 1272 0.0278
16 226 0.0276
16 242 0.0276
16 1048 0.0275
16 474 0.0275
16 150 0.0274
16 750 0.0274
16 1119 0.0274
16 1148 0.0273
16 58 0.0272
16 300 0.0272
16 318 0.0272
16 642 0.0272
16 1146 0.0272
16 1184 0.0272
16 1454 0.0272
16 86 0.0270
16 1547 0.0270
16 1046 0.0269
16 1103 0.0269
16 951 0.0267
16 1460 0.0265
16 933 0.0263
16 126 0.0261
16 401 0.0260
16 905 0.0260
16 921 0.0260
16 1235 0.0260
16 1448 0.0260
16 34 0.0256
16 1027 0.0256
16 324 0.0255
16 517 0.0255
16 991 0.0255
16 1323 0.0254
16 28 0.0253
16 193 0.0253
16 248 0.0253
16 599 0.0253
16 801 0.0253
16 640 0.0251
16 780 0.0250
16 924 0.0250
16 1269 0.0249
16 1279 0.0249
16 1450 0.0249
16 540 0.0247
16 736 0.0246
16 1117 0.0246
16 81 0.0245
16 157 0.0245
16 208 0.0245
16 454 0.0245
16 222 0.0243
16 1466 0.0243
16 225 0.0242
16 339 0.0242
16 1500 0.0242
16 541 0.0240
16 69 0.0239
16 347 0.0238
16 481 0.0238
16 755 0.0238
16 1362 0.0238
16 437 0.0238
16 258 0.0237
16 1047 0.0237
16 652 0.0235
16 845 0.0235
16 273 0.0234
16 431 0.0234
16 1506 0.0234
16 183 0.0233
16 688 0.0233
16 1122 0.0233
16 1480 0.0231
16 147 0.0231
16 1127 0.0231
16 1371 0.0231
16 1444 0.0229
16 322 0.0228
16 900 0.0228
16 1484 0.0228
16 87 0.0227
16 548 0.0227
16 598 0.0227
16 675 0.0227
16 897 0.0227
16 1277 0.0227
16 12 0.0226
16 405 0.0225
16 718 0.0225
16 832 0.0224
16 880 0.0224
16 436 0.0221
16 1209 0.0221
16 922 0.0220
16 1289 0.0220
16 1344 0.0220
16 1423 0.0220
16 21 0.0218
16 1458 0.0218
16 144 0.0215
16 361 0.0215
16 1180 0.0215
16 1340 0.0214
16 112 0.0212
16 700 0.0212
16 1160 0.0212
16 1346 0.0212
16 575 0.0211
16 1031 0.0210
16 533 0.0209
16 547 0.0209
16 798 0.0209
16 1348 0.0209
16 1254 0.0209
16 1283 0.0209
16 1424 0.0208
16 1091 0.0206
16 1401 0.0206
16 535 0.0204
16 1318 0.0204
16 753 0.0204
16 1022 0.0204
16 1350 0.0204
16 1373 0.0204
16 701 0.0203
16 1089 0.0203
16 722 0.0202
16 747 0.0201
16 233 0.0200
16 1153 0.0200
16 1488 0.0200
16 1313 0.0199
16 1377 0.0199
16 1385 0.0199
16 1074 0.0198
16 60 0.0196
16 723 0.0196
16 1090 0.0196
16 289 0.0195
16 1045 0.0195
16 1136 0.0195
16 1181 0.0195
16 1397 0.0195
16 516 0.0194
16 450 0.0192
16 392 0.0191
16 466 0.0191
16 866 0.0191
16 1176 0.0189
16 304 0.0187
16 651 0.0187
16 1243 0.0187
16 1118 0.0187
16 1369 0.0187
16 831 0.0186
16 1133 0.0186
16 125 0.0184
16 46 0.0183
16 1267 0.0181
16 1524 0.0180
16 1088 0.0180
16 186 0.0179
16 216 0.0179
16 869 0.0179
16 781 0.0178
16 879 0.0178
16 394 0.0176
16 962 0.0176
16 1427 0.0175
16 1485 0.0175
16 1076 0.0175
16 1329 0.0175
16 1356 0.0174
16 1170 0.0173
16 338 0.0171
16 1064 0.0171
16 1275 0.0171
16 960 0.0171
16 1252 0.0171
16 521 0.0170
16 681 0.0170
16 803 0.0169
16 1544 0.0169
16 1299 0.0167
16 1098 0.0166
16 1510 0.0166
16 659 0.0166
16 734 0.0164
16 830 0.0163
16 1142 0.0160
16 1282 0.0160
16 1363 0.0159
16 1483 0.0156
16 1333 0.0153
16 114 0.0152
16 423 0.0152
16 1034 0.0152
16 829 0.0151
16 1425 0.0150
16 1099 0.0145
16 611 0.0145
16 971 0.0145
16 265 0.0144
16 1347 0.0141
16 549 0.0137
16 1271 0.0132
16 749 0.0131
16 1304 0.0126
16 1486 0.0126
16 472 0.0115
16 1302 0.0103
17 1312 0.4891
17 1041 0.4743
17 1201 0.4000
17 286 0.3441
17 5 0.3341
17 358 0.3227
17 559 0.3060
17 239 0.3058
17 1303 0.2914
17 1063 0.2887
17 756 0.2828
17 36 0.2760
17 99 0.2673
17 229 0.2592
17 404 0.2559
17 1130 0.2481
17 1315 0.2443
17 1469 0.2387
17 281 0.2352
17 735 0.2343
17 1401 0.2245
17 1488 0.2176
17 572 0.2144
17 498 0.2105
17 31 0.2085
17 903 0.2085
17 958 0.2041
17 1379 0.2041
17 806 0.1917
17 725 0.1898
17 1257 0.1875
17 1340 0.1865
17 563 0.1861
17 112 0.1849
17 1426 0.1828
17 1256 0.1819
17 672 0.1806
17 62 0.1796
17 746 0.1796
17 772 0.1796
17 1095 0.1781
17 371 0.1775
17 1429 0.1775
17 1296 0.1768
17 1474 0.1721
17 289 0.1703
17 104 0.1690
17 1245 0.1677
17 517 0.1667
17 470 0.1646
17 605 0.1628
17 119 0.1599
17 1199 0.1552
17 824 0.1539
17 1300 0.1531
17 895 0.1519
17 1330 0.1515
17 1554 0.1508
17 1115 0.1500
17 1499 0.1500
17 1275 0.1495
17 41 0.1491
17 807 0.1491
17 897 0.1485
17 1277 0.1485
17 1081 0.1471
17 205 0.1463
17 1112 0.1459
17 496 0.1457
17 653 0.1457
17 867 0.1443
17 1229 0.1430
17 674 0.1411
17 762 0.1393
17 101 0.1387
17 1305 0.1380
17 213 0.1374
17 1322 0.1369
17 1445 0.1364
17 375 0.1361
17 696 0.1361
17 1556 0.1358
17 250 0.1348
17 80 0.1336
17 32 0.1325
17 493 0.1325
17 926 0.1325
17 566 0.1313
17 1008 0.1301
17 24 0.1270
17 647 0.1270
17 392 0.1250
17 1176 0.1237
17 848 0.1231
17 1101 0.1215
17 330 0.1213
17 683 0.1213
17 82 0.1205
17 242 0.1204
17 1146 0.1187
17 245 0.1183
17 1258 0.1155
17 1372 0.1155
17 301 0.1147
17 448 0.1147
17 34 0.1118
17 1351 0.1118
17 694 0.1111
17 1446 0.1111
17 489 0.1104
17 1502 0.1078
17 1449 0.1071
17 81 0.1066
17 90 0.1066
17 771 0.1063
17 373 0.1060
17 339 0.1054
17 811 0.1054
17 15 0.1043
17 907 0.1038
17 308 0.1023
17 431 0.1021
17 1005 0.1000
17 963 0.0996
17 12 0.0985
17 726 0.0967
17 558 0.0966
17 251 0.0962
17 346 0.0962
17 1572 0.0962
17 26 0.0953
17 887 0.0949
17 764 0.0937
17 956 0.0928
17 986 0.0928
17 591 0.0925
17 1160 0.0925
17 1512 0.0921
17 1342 0.0913
17 597 0.0898
17 230 0.0898
17 1184 0.0890
17 68 0.0887
17 1022 0.0887
17 236 0.0884
17 246 0.0884
17 989 0.0884
17 1536 0.0880
17 52 0.0877
17 612 0.0877
17 747 0.0877
17 321 0.0876
17 1455 0.0864
17 790 0.0851
17 784 0.0845
17 773 0.0830
17 873 0.0825
17 159 0.0822
17 908 0.0816
17 25 0.0811
17 261 0.0811
17 1295 0.0811
17 1336 0.0811
17 125 0.0803
17 1192 0.0801
17 853 0.0798
17 1010 0.0793
17 64 0.0791
17 133 0.0791
17 263 0.0791
17 485 0.0791
17 679 0.0791
17 1108 0.0791
17 529 0.0781
17 578 0.0772
17 1461 0.0769
17 1485 0.0765
17 223 0.0754
17 1020 0.0752
17 825 0.0745
17 1504 0.0745
17 299 0.0729
17 859 0.0722
17 875 0.0714
17 1319 0.0714
17 911 0.0707
17 1376 0.0707
17 1413 0.0704
17 42 0.0700
17 491 0.0700
17 59 0.0693
17 319 0.0693
17 588 0.0693
17 639 0.0693
17 658 0.0682
17 1483 0.0682
17 641 0.0680
17 744 0.0677
17 148 0.0674
17 1575 0.0674
17 1421 0.0668
17 18 0.0662
17 1079 0.0662
17 1100 0.0657
17 531 0.0651
17 546 0.0651
17 181 0.0645
17 889 0.0645
17 434 0.0640
17 631 0.0640
17 117 0.0635
17 1417 0.0635
17 927 0.0630
17 1580 0.0630
17 783 0.0625
17 1546 0.0617
17 67 0.0615
17 61 0.0612
17 388 0.0606
17 1175 0.0606
17 1396 0.0606
17 1537 0.0606
17 506 0.0602
17 211 0.0593
17 315 0.0593
17 942 0.0590
17 162 0.0589
17 868 0.0584
17 636 0.0577
17 1530 0.0577
17 178 0.0574
17 1247 0.0574
17 126 0.0570
17 345 0.0570
17 1515 0.0563
17 1114 0.0556
17 28 0.0552
17 39 0.0552
17 248 0.0552
17 1393 0.0552
17 1223 0.0549
17 1486 0.0549
17 163 0.0546
17 244 0.0546
17 1513 0.0533
17 757 0.0530
17 1400 0.0530
17 827 0.0524
17 69 0.0521
17 644 0.0521
17 481 0.0518
17 20 0.0516
17 267 0.0510
17 649 0.0510
17 1506 0.0510
17 204 0.0508
17 342 0.0508
17 688 0.0508
17 1534 0.0508
17 1371 0.0503
17 322 0.0498
17 54 0.0495
17 432 0.0493
17 630 0.0493
17 291 0.0488
17 1087 0.0488
17 47 0.0486
17 378 0.0486
17 288 0.0481
17 789 0.0481
17 525 0.0479
17 1289 0.0479
17 4 0.0475
17 1458 0.0475
17 349 0.0472
17 376 0.0472
17 1180 0.0468
17 1281 0.0468
17 422 0.0466
17 1067 0.0464
17 1032 0.0462
17 145 0.0460
17 397 0.0460
17 1069 0.0460
17 987 0.0458
17 1418 0.0458
17 860 0.0456
17 638 0.0449
17 990 0.0449
17 1155 0.0446
17 1495 0.0445
17 449 0.0442
17 1208 0.0442
17 55 0.0440
17 625 0.0440
17 949 0.0440
17 1162 0.0430
17 60 0.0427
17 1045 0.0426
17 460 0.0424
17 577 0.0423
17 393 0.0421
17 1149 0.0421
17 866 0.0417
17 335 0.0415
17 741 0.0415
17 243 0.0412
17 1243 0.0408
17 1403 0.0407
17 831 0.0406
17 1133 0.0406
17 702 0.0399
17 1335 0.0392
17 186 0.0389
17 216 0.0389
17 190 0.0385
17 249 0.0385
17 1456 0.0383
17 616 0.0377
17 1332 0.0372
17 1203 0.0370
17 1388 0.0359
17 179 0.0356
17 851 0.0356
17 925 0.0351
17 307 0.0349
17 134 0.0346
17 164 0.0346
17 1516 0.0346
17 1294 0.0344
17 11 0.0343
17 1158 0.0342
17 1539 0.0341
17 1398 0.0339
17 1113 0.0338
17 1476 0.0336
17 1034 0.0331
17 93 0.0330
17 215 0.0327
17 1425 0.0327
17 1116 0.0325
17 1182 0.0322
17 1328 0.0320
17 961 0.0314
17 1205 0.0312
17 862 0.0308
17 1240 0.0308
17 88 0.0305
17 1048 0.0300
17 549 0.0299
17 1334 0.0296
17 776 0.0286
17 443 0.0281
17 668 0.0268
17 729 0.0249
17 351 0.0247
17 884 0.0232
17 1302 0.0225
18 525 0.4793
18 454 0.4446
18 752 0.4076
18 245 0.3946
18 1134 0.3796
18 897 0.3716
18 1128 0.3607
18 497 0.3576
18 30 0.3428
18 657 0.3384
18 281 0.3335
18 126 0.3327
18 1221 0.3286
18 672 0.3263
18 229 0.3243
18 572 0.3218
18 24 0.3178
18 428 0.3178
18 1577 0.3041
18 13 0.2996
18 555 0.2958
18 423 0.2906
18 716 0.2809
18 1063 0.2809
18 228 0.2798
18 824 0.2781
18 944 0.2771
18 649 0.2767
18 873 0.2752
18 305 0.2746
18 566 0.2738
18 297 0.2714
18 279 0.2706
18 1137 0.2706
18 1312 0.2640
18 485 0.2638
18 679 0.2638
18 1102 0.2606
18 1541 0.2606
18 477 0.2605
18 902 0.2589
18 1290 0.2581
18 1310 0.2574
18 593 0.2559
18 665 0.2544
18 1374 0.2536
18 230 0.2497
18 1064 0.2494
18 328 0.2487
18 381 0.2487
18 1010 0.2480
18 1174 0.2476
18 53 0.2453
18 119 0.2445
18 659 0.2414
18 816 0.2408
18 1177 0.2378
18 1166 0.2371
18 401 0.2361
18 1564 0.2359
18 1008 0.2350
18 93 0.2337
18 1469 0.2322
18 215 0.2317
18 991 0.2317
18 1264 0.2313
18 1041 0.2308
18 375 0.2270
18 785 0.2262
18 257 0.2249
18 1421 0.2229
18 1222 0.2226
18 1464 0.2223
18 484 0.2200
18 1568 0.2190
18 1321 0.2186
18 1151 0.2178
18 1183 0.2176
18 349 0.2167
18 636 0.2167
18 1193 0.2153
18 95 0.2146
18 424 0.2118
18 170 0.2115
18 798 0.2094
18 366 0.2069
18 362 0.2052
18 1536 0.2019
18 157 0.2000
18 658 0.1991
18 648 0.1978
18 250 0.1968
18 102 0.1953
18 438 0.1926
18 854 0.1886
18 1127 0.1886
18 1000 0.1880
18 434 0.1869
18 41 0.1865
18 535 0.1858
18 447 0.1836
18 265 0.1832
18 1311 0.1810
18 617 0.1788
18 585 0.1750
18 94 0.1732
18 1534 0.1694
18 261 0.1691
18 945 0.1691
18 1401 0.1685
18 1201 0.1668
18 1509 0.1668
18 1567 0.1668
18 334 0.1659
18 88 0.1656
18 1351 0.1632
18 1313 0.1627
18 517 0.1622
18 40 0.1615
18 578 0.1609
18 1260 0.1609
18 241 0.1605
18 288 0.1605
18 436 0.1605
18 1573 0.1605
18 508 0.1590
18 620 0.1590
18 1161 0.1589
18 904 0.1576
18 1052 0.1576
18 70 0.1562
18 335 0.1558
18 680 0.1552
18 1130 0.1552
18 243 0.1548
18 112 0.1542
18 1160 0.1542
18 892 0.1540
18 5 0.1533
18 103 0.1523
18 433 0.1517
18 1345 0.1516
18 1187 0.1506
18 859 0.1505
18 62 0.1498
18 320 0.1498
18 786 0.1478
18 246 0.1474
18 491 0.1460
18 319 0.1446
18 1074 0.1441
18 448 0.1435
18 554 0.1435
18 933 0.1435
18 156 0.1430
18 291 0.1424
18 653 0.1418
18 516 0.1410
18 327 0.1408
18 148 0.1406
18 1242 0.1393
18 49 0.1390
18 50 0.1390
18 1165 0.1390
18 4 0.1385
18 193 0.1382
18 32 0.1381
18 404 0.1372
18 818 0.1371
18 908 0.1362
18 1340 0.1361
18 446 0.1357
18 1133 0.1353
18 1491 0.1353
18 101 0.1349
18 358 0.1346
18 1494 0.1327
18 760 0.1322
18 1508 0.1319
18 1580 0.1314
18 15 0.1304
18 1365 0.1304
18 515 0.1299
18 437 0.1296
18 36 0.1295
18 258 0.1290
18 938 0.1277
18 559 0.1276
18 183 0.1270
18 242 0.1255
18 948 0.1255
18 211 0.1237
18 1334 0.1235
18 577 0.1234
18 1046 0.1222
18 1303 0.1215
18 251 0.1204
18 595 0.1193
18 332 0.1192
18 507 0.1192
18 851 0.1188
18 817 0.1182
18 1376 0.1180
18 1432 0.1180
18 961 0.1178
18 1490 0.1177
18 1552 0.1162
18 111 0.1157
18 1069 0.1152
18 435 0.1147
18 470 0.1144
18 1223 0.1144
18 1283 0.1137
18 249 0.1123
18 806 0.1119
18 99 0.1115
18 841 0.1115
18 1513 0.1111
18 753 0.1110
18 1350 0.1110
18 356 0.1105
18 280 0.1105
18 493 0.1105
18 52 0.1097
18 239 0.1093
18 910 0.1093
18 1225 0.1069
18 452 0.1061
18 784 0.1057
18 1371 0.1048
18 175 0.1043
18 1257 0.1043
18 870 0.1041
18 179 0.1040
18 432 0.1027
18 169 0.1027
18 848 0.1027
18 192 0.1019
18 210 0.1019
18 1327 0.1019
18 574 0.1011
18 1175 0.1011
18 1272 0.1010
18 118 0.1004
18 526 0.1004
18 789 0.1003
18 66 0.0990
18 300 0.0990
18 329 0.0986
18 376 0.0985
18 662 0.0983
18 674 0.0981
18 735 0.0977
18 422 0.0972
18 1346 0.0964
18 140 0.0957
18 286 0.0957
18 1132 0.0950
18 1556 0.0944
18 449 0.0922
18 427 0.0921
18 489 0.0921
18 625 0.0918
18 1016 0.0915
18 299 0.0912
18 1112 0.0912
18 705 0.0905
18 1066 0.0905
18 1347 0.0895
18 1342 0.0888
18 289 0.0887
18 63 0.0884
18 1466 0.0882
18 811 0.0879
18 510 0.0871
18 31 0.0870
18 478 0.0870
18 392 0.0869
18 866 0.0869
18 1301 0.0867
18 741 0.0866
18 576 0.0861
18 1483 0.0853
18 123 0.0851
18 431 0.0851
18 958 0.0851
18 330 0.0843
18 256 0.0843
18 1476 0.0842
18 745 0.0836
18 730 0.0834
18 1080 0.0834
18 676 0.0831
18 1150 0.0830
18 1070 0.0829
18 1079 0.0829
18 351 0.0825
18 298 0.0818
18 787 0.0818
18 1087 0.0814
18 496 0.0810
18 278 0.0803
18 867 0.0803
18 331 0.0799
18 425 0.0799
18 673 0.0797
18 26 0.0795
18 924 0.0794
18 482 0.0788
18 864 0.0788
18 1566 0.0788
18 960 0.0777
18 591 0.0771
18 1164 0.0768
18 1418 0.0765
18 646 0.0761
18 1348 0.0761
18 1256 0.0759
18 1360 0.0753
18 638 0.0749
18 746 0.0749
18 772 0.0749
18 474 0.0749
18 1387 0.0746
18 1095 0.0743
18 371 0.0740
18 998 0.0726
18 1247 0.0718
18 308 0.0711
18 581 0.0702
18 312 0.0700
18 426 0.0695
18 539 0.0695
18 1446 0.0695
18 651 0.0681
18 1379 0.0681
18 85 0.0677
18 1295 0.0677
18 1239 0.0661
18 1302 0.0657
18 580 0.0655
18 903 0.0652
18 1362 0.0649
18 1199 0.0647
18 501 0.0636
18 1265 0.0636
18 1565 0.0636
18 895 0.0633
18 1330 0.0632
18 445 0.0629
18 524 0.0629
18 1554 0.0629
18 670 0.0627
18 1115 0.0626
18 1499 0.0626
18 807 0.0622
18 1189 0.0622
18 1207 0.0622
18 942 0.0615
18 1018 0.0615
18 1073 0.0615
18 1462 0.0615
18 1081 0.0613
18 205 0.0610
18 272 0.0608
18 1349 0.0608
18 47 0.0608
18 823 0.0608
18 97 0.0602
18 439 0.0596
18 603 0.0596
18 887 0.0594
18 1096 0.0594
18 532 0.0590
18 492 0.0588
18 1246 0.0588
18 833 0.0584
18 1185 0.0584
18 1123 0.0583
18 397 0.0576
18 696 0.0568
18 80 0.0557
18 114 0.0554
18 176 0.0552
18 926 0.0552
18 747 0.0549
18 839 0.0548
18 233 0.0544
18 794 0.0543
18 1455 0.0540
18 1451 0.0536
18 161 0.0534
18 795 0.0532
18 647 0.0530
18 939 0.0521
18 563 0.0517
18 602 0.0517
18 909 0.0517
18 1159 0.0517
18 742 0.0513
18 799 0.0513
18 1583 0.0513
18 1078 0.0509
18 1101 0.0507
18 262 0.0506
18 683 0.0506
18 704 0.0506
18 712 0.0506
18 1291 0.0506
18 82 0.0502
18 1352 0.0498
18 1452 0.0498
18 1526 0.0498
18 1210 0.0498
18 344 0.0495
18 642 0.0495
18 189 0.0495
18 793 0.0488
18 196 0.0485
18 461 0.0485
18 1057 0.0485
18 1124 0.0485
18 190 0.0481
18 301 0.0478
18 479 0.0475
18 703 0.0469
18 740 0.0469
18 774 0.0469
18 34 0.0466
18 1027 0.0466
18 1245 0.0466
18 1394 0.0466
18 1332 0.0465
18 694 0.0463
18 599 0.0461
18 502 0.0455
18 780 0.0455
18 812 0.0455
18 1436 0.0455
18 81 0.0445
18 90 0.0445
18 494 0.0445
18 1111 0.0445
18 771 0.0443
18 339 0.0440
18 556 0.0437
18 1441 0.0435
18 164 0.0433
18 293 0.0430
18 1364 0.0430
18 429 0.0428
18 804 0.0428
18 845 0.0428
18 744 0.0424
18 1420 0.0423
18 1120 0.0421
18 536 0.0419
18 684 0.0419
18 45 0.0417
18 820 0.0415
18 967 0.0415
18 12 0.0411
18 838 0.0407
18 469 0.0405
18 1171 0.0405
18 1467 0.0405
18 726 0.0403
18 558 0.0403
18 346 0.0401
18 1572 0.0401
18 1423 0.0399
18 1229 0.0398
18 336 0.0396
18 1354 0.0392
18 783 0.0391
18 361 0.0391
18 764 0.0391
18 810 0.0389
18 986 0.0387
18 1067 0.0387
18 1477 0.0384
18 637 0.0382
18 1031 0.0382
18 533 0.0381
18 1083 0.0381
18 542 0.0376
18 629 0.0376
18 796 0.0376
18 1048 0.0375
18 383 0.0375
18 597 0.0375
18 549 0.0374
18 1501 0.0373
18 1155 0.0372
18 68 0.0370
18 236 0.0369
18 979 0.0369
18 989 0.0369
18 1194 0.0367
18 612 0.0366
18 1339 0.0366
18 321 0.0365
18 1463 0.0364
18 1167 0.0363
18 1419 0.0362
18 1531 0.0360
18 858 0.0356
18 790 0.0355
18 1370 0.0355
18 1140 0.0354
18 929 0.0350
18 450 0.0349
18 773 0.0346
18 159 0.0343
18 25 0.0338
18 836 0.0336
18 125 0.0335
18 695 0.0334
18 1192 0.0334
18 1459 0.0334
18 853 0.0333
18 739 0.0331
18 64 0.0330
18 133 0.0330
18 263 0.0330
18 316 0.0330
18 1053 0.0327
18 1084 0.0327
18 529 0.0326
18 216 0.0325
18 781 0.0323
18 567 0.0321
18 707 0.0320
18 994 0.0319
18 1329 0.0318
18 984 0.0316
18 217 0.0315
18 223 0.0314
18 616 0.0314
18 185 0.0311
18 825 0.0311
18 504 0.0307
18 1126 0.0307
18 1224 0.0305
18 1169 0.0304
18 333 0.0303
18 1015 0.0303
18 14 0.0301
18 875 0.0298
18 592 0.0297
18 756 0.0295
18 911 0.0295
18 1278 0.0295
18 42 0.0292
18 1363 0.0290
18 59 0.0289
18 588 0.0289
18 639 0.0289
18 365 0.0287
18 1028 0.0287
18 213 0.0286
18 1539 0.0284
18 641 0.0284
18 1575 0.0281
18 1333 0.0279
18 18 0.0276
18 22 0.0274
18 531 0.0271
18 181 0.0269
18 889 0.0269
18 266 0.0267
18 631 0.0267
18 1496 0.0267
18 357 0.0266
18 117 0.0265
18 1417 0.0265
18 660 0.0263
18 927 0.0263
18 1023 0.0263
18 862 0.0257
18 1240 0.0257
18 928 0.0257
18 61 0.0255
18 106 0.0255
18 486 0.0255
18 488 0.0255
18 1306 0.0255
18 135 0.0253
18 1037 0.0253
18 1396 0.0253
18 506 0.0251
18 58 0.0247
18 315 0.0247
18 1184 0.0247
18 162 0.0246
18 868 0.0244
18 129 0.0242
18 1530 0.0241
18 1271 0.0240
18 178 0.0239
18 345 0.0238
18 165 0.0235
18 1043 0.0233
18 503 0.0232
18 1114 0.0232
18 1434 0.0232
18 28 0.0230
18 248 0.0230
18 3 0.0229
18 759 0.0228
18 163 0.0228
18 244 0.0228
18 380 0.0225
18 1092 0.0225
18 1154 0.0225
18 668 0.0224
18 802 0.0224
18 120 0.0221
18 222 0.0221
18 373 0.0221
18 1400 0.0221
18 1500 0.0220
18 827 0.0219
18 69 0.0217
18 487 0.0213
18 1506 0.0213
18 342 0.0212
18 688 0.0212
18 322 0.0207
18 54 0.0206
18 1277 0.0206
18 630 0.0205
18 74 0.0201
18 430 0.0195
18 840 0.0195
18 987 0.0191
18 1445 0.0190
18 1517 0.0188
18 544 0.0187
18 1022 0.0185
18 1208 0.0184
18 55 0.0184
18 1255 0.0184
18 1488 0.0181
18 1162 0.0179
18 60 0.0178
18 723 0.0178
18 460 0.0177
18 893 0.0176
18 1149 0.0176
18 1176 0.0172
18 831 0.0169
18 1250 0.0164
18 1335 0.0163
18 1383 0.0162
18 1202 0.0159
18 681 0.0154
18 1481 0.0152
18 925 0.0146
18 999 0.0146
18 307 0.0146
18 594 0.0145
18 11 0.0143
18 1158 0.0143
18 1113 0.0141
18 1116 0.0136
18 1328 0.0133
18 619 0.0126
18 966 0.0124
18 776 0.0119
18 443 0.0117
18 729 0.0104
19 1174 0.5398
19 775 0.5252
19 831 0.4588
19 157 0.4523
19 1210 0.4500
19 919 0.4341
19 1549 0.4201
19 1299 0.4115
19 677 0.4082
19 769 0.4082
19 1460 0.4082
19 1319 0.4041
19 1458 0.4027
19 1376 0.4000
19 810 0.3956
19 801 0.3904
19 1145 0.3814
19 1318 0.3780
19 1464 0.3769
19 910 0.3706
19 888 0.3693
19 907 0.3671
19 1274 0.3666
19 1162 0.3651
19 1040 0.3627
19 1328 0.3621
19 460 0.3599
19 768 0.3599
19 1136 0.3599
19 483 0.3563
19 1121 0.3563
19 1357 0.3536
19 1541 0.3536
19 914 0.3441
19 1137 0.3441
19 1360 0.3405
19 372 0.3386
19 1344 0.3386
19 1212 0.3354
19 1012 0.3313
19 1281 0.3311
19 1430 0.3310
19 1518 0.3269
19 761 0.3255
19 1317 0.3243
19 973 0.3241
19 990 0.3175
19 214 0.3162
19 1495 0.3150
19 1022 0.3137
19 878 0.3128
19 305 0.3105
19 1051 0.3068
19 859 0.3062
19 734 0.3030
19 743 0.3021
19 208 0.3015
19 491 0.2970
19 1540 0.2916
19 1259 0.2914
19 1144 0.2849
19 687 0.2828
19 711 0.2785
19 1221 0.2785
19 505 0.2774
19 515 0.2752
19 1503 0.2752
19 47 0.2747
19 378 0.2747
19 241 0.2722
19 1209 0.2722
19 525 0.2709
19 1076 0.2696
19 1161 0.2694
19 924 0.2692
19 1566 0.2673
19 1206 0.2652
19 269 0.2638
19 402 0.2635
19 563 0.2631
19 1311 0.2631
19 956 0.2626
19 1546 0.2616
19 1368 0.2615
19 575 0.2604
19 435 0.2593
19 821 0.2592
19 860 0.2582
19 1101 0.2577
19 1527 0.2572
19 1537 0.2572
19 672 0.2554
19 1447 0.2535
19 1454 0.2518
19 998 0.2462
19 1151 0.2462
19 1402 0.2453
19 1143 0.2449
19 1280 0.2423
19 513 0.2400
19 1245 0.2372
19 324 0.2357
19 586 0.2357
19 489 0.2343
19 1393 0.2343
19 818 0.2325
19 787 0.2311
19 25 0.2294
19 1295 0.2294
19 714 0.2274
19 1010 0.2243
19 1553 0.2236
19 1035 0.2209
19 1545 0.2209
19 347 0.2200
19 453 0.2182
19 1260 0.2182
19 1105 0.2163
19 1219 0.2157
19 748 0.2132
19 1484 0.2111
19 381 0.2108
19 254 0.2100
19 351 0.2098
19 1198 0.2063
19 1129 0.2051
19 523 0.2041
19 867 0.2041
19 603 0.2020
19 887 0.2013
19 532 0.2000
19 911 0.2000
19 1564 0.2000
19 1413 0.1990
19 422 0.1978
19 588 0.1961
19 637 0.1945
19 476 0.1943
19 953 0.1943
19 717 0.1938
19 1254 0.1928
19 1283 0.1928
19 920 0.1925
19 622 0.1907
19 691 0.1897
19 1155 0.1894
19 534 0.1890
19 745 0.1890
19 252 0.1882
19 1141 0.1875
19 32 0.1873
19 1079 0.1873
19 1463 0.1853
19 1425 0.1849
19 233 0.1846
19 1385 0.1839
19 1074 0.1833
19 1474 0.1826
19 1182 0.1822
19 1548 0.1812
19 1507 0.1811
19 871 0.1799
19 1204 0.1799
19 609 0.1782
19 660 0.1782
19 1023 0.1782
19 1152 0.1782
19 961 0.1775
19 255 0.1774
19 783 0.1768
19 850 0.1768
19 1138 0.1768
19 963 0.1761
19 1077 0.1756
19 1134 0.1756
19 1251 0.1756
19 602 0.1754
19 934 0.1715
19 1256 0.1715
19 1272 0.1712
19 1156 0.1709
19 662 0.1667
19 843 0.1667
19 1547 0.1667
19 1253 0.1662
19 1085 0.1651
19 1199 0.1646
19 1258 0.1633
19 394 0.1627
19 1427 0.1622
19 1570 0.1622
19 1173 0.1601
19 228 0.1581
19 1252 0.1577
19 671 0.1572
19 991 0.1571
19 28 0.1562
19 828 0.1552
19 205 0.1551
19 1279 0.1534
19 81 0.1508
19 63 0.1499
19 110 0.1482
19 1305 0.1464
19 1047 0.1459
19 815 0.1443
19 777 0.1421
19 1371 0.1421
19 1471 0.1421
19 1005 0.1414
19 1468 0.1414
19 1277 0.1400
19 630 0.1393
19 1087 0.1380
19 496 0.1374
19 823 0.1374
19 917 0.1367
19 1573 0.1361
19 657 0.1350
19 4 0.1342
19 158 0.1336
19 975 0.1325
19 1340 0.1319
19 604 0.1313
19 666 0.1313
19 913 0.1313
19 1067 0.1313
19 1164 0.1302
19 1512 0.1302
19 1007 0.1291
19 420 0.1291
19 412 0.1280
19 1556 0.1280
19 1517 0.1275
19 62 0.1270
19 746 0.1270
19 993 0.1270
19 1218 0.1270
19 1119 0.1268
19 1429 0.1255
19 326 0.1250
19 877 0.1237
19 1220 0.1231
19 795 0.1204
19 929 0.1187
19 457 0.1179
19 1384 0.1155
19 1118 0.1151
19 685 0.1147
19 1336 0.1147
19 695 0.1132
19 853 0.1129
19 846 0.1125
19 739 0.1122
19 410 0.1118
19 648 0.1118
19 1524 0.1111
19 1053 0.1108
19 1335 0.1108
19 529 0.1104
19 822 0.1104
19 1003 0.1104
19 511 0.1091
19 727 0.1091
19 1211 0.1091
19 1310 0.1091
19 501 0.1078
19 524 0.1066
19 670 0.1063
19 472 0.1062
19 1391 0.1054
19 1203 0.1045
19 791 0.1043
19 1073 0.1043
19 1359 0.1043
19 1462 0.1043
19 272 0.1031
19 408 0.1031
19 782 0.1031
19 1349 0.1031
19 1520 0.1013
19 883 0.1010
19 851 0.1008
19 786 0.1003
19 999 0.0993
19 1185 0.0990
19 341 0.0981
19 594 0.0981
19 1014 0.0974
19 213 0.0971
19 308 0.0964
19 1483 0.0964
19 1539 0.0964
19 696 0.0962
19 1529 0.0945
19 176 0.0937
19 1034 0.0937
19 1431 0.0937
19 738 0.0928
19 839 0.0928
19 794 0.0921
19 814 0.0913
19 889 0.0913
19 1451 0.0909
19 71 0.0905
19 413 0.0905
19 1019 0.0898
19 182 0.0891
19 1052 0.0891
19 337 0.0884
19 384 0.0884
19 939 0.0884
19 1257 0.0884
19 366 0.0877
19 1159 0.0877
19 527 0.0870
19 742 0.0870
19 928 0.0870
19 752 0.0864
19 1571 0.0864
19 876 0.0857
19 1175 0.0857
19 886 0.0851
19 952 0.0851
19 1325 0.0851
19 1048 0.0848
19 471 0.0845
19 1060 0.0845
19 344 0.0839
19 1262 0.0839
19 951 0.0822
19 438 0.0816
19 1372 0.0816
19 1235 0.0801
19 517 0.0786
19 694 0.0786
19 1446 0.0786
19 1223 0.0776
19 1489 0.0772
19 1433 0.0767
19 1502 0.0762
19 617 0.0758
19 736 0.0758
19 494 0.0754
19 1214 0.0754
19 811 0.0745
19 827 0.0741
19 903 0.0737
19 652 0.0725
19 824 0.0725
19 845 0.0725
19 613 0.0725
19 1324 0.0722
19 1557 0.0722
19 1338 0.0718
19 514 0.0714
19 100 0.0711
19 536 0.0711
19 706 0.0711
19 967 0.0704
19 235 0.0700
19 598 0.0700
19 1511 0.0697
19 291 0.0690
19 726 0.0684
19 922 0.0677
19 1361 0.0677
19 1229 0.0674
19 336 0.0671
19 482 0.0668
19 1355 0.0668
19 674 0.0665
19 1276 0.0665
19 379 0.0657
19 1006 0.0657
19 112 0.0654
19 1058 0.0654
19 145 0.0651
19 1069 0.0651
19 1083 0.0645
19 1414 0.0645
19 1521 0.0638
19 383 0.0635
19 625 0.0623
19 1194 0.0623
19 1255 0.0623
19 1536 0.0623
19 52 0.0620
19 959 0.0618
19 1538 0.0618
19 723 0.0604
19 1090 0.0604
19 289 0.0602
19 452 0.0600
19 614 0.0600
19 893 0.0598
19 1525 0.0598
19 392 0.0589
19 866 0.0589
19 741 0.0587
19 773 0.0587
19 915 0.0587
19 1176 0.0583
19 982 0.0581
19 651 0.0577
19 1369 0.0575
19 1505 0.0575
19 485 0.0559
19 580 0.0556
19 980 0.0556
19 1456 0.0542
19 673 0.0541
19 1020 0.0531
19 1183 0.0527
19 521 0.0523
19 504 0.0521
19 53 0.0520
19 1163 0.0517
19 1224 0.0517
19 1426 0.0517
19 424 0.0513
19 659 0.0512
19 896 0.0505
19 1298 0.0505
19 1449 0.0505
19 179 0.0504
19 830 0.0504
19 1142 0.0493
19 1301 0.0490
19 658 0.0482
19 829 0.0466
19 863 0.0466
19 1099 0.0447
19 894 0.0446
19 1128 0.0437
19 1240 0.0436
19 799 0.0435
19 565 0.0423
19 942 0.0417
19 1302 0.0318
20 743 0.4102
20 849 0.3919
20 1121 0.3849
20 460 0.3702
20 1040 0.3582
20 1162 0.3381
20 801 0.3374
20 775 0.3242
20 853 0.3135
20 1212 0.3105
20 671 0.2912
20 785 0.2840
20 831 0.2832
20 1210 0.2778
20 1206 0.2728
20 1503 0.2718
20 919 0.2679
20 1219 0.2662
20 233 0.2659
20 687 0.2619
20 381 0.2602
20 1549 0.2593
20 1525 0.2582
20 1299 0.2540
20 495 0.2520
20 677 0.2520
20 769 0.2520
20 1460 0.2520
20 1328 0.2515
20 1319 0.2494
20 1458 0.2485
20 914 0.2478
20 1144 0.2462
20 810 0.2442
20 821 0.2399
20 1259 0.2398
20 1035 0.2386
20 924 0.2374
20 513 0.2370
20 1145 0.2354
20 1318 0.2333
20 208 0.2326
20 1022 0.2324
20 839 0.2292
20 1156 0.2286
20 888 0.2279
20 402 0.2277
20 907 0.2266
20 347 0.2263
20 1274 0.2263
20 1110 0.2229
20 768 0.2221
20 1136 0.2221
20 483 0.2199
20 1357 0.2182
20 1076 0.2163
20 818 0.2152
20 1413 0.2150
20 47 0.2120
20 588 0.2118
20 1256 0.2117
20 1360 0.2102
20 1209 0.2100
20 372 0.2090
20 1344 0.2090
20 1012 0.2045
20 975 0.2044
20 1281 0.2044
20 1430 0.2043
20 1368 0.2017
20 1518 0.2017
20 761 0.2009
20 1317 0.2001
20 973 0.2000
20 1384 0.1960
20 990 0.1960
20 214 0.1952
20 1495 0.1944
20 878 0.1930
20 489 0.1928
20 782 0.1910
20 1051 0.1894
20 859 0.1890
20 734 0.1870
20 1376 0.1852
20 1174 0.1851
20 491 0.1833
20 1365 0.1820
20 1540 0.1800
20 514 0.1763
20 711 0.1719
20 505 0.1712
20 1085 0.1699
20 378 0.1696
20 1474 0.1690
20 1182 0.1687
20 1566 0.1650
20 1541 0.1637
20 269 0.1628
20 422 0.1628
20 563 0.1624
20 913 0.1621
20 956 0.1621
20 1546 0.1615
20 575 0.1607
20 1380 0.1607
20 637 0.1600
20 205 0.1596
20 860 0.1594
20 1101 0.1591
20 1527 0.1588
20 1537 0.1588
20 672 0.1576
20 1517 0.1574
20 1060 0.1565
20 1447 0.1565
20 1298 0.1559
20 1454 0.1554
20 1293 0.1543
20 1547 0.1543
20 1220 0.1519
20 1402 0.1514
20 1143 0.1512
20 1280 0.1495
20 795 0.1486
20 1245 0.1464
20 324 0.1455
20 457 0.1455
20 586 0.1455
20 1138 0.1455
20 28 0.1446
20 1393 0.1446
20 828 0.1437
20 787 0.1427
20 1279 0.1420
20 25 0.1416
20 1295 0.1416
20 714 0.1404
20 1464 0.1396
20 846 0.1389
20 1553 0.1380
20 910 0.1373
20 1545 0.1363
20 453 0.1347
20 727 0.1347
20 1211 0.1347
20 717 0.1346
20 815 0.1336
20 1557 0.1336
20 1105 0.1335
20 1538 0.1335
20 524 0.1316
20 748 0.1316
20 1371 0.1316
20 1119 0.1304
20 1484 0.1303
20 444 0.1301
20 254 0.1296
20 351 0.1295
20 408 0.1273
20 1198 0.1273
20 1129 0.1266
20 523 0.1260
20 603 0.1247
20 887 0.1243
20 532 0.1234
20 911 0.1234
20 1564 0.1234
20 940 0.1210
20 1512 0.1205
20 1305 0.1205
20 213 0.1199
20 476 0.1199
20 953 0.1199
20 1254 0.1190
20 844 0.1188
20 920 0.1188
20 622 0.1177
20 691 0.1171
20 1155 0.1169
20 197 0.1166
20 534 0.1166
20 745 0.1166
20 252 0.1162
20 1141 0.1157
20 32 0.1156
20 1463 0.1144
20 1425 0.1141
20 1385 0.1135
20 1074 0.1131
20 358 0.1127
20 1548 0.1119
20 413 0.1118
20 1507 0.1118
20 871 0.1111
20 1204 0.1111
20 1019 0.1109
20 894 0.1102
20 609 0.1100
20 660 0.1100
20 1023 0.1100
20 1152 0.1100
20 929 0.1099
20 777 0.1097
20 255 0.1095
20 175 0.1091
20 783 0.1091
20 850 0.1091
20 963 0.1087
20 1077 0.1084
20 1134 0.1084
20 1251 0.1084
20 602 0.1083
20 7 0.1074
20 1336 0.1062
20 934 0.1059
20 952 0.1051
20 1026 0.1051
20 1325 0.1051
20 695 0.1048
20 1239 0.1038
20 648 0.1035
20 96 0.1029
20 843 0.1029
20 1524 0.1029
20 1253 0.1026
20 1335 0.1026
20 1199 0.1016
20 1260 0.1010
20 1258 0.1008
20 1372 0.1008
20 394 0.1004
20 1427 0.1001
20 1570 0.1001
20 1170 0.0990
20 1173 0.0988
20 854 0.0987
20 1020 0.0984
20 228 0.0976
20 1504 0.0976
20 1252 0.0973
20 991 0.0970
20 1446 0.0970
20 1481 0.0952
20 736 0.0936
20 883 0.0935
20 830 0.0933
20 81 0.0930
20 157 0.0930
20 238 0.0930
20 537 0.0930
20 1017 0.0930
20 1513 0.0930
20 771 0.0928
20 63 0.0925
20 225 0.0920
20 999 0.0919
20 110 0.0915
20 827 0.0915
20 1321 0.0915
20 426 0.0909
20 258 0.0900
20 1047 0.0900
20 462 0.0896
20 652 0.0896
20 845 0.0896
20 1483 0.0893
20 285 0.0891
20 522 0.0891
20 696 0.0891
20 1338 0.0886
20 706 0.0877
20 1471 0.0877
20 1005 0.0873
20 1343 0.0873
20 1468 0.0873
20 579 0.0867
20 1079 0.0867
20 1277 0.0864
20 630 0.0860
20 1056 0.0860
20 1511 0.0860
20 131 0.0856
20 496 0.0848
20 823 0.0848
20 1467 0.0848
20 1233 0.0845
20 917 0.0844
20 10 0.0825
20 158 0.0825
20 864 0.0825
20 937 0.0825
20 430 0.0818
20 1123 0.0814
20 1340 0.0814
20 604 0.0810
20 666 0.0810
20 762 0.0810
20 1067 0.0810
20 1264 0.0807
20 391 0.0806
20 145 0.0804
20 1164 0.0804
20 559 0.0801
20 435 0.0800
20 420 0.0797
20 571 0.0797
20 1007 0.0797
20 412 0.0790
20 1521 0.0787
20 1048 0.0785
20 62 0.0784
20 383 0.0784
20 746 0.0784
20 993 0.0784
20 1218 0.0784
20 230 0.0784
20 1334 0.0776
20 1429 0.0775
20 942 0.0773
20 246 0.0772
20 326 0.0772
20 363 0.0772
20 996 0.0772
20 877 0.0764
20 998 0.0760
20 1151 0.0760
20 155 0.0757
20 1320 0.0756
20 760 0.0755
20 95 0.0748
20 127 0.0738
20 312 0.0732
20 43 0.0727
20 399 0.0727
20 1412 0.0727
20 1223 0.0719
20 1533 0.0717
20 1118 0.0710
20 685 0.0708
20 334 0.0694
20 1010 0.0692
20 124 0.0690
20 382 0.0690
20 410 0.0690
20 679 0.0690
20 580 0.0686
20 529 0.0682
20 822 0.0682
20 1003 0.0682
20 442 0.0673
20 511 0.0673
20 259 0.0658
20 472 0.0655
20 105 0.0651
20 1391 0.0651
20 598 0.0648
20 1203 0.0645
20 504 0.0643
20 791 0.0643
20 1073 0.0643
20 1359 0.0643
20 299 0.0637
20 458 0.0637
20 568 0.0637
20 1349 0.0637
20 789 0.0630
20 1520 0.0625
20 1142 0.0608
20 59 0.0605
20 341 0.0605
20 594 0.0605
20 1014 0.0601
20 1071 0.0599
20 308 0.0595
20 1539 0.0595
20 302 0.0594
20 641 0.0594
20 148 0.0588
20 965 0.0588
20 5 0.0583
20 1529 0.0583
20 114 0.0579
20 18 0.0578
20 463 0.0578
20 1034 0.0578
20 1431 0.0578
20 863 0.0576
20 1308 0.0574
20 22 0.0573
20 232 0.0573
20 411 0.0573
20 738 0.0573
20 1221 0.0573
20 959 0.0572
20 215 0.0571
20 531 0.0568
20 582 0.0563
20 814 0.0563
20 889 0.0563
20 613 0.0559
20 71 0.0559
20 1055 0.0559
20 1496 0.0559
20 357 0.0557
20 428 0.0554
20 1197 0.0554
20 715 0.0553
20 182 0.0550
20 337 0.0546
20 384 0.0546
20 664 0.0546
20 978 0.0546
20 1257 0.0546
20 395 0.0543
20 160 0.0541
20 909 0.0541
20 1159 0.0541
20 862 0.0538
20 1240 0.0538
20 527 0.0537
20 928 0.0537
20 106 0.0534
20 752 0.0533
20 1571 0.0533
20 219 0.0529
20 876 0.0529
20 1175 0.0529
20 1523 0.0529
20 242 0.0525
20 506 0.0525
20 886 0.0525
20 936 0.0525
20 471 0.0522
20 565 0.0522
20 1352 0.0522
20 642 0.0518
20 1262 0.0518
20 162 0.0514
20 662 0.0514
20 951 0.0507
20 296 0.0504
20 636 0.0504
20 139 0.0501
20 126 0.0497
20 479 0.0497
20 1132 0.0497
20 905 0.0494
20 1235 0.0494
20 703 0.0491
20 34 0.0488
20 1231 0.0488
20 694 0.0485
20 1337 0.0485
20 733 0.0482
20 1309 0.0482
20 268 0.0479
20 780 0.0476
20 977 0.0476
20 1436 0.0476
20 1489 0.0476
20 172 0.0473
20 1135 0.0473
20 1237 0.0473
20 1433 0.0473
20 1450 0.0473
20 540 0.0471
20 1502 0.0471
20 617 0.0468
20 454 0.0465
20 1214 0.0465
20 1331 0.0465
20 1400 0.0463
20 468 0.0460
20 811 0.0460
20 1500 0.0460
20 69 0.0455
20 903 0.0455
20 1364 0.0450
20 271 0.0448
20 824 0.0448
20 284 0.0445
20 1324 0.0445
20 1506 0.0445
20 1122 0.0443
20 724 0.0441
20 100 0.0439
20 147 0.0439
20 536 0.0439
20 995 0.0439
20 1186 0.0439
20 730 0.0436
20 1234 0.0436
20 322 0.0434
20 820 0.0434
20 967 0.0434
20 1150 0.0434
20 235 0.0432
20 418 0.0432
20 675 0.0432
20 1493 0.0430
20 1081 0.0428
20 291 0.0426
20 838 0.0426
20 1087 0.0426
20 1303 0.0424
20 726 0.0422
20 436 0.0420
20 867 0.0420
20 425 0.0418
20 525 0.0418
20 922 0.0418
20 1361 0.0418
20 1457 0.0418
20 26 0.0416
20 1229 0.0416
20 376 0.0412
20 1355 0.0412
20 1375 0.0412
20 281 0.0411
20 1276 0.0411
20 144 0.0409
20 361 0.0409
20 1024 0.0407
20 379 0.0405
20 1006 0.0405
20 101 0.0403
20 112 0.0403
20 1058 0.0403
20 1160 0.0403
20 1069 0.0402
20 1477 0.0402
20 348 0.0400
20 98 0.0398
20 533 0.0398
20 1039 0.0398
20 1083 0.0398
20 1414 0.0398
20 1283 0.0397
20 788 0.0395
20 1556 0.0395
20 690 0.0392
20 1091 0.0392
20 1386 0.0392
20 371 0.0387
20 55 0.0384
20 625 0.0384
20 1196 0.0384
20 1255 0.0384
20 1536 0.0384
20 612 0.0383
20 566 0.0382
20 1488 0.0380
20 60 0.0373
20 723 0.0373
20 1090 0.0373
20 289 0.0372
20 790 0.0372
20 452 0.0370
20 614 0.0370
20 1140 0.0370
20 1514 0.0370
20 893 0.0369
20 450 0.0365
20 1075 0.0365
20 866 0.0364
20 741 0.0362
20 773 0.0362
20 915 0.0362
20 414 0.0361
20 1176 0.0360
20 982 0.0359
20 304 0.0356
20 651 0.0356
20 1379 0.0356
20 1369 0.0355
20 1403 0.0355
20 1505 0.0355
20 945 0.0354
20 136 0.0353
20 1316 0.0353
20 1494 0.0347
20 739 0.0346
20 189 0.0345
20 485 0.0345
20 980 0.0343
20 1053 0.0342
20 1084 0.0342
20 515 0.0340
20 583 0.0337
20 567 0.0336
20 1456 0.0335
20 673 0.0334
20 1374 0.0332
20 217 0.0330
20 616 0.0329
20 882 0.0326
20 960 0.0325
20 1183 0.0325
20 661 0.0324
20 521 0.0323
20 573 0.0323
20 53 0.0321
20 1163 0.0319
20 1224 0.0319
20 1426 0.0319
20 424 0.0317
20 1015 0.0317
20 659 0.0316
20 896 0.0312
20 1449 0.0312
20 179 0.0311
20 1095 0.0311
20 1358 0.0310
20 786 0.0309
20 817 0.0309
20 367 0.0305
20 1301 0.0303
20 576 0.0300
20 658 0.0298
20 253 0.0297
20 829 0.0288
20 1415 0.0282
20 767 0.0281
20 1406 0.0281
20 1451 0.0281
20 107 0.0279
20 173 0.0278
20 596 0.0277
20 1099 0.0276
20 1052 0.0275
20 961 0.0274
20 1128 0.0270
20 799 0.0269
20 486 0.0267
20 88 0.0267
20 1342 0.0266
20 526 0.0263
20 549 0.0261
20 1501 0.0260
20 966 0.0259
20 776 0.0249
20 1000 0.0246
20 1434 0.0242
20 3 0.0240
20 1442 0.0233
20 74 0.0210
20 1302 0.0197
20 1466 0.0154
20 1158 0.0149
21 1343 0.3578
21 472 0.3470
21 1549 0.3100
21 761 0.3088
21 1475 0.3043
21 328 0.3000
21 255 0.2992
21 564 0.2945
21 15 0.2798
21 331 0.2784
21 1533 0.2757
21 1384 0.2739
21 1219 0.2728
21 1518 0.2687
21 973 0.2665
21 668 0.2637
21 561 0.2631
21 394 0.2572
21 178 0.2565
21 734 0.2556
21 1458 0.2547
21 1023 0.2535
21 482 0.2535
21 937 0.2535
21 367 0.2499
21 514 0.2485
21 931 0.2481
21 940 0.2481
21 101 0.2481
21 1212 0.2475
21 486 0.2463
21 953 0.2457
21 529 0.2445
21 822 0.2445
21 936 0.2423
21 638 0.2410
21 615 0.2390
21 208 0.2384
21 1405 0.2384
21 152 0.2360
21 950 0.2335
21 1151 0.2335
21 1372 0.2324
21 681 0.2314
21 582 0.2309
21 878 0.2308
21 205 0.2289
21 65 0.2282
21 273 0.2282
21 1506 0.2282
21 1065 0.2271
21 575 0.2264
21 187 0.2255
21 483 0.2254
21 974 0.2214
21 1564 0.2214
21 640 0.2206
21 574 0.2169
21 722 0.2166
21 1516 0.2165
21 1252 0.2161
21 932 0.2148
21 1344 0.2142
21 805 0.2141
21 1539 0.2135
21 997 0.2121
21 1162 0.2117
21 1474 0.2117
21 869 0.2089
21 810 0.2085
21 438 0.2066
21 1040 0.2065
21 1308 0.2060
21 1512 0.2058
21 1168 0.2055
21 1418 0.2050
21 787 0.2046
21 1072 0.2046
21 1338 0.2043
21 282 0.2041
21 654 0.2023
21 1406 0.2012
21 350 0.2000
21 54 0.1993
21 371 0.1984
21 362 0.1981
21 303 0.1978
21 39 0.1975
21 907 0.1974
21 299 0.1957
21 408 0.1957
21 108 0.1952
21 888 0.1946
21 1443 0.1946
21 1129 0.1946
21 563 0.1941
21 928 0.1927
21 552 0.1918
21 1319 0.1917
21 210 0.1912
21 1314 0.1910
21 887 0.1910
21 151 0.1907
21 157 0.1907
21 454 0.1907
21 911 0.1897
21 999 0.1883
21 69 0.1865
21 881 0.1861
21 755 0.1855
21 1036 0.1844
21 271 0.1835
21 938 0.1826
21 369 0.1826
21 920 0.1826
21 25 0.1814
21 1163 0.1799
21 27 0.1793
21 1421 0.1793
21 972 0.1790
21 415 0.1789
21 687 0.1789
21 857 0.1789
21 1022 0.1786
21 18 0.1777
21 946 0.1777
21 370 0.1771
21 1101 0.1766
21 19 0.1763
21 232 0.1762
21 8 0.1754
21 710 0.1754
21 856 0.1754
21 954 0.1747
21 1341 0.1747
21 1012 0.1746
21 832 0.1746
21 230 0.1740
21 1467 0.1737
21 40 0.1732
21 181 0.1732
21 421 0.1732
21 727 0.1725
21 33 0.1721
21 38 0.1721
21 121 0.1721
21 278 0.1721
21 743 0.1719
21 1548 0.1719
21 1223 0.1718
21 289 0.1713
21 795 0.1713
21 173 0.1711
21 992 0.1706
21 117 0.1704
21 784 0.1701
21 1273 0.1700
21 861 0.1698
21 1121 0.1690
21 380 0.1688
21 1075 0.1683
21 664 0.1677
21 866 0.1677
21 1102 0.1677
21 1357 0.1677
21 1541 0.1677
21 128 0.1675
21 1214 0.1669
21 775 0.1661
21 956 0.1661
21 1540 0.1660
21 1240 0.1655
21 848 0.1651
21 1164 0.1647
21 207 0.1633
21 860 0.1633
21 1342 0.1633
21 934 0.1627
21 1299 0.1627
21 1274 0.1623
21 1144 0.1622
21 1156 0.1622
21 412 0.1620
21 788 0.1620
21 125 0.1616
21 1091 0.1606
21 1522 0.1606
21 462 0.1606
21 318 0.1592
21 1429 0.1587
21 843 0.1581
21 989 0.1581
21 1296 0.1581
21 1576 0.1581
21 1376 0.1581
21 1253 0.1576
21 625 0.1575
21 949 0.1575
21 1430 0.1570
21 868 0.1568
21 1503 0.1567
21 491 0.1566
21 1057 0.1560
21 1104 0.1560
21 967 0.1557
21 233 0.1557
21 819 0.1557
21 598 0.1550
21 1460 0.1549
21 1294 0.1539
21 213 0.1536
21 1259 0.1536
21 655 0.1529
21 407 0.1512
21 516 0.1512
21 667 0.1512
21 1428 0.1512
21 620 0.1492
21 49 0.1491
21 392 0.1491
21 503 0.1491
21 842 0.1491
21 991 0.1491
21 28 0.1482
21 1309 0.1482
21 280 0.1481
21 634 0.1481
21 1079 0.1481
21 1431 0.1481
21 1355 0.1479
21 268 0.1473
21 305 0.1473
21 711 0.1468
21 1221 0.1468
21 430 0.1466
21 1425 0.1462
21 1238 0.1461
21 269 0.1460
21 699 0.1455
21 261 0.1451
21 831 0.1451
21 914 0.1451
21 1249 0.1447
21 901 0.1443
21 590 0.1441
21 435 0.1435
21 1241 0.1432
21 1459 0.1432
21 81 0.1430
21 1210 0.1423
21 63 0.1422
21 760 0.1418
21 1108 0.1414
21 1524 0.1405
21 265 0.1403
21 1335 0.1401
21 337 0.1398
21 1248 0.1397
21 1318 0.1394
21 216 0.1393
21 1383 0.1393
21 252 0.1389
21 160 0.1387
21 1546 0.1379
21 1536 0.1378
21 310 0.1376
21 919 0.1373
21 959 0.1368
21 1571 0.1366
21 1356 0.1360
21 704 0.1356
21 712 0.1356
21 737 0.1348
21 672 0.1346
21 1115 0.1342
21 1447 0.1336
21 623 0.1328
21 1068 0.1328
21 768 0.1328
21 1136 0.1328
21 1204 0.1328
21 829 0.1327
21 1454 0.1327
21 988 0.1322
21 6 0.1319
21 1317 0.1318
21 171 0.1316
21 1544 0.1315
21 880 0.1309
21 264 0.1305
21 272 0.1305
21 1198 0.1305
21 653 0.1303
21 1077 0.1295
21 677 0.1291
21 769 0.1291
21 859 0.1291
21 1143 0.1291
21 1572 0.1291
21 372 0.1285
21 651 0.1278
21 359 0.1278
21 336 0.1273
21 1096 0.1273
21 1358 0.1271
21 532 0.1265
21 1432 0.1265
21 1354 0.1262
21 975 0.1257
21 465 0.1252
21 422 0.1251
21 1195 0.1250
21 604 0.1246
21 588 0.1240
21 633 0.1240
21 1368 0.1240
21 801 0.1235
21 1393 0.1235
21 576 0.1231
21 958 0.1217
21 1051 0.1213
21 1517 0.1210
21 622 0.1206
21 720 0.1206
21 1145 0.1206
21 597 0.1205
21 1386 0.1205
21 557 0.1201
21 714 0.1199
21 736 0.1199
21 1495 0.1195
21 1076 0.1193
21 1270 0.1193
21 1464 0.1192
21 176 0.1185
21 493 0.1185
21 1367 0.1185
21 239 0.1172
21 910 0.1172
21 44 0.1170
21 402 0.1167
21 531 0.1164
21 906 0.1164
21 767 0.1150
21 161 0.1145
21 1328 0.1145
21 1507 0.1145
21 1110 0.1142
21 460 0.1138
21 24 0.1136
21 1390 0.1134
21 1149 0.1130
21 1479 0.1129
21 609 0.1127
21 660 0.1127
21 312 0.1126
21 706 0.1124
21 586 0.1118
21 978 0.1118
21 985 0.1118
21 1416 0.1118
21 1044 0.1110
21 766 0.1109
21 1399 0.1109
21 351 0.1106
21 818 0.1103
21 1413 0.1101
21 7 0.1101
21 941 0.1101
21 1215 0.1101
21 1583 0.1101
21 685 0.1088
21 669 0.1086
21 219 0.1085
21 330 0.1085
21 619 0.1085
21 1037 0.1085
21 1256 0.1085
21 1291 0.1085
21 726 0.1081
21 917 0.1081
21 82 0.1078
21 242 0.1077
21 526 0.1077
21 1026 0.1077
21 1360 0.1077
21 1581 0.1077
21 867 0.1076
21 695 0.1074
21 1280 0.1072
21 1526 0.1069
21 308 0.1067
21 657 0.1067
21 696 0.1065
21 344 0.1061
21 966 0.1061
21 1146 0.1061
21 21 0.1061
21 656 0.1056
21 9 0.1054
21 1246 0.1052
21 477 0.1048
21 1281 0.1047
21 518 0.1040
21 511 0.1035
21 112 0.1034
21 754 0.1034
21 1058 0.1034
21 863 0.1032
21 390 0.1029
21 1456 0.1029
21 1329 0.1023
21 1414 0.1021
21 1374 0.1020
21 345 0.1019
21 984 0.1017
21 217 0.1014
21 1422 0.1013
21 89 0.1011
21 670 0.1008
21 327 0.1006
21 990 0.1004
21 338 0.1003
21 1189 0.1000
21 214 0.1000
21 1050 0.0994
21 791 0.0989
21 1126 0.0989
21 1141 0.0988
21 894 0.0988
21 1086 0.0988
21 489 0.0988
21 459 0.0981
21 1224 0.0981
21 1538 0.0977
21 188 0.0976
21 606 0.0976
21 977 0.0976
21 924 0.0973
21 172 0.0970
21 1128 0.0967
21 1074 0.0966
21 1082 0.0964
21 802 0.0959
21 603 0.0958
21 90 0.0953
21 238 0.0953
21 494 0.0953
21 1017 0.0953
21 1278 0.0949
21 1174 0.0948
21 120 0.0948
21 222 0.0948
21 1543 0.0948
21 1466 0.0946
21 225 0.0943
21 811 0.0943
21 1216 0.0942
21 490 0.0938
21 600 0.0938
21 31 0.0933
21 83 0.0933
21 229 0.0927
21 347 0.0927
21 709 0.0926
21 293 0.0923
21 353 0.0921
21 11 0.0919
21 387 0.0913
21 815 0.0913
21 969 0.0913
21 253 0.0913
21 522 0.0913
21 744 0.0909
21 550 0.0908
21 1420 0.0908
21 1534 0.0908
21 1113 0.0907
21 250 0.0905
21 724 0.0904
21 1330 0.0904
21 1155 0.0898
21 209 0.0894
21 632 0.0894
21 1468 0.0894
21 1499 0.0894
21 423 0.0890
21 820 0.0890
21 900 0.0890
21 930 0.0890
21 1484 0.0890
21 846 0.0889
21 475 0.0881
21 131 0.0877
21 456 0.0877
21 505 0.0877
21 47 0.0869
21 378 0.0869
21 1199 0.0868
21 74 0.0861
21 177 0.0861
21 251 0.0861
21 346 0.0861
21 436 0.0861
21 872 0.0861
21 1063 0.0861
21 1209 0.0861
21 1569 0.0861
21 3 0.0859
21 413 0.0859
21 425 0.0857
21 509 0.0857
21 595 0.0853
21 1229 0.0853
21 1288 0.0850
21 1202 0.0850
21 355 0.0845
21 1566 0.0845
21 674 0.0841
21 1395 0.0841
21 783 0.0839
21 1206 0.0839
21 70 0.0838
21 102 0.0838
21 361 0.0838
21 645 0.0838
21 912 0.0838
21 1268 0.0838
21 51 0.0834
21 628 0.0834
21 1159 0.0832
21 666 0.0830
21 986 0.0830
21 862 0.0827
21 700 0.0827
21 1264 0.0827
21 1346 0.0827
21 527 0.0826
21 1477 0.0823
21 53 0.0822
21 752 0.0820
21 821 0.0820
21 420 0.0816
21 837 0.0816
21 1175 0.0813
21 1527 0.0813
21 1537 0.0813
21 1510 0.0811
21 589 0.0810
21 154 0.0808
21 886 0.0808
21 1325 0.0808
21 406 0.0806
21 629 0.0806
21 1048 0.0805
21 13 0.0803
21 62 0.0803
21 690 0.0803
21 746 0.0803
21 772 0.0803
21 849 0.0803
21 471 0.0802
21 1326 0.0800
21 507 0.0799
21 883 0.0799
21 1298 0.0799
21 1262 0.0796
21 1030 0.0794
21 942 0.0792
21 363 0.0791
21 449 0.0791
21 701 0.0791
21 1196 0.0787
21 1463 0.0781
21 294 0.0778
21 998 0.0778
21 1125 0.0778
21 1153 0.0778
21 1220 0.0778
21 1377 0.0776
21 1402 0.0776
21 1419 0.0776
21 1435 0.0773
21 1193 0.0770
21 35 0.0767
21 497 0.0767
21 1370 0.0761
21 513 0.0759
21 452 0.0759
21 929 0.0751
21 1245 0.0750
21 855 0.0748
21 43 0.0745
21 50 0.0745
21 324 0.0745
21 399 0.0745
21 1446 0.0745
21 94 0.0743
21 414 0.0740
21 1134 0.0740
21 218 0.0735
21 1135 0.0728
21 85 0.0725
21 1295 0.0725
21 1182 0.0720
21 635 0.0716
21 537 0.0715
21 334 0.0712
21 1553 0.0707
21 124 0.0707
21 410 0.0707
21 485 0.0707
21 648 0.0707
21 679 0.0707
21 329 0.0705
21 1035 0.0698
21 1545 0.0698
21 220 0.0690
21 453 0.0690
21 528 0.0690
21 538 0.0690
21 578 0.0690
21 583 0.0690
21 1260 0.0690
21 1310 0.0690
21 652 0.0688
21 249 0.0688
21 1461 0.0688
21 613 0.0687
21 806 0.0686
21 962 0.0686
21 267 0.0685
21 1300 0.0685
21 1557 0.0685
21 1105 0.0684
21 115 0.0682
21 1439 0.0676
21 223 0.0674
21 259 0.0674
21 445 0.0674
21 524 0.0674
21 748 0.0674
21 1371 0.0674
21 1392 0.0674
21 1554 0.0674
21 1574 0.0674
21 565 0.0668
21 1119 0.0668
21 185 0.0667
21 381 0.0667
21 444 0.0667
21 467 0.0667
21 732 0.0667
21 1183 0.0667
21 254 0.0664
21 671 0.0663
21 1203 0.0661
21 142 0.0659
21 504 0.0659
21 682 0.0659
21 803 0.0659
21 291 0.0655
21 1112 0.0652
21 1171 0.0652
21 333 0.0651
21 14 0.0645
21 97 0.0645
21 523 0.0645
21 76 0.0644
21 922 0.0643
21 1361 0.0643
21 1520 0.0641
21 166 0.0639
21 368 0.0639
21 439 0.0639
21 719 0.0639
21 1382 0.0639
21 1449 0.0639
21 592 0.0637
21 786 0.0634
21 1378 0.0628
21 1185 0.0626
21 1441 0.0622
21 164 0.0619
21 1069 0.0618
21 637 0.0615
21 476 0.0614
21 717 0.0613
21 1158 0.0611
21 1254 0.0610
21 302 0.0609
21 1236 0.0609
21 148 0.0603
21 1287 0.0603
21 691 0.0600
21 534 0.0598
21 745 0.0598
21 841 0.0598
21 1242 0.0598
21 1333 0.0598
21 1373 0.0595
21 771 0.0594
21 32 0.0592
21 137 0.0588
21 22 0.0587
21 180 0.0587
21 839 0.0587
21 215 0.0585
21 663 0.0583
21 1116 0.0582
21 1385 0.0582
21 141 0.0577
21 1090 0.0573
21 1055 0.0573
21 1496 0.0573
21 871 0.0569
21 440 0.0568
21 763 0.0568
21 715 0.0567
21 473 0.0563
21 1152 0.0563
21 850 0.0559
21 939 0.0559
21 1138 0.0559
21 915 0.0557
21 963 0.0557
21 395 0.0557
21 1251 0.0555
21 221 0.0555
21 602 0.0555
21 909 0.0555
21 29 0.0550
21 713 0.0550
21 106 0.0547
21 559 0.0547
21 192 0.0546
21 1118 0.0546
21 1369 0.0546
21 1505 0.0546
21 1230 0.0544
21 73 0.0542
21 262 0.0542
21 275 0.0542
21 377 0.0542
21 433 0.0542
21 683 0.0542
21 1438 0.0542
21 122 0.0538
21 948 0.0538
21 853 0.0535
21 150 0.0535
21 549 0.0535
21 1060 0.0535
21 1352 0.0535
21 739 0.0532
21 300 0.0531
21 1042 0.0531
21 1107 0.0531
21 1542 0.0528
21 86 0.0527
21 162 0.0527
21 1547 0.0527
21 1084 0.0525
21 793 0.0523
21 916 0.0523
21 515 0.0522
21 1085 0.0522
21 129 0.0520
21 196 0.0520
21 834 0.0520
21 296 0.0516
21 636 0.0516
21 1258 0.0516
21 1320 0.0516
21 190 0.0516
21 673 0.0513
21 1307 0.0513
21 1427 0.0513
21 1562 0.0513
21 1570 0.0513
21 126 0.0510
21 184 0.0510
21 479 0.0510
21 1470 0.0507
21 905 0.0506
21 921 0.0506
21 1173 0.0506
21 1000 0.0504
21 165 0.0503
21 441 0.0503
21 740 0.0503
21 774 0.0503
21 1515 0.0503
21 1275 0.0501
21 34 0.0500
21 228 0.0500
21 149 0.0497
21 1114 0.0497
21 521 0.0496
21 573 0.0496
21 193 0.0494
21 733 0.0494
21 1407 0.0494
21 828 0.0491
21 163 0.0488
21 244 0.0488
21 1436 0.0488
21 446 0.0485
21 705 0.0485
21 1066 0.0485
21 1269 0.0485
21 1279 0.0485
21 1433 0.0485
21 540 0.0482
21 553 0.0482
21 896 0.0479
21 179 0.0478
21 835 0.0474
21 1097 0.0474
21 339 0.0471
21 468 0.0471
21 809 0.0471
21 110 0.0469
21 541 0.0469
21 827 0.0469
21 510 0.0467
21 374 0.0466
21 1365 0.0466
21 134 0.0464
21 1305 0.0463
21 20 0.0461
21 1047 0.0461
21 1290 0.0461
21 1364 0.0461
21 824 0.0459
21 1483 0.0457
21 487 0.0456
21 342 0.0454
21 1122 0.0454
21 1120 0.0452
21 1480 0.0451
21 536 0.0449
21 777 0.0449
21 995 0.0449
21 1186 0.0449
21 1471 0.0449
21 1473 0.0449
21 1005 0.0447
21 1201 0.0447
21 729 0.0446
21 322 0.0445
21 87 0.0443
21 418 0.0443
21 1277 0.0443
21 12 0.0441
21 630 0.0441
21 1056 0.0441
21 1178 0.0441
21 257 0.0439
21 496 0.0434
21 823 0.0434
21 288 0.0430
21 816 0.0430
21 1172 0.0430
21 1289 0.0428
21 1457 0.0428
21 26 0.0426
21 508 0.0426
21 4 0.0424
21 158 0.0423
21 349 0.0423
21 281 0.0421
21 1276 0.0421
21 144 0.0419
21 650 0.0419
21 1340 0.0417
21 913 0.0415
21 1006 0.0415
21 1067 0.0415
21 201 0.0413
21 1032 0.0413
21 799 0.0413
21 397 0.0412
21 17 0.0410
21 348 0.0410
21 98 0.0408
21 798 0.0408
21 1007 0.0408
21 895 0.0407
21 48 0.0407
21 1263 0.0407
21 993 0.0402
21 1218 0.0402
21 1401 0.0402
21 935 0.0400
21 68 0.0397
21 326 0.0395
21 1208 0.0395
21 918 0.0394
21 1255 0.0394
21 52 0.0392
21 612 0.0392
21 1227 0.0392
21 1339 0.0392
21 877 0.0391
21 813 0.0391
21 224 0.0389
21 808 0.0389
21 1167 0.0389
21 1488 0.0389
21 1528 0.0389
21 891 0.0388
21 1008 0.0388
21 1381 0.0386
21 1455 0.0386
21 572 0.0383
21 60 0.0382
21 723 0.0382
21 1225 0.0382
21 91 0.0381
21 790 0.0381
21 1045 0.0381
21 1140 0.0379
21 947 0.0378
21 1525 0.0378
21 498 0.0377
21 75 0.0374
21 450 0.0374
21 457 0.0373
21 466 0.0373
21 335 0.0371
21 773 0.0371
21 243 0.0369
21 1176 0.0369
21 1054 0.0368
21 1532 0.0366
21 304 0.0365
21 1379 0.0365
21 1579 0.0365
21 605 0.0364
21 945 0.0363
21 1133 0.0363
21 1336 0.0363
21 136 0.0362
21 836 0.0360
21 1442 0.0358
21 46 0.0357
21 702 0.0357
21 1469 0.0356
21 1010 0.0355
21 316 0.0354
21 1250 0.0352
21 580 0.0351
21 765 0.0351
21 980 0.0351
21 77 0.0350
21 735 0.0349
21 1003 0.0349
21 186 0.0348
21 1211 0.0345
21 1472 0.0345
21 567 0.0344
21 593 0.0343
21 707 0.0343
21 994 0.0342
21 1485 0.0342
21 1020 0.0336
21 325 0.0335
21 882 0.0334
21 1064 0.0334
21 751 0.0333
21 1391 0.0333
21 1228 0.0332
21 1332 0.0332
21 1073 0.0330
21 1359 0.0330
21 195 0.0326
21 782 0.0326
21 1349 0.0326
21 520 0.0323
21 332 0.0319
21 1095 0.0319
21 519 0.0318
21 817 0.0317
21 1487 0.0315
21 925 0.0314
21 1410 0.0314
21 341 0.0310
21 594 0.0310
21 1301 0.0310
21 365 0.0308
21 1014 0.0308
21 234 0.0307
21 1071 0.0307
21 1550 0.0307
21 658 0.0305
21 311 0.0304
21 375 0.0304
21 1476 0.0301
21 5 0.0299
21 99 0.0299
21 1529 0.0299
21 1453 0.0297
21 1034 0.0296
21 1353 0.0296
21 1558 0.0296
21 93 0.0295
21 1465 0.0294
21 643 0.0294
21 738 0.0294
21 1061 0.0289
21 814 0.0289
21 889 0.0289
21 1297 0.0287
21 71 0.0286
21 266 0.0286
21 357 0.0285
21 1019 0.0284
21 1161 0.0284
21 182 0.0282
21 384 0.0280
21 1205 0.0280
21 1257 0.0280
21 870 0.0279
21 56 0.0277
21 391 0.0275
21 61 0.0274
21 488 0.0273
21 1315 0.0273
21 135 0.0271
21 876 0.0271
21 1272 0.0271
21 283 0.0269
21 952 0.0269
21 474 0.0268
21 1452 0.0267
21 1501 0.0266
21 951 0.0260
21 968 0.0258
21 749 0.0256
21 1235 0.0253
21 703 0.0252
21 1582 0.0252
21 240 0.0251
21 1351 0.0250
21 694 0.0248
21 1106 0.0248
21 1323 0.0247
21 1486 0.0245
21 759 0.0244
21 1489 0.0244
21 1092 0.0241
21 1502 0.0241
21 617 0.0240
21 981 0.0240
21 1111 0.0238
21 1513 0.0238
21 903 0.0233
21 258 0.0231
21 845 0.0229
21 284 0.0228
21 649 0.0228
21 1324 0.0228
21 183 0.0227
21 100 0.0225
21 1444 0.0223
21 1150 0.0222
21 235 0.0221
21 1511 0.0220
21 1081 0.0219
21 1087 0.0218
21 789 0.0215
21 525 0.0214
21 898 0.0214
21 492 0.0210
21 1180 0.0209
21 585 0.0209
21 379 0.0208
21 292 0.0207
21 145 0.0206
21 1083 0.0204
21 1283 0.0203
21 1556 0.0202
21 542 0.0202
21 1521 0.0202
21 383 0.0201
21 143 0.0199
21 1029 0.0199
21 138 0.0198
21 566 0.0196
21 1190 0.0195
21 389 0.0192
21 614 0.0190
21 1397 0.0190
21 893 0.0189
21 741 0.0186
21 873 0.0184
21 982 0.0184
21 1049 0.0181
21 1492 0.0180
21 189 0.0177
21 555 0.0176
21 1053 0.0175
21 608 0.0174
21 1170 0.0169
21 616 0.0169
21 1394 0.0167
21 1504 0.0167
21 1426 0.0164
21 424 0.0162
21 1098 0.0162
21 659 0.0162
21 830 0.0159
21 1142 0.0156
21 721 0.0155
21 1028 0.0154
21 1398 0.0151
21 358 0.0144
21 558 0.0144
21 852 0.0144
21 1099 0.0141
21 611 0.0141
21 1347 0.0137
21 245 0.0132
21 321 0.0131
21 1434 0.0124
21 1302 0.0101
22 1204 0.3346
22 1251 0.2981
22 714 0.2942
22 1263 0.2339
22 1335 0.2284
22 997 0.2169
22 761 0.2052
22 1336 0.1947
22 233 0.1941
22 976 0.1771
22 98 0.1722
22 1549 0.1698
22 934 0.1664
22 1037 0.1664
22 1325 0.1652
22 1253 0.1612
22 1307 0.1574
22 1252 0.1530
22 213 0.1413
22 1460 0.1386
22 514 0.1386
22 27 0.1375
22 1442 0.1373
22 1299 0.1372
22 722 0.1359
22 1212 0.1356
22 734 0.1347
22 805 0.1343
22 1153 0.1343
22 1385 0.1338
22 999 0.1324
22 922 0.1314
22 1370 0.1314
22 1219 0.1308
22 1458 0.1302
22 1355 0.1296
22 1554 0.1293
22 472 0.1288
22 392 0.1286
22 751 0.1278
22 621 0.1276
22 775 0.1274
22 1552 0.1274
22 878 0.1264
22 1144 0.1244
22 1440 0.1234
22 383 0.1232
22 58 0.1221
22 1576 0.1213
22 1124 0.1196
22 888 0.1194
22 974 0.1189
22 636 0.1188
22 394 0.1184
22 784 0.1160
22 331 0.1150
22 255 0.1147
22 508 0.1145
22 801 0.1136
22 902 0.1135
22 564 0.1129
22 711 0.1126
22 650 0.1124
22 1384 0.1120
22 1505 0.1117
22 206 0.1113
22 831 0.1113
22 40 0.1107
22 181 0.1107
22 145 0.1105
22 1512 0.1105
22 973 0.1100
22 434 0.1098
22 1210 0.1091
22 763 0.1089
22 1023 0.1080
22 1121 0.1080
22 367 0.1078
22 15 0.1073
22 337 0.1072
22 1206 0.1072
22 529 0.1071
22 822 0.1071
22 1012 0.1071
22 907 0.1068
22 1022 0.1065
22 563 0.1064
22 1040 0.1056
22 919 0.1053
22 969 0.1050
22 1007 0.1044
22 217 0.1037
22 654 0.1034
22 1474 0.1033
22 687 0.1029
22 54 0.1019
22 300 0.1018
22 668 0.1011
22 561 0.1009
22 663 0.1007
22 75 0.1004
22 205 0.1003
22 251 0.0990
22 346 0.0990
22 677 0.0990
22 769 0.0990
22 867 0.0990
22 1572 0.0990
22 1372 0.0990
22 1533 0.0987
22 1319 0.0980
22 914 0.0974
22 937 0.0972
22 911 0.0970
22 1376 0.0970
22 128 0.0964
22 695 0.0961
22 491 0.0961
22 810 0.0960
22 862 0.0952
22 101 0.0951
22 931 0.0951
22 940 0.0951
22 1516 0.0949
22 39 0.0947
22 486 0.0945
22 953 0.0942
22 860 0.0939
22 108 0.0936
22 369 0.0934
22 920 0.0934
22 1145 0.0925
22 1575 0.0925
22 707 0.0921
22 1155 0.0919
22 1318 0.0917
22 615 0.0917
22 157 0.0914
22 208 0.0914
22 1317 0.0899
22 950 0.0896
22 1151 0.0896
22 402 0.0895
22 1274 0.0889
22 681 0.0887
22 582 0.0886
22 1162 0.0886
22 1314 0.0879
22 1328 0.0878
22 65 0.0875
22 273 0.0875
22 1506 0.0875
22 460 0.0873
22 768 0.0873
22 1136 0.0873
22 1174 0.0873
22 1065 0.0871
22 483 0.0864
22 1075 0.0860
22 664 0.0857
22 1357 0.0857
22 1541 0.0857
22 830 0.0855
22 160 0.0851
22 1540 0.0849
22 640 0.0846
22 928 0.0844
22 1583 0.0844
22 362 0.0844
22 718 0.0841
22 88 0.0838
22 880 0.0837
22 25 0.0835
22 261 0.0835
22 1101 0.0833
22 574 0.0832
22 1129 0.0829
22 672 0.0826
22 936 0.0826
22 1360 0.0826
22 932 0.0824
22 372 0.0821
22 1344 0.0821
22 1535 0.0820
22 1146 0.0814
22 336 0.0814
22 887 0.0814
22 1281 0.0803
22 1430 0.0803
22 216 0.0801
22 869 0.0801
22 1503 0.0801
22 857 0.0800
22 269 0.0800
22 196 0.0797
22 518 0.0797
22 528 0.0794
22 727 0.0794
22 1368 0.0793
22 1518 0.0793
22 438 0.0792
22 760 0.0791
22 1308 0.0790
22 575 0.0789
22 178 0.0787
22 637 0.0786
22 589 0.0776
22 152 0.0776
22 737 0.0776
22 1406 0.0772
22 570 0.0771
22 990 0.0770
22 214 0.0767
22 328 0.0767
22 1495 0.0764
22 252 0.0761
22 371 0.0761
22 1429 0.0761
22 303 0.0759
22 828 0.0753
22 1198 0.0750
22 1443 0.0746
22 172 0.0744
22 699 0.0744
22 1051 0.0744
22 859 0.0743
22 552 0.0735
22 439 0.0735
22 743 0.0733
22 1548 0.0733
22 81 0.0731
22 151 0.0731
22 1405 0.0731
22 1464 0.0731
22 795 0.0730
22 1564 0.0728
22 910 0.0719
22 69 0.0715
22 1138 0.0715
22 588 0.0713
22 773 0.0712
22 1044 0.0710
22 1036 0.0707
22 1259 0.0707
22 1280 0.0705
22 271 0.0704
22 285 0.0700
22 938 0.0700
22 1236 0.0700
22 1475 0.0700
22 1534 0.0697
22 945 0.0696
22 622 0.0694
22 330 0.0693
22 1156 0.0691
22 1343 0.0686
22 967 0.0683
22 18 0.0681
22 946 0.0681
22 1079 0.0681
22 1431 0.0681
22 370 0.0679
22 598 0.0679
22 232 0.0676
22 1168 0.0676
22 1221 0.0676
22 8 0.0673
22 505 0.0673
22 710 0.0673
22 856 0.0673
22 1425 0.0673
22 954 0.0670
22 1341 0.0670
22 832 0.0669
22 47 0.0666
22 378 0.0666
22 469 0.0666
22 496 0.0666
22 1467 0.0666
22 421 0.0664
22 33 0.0660
22 38 0.0660
22 121 0.0660
22 278 0.0660
22 872 0.0660
22 1209 0.0660
22 567 0.0660
22 992 0.0654
22 1076 0.0654
22 117 0.0653
22 1273 0.0652
22 861 0.0651
22 609 0.0648
22 660 0.0648
22 1566 0.0648
22 37 0.0643
22 975 0.0642
22 422 0.0640
22 360 0.0637
22 604 0.0637
22 956 0.0637
22 1240 0.0635
22 1546 0.0635
22 187 0.0629
22 1418 0.0629
22 210 0.0629
22 821 0.0629
22 1571 0.0629
22 207 0.0626
22 282 0.0626
22 533 0.0626
22 73 0.0624
22 619 0.0624
22 1527 0.0624
22 1537 0.0624
22 412 0.0621
22 788 0.0621
22 1517 0.0619
22 638 0.0616
22 1091 0.0616
22 1386 0.0616
22 1522 0.0616
22 1447 0.0615
22 318 0.0611
22 1454 0.0611
22 162 0.0606
22 843 0.0606
22 989 0.0606
22 1141 0.0606
22 1296 0.0606
22 625 0.0604
22 949 0.0604
22 868 0.0601
22 951 0.0598
22 1104 0.0598
22 819 0.0597
22 1232 0.0597
22 1402 0.0595
22 1143 0.0594
22 184 0.0586
22 655 0.0586
22 658 0.0585
22 790 0.0584
22 513 0.0582
22 407 0.0580
22 516 0.0580
22 667 0.0580
22 1428 0.0580
22 165 0.0579
22 1515 0.0579
22 350 0.0575
22 1245 0.0575
22 324 0.0572
22 991 0.0572
22 1446 0.0572
22 49 0.0572
22 586 0.0572
22 842 0.0572
22 866 0.0572
22 915 0.0570
22 28 0.0568
22 489 0.0568
22 1309 0.0568
22 1393 0.0568
22 1077 0.0568
22 829 0.0565
22 305 0.0565
22 818 0.0564
22 163 0.0561
22 977 0.0561
22 787 0.0561
22 651 0.0560
22 1238 0.0560
22 924 0.0560
22 1066 0.0558
22 1135 0.0558
22 685 0.0556
22 1295 0.0556
22 380 0.0555
22 1249 0.0555
22 736 0.0552
22 125 0.0551
22 972 0.0549
22 1241 0.0549
22 1214 0.0548
22 173 0.0547
22 63 0.0545
22 1108 0.0542
22 1553 0.0542
22 894 0.0541
22 329 0.0541
22 1524 0.0539
22 265 0.0538
22 783 0.0536
22 1035 0.0536
22 1248 0.0536
22 1545 0.0536
22 515 0.0534
22 1383 0.0534
22 347 0.0534
22 453 0.0529
22 511 0.0529
22 462 0.0528
22 390 0.0526
22 806 0.0526
22 815 0.0525
22 1105 0.0525
22 1222 0.0523
22 1329 0.0523
22 1356 0.0522
22 1330 0.0520
22 259 0.0517
22 748 0.0517
22 536 0.0517
22 706 0.0517
22 1471 0.0517
22 1115 0.0514
22 44 0.0513
22 565 0.0512
22 1119 0.0512
22 1484 0.0512
22 381 0.0511
22 732 0.0511
22 254 0.0509
22 623 0.0509
22 1068 0.0509
22 351 0.0509
22 19 0.0507
22 988 0.0507
22 6 0.0506
22 682 0.0506
22 791 0.0506
22 171 0.0505
22 1544 0.0504
22 272 0.0500
22 299 0.0500
22 408 0.0500
22 1349 0.0500
22 726 0.0497
22 917 0.0497
22 523 0.0495
22 620 0.0491
22 359 0.0490
22 584 0.0490
22 603 0.0490
22 1096 0.0488
22 1358 0.0488
22 482 0.0486
22 532 0.0485
22 1246 0.0484
22 1354 0.0484
22 1413 0.0483
22 465 0.0480
22 628 0.0480
22 666 0.0478
22 633 0.0476
22 639 0.0476
22 1058 0.0476
22 164 0.0475
22 1164 0.0474
22 576 0.0472
22 234 0.0471
22 476 0.0471
22 717 0.0470
22 1254 0.0468
22 696 0.0467
22 958 0.0467
22 417 0.0462
22 720 0.0462
22 1401 0.0462
22 691 0.0460
22 534 0.0458
22 745 0.0458
22 1284 0.0458
22 32 0.0454
22 176 0.0454
22 280 0.0454
22 493 0.0454
22 634 0.0454
22 1034 0.0454
22 1367 0.0454
22 959 0.0450
22 1463 0.0450
22 531 0.0447
22 906 0.0447
22 1074 0.0444
22 1182 0.0442
22 723 0.0440
22 161 0.0439
22 1507 0.0439
22 871 0.0436
22 1140 0.0436
22 24 0.0436
22 428 0.0436
22 1152 0.0432
22 312 0.0432
22 850 0.0429
22 978 0.0429
22 985 0.0429
22 1416 0.0429
22 963 0.0427
22 1134 0.0426
22 602 0.0425
22 1399 0.0425
22 7 0.0422
22 310 0.0422
22 527 0.0422
22 848 0.0422
22 941 0.0422
22 1342 0.0417
22 704 0.0416
22 1175 0.0416
22 1256 0.0416
22 1291 0.0416
22 590 0.0415
22 154 0.0413
22 242 0.0413
22 1026 0.0413
22 1187 0.0413
22 1581 0.0413
22 1459 0.0412
22 702 0.0411
22 66 0.0407
22 344 0.0407
22 966 0.0407
22 1262 0.0407
22 9 0.0404
22 662 0.0404
22 1547 0.0404
22 77 0.0403
22 793 0.0401
22 1103 0.0401
22 1085 0.0401
22 1199 0.0399
22 1057 0.0399
22 1260 0.0397
22 1258 0.0396
22 1456 0.0395
22 933 0.0393
22 1427 0.0393
22 1570 0.0393
22 1270 0.0392
22 1374 0.0391
22 984 0.0390
22 1173 0.0388
22 1422 0.0388
22 670 0.0387
22 327 0.0386
22 441 0.0386
22 338 0.0385
22 228 0.0383
22 960 0.0383
22 1195 0.0383
22 671 0.0381
22 503 0.0381
22 1050 0.0381
22 427 0.0379
22 268 0.0376
22 459 0.0376
22 188 0.0374
22 606 0.0374
22 705 0.0372
22 1237 0.0372
22 1279 0.0372
22 1082 0.0370
22 802 0.0368
22 883 0.0367
22 1298 0.0367
22 90 0.0366
22 238 0.0366
22 454 0.0366
22 494 0.0366
22 1017 0.0366
22 222 0.0364
22 1157 0.0364
22 1543 0.0364
22 225 0.0362
22 811 0.0362
22 1216 0.0361
22 110 0.0360
22 600 0.0360
22 31 0.0358
22 83 0.0358
22 481 0.0356
22 709 0.0355
22 1305 0.0355
22 293 0.0354
22 1047 0.0354
22 11 0.0353
22 613 0.0351
22 308 0.0351
22 1539 0.0351
22 387 0.0350
22 1557 0.0350
22 744 0.0348
22 550 0.0348
22 1338 0.0348
22 1420 0.0348
22 1113 0.0348
22 724 0.0346
22 1479 0.0346
22 557 0.0345
22 777 0.0345
22 1371 0.0345
22 209 0.0343
22 415 0.0343
22 632 0.0343
22 1005 0.0343
22 1468 0.0343
22 820 0.0341
22 900 0.0341
22 930 0.0341
22 1150 0.0341
22 1277 0.0340
22 475 0.0338
22 630 0.0338
22 738 0.0338
22 131 0.0336
22 456 0.0336
22 215 0.0336
22 291 0.0335
22 653 0.0333
22 669 0.0333
22 823 0.0333
22 767 0.0331
22 74 0.0330
22 177 0.0330
22 1063 0.0330
22 1569 0.0330
22 266 0.0329
22 509 0.0329
22 1229 0.0327
22 21 0.0326
22 158 0.0324
22 355 0.0324
22 656 0.0324
22 674 0.0323
22 1395 0.0323
22 70 0.0321
22 361 0.0321
22 645 0.0321
22 912 0.0321
22 1268 0.0321
22 1340 0.0320
22 913 0.0318
22 1067 0.0318
22 112 0.0317
22 700 0.0317
22 754 0.0317
22 1160 0.0317
22 1069 0.0316
22 1477 0.0316
22 106 0.0315
22 559 0.0315
22 17 0.0314
22 435 0.0314
22 420 0.0313
22 547 0.0313
22 837 0.0313
22 1348 0.0313
22 1272 0.0311
22 406 0.0309
22 629 0.0309
22 13 0.0308
22 62 0.0308
22 597 0.0308
22 690 0.0308
22 746 0.0308
22 772 0.0308
22 849 0.0308
22 993 0.0308
22 1218 0.0308
22 1326 0.0307
22 1030 0.0304
22 326 0.0303
22 363 0.0303
22 449 0.0303
22 701 0.0303
22 1536 0.0302
22 877 0.0300
22 239 0.0300
22 1538 0.0300
22 294 0.0299
22 998 0.0299
22 1125 0.0299
22 1220 0.0299
22 155 0.0297
22 1377 0.0297
22 1419 0.0297
22 1381 0.0296
22 35 0.0294
22 497 0.0294
22 1090 0.0293
22 1225 0.0293
22 289 0.0292
22 490 0.0288
22 929 0.0288
22 43 0.0286
22 50 0.0286
22 399 0.0286
22 457 0.0286
22 94 0.0285
22 335 0.0285
22 414 0.0284
22 243 0.0283
22 3 0.0282
22 218 0.0282
22 1379 0.0280
22 1118 0.0279
22 1369 0.0279
22 78 0.0278
22 836 0.0276
22 82 0.0276
22 635 0.0275
22 853 0.0274
22 334 0.0273
22 846 0.0273
22 1469 0.0273
22 1010 0.0272
22 124 0.0271
22 410 0.0271
22 485 0.0271
22 648 0.0271
22 510 0.0269
22 477 0.0268
22 1003 0.0268
22 220 0.0265
22 538 0.0265
22 578 0.0265
22 583 0.0265
22 1211 0.0265
22 1310 0.0265
22 1461 0.0264
22 962 0.0263
22 994 0.0262
22 115 0.0262
22 1072 0.0262
22 904 0.0259
22 1439 0.0259
22 89 0.0259
22 223 0.0259
22 445 0.0259
22 524 0.0259
22 1392 0.0259
22 1574 0.0259
22 1191 0.0258
22 41 0.0256
22 444 0.0256
22 467 0.0256
22 1391 0.0256
22 661 0.0254
22 521 0.0254
22 1203 0.0254
22 142 0.0253
22 504 0.0253
22 803 0.0253
22 1073 0.0253
22 1126 0.0253
22 1359 0.0253
22 195 0.0250
22 264 0.0250
22 782 0.0250
22 1112 0.0250
22 1169 0.0250
22 333 0.0249
22 14 0.0248
22 97 0.0248
22 1520 0.0246
22 657 0.0246
22 166 0.0245
22 368 0.0245
22 587 0.0245
22 719 0.0245
22 896 0.0245
22 1382 0.0245
22 592 0.0244
22 786 0.0243
22 1278 0.0243
22 1432 0.0243
22 1410 0.0241
22 1038 0.0240
22 1185 0.0240
22 1441 0.0238
22 341 0.0238
22 594 0.0238
22 1014 0.0236
22 1193 0.0236
22 1294 0.0236
22 1483 0.0234
22 302 0.0233
22 522 0.0233
22 641 0.0233
22 250 0.0231
22 1287 0.0231
22 1333 0.0229
22 1421 0.0229
22 1529 0.0229
22 114 0.0228
22 423 0.0228
22 863 0.0226
22 137 0.0226
22 1465 0.0226
22 22 0.0225
22 180 0.0225
22 839 0.0225
22 970 0.0225
22 141 0.0221
22 358 0.0221
22 814 0.0221
22 889 0.0221
22 901 0.0221
22 71 0.0220
22 107 0.0220
22 413 0.0220
22 1055 0.0220
22 1496 0.0220
22 440 0.0218
22 1019 0.0218
22 1086 0.0216
22 182 0.0216
22 473 0.0216
22 384 0.0214
22 939 0.0214
22 1257 0.0214
22 221 0.0213
22 1159 0.0213
22 1128 0.0212
22 29 0.0211
22 67 0.0211
22 713 0.0211
22 61 0.0210
22 752 0.0210
22 262 0.0208
22 377 0.0208
22 683 0.0208
22 876 0.0208
22 122 0.0206
22 506 0.0206
22 886 0.0206
22 952 0.0206
22 1048 0.0206
22 150 0.0205
22 471 0.0205
22 750 0.0205
22 1060 0.0205
22 1526 0.0205
22 642 0.0204
22 1107 0.0204
22 86 0.0202
22 1046 0.0201
22 916 0.0201
22 321 0.0200
22 129 0.0199
22 296 0.0198
22 1271 0.0198
22 554 0.0197
22 1562 0.0197
22 126 0.0195
22 345 0.0195
22 479 0.0195
22 905 0.0194
22 921 0.0194
22 1235 0.0194
22 1000 0.0193
22 740 0.0193
22 774 0.0193
22 34 0.0192
22 1266 0.0192
22 149 0.0191
22 517 0.0191
22 694 0.0191
22 1114 0.0191
22 599 0.0189
22 733 0.0189
22 1407 0.0189
22 1223 0.0188
22 244 0.0187
22 812 0.0187
22 1436 0.0187
22 1489 0.0187
22 1578 0.0187
22 446 0.0186
22 1433 0.0186
22 540 0.0185
22 553 0.0185
22 1502 0.0185
22 617 0.0184
22 537 0.0183
22 771 0.0182
22 120 0.0182
22 835 0.0182
22 1466 0.0181
22 339 0.0181
22 468 0.0181
22 1500 0.0181
22 541 0.0180
22 827 0.0180
22 374 0.0179
22 903 0.0179
22 1365 0.0179
22 229 0.0178
22 20 0.0177
22 258 0.0177
22 1290 0.0177
22 652 0.0176
22 824 0.0176
22 845 0.0176
22 267 0.0175
22 487 0.0175
22 1324 0.0175
22 342 0.0174
22 1122 0.0174
22 1120 0.0173
22 1480 0.0173
22 100 0.0172
22 995 0.0172
22 1473 0.0172
22 1499 0.0171
22 1509 0.0171
22 729 0.0171
22 322 0.0171
22 87 0.0170
22 235 0.0170
22 418 0.0170
22 897 0.0170
22 12 0.0169
22 1056 0.0169
22 1178 0.0169
22 1511 0.0169
22 257 0.0168
22 405 0.0168
22 1087 0.0167
22 1171 0.0167
22 436 0.0165
22 1172 0.0165
22 525 0.0164
22 1289 0.0164
22 1361 0.0164
22 1457 0.0164
22 26 0.0164
22 595 0.0164
22 4 0.0163
22 944 0.0163
22 349 0.0162
22 492 0.0161
22 1276 0.0161
22 144 0.0161
22 430 0.0161
22 585 0.0160
22 379 0.0159
22 986 0.0159
22 1006 0.0159
22 201 0.0159
22 1032 0.0159
22 1264 0.0159
22 348 0.0157
22 987 0.0157
22 798 0.0157
22 1083 0.0157
22 1414 0.0157
22 48 0.0156
22 1556 0.0155
22 1521 0.0155
22 935 0.0153
22 1350 0.0152
22 918 0.0151
22 1093 0.0151
22 1196 0.0151
22 1255 0.0151
22 52 0.0150
22 612 0.0150
22 1227 0.0150
22 1339 0.0150
22 813 0.0150
22 1528 0.0149
22 891 0.0149
22 1008 0.0149
22 1455 0.0148
22 572 0.0147
22 91 0.0146
22 1045 0.0146
22 452 0.0145
22 614 0.0145
22 715 0.0145
22 893 0.0145
22 947 0.0145
22 1390 0.0145
22 1525 0.0145
22 498 0.0144
22 450 0.0143
22 466 0.0143
22 741 0.0142
22 1176 0.0141
22 982 0.0141
22 1054 0.0141
22 304 0.0140
22 1579 0.0140
22 1230 0.0139
22 136 0.0139
22 46 0.0137
22 739 0.0136
22 580 0.0135
22 765 0.0135
22 980 0.0135
22 1053 0.0134
22 1084 0.0134
22 186 0.0134
22 190 0.0132
22 249 0.0132
22 593 0.0132
22 673 0.0131
22 1202 0.0130
22 1470 0.0130
22 1020 0.0129
22 882 0.0128
22 1275 0.0128
22 1183 0.0128
22 1332 0.0127
22 573 0.0127
22 53 0.0126
22 1163 0.0125
22 1224 0.0125
22 1426 0.0125
22 424 0.0124
22 1510 0.0124
22 659 0.0124
22 520 0.0124
22 1449 0.0122
22 179 0.0122
22 1095 0.0122
22 519 0.0122
22 1487 0.0121
22 925 0.0120
22 1142 0.0119
22 1301 0.0119
22 1158 0.0117
22 253 0.0117
22 5 0.0115
22 99 0.0115
22 1116 0.0112
22 1061 0.0111
22 1288 0.0109
22 1099 0.0108
22 611 0.0108
22 1205 0.0107
22 870 0.0107
22 395 0.0107
22 909 0.0106
22 799 0.0106
22 895 0.0104
22 230 0.0103
22 549 0.0102
22 1501 0.0102
22 942 0.0101
22 1542 0.0101
22 1312 0.0099
22 749 0.0098
22 240 0.0096
22 1486 0.0094
22 1111 0.0091
22 437 0.0089
22 1444 0.0086
22 1302 0.0077
23 761 0.5063
23 1549 0.4951
23 1326 0.4472
23 1023 0.4410
23 917 0.4350
23 1360 0.4214
23 999 0.4211
23 1210 0.3978
23 410 0.3953
23 1212 0.3953
23 734 0.3929
23 1219 0.3812
23 1458 0.3797
23 737 0.3769
23 472 0.3755
23 775 0.3714
23 878 0.3686
23 1521 0.3607
23 1495 0.3563
23 1022 0.3549
23 888 0.3482
23 394 0.3451
23 1344 0.3352
23 255 0.3345
23 1252 0.3345
23 745 0.3341
23 1138 0.3333
23 861 0.3322
23 564 0.3293
23 1299 0.3273
23 1384 0.3266
23 831 0.3244
23 814 0.3227
23 668 0.3216
23 973 0.3208
23 208 0.3198
23 1097 0.3180
23 1121 0.3150
23 15 0.3128
23 529 0.3123
23 770 0.3123
23 907 0.3115
23 1274 0.3111
23 563 0.3101
23 1040 0.3078
23 919 0.3070
23 501 0.3050
23 514 0.3030
23 1162 0.3012
23 1474 0.3012
23 687 0.3000
23 561 0.2942
23 205 0.2925
23 121 0.2887
23 438 0.2887
23 677 0.2887
23 769 0.2887
23 1209 0.2887
23 1372 0.2887
23 1460 0.2887
23 1533 0.2877
23 883 0.2857
23 1319 0.2857
23 914 0.2839
23 937 0.2835
23 911 0.2828
23 1376 0.2828
23 1144 0.2820
23 491 0.2801
23 1131 0.2801
23 810 0.2798
23 34 0.2795
23 367 0.2794
23 1010 0.2776
23 931 0.2774
23 940 0.2774
23 101 0.2774
23 1512 0.2762
23 489 0.2761
23 801 0.2761
23 486 0.2754
23 953 0.2747
23 860 0.2739
23 920 0.2722
23 1051 0.2712
23 1145 0.2697
23 615 0.2673
23 1318 0.2673
23 1270 0.2669
23 157 0.2665
23 1405 0.2665
23 1576 0.2652
23 1170 0.2646
23 1308 0.2632
23 839 0.2626
23 1317 0.2620
23 950 0.2611
23 1151 0.2611
23 681 0.2587
23 582 0.2582
23 1548 0.2563
23 1328 0.2561
23 795 0.2554
23 65 0.2552
23 1506 0.2552
23 173 0.2550
23 460 0.2545
23 768 0.2545
23 1136 0.2545
23 1065 0.2539
23 1534 0.2538
23 483 0.2520
23 1152 0.2520
23 1471 0.2513
23 1075 0.2509
23 1357 0.2500
23 1412 0.2500
23 1541 0.2500
23 786 0.2481
23 974 0.2475
23 1540 0.2474
23 640 0.2466
23 1178 0.2463
23 928 0.2462
23 941 0.2462
23 25 0.2433
23 1101 0.2430
23 378 0.2428
23 574 0.2425
23 934 0.2425
23 1537 0.2425
23 1516 0.2421
23 1129 0.2417
23 672 0.2408
23 936 0.2408
23 932 0.2402
23 1280 0.2398
23 331 0.2395
23 372 0.2395
23 887 0.2373
23 1253 0.2350
23 822 0.2343
23 1012 0.2343
23 1035 0.2343
23 840 0.2341
23 1281 0.2341
23 1430 0.2341
23 869 0.2335
23 1503 0.2335
23 269 0.2331
23 518 0.2325
23 727 0.2315
23 1368 0.2311
23 1518 0.2311
23 1143 0.2309
23 575 0.2301
23 178 0.2294
23 637 0.2292
23 1425 0.2288
23 1356 0.2281
23 905 0.2265
23 412 0.2263
23 152 0.2261
23 654 0.2261
23 1182 0.2255
23 1517 0.2254
23 327 0.2250
23 1406 0.2250
23 990 0.2245
23 1091 0.2245
23 214 0.2236
23 328 0.2236
23 402 0.2236
23 252 0.2218
23 371 0.2218
23 1429 0.2218
23 362 0.2214
23 303 0.2212
23 39 0.2209
23 599 0.2209
23 722 0.2201
23 1198 0.2188
23 1349 0.2188
23 108 0.2182
23 233 0.2176
23 805 0.2176
23 1443 0.2176
23 859 0.2165
23 76 0.2159
23 1240 0.2158
23 1546 0.2158
23 552 0.2144
23 714 0.2144
23 743 0.2136
23 1314 0.2136
23 81 0.2132
23 151 0.2132
23 238 0.2132
23 1464 0.2132
23 1564 0.2121
23 452 0.2120
23 1174 0.2120
23 1204 0.2120
23 910 0.2097
23 392 0.2083
23 588 0.2080
23 229 0.2074
23 1036 0.2062
23 213 0.2060
23 1259 0.2060
23 271 0.2052
23 273 0.2041
23 938 0.2041
23 651 0.2041
23 1475 0.2041
23 1230 0.2028
23 622 0.2023
23 1156 0.2015
23 1473 0.2010
23 27 0.2004
23 695 0.2002
23 857 0.2000
23 1343 0.2000
23 729 0.1993
23 967 0.1990
23 18 0.1987
23 946 0.1987
23 1079 0.1987
23 1431 0.1987
23 54 0.1980
23 370 0.1980
23 598 0.1980
23 351 0.1978
23 1511 0.1971
23 232 0.1970
23 711 0.1970
23 1168 0.1970
23 1221 0.1970
23 1524 0.1964
23 8 0.1961
23 505 0.1961
23 710 0.1961
23 856 0.1961
23 787 0.1961
23 1335 0.1958
23 954 0.1953
23 1341 0.1953
23 832 0.1952
23 47 0.1943
23 669 0.1943
23 1467 0.1943
23 40 0.1936
23 181 0.1936
23 421 0.1936
23 33 0.1925
23 38 0.1925
23 200 0.1925
23 278 0.1925
23 992 0.1907
23 1076 0.1906
23 117 0.1905
23 1273 0.1901
23 609 0.1890
23 660 0.1890
23 1355 0.1890
23 1566 0.1890
23 1354 0.1881
23 337 0.1875
23 664 0.1875
23 978 0.1875
23 1206 0.1875
23 128 0.1873
23 975 0.1873
23 422 0.1865
23 1340 0.1865
23 604 0.1857
23 956 0.1857
23 1032 0.1849
23 848 0.1846
23 187 0.1833
23 1418 0.1833
23 210 0.1833
23 821 0.1833
23 1571 0.1833
23 207 0.1826
23 282 0.1826
23 1175 0.1819
23 1527 0.1819
23 1254 0.1818
23 788 0.1811
23 948 0.1806
23 1026 0.1806
23 796 0.1803
23 638 0.1796
23 1386 0.1796
23 1522 0.1796
23 1447 0.1793
23 318 0.1780
23 344 0.1780
23 1454 0.1780
23 138 0.1775
23 989 0.1768
23 1141 0.1768
23 1296 0.1768
23 625 0.1761
23 949 0.1761
23 868 0.1753
23 813 0.1747
23 1057 0.1744
23 1104 0.1744
23 224 0.1741
23 819 0.1741
23 1498 0.1741
23 1402 0.1734
23 1258 0.1732
23 1074 0.1728
23 655 0.1709
23 790 0.1703
23 513 0.1697
23 1140 0.1696
23 407 0.1690
23 516 0.1690
23 667 0.1690
23 784 0.1690
23 1000 0.1690
23 1428 0.1690
23 350 0.1677
23 1245 0.1677
23 49 0.1667
23 324 0.1667
23 586 0.1667
23 842 0.1667
23 866 0.1667
23 991 0.1667
23 1050 0.1667
23 741 0.1661
23 28 0.1656
23 1309 0.1656
23 1393 0.1656
23 1077 0.1655
23 829 0.1648
23 305 0.1646
23 818 0.1644
23 1436 0.1637
23 1238 0.1633
23 924 0.1632
23 1403 0.1628
23 699 0.1627
23 261 0.1622
23 685 0.1622
23 1295 0.1622
23 380 0.1617
23 1249 0.1617
23 836 0.1612
23 736 0.1608
23 802 0.1608
23 125 0.1606
23 972 0.1601
23 1192 0.1601
23 1241 0.1601
23 1459 0.1601
23 63 0.1590
23 1400 0.1590
23 1239 0.1586
23 124 0.1581
23 679 0.1581
23 997 0.1581
23 1108 0.1581
23 1267 0.1581
23 1508 0.1581
23 1553 0.1581
23 265 0.1569
23 783 0.1562
23 627 0.1562
23 1248 0.1562
23 1545 0.1562
23 216 0.1557
23 1383 0.1557
23 347 0.1555
23 453 0.1543
23 511 0.1543
23 1260 0.1543
23 462 0.1539
23 824 0.1539
23 1461 0.1538
23 613 0.1537
23 390 0.1534
23 815 0.1531
23 1105 0.1529
23 1329 0.1525
23 1122 0.1523
23 1420 0.1523
23 1342 0.1521
23 1374 0.1521
23 72 0.1508
23 223 0.1508
23 524 0.1508
23 706 0.1508
23 748 0.1508
23 1554 0.1508
23 1115 0.1500
23 1509 0.1500
23 230 0.1497
23 820 0.1493
23 930 0.1493
23 1484 0.1493
23 381 0.1491
23 1394 0.1491
23 254 0.1485
23 623 0.1485
23 1068 0.1485
23 1277 0.1485
23 19 0.1478
23 988 0.1478
23 6 0.1474
23 791 0.1474
23 1018 0.1474
23 171 0.1471
23 1021 0.1471
23 1544 0.1470
23 880 0.1464
23 272 0.1459
23 299 0.1459
23 408 0.1459
23 653 0.1457
23 726 0.1450
23 523 0.1443
23 867 0.1443
23 760 0.1441
23 425 0.1437
23 509 0.1437
23 525 0.1437
23 922 0.1437
23 620 0.1430
23 359 0.1429
23 603 0.1429
23 336 0.1424
23 1096 0.1424
23 1358 0.1421
23 482 0.1417
23 1375 0.1417
23 532 0.1414
23 1413 0.1407
23 1268 0.1405
23 1378 0.1404
23 465 0.1400
23 666 0.1393
23 633 0.1387
23 754 0.1387
23 1058 0.1387
23 1160 0.1387
23 1069 0.1381
23 1164 0.1381
23 576 0.1377
23 476 0.1374
23 717 0.1370
23 1083 0.1369
23 369 0.1361
23 375 0.1361
23 696 0.1361
23 958 0.1361
23 406 0.1353
23 720 0.1348
23 691 0.1342
23 1155 0.1339
23 534 0.1336
23 1333 0.1336
23 1421 0.1336
23 32 0.1325
23 176 0.1325
23 280 0.1325
23 493 0.1325
23 634 0.1325
23 1367 0.1325
23 52 0.1316
23 1100 0.1313
23 959 0.1311
23 1463 0.1311
23 531 0.1302
23 906 0.1302
23 1385 0.1301
23 692 0.1296
23 1531 0.1296
23 161 0.1280
23 1507 0.1280
23 1370 0.1277
23 871 0.1272
23 24 0.1270
23 715 0.1268
23 393 0.1263
23 894 0.1262
23 927 0.1260
23 312 0.1259
23 426 0.1250
23 850 0.1250
23 985 0.1250
23 1416 0.1250
23 335 0.1246
23 915 0.1246
23 963 0.1245
23 902 0.1241
23 1044 0.1241
23 1134 0.1241
23 1251 0.1241
23 160 0.1240
23 602 0.1240
23 1399 0.1240
23 862 0.1233
23 7 0.1231
23 310 0.1231
23 527 0.1231
23 1583 0.1231
23 1243 0.1225
23 88 0.1222
23 1007 0.1217
23 1336 0.1217
23 330 0.1213
23 73 0.1213
23 174 0.1213
23 262 0.1213
23 433 0.1213
23 619 0.1213
23 704 0.1213
23 1037 0.1213
23 1256 0.1213
23 1291 0.1213
23 1523 0.1213
23 590 0.1209
23 242 0.1204
23 1325 0.1204
23 1581 0.1204
23 1060 0.1195
23 1119 0.1195
23 334 0.1193
23 966 0.1187
23 1146 0.1187
23 1262 0.1187
23 485 0.1186
23 9 0.1179
23 843 0.1179
23 1547 0.1179
23 980 0.1179
23 793 0.1170
23 916 0.1170
23 1085 0.1168
23 1199 0.1164
23 1456 0.1150
23 1226 0.1147
23 1427 0.1147
23 140 0.1147
23 1247 0.1147
23 1570 0.1147
23 984 0.1137
23 217 0.1134
23 1173 0.1132
23 1422 0.1132
23 854 0.1131
23 670 0.1127
23 44 0.1121
23 338 0.1121
23 228 0.1118
23 732 0.1118
23 1195 0.1118
23 671 0.1112
23 503 0.1111
23 1337 0.1111
23 1446 0.1111
23 268 0.1098
23 828 0.1098
23 1223 0.1098
23 459 0.1097
23 188 0.1091
23 606 0.1091
23 977 0.1091
23 172 0.1085
23 1269 0.1085
23 1279 0.1085
23 1082 0.1078
23 1092 0.1078
23 1298 0.1071
23 179 0.1069
23 90 0.1066
23 454 0.1066
23 494 0.1066
23 1017 0.1066
23 1214 0.1066
23 222 0.1060
23 464 0.1060
23 1543 0.1060
23 225 0.1054
23 339 0.1054
23 1216 0.1053
23 110 0.1048
23 600 0.1048
23 31 0.1043
23 69 0.1043
23 83 0.1043
23 903 0.1043
23 721 0.1043
23 134 0.1038
23 709 0.1035
23 1305 0.1035
23 1014 0.1033
23 293 0.1031
23 1047 0.1031
23 1364 0.1031
23 11 0.1028
23 308 0.1023
23 1539 0.1023
23 284 0.1021
23 387 0.1021
23 969 0.1021
23 1557 0.1021
23 744 0.1016
23 550 0.1015
23 1338 0.1015
23 1113 0.1014
23 724 0.1010
23 1330 0.1010
23 1479 0.1010
23 557 0.1007
23 536 0.1005
23 684 0.1005
23 777 0.1005
23 1371 0.1005
23 209 0.1000
23 415 0.1000
23 632 0.1000
23 1005 0.1000
23 1468 0.1000
23 900 0.0995
23 1034 0.0993
23 475 0.0985
23 630 0.0985
23 131 0.0981
23 298 0.0981
23 456 0.0981
23 215 0.0981
23 663 0.0978
23 291 0.0976
23 496 0.0971
23 823 0.0971
23 767 0.0964
23 852 0.0964
23 74 0.0962
23 177 0.0962
23 241 0.0962
23 251 0.0962
23 288 0.0962
23 346 0.0962
23 789 0.0962
23 872 0.0962
23 1063 0.0962
23 1569 0.0962
23 1572 0.0962
23 657 0.0955
23 1229 0.0953
23 21 0.0949
23 1099 0.0949
23 158 0.0945
23 349 0.0945
23 355 0.0945
23 656 0.0945
23 674 0.0941
23 1246 0.0941
23 1276 0.0941
23 1395 0.0941
23 70 0.0937
23 361 0.0937
23 645 0.0937
23 912 0.0937
23 870 0.0936
23 628 0.0933
23 913 0.0928
23 1067 0.0928
23 112 0.0925
23 201 0.0925
23 700 0.0925
23 799 0.0923
23 1477 0.0921
23 435 0.0917
23 420 0.0913
23 837 0.0913
23 48 0.0909
23 589 0.0905
23 629 0.0902
23 13 0.0898
23 62 0.0898
23 597 0.0898
23 746 0.0898
23 772 0.0898
23 849 0.0898
23 993 0.0898
23 1218 0.0898
23 1401 0.0898
23 565 0.0896
23 753 0.0887
23 1030 0.0887
23 942 0.0885
23 194 0.0884
23 326 0.0884
23 363 0.0884
23 385 0.0884
23 449 0.0884
23 701 0.0884
23 447 0.0880
23 1194 0.0880
23 1255 0.0880
23 1536 0.0880
23 877 0.0875
23 239 0.0874
23 1538 0.0874
23 1190 0.0871
23 294 0.0870
23 998 0.0870
23 1125 0.0870
23 1220 0.0870
23 1377 0.0867
23 1419 0.0867
23 35 0.0857
23 497 0.0857
23 1090 0.0854
23 289 0.0851
23 1525 0.0845
23 490 0.0839
23 929 0.0839
23 43 0.0833
23 50 0.0833
23 399 0.0833
23 457 0.0833
23 94 0.0830
23 773 0.0830
23 1323 0.0830
23 414 0.0828
23 3 0.0823
23 218 0.0822
23 1054 0.0822
23 1118 0.0814
23 1369 0.0814
23 1505 0.0814
23 1492 0.0806
23 82 0.0803
23 635 0.0801
23 853 0.0798
23 846 0.0796
23 648 0.0791
23 329 0.0788
23 477 0.0781
23 1003 0.0781
23 515 0.0778
23 437 0.0777
23 528 0.0772
23 538 0.0772
23 578 0.0772
23 583 0.0772
23 1211 0.0772
23 1310 0.0772
23 567 0.0769
23 806 0.0767
23 962 0.0767
23 994 0.0765
23 115 0.0762
23 665 0.0762
23 1072 0.0762
23 904 0.0756
23 1439 0.0756
23 1470 0.0756
23 89 0.0754
23 259 0.0754
23 403 0.0754
23 445 0.0754
23 1392 0.0754
23 1574 0.0754
23 1020 0.0752
23 444 0.0745
23 467 0.0745
23 1391 0.0745
23 521 0.0739
23 573 0.0739
23 1203 0.0739
23 142 0.0737
23 504 0.0737
23 803 0.0737
23 1073 0.0737
23 1126 0.0737
23 1359 0.0737
23 1462 0.0737
23 264 0.0729
23 782 0.0729
23 1112 0.0729
23 333 0.0727
23 14 0.0722
23 97 0.0722
23 1520 0.0716
23 166 0.0714
23 368 0.0714
23 439 0.0714
23 507 0.0714
23 719 0.0714
23 875 0.0714
23 896 0.0714
23 1382 0.0714
23 592 0.0712
23 1278 0.0707
23 1432 0.0707
23 1466 0.0705
23 1487 0.0705
23 925 0.0702
23 1410 0.0702
23 833 0.0700
23 1185 0.0700
23 1363 0.0695
23 1441 0.0695
23 341 0.0693
23 594 0.0693
23 164 0.0692
23 1193 0.0688
23 1294 0.0688
23 1483 0.0682
23 302 0.0680
23 522 0.0680
23 1236 0.0680
23 250 0.0674
23 1287 0.0674
23 197 0.0668
23 1529 0.0668
23 423 0.0664
23 579 0.0662
23 863 0.0659
23 137 0.0658
23 22 0.0657
23 180 0.0657
23 738 0.0657
23 794 0.0651
23 141 0.0645
23 889 0.0645
23 901 0.0645
23 71 0.0640
23 413 0.0640
23 1055 0.0640
23 1496 0.0640
23 440 0.0635
23 763 0.0635
23 1019 0.0635
23 1288 0.0634
23 1086 0.0631
23 182 0.0630
23 473 0.0630
23 384 0.0625
23 939 0.0625
23 1257 0.0625
23 221 0.0620
23 1130 0.0620
23 1159 0.0620
23 1128 0.0618
23 29 0.0615
23 713 0.0615
23 892 0.0615
23 106 0.0612
23 559 0.0612
23 488 0.0611
23 752 0.0611
23 377 0.0606
23 683 0.0606
23 876 0.0606
23 1396 0.0606
23 122 0.0602
23 154 0.0602
23 886 0.0602
23 952 0.0602
23 1048 0.0600
23 150 0.0598
23 471 0.0598
23 549 0.0598
23 1352 0.0598
23 1526 0.0598
23 1535 0.0598
23 300 0.0593
23 1107 0.0593
23 86 0.0589
23 162 0.0589
23 1293 0.0589
23 129 0.0581
23 196 0.0581
23 951 0.0581
23 296 0.0577
23 636 0.0577
23 1562 0.0574
23 126 0.0570
23 184 0.0570
23 345 0.0570
23 479 0.0570
23 921 0.0566
23 1235 0.0566
23 165 0.0563
23 441 0.0563
23 740 0.0563
23 774 0.0563
23 1515 0.0563
23 1043 0.0559
23 149 0.0556
23 694 0.0556
23 733 0.0552
23 1407 0.0552
23 163 0.0546
23 244 0.0546
23 502 0.0546
23 797 0.0546
23 1489 0.0546
23 446 0.0542
23 705 0.0542
23 1066 0.0542
23 1135 0.0542
23 1433 0.0542
23 1450 0.0542
23 540 0.0539
23 553 0.0539
23 1502 0.0539
23 617 0.0536
23 537 0.0533
23 1513 0.0533
23 771 0.0531
23 120 0.0530
23 835 0.0530
23 468 0.0527
23 811 0.0527
23 541 0.0524
23 827 0.0524
23 510 0.0522
23 374 0.0521
23 1365 0.0521
23 1519 0.0521
23 20 0.0516
23 1290 0.0516
23 652 0.0513
23 845 0.0513
23 267 0.0510
23 487 0.0510
23 1300 0.0510
23 1324 0.0510
23 342 0.0508
23 1120 0.0505
23 1480 0.0504
23 100 0.0503
23 995 0.0503
23 1499 0.0500
23 322 0.0498
23 1150 0.0498
23 87 0.0495
23 235 0.0495
23 418 0.0495
23 12 0.0493
23 257 0.0490
23 718 0.0490
23 1087 0.0488
23 1171 0.0486
23 436 0.0481
23 1172 0.0481
23 1289 0.0479
23 1361 0.0479
23 1457 0.0479
23 26 0.0477
23 508 0.0477
23 595 0.0477
23 4 0.0475
23 492 0.0470
23 144 0.0468
23 430 0.0468
23 650 0.0468
23 1180 0.0468
23 379 0.0464
23 986 0.0464
23 1006 0.0464
23 1264 0.0462
23 145 0.0460
23 397 0.0460
23 17 0.0458
23 348 0.0458
23 987 0.0458
23 98 0.0456
23 798 0.0456
23 1348 0.0456
23 1414 0.0456
23 1263 0.0455
23 1556 0.0453
23 383 0.0449
23 935 0.0447
23 143 0.0445
23 1350 0.0444
23 1208 0.0442
23 918 0.0440
23 1196 0.0440
23 612 0.0439
23 747 0.0439
23 1227 0.0439
23 1339 0.0439
23 1153 0.0435
23 1528 0.0435
23 155 0.0434
23 891 0.0434
23 1008 0.0434
23 1381 0.0432
23 1455 0.0432
23 572 0.0429
23 723 0.0427
23 1225 0.0427
23 91 0.0426
23 1045 0.0426
23 614 0.0424
23 1514 0.0424
23 893 0.0423
23 947 0.0423
23 1390 0.0423
23 498 0.0421
23 75 0.0418
23 450 0.0418
23 466 0.0417
23 243 0.0412
23 1176 0.0412
23 982 0.0411
23 304 0.0408
23 1579 0.0408
23 945 0.0406
23 136 0.0404
23 46 0.0399
23 702 0.0399
23 739 0.0397
23 580 0.0393
23 765 0.0393
23 77 0.0392
23 1053 0.0392
23 1084 0.0392
23 186 0.0389
23 190 0.0385
23 249 0.0385
23 593 0.0383
23 707 0.0383
23 673 0.0382
23 1202 0.0380
23 882 0.0374
23 1275 0.0374
23 751 0.0373
23 960 0.0373
23 1183 0.0373
23 661 0.0371
23 53 0.0368
23 1163 0.0366
23 1224 0.0366
23 1426 0.0366
23 424 0.0363
23 1015 0.0363
23 1098 0.0363
23 1510 0.0363
23 659 0.0362
23 520 0.0361
23 1449 0.0357
23 830 0.0356
23 1095 0.0356
23 519 0.0355
23 1142 0.0348
23 1282 0.0348
23 1301 0.0347
23 1028 0.0344
23 1158 0.0342
23 658 0.0341
23 253 0.0340
23 1398 0.0339
23 5 0.0334
23 99 0.0334
23 1465 0.0329
23 1116 0.0325
23 1061 0.0323
23 266 0.0320
23 357 0.0319
23 611 0.0316
23 1205 0.0312
23 395 0.0311
23 909 0.0310
23 895 0.0304
23 1272 0.0303
23 1501 0.0298
23 1542 0.0295
23 321 0.0292
23 1320 0.0289
23 749 0.0286
23 776 0.0286
23 240 0.0281
23 1434 0.0278
23 1486 0.0274
23 759 0.0273
23 1442 0.0267
23 1111 0.0267
23 1444 0.0250
23 1302 0.0225
23 676 0.0199
24 1185 0.3234
24 1436 0.3150
24 1324 0.2946
24 961 0.2898
24 1509 0.2887
24 1395 0.2716
24 935 0.2582
24 507 0.2474
24 588 0.2402
24 983 0.2395
24 416 0.2379
24 280 0.2294
24 626 0.2233
24 937 0.2182
24 287 0.2165
24 435 0.2117
24 1414 0.2108
24 1527 0.2100
24 506 0.2085
24 624 0.2074
24 230 0.2074
24 295 0.2041
24 1576 0.2041
24 393 0.1945
24 312 0.1938
24 985 0.1925
24 502 0.1890
24 977 0.1890
24 215 0.1887
24 1331 0.1846
24 357 0.1841
24 64 0.1826
24 627 0.1803
24 267 0.1768
24 994 0.1766
24 403 0.1741
24 484 0.1741
24 444 0.1721
24 1501 0.1719
24 1462 0.1703
24 1 0.1684
24 1065 0.1675
24 867 0.1667
24 639 0.1601
24 138 0.1537
24 1194 0.1525
24 22 0.1516
24 998 0.1508
24 794 0.1503
24 631 0.1478
24 1514 0.1469
24 113 0.1466
24 978 0.1443
24 742 0.1421
24 605 0.1410
24 1342 0.1405
24 895 0.1403
24 433 0.1400
24 154 0.1390
24 526 0.1390
24 886 0.1390
24 948 0.1390
24 1526 0.1380
24 662 0.1361
24 515 0.1348
24 129 0.1342
24 834 0.1342
24 1057 0.1342
24 270 0.1325
24 670 0.1302
24 44 0.1295
24 39 0.1275
24 268 0.1267
24 1223 0.1267
24 90 0.1231
24 757 0.1224
24 1321 0.1210
24 258 0.1191
24 168 0.1185
24 1539 0.1181
24 1120 0.1166
24 415 0.1155
24 418 0.1143
24 12 0.1138
24 1493 0.1138
24 8 0.1132
24 456 0.1132
24 718 0.1132
24 890 0.1122
24 1467 0.1122
24 1451 0.1113
24 241 0.1111
24 495 0.1111
24 107 0.1109
24 425 0.1106
24 1423 0.1106
24 595 0.1101
24 874 0.1091
24 395 0.1078
24 201 0.1068
24 61 0.1060
24 486 0.1060
24 559 0.1060
24 1418 0.1059
24 547 0.1054
24 629 0.1041
24 320 0.1037
24 638 0.1037
24 143 0.1029
24 1495 0.1029
24 252 0.1025
24 371 0.1025
24 1022 0.1025
24 236 0.1021
24 1059 0.1017
24 1339 0.1013
24 805 0.1005
24 290 0.1001
24 497 0.0990
24 1548 0.0987
24 1370 0.0983
24 784 0.0976
24 490 0.0969
24 741 0.0959
24 902 0.0956
24 78 0.0937
24 1137 0.0937
24 590 0.0930
24 1492 0.0930
24 702 0.0922
24 485 0.0913
24 329 0.0910
24 1524 0.0907
24 735 0.0902
24 1003 0.0902
24 1199 0.0896
24 879 0.0894
24 220 0.0891
24 442 0.0891
24 1260 0.0891
24 1310 0.0891
24 1461 0.0888
24 217 0.0873
24 89 0.0870
24 654 0.0870
24 854 0.0870
24 185 0.0861
24 1147 0.0851
24 1359 0.0851
24 92 0.0842
24 264 0.0842
24 299 0.0842
24 97 0.0833
24 859 0.0833
24 76 0.0831
24 368 0.0825
24 719 0.0825
24 875 0.0825
24 955 0.0825
24 519 0.0821
24 786 0.0819
24 569 0.0816
24 1432 0.0816
24 1564 0.0816
24 134 0.0799
24 709 0.0797
24 576 0.0795
24 213 0.0793
24 369 0.0786
24 696 0.0786
24 1478 0.0786
24 965 0.0778
24 197 0.0772
24 841 0.0772
24 847 0.0772
24 1284 0.0772
24 32 0.0765
24 176 0.0765
24 180 0.0758
24 1317 0.0756
24 663 0.0753
24 906 0.0752
24 582 0.0745
24 889 0.0745
24 901 0.0745
24 247 0.0739
24 266 0.0739
24 173 0.0736
24 596 0.0733
24 483 0.0727
24 660 0.0727
24 337 0.0722
24 384 0.0722
24 664 0.0722
24 850 0.0722
24 1205 0.0722
24 1206 0.0722
24 366 0.0716
24 766 0.0716
24 862 0.0712
24 67 0.0711
24 799 0.0711
24 941 0.0711
24 88 0.0705
24 1078 0.0705
24 1315 0.0705
24 1571 0.0705
24 1007 0.0703
24 135 0.0700
24 219 0.0700
24 451 0.0700
24 574 0.0700
24 619 0.0700
24 712 0.0700
24 1291 0.0700
24 1438 0.0700
24 1523 0.0700
24 1537 0.0700
24 1272 0.0699
24 122 0.0695
24 242 0.0695
24 283 0.0695
24 936 0.0695
24 676 0.0691
24 150 0.0690
24 471 0.0690
24 1119 0.0690
24 66 0.0685
24 300 0.0685
24 318 0.0685
24 942 0.0682
24 86 0.0680
24 1547 0.0680
24 461 0.0671
24 518 0.0671
24 296 0.0667
24 438 0.0667
24 1258 0.0667
24 655 0.0658
24 1448 0.0654
24 774 0.0650
24 1515 0.0650
24 1245 0.0645
24 503 0.0642
24 517 0.0642
24 1446 0.0642
24 1323 0.0639
24 28 0.0638
24 427 0.0638
24 489 0.0638
24 1393 0.0638
24 305 0.0634
24 470 0.0634
24 244 0.0630
24 780 0.0630
24 1408 0.0630
24 1066 0.0626
24 1269 0.0626
24 1092 0.0623
24 736 0.0619
24 981 0.0619
24 119 0.0615
24 157 0.0615
24 494 0.0615
24 1513 0.0615
24 63 0.0612
24 225 0.0609
24 468 0.0609
24 541 0.0605
24 600 0.0605
24 907 0.0599
24 347 0.0599
24 481 0.0599
24 1177 0.0599
24 20 0.0595
24 271 0.0592
24 273 0.0589
24 284 0.0589
24 487 0.0589
24 536 0.0580
24 1484 0.0574
24 235 0.0572
24 623 0.0572
24 675 0.0572
24 1277 0.0572
24 19 0.0569
24 630 0.0569
24 257 0.0566
24 1021 0.0566
24 832 0.0563
24 1087 0.0563
24 469 0.0561
24 653 0.0561
24 823 0.0561
24 1303 0.0561
24 331 0.0553
24 1457 0.0553
24 336 0.0548
24 376 0.0546
24 1375 0.0546
24 674 0.0543
24 1354 0.0543
24 144 0.0541
24 840 0.0541
24 912 0.0541
24 422 0.0538
24 379 0.0536
24 1067 0.0536
24 1032 0.0534
24 1058 0.0534
24 1380 0.0531
24 1477 0.0531
24 17 0.0529
24 1031 0.0529
24 860 0.0527
24 48 0.0525
24 412 0.0523
24 788 0.0523
24 1424 0.0523
24 1556 0.0523
24 1517 0.0521
24 1386 0.0518
24 535 0.0514
24 1318 0.0514
24 1373 0.0512
24 1141 0.0510
24 447 0.0508
24 625 0.0508
24 722 0.0508
24 1196 0.0508
24 612 0.0506
24 1227 0.0506
24 566 0.0505
24 813 0.0504
24 233 0.0503
24 1153 0.0503
24 1528 0.0503
24 155 0.0501
24 1008 0.0501
24 1377 0.0501
24 1385 0.0501
24 1074 0.0499
24 1455 0.0499
24 1531 0.0499
24 723 0.0493
24 289 0.0491
24 790 0.0491
24 75 0.0483
24 255 0.0483
24 426 0.0481
24 1357 0.0481
24 414 0.0478
24 1044 0.0478
24 1077 0.0478
24 1036 0.0476
24 1238 0.0471
24 1379 0.0471
24 914 0.0468
24 330 0.0467
24 836 0.0465
24 1210 0.0459
24 1494 0.0459
24 739 0.0458
24 1239 0.0458
24 555 0.0455
24 1250 0.0455
24 77 0.0452
24 1253 0.0452
24 1335 0.0452
24 1035 0.0451
24 186 0.0449
24 1383 0.0449
24 781 0.0447
24 567 0.0444
24 593 0.0443
24 673 0.0442
24 607 0.0440
24 1374 0.0439
24 1166 0.0438
24 904 0.0436
24 1470 0.0436
24 737 0.0435
24 1020 0.0434
24 1064 0.0432
24 402 0.0430
24 1183 0.0430
24 1504 0.0430
24 661 0.0428
24 671 0.0428
24 205 0.0422
24 404 0.0422
24 424 0.0419
24 1015 0.0419
24 231 0.0417
24 587 0.0412
24 179 0.0411
24 1358 0.0410
24 817 0.0409
24 307 0.0403
24 721 0.0401
24 164 0.0399
24 36 0.0398
24 1014 0.0397
24 1028 0.0397
24 1294 0.0397
24 1483 0.0394
24 1292 0.0392
24 744 0.0391
24 1113 0.0390
24 1476 0.0388
24 1409 0.0387
24 99 0.0386
24 1333 0.0386
24 423 0.0383
24 93 0.0381
24 1308 0.0380
24 738 0.0379
24 1297 0.0370
24 1240 0.0356
24 1347 0.0354
24 1048 0.0346
24 549 0.0345
24 1148 0.0344
24 1184 0.0343
24 760 0.0333
24 776 0.0330
24 3 0.0317
24 924 0.0314
24 668 0.0309
24 510 0.0301
24 437 0.0299
24 1480 0.0291
24 963 0.0288
24 351 0.0285
24 657 0.0276
24 884 0.0268
24 1155 0.0258
25 946 0.8674
25 1441 0.5394
25 560 0.5232
25 1065 0.5103
25 1382 0.4851
25 1533 0.4785
25 1459 0.4660
25 479 0.4422
25 1278 0.4287
25 1070 0.4245
25 187 0.4224
25 737 0.4205
25 1522 0.4138
25 468 0.4090
25 1195 0.4067
25 1280 0.3988
25 1478 0.3961
25 947 0.3895
25 345 0.3870
25 668 0.3770
25 271 0.3733
25 805 0.3589
25 576 0.3506
25 862 0.3440
25 1372 0.3361
25 1461 0.3358
25 1240 0.3290
25 1386 0.3267
25 963 0.3262
25 731 0.3260
25 1309 0.3214
25 18 0.3212
25 937 0.3208
25 564 0.3195
25 605 0.3158
25 1115 0.3153
25 1058 0.3139
25 1082 0.3138
25 330 0.3137
25 582 0.3131
25 590 0.3127
25 486 0.3117
25 1021 0.3092
25 438 0.3081
25 999 0.3064
25 1467 0.3062
25 472 0.3035
25 15 0.3034
25 331 0.3020
25 1457 0.3020
25 394 0.2976
25 65 0.2970
25 210 0.2963
25 1125 0.2955
25 39 0.2946
25 1377 0.2944
25 724 0.2940
25 54 0.2882
25 1262 0.2878
25 715 0.2870
25 504 0.2861
25 561 0.2854
25 629 0.2843
25 205 0.2838
25 459 0.2838
25 1398 0.2793
25 510 0.2785
25 1358 0.2758
25 530 0.2754
25 473 0.2750
25 1422 0.2746
25 1443 0.2744
25 441 0.2729
25 978 0.2729
25 1506 0.2723
25 931 0.2691
25 940 0.2691
25 101 0.2691
25 591 0.2691
25 681 0.2689
25 709 0.2678
25 207 0.2657
25 1406 0.2650
25 1297 0.2645
25 1383 0.2643
25 1475 0.2640
25 788 0.2635
25 936 0.2628
25 362 0.2626
25 896 0.2599
25 994 0.2597
25 615 0.2593
25 344 0.2591
25 1273 0.2582
25 989 0.2572
25 1296 0.2572
25 1172 0.2567
25 625 0.2562
25 722 0.2562
25 949 0.2562
25 89 0.2559
25 992 0.2544
25 1142 0.2535
25 950 0.2533
25 1151 0.2533
25 695 0.2524
25 1419 0.2524
25 1355 0.2521
25 178 0.2504
25 1147 0.2503
25 650 0.2499
25 912 0.2499
25 299 0.2476
25 938 0.2475
25 117 0.2464
25 1420 0.2463
25 407 0.2460
25 761 0.2456
25 514 0.2450
25 1023 0.2445
25 1388 0.2438
25 503 0.2425
25 1226 0.2411
25 974 0.2401
25 640 0.2392
25 713 0.2388
25 108 0.2382
25 760 0.2377
25 1384 0.2376
25 367 0.2372
25 979 0.2358
25 574 0.2353
25 1523 0.2353
25 1516 0.2349
25 981 0.2340
25 38 0.2334
25 932 0.2330
25 189 0.2301
25 1508 0.2301
25 482 0.2292
25 1246 0.2282
25 1354 0.2282
25 529 0.2273
25 869 0.2266
25 784 0.2255
25 734 0.2252
25 727 0.2245
25 462 0.2240
25 1308 0.2234
25 1069 0.2233
25 1512 0.2233
25 1411 0.2229
25 1219 0.2219
25 1270 0.2219
25 906 0.2210
25 256 0.2205
25 1036 0.2200
25 217 0.2200
25 921 0.2197
25 152 0.2194
25 484 0.2194
25 654 0.2194
25 304 0.2178
25 328 0.2169
25 444 0.2169
25 661 0.2157
25 371 0.2152
25 6 0.2146
25 303 0.2146
25 878 0.2146
25 82 0.2143
25 702 0.2129
25 244 0.2117
25 485 0.2109
25 446 0.2105
25 857 0.2102
25 310 0.2090
25 848 0.2090
25 1253 0.2090
25 552 0.2080
25 1225 0.2072
25 1314 0.2072
25 336 0.2072
25 151 0.2068
25 1464 0.2068
25 1204 0.2057
25 1272 0.2055
25 1428 0.2050
25 361 0.2044
25 1581 0.2044
25 465 0.2038
25 628 0.2035
25 255 0.2028
25 986 0.2027
25 49 0.2021
25 842 0.2021
25 985 0.2021
25 348 0.2001
25 1418 0.2001
25 982 0.1994
25 837 0.1993
25 273 0.1980
25 487 0.1980
25 969 0.1980
25 589 0.1976
25 945 0.1967
25 1113 0.1967
25 1145 0.1962
25 1530 0.1960
25 1120 0.1960
25 1479 0.1960
25 27 0.1945
25 972 0.1942
25 632 0.1940
25 1343 0.1940
25 1079 0.1927
25 918 0.1922
25 370 0.1921
25 418 0.1921
25 598 0.1921
25 1549 0.1921
25 829 0.1919
25 19 0.1912
25 232 0.1911
25 1168 0.1911
25 1317 0.1907
25 8 0.1903
25 710 0.1903
25 856 0.1903
25 350 0.1898
25 954 0.1895
25 1341 0.1895
25 832 0.1894
25 1050 0.1886
25 40 0.1879
25 181 0.1879
25 421 0.1879
25 1407 0.1875
25 578 0.1871
25 33 0.1867
25 121 0.1867
25 177 0.1867
25 251 0.1867
25 278 0.1867
25 268 0.1864
25 806 0.1860
25 173 0.1856
25 977 0.1852
25 1202 0.1844
25 861 0.1842
25 380 0.1831
25 802 0.1820
25 392 0.1819
25 337 0.1819
25 664 0.1819
25 939 0.1819
25 128 0.1817
25 379 0.1802
25 29 0.1791
25 928 0.1791
25 811 0.1790
25 1306 0.1778
25 282 0.1771
25 704 0.1765
25 1291 0.1765
25 293 0.1751
25 638 0.1742
25 1091 0.1742
25 719 0.1732
25 318 0.1727
25 1146 0.1727
25 252 0.1722
25 1030 0.1722
25 86 0.1715
25 1451 0.1715
25 1576 0.1715
25 1194 0.1708
25 995 0.1706
25 216 0.1699
25 1057 0.1692
25 1104 0.1692
25 1288 0.1691
25 294 0.1689
25 819 0.1689
25 1301 0.1682
25 623 0.1681
25 636 0.1680
25 190 0.1679
25 1474 0.1670
25 213 0.1666
25 953 0.1666
25 655 0.1658
25 880 0.1657
25 984 0.1655
25 309 0.1652
25 669 0.1649
25 1173 0.1648
25 1129 0.1641
25 670 0.1641
25 516 0.1640
25 667 0.1640
25 720 0.1635
25 872 0.1634
25 312 0.1628
25 557 0.1628
25 467 0.1627
25 1075 0.1623
25 1421 0.1621
25 149 0.1617
25 399 0.1617
25 586 0.1617
25 1096 0.1611
25 656 0.1604
25 305 0.1597
25 218 0.1595
25 430 0.1590
25 1238 0.1584
25 699 0.1578
25 261 0.1574
25 1249 0.1569
25 1477 0.1563
25 587 0.1559
25 125 0.1558
25 1192 0.1553
25 1241 0.1553
25 161 0.1553
25 90 0.1551
25 157 0.1551
25 1405 0.1551
25 98 0.1550
25 1083 0.1550
25 334 0.1544
25 1263 0.1543
25 835 0.1543
25 739 0.1539
25 997 0.1534
25 1108 0.1534
25 1212 0.1534
25 925 0.1532
25 1517 0.1531
25 329 0.1529
25 776 0.1525
25 307 0.1525
25 265 0.1522
25 1387 0.1519
25 69 0.1517
25 480 0.1517
25 1365 0.1517
25 778 0.1515
25 822 0.1515
25 1248 0.1515
25 186 0.1511
25 164 0.1510
25 138 0.1507
25 1294 0.1503
25 511 0.1497
25 1536 0.1495
25 1583 0.1493
25 567 0.1493
25 267 0.1485
25 387 0.1485
25 1356 0.1475
25 290 0.1472
25 619 0.1471
25 1037 0.1471
25 1175 0.1471
25 1330 0.1470
25 1476 0.1468
25 3 0.1464
25 1440 0.1455
25 967 0.1448
25 185 0.1446
25 1068 0.1441
25 988 0.1434
25 942 0.1432
25 162 0.1429
25 171 0.1427
25 257 0.1427
25 885 0.1427
25 1544 0.1427
25 868 0.1417
25 272 0.1415
25 469 0.1413
25 333 0.1411
25 196 0.1410
25 518 0.1410
25 726 0.1407
25 767 0.1403
25 14 0.1400
25 74 0.1400
25 130 0.1400
25 346 0.1400
25 296 0.1400
25 1361 0.1394
25 620 0.1387
25 359 0.1386
25 439 0.1386
25 519 0.1379
25 355 0.1375
25 911 0.1372
25 1432 0.1372
25 492 0.1369
25 1395 0.1369
25 70 0.1363
25 721 0.1349
25 1239 0.1346
25 633 0.1345
25 145 0.1340
25 1014 0.1336
25 1028 0.1336
25 435 0.1334
25 476 0.1333
25 470 0.1331
25 1084 0.1330
25 1088 0.1330
25 11 0.1329
25 1539 0.1323
25 369 0.1320
25 920 0.1320
25 958 0.1320
25 1236 0.1320
25 412 0.1317
25 406 0.1312
25 622 0.1308
25 1287 0.1308
25 597 0.1307
25 618 0.1307
25 728 0.1307
25 772 0.1307
25 1326 0.1302
25 736 0.1300
25 1329 0.1295
25 1429 0.1291
25 1374 0.1291
25 326 0.1286
25 1141 0.1286
25 222 0.1285
25 464 0.1285
25 176 0.1285
25 280 0.1285
25 493 0.1285
25 634 0.1285
25 1367 0.1285
25 1431 0.1285
25 1196 0.1281
25 137 0.1277
25 1339 0.1276
25 180 0.1274
25 1221 0.1274
25 239 0.1271
25 600 0.1271
25 562 0.1267
25 663 0.1266
25 732 0.1265
25 531 0.1263
25 794 0.1263
25 1252 0.1262
25 1061 0.1255
25 1011 0.1252
25 20 0.1251
25 35 0.1248
25 790 0.1239
25 284 0.1238
25 24 0.1232
25 440 0.1232
25 342 0.1231
25 1534 0.1231
25 1390 0.1230
25 660 0.1222
25 1520 0.1216
25 43 0.1213
25 866 0.1213
25 1357 0.1213
25 730 0.1213
25 1416 0.1213
25 1541 0.1213
25 335 0.1208
25 915 0.1208
25 820 0.1207
25 414 0.1204
25 1044 0.1204
25 1077 0.1204
25 160 0.1203
25 563 0.1203
25 1399 0.1203
25 87 0.1201
25 1176 0.1200
25 630 0.1195
25 1178 0.1195
25 7 0.1194
25 742 0.1194
25 799 0.1194
25 1410 0.1192
25 651 0.1188
25 106 0.1187
25 559 0.1187
25 1571 0.1185
25 1342 0.1181
25 1303 0.1178
25 73 0.1176
25 377 0.1176
25 934 0.1176
25 154 0.1168
25 242 0.1168
25 1026 0.1168
25 1325 0.1168
25 1563 0.1167
25 1442 0.1165
25 509 0.1162
25 1344 0.1162
25 657 0.1158
25 508 0.1156
25 253 0.1155
25 696 0.1155
25 315 0.1151
25 966 0.1151
25 4 0.1151
25 744 0.1150
25 9 0.1143
25 674 0.1141
25 1012 0.1136
25 129 0.1128
25 461 0.1128
25 528 0.1123
25 292 0.1121
25 93 0.1119
25 1465 0.1117
25 390 0.1116
25 1307 0.1113
25 1437 0.1113
25 1562 0.1113
25 987 0.1112
25 1470 0.1100
25 259 0.1097
25 1392 0.1097
25 1020 0.1094
25 165 0.1091
25 327 0.1091
25 1515 0.1091
25 44 0.1088
25 338 0.1088
25 266 0.1087
25 1027 0.1085
25 751 0.1085
25 1446 0.1078
25 573 0.1076
25 142 0.1073
25 803 0.1073
25 449 0.1072
25 701 0.1072
25 1208 0.1072
25 1016 0.1065
25 566 0.1062
25 1112 0.1061
25 1205 0.1061
25 163 0.1059
25 188 0.1059
25 606 0.1059
25 395 0.1057
25 172 0.1052
25 705 0.1052
25 1066 0.1052
25 1450 0.1052
25 540 0.1046
25 391 0.1045
25 81 0.1034
25 238 0.1034
25 454 0.1034
25 494 0.1034
25 537 0.1034
25 1017 0.1034
25 1214 0.1034
25 1513 0.1034
25 1370 0.1032
25 614 0.1029
25 1140 0.1029
25 63 0.1028
25 373 0.1028
25 1543 0.1028
25 577 0.1025
25 225 0.1023
25 1216 0.1021
25 393 0.1021
25 565 0.1015
25 31 0.1011
25 83 0.1011
25 374 0.1011
25 601 0.1011
25 1501 0.1011
25 1285 0.1009
25 1560 0.1009
25 741 0.1007
25 191 0.1006
25 824 0.0995
25 1158 0.0995
25 1557 0.0990
25 641 0.0990
25 550 0.0985
25 536 0.0975
25 706 0.0975
25 847 0.0972
25 45 0.0970
25 209 0.0970
25 415 0.0970
25 687 0.0970
25 1234 0.0970
25 46 0.0968
25 900 0.0965
25 930 0.0965
25 1000 0.0957
25 12 0.0956
25 475 0.0956
25 555 0.0956
25 711 0.0955
25 131 0.0951
25 456 0.0951
25 1335 0.0950
25 291 0.0947
25 47 0.0942
25 653 0.0942
25 823 0.0942
25 1171 0.0942
25 1260 0.0936
25 1009 0.0935
25 816 0.0934
25 867 0.0934
25 1063 0.0934
25 1569 0.0934
25 1572 0.0934
25 1456 0.0930
25 525 0.0929
25 898 0.0929
25 759 0.0928
25 673 0.0927
25 26 0.0925
25 763 0.0924
25 21 0.0921
25 887 0.0921
25 1458 0.0921
25 894 0.0919
25 874 0.0917
25 1200 0.0917
25 1566 0.0917
25 645 0.0909
25 975 0.0909
25 1180 0.0909
25 1268 0.0909
25 1123 0.0905
25 366 0.0902
25 884 0.0902
25 604 0.0901
25 201 0.0897
25 700 0.0897
25 754 0.0897
25 1264 0.0897
25 941 0.0896
25 397 0.0893
25 575 0.0893
25 973 0.0889
25 88 0.0889
25 860 0.0886
25 1101 0.0884
25 451 0.0882
25 1396 0.0882
25 672 0.0876
25 1187 0.0876
25 97 0.0875
25 13 0.0871
25 62 0.0871
25 746 0.0871
25 849 0.0871
25 1218 0.0871
25 1286 0.0870
25 66 0.0864
25 1022 0.0861
25 817 0.0860
25 662 0.0857
25 246 0.0857
25 363 0.0857
25 385 0.0857
25 612 0.0851
25 959 0.0848
25 233 0.0844
25 888 0.0844
25 1008 0.0841
25 36 0.0837
25 1193 0.0835
25 448 0.0835
25 497 0.0832
25 1548 0.0829
25 795 0.0826
25 774 0.0819
25 581 0.0817
25 490 0.0814
25 1062 0.0814
25 50 0.0808
25 991 0.0808
25 1412 0.0808
25 94 0.0806
25 773 0.0806
25 243 0.0800
25 863 0.0800
25 1054 0.0797
25 970 0.0796
25 502 0.0794
25 1279 0.0789
25 25 0.0787
25 685 0.0787
25 914 0.0787
25 1230 0.0787
25 1295 0.0787
25 136 0.0784
25 1144 0.0782
25 1156 0.0782
25 635 0.0777
25 107 0.0776
25 119 0.0776
25 1331 0.0776
25 771 0.0773
25 1097 0.0771
25 1561 0.0771
25 64 0.0767
25 124 0.0767
25 1404 0.0767
25 541 0.0763
25 980 0.0762
25 1524 0.0762
25 1179 0.0759
25 477 0.0758
25 627 0.0758
25 870 0.0756
25 538 0.0748
25 583 0.0748
25 1211 0.0748
25 1310 0.0748
25 115 0.0740
25 1072 0.0740
25 1222 0.0740
25 1122 0.0739
25 1439 0.0733
25 223 0.0731
25 445 0.0731
25 748 0.0731
25 1471 0.0731
25 1554 0.0731
25 1574 0.0731
25 1183 0.0723
25 1207 0.0723
25 1555 0.0723
25 791 0.0715
25 1126 0.0715
25 92 0.0708
25 264 0.0708
25 408 0.0708
25 458 0.0708
25 1198 0.0708
25 1299 0.0706
25 1015 0.0704
25 626 0.0703
25 436 0.0700
25 789 0.0700
25 1289 0.0697
25 166 0.0693
25 368 0.0693
25 1298 0.0693
25 1319 0.0693
25 592 0.0691
25 830 0.0691
25 1095 0.0691
25 349 0.0688
25 1376 0.0686
25 1564 0.0686
25 1466 0.0684
25 764 0.0681
25 491 0.0679
25 1185 0.0679
25 422 0.0678
25 588 0.0673
25 1032 0.0673
25 1305 0.0669
25 798 0.0664
25 302 0.0660
25 522 0.0660
25 844 0.0660
25 1292 0.0659
25 250 0.0654
25 691 0.0651
25 1001 0.0648
25 1333 0.0648
25 753 0.0646
25 423 0.0644
25 1089 0.0643
25 926 0.0642
25 447 0.0641
25 1093 0.0641
25 52 0.0638
25 22 0.0637
25 411 0.0637
25 1100 0.0637
25 813 0.0636
25 215 0.0634
25 1425 0.0634
25 1190 0.0634
25 1528 0.0633
25 546 0.0632
25 1116 0.0632
25 141 0.0626
25 901 0.0626
25 1182 0.0625
25 572 0.0624
25 60 0.0622
25 247 0.0621
25 1055 0.0621
25 1496 0.0621
25 91 0.0619
25 1045 0.0619
25 1514 0.0617
25 686 0.0616
25 1019 0.0616
25 1086 0.0612
25 609 0.0611
25 1121 0.0611
25 426 0.0606
25 466 0.0606
25 287 0.0606
25 340 0.0606
25 384 0.0606
25 221 0.0602
25 602 0.0602
25 766 0.0602
25 909 0.0602
25 964 0.0602
25 1546 0.0598
25 67 0.0597
25 527 0.0597
25 1379 0.0594
25 752 0.0593
25 1118 0.0592
25 78 0.0590
25 895 0.0589
25 174 0.0588
25 262 0.0588
25 683 0.0588
25 712 0.0588
25 836 0.0586
25 118 0.0584
25 122 0.0584
25 283 0.0584
25 150 0.0580
25 471 0.0580
25 549 0.0580
25 1526 0.0580
25 846 0.0579
25 1210 0.0579
25 1469 0.0579
25 300 0.0576
25 1107 0.0576
25 1454 0.0576
25 793 0.0568
25 916 0.0568
25 1430 0.0568
25 968 0.0560
25 962 0.0558
25 301 0.0556
25 749 0.0556
25 126 0.0553
25 184 0.0553
25 905 0.0549
25 740 0.0546
25 34 0.0542
25 214 0.0542
25 1245 0.0542
25 1266 0.0542
25 1351 0.0542
25 1337 0.0539
25 1203 0.0538
25 28 0.0536
25 733 0.0536
25 1304 0.0535
25 1481 0.0529
25 1510 0.0528
25 924 0.0528
25 1135 0.0526
25 553 0.0523
25 1092 0.0523
25 714 0.0520
25 179 0.0518
25 2 0.0517
25 208 0.0517
25 1109 0.0517
25 120 0.0514
25 339 0.0511
25 910 0.0508
25 1282 0.0507
25 907 0.0504
25 229 0.0503
25 983 0.0503
25 1290 0.0500
25 804 0.0498
25 1040 0.0498
25 613 0.0497
25 815 0.0495
25 1300 0.0495
25 1389 0.0495
25 183 0.0493
25 204 0.0493
25 1338 0.0493
25 1480 0.0489
25 1473 0.0488
25 99 0.0486
25 1499 0.0485
25 729 0.0483
25 322 0.0483
25 1150 0.0483
25 432 0.0478
25 890 0.0471
25 917 0.0469
25 558 0.0469
25 716 0.0467
25 922 0.0465
25 595 0.0462
25 1229 0.0462
25 281 0.0456
25 144 0.0454
25 1244 0.0454
25 269 0.0452
25 585 0.0452
25 1024 0.0452
25 666 0.0450
25 1006 0.0450
25 1128 0.0450
25 112 0.0448
25 1368 0.0448
25 1164 0.0447
25 1380 0.0447
25 17 0.0445
25 420 0.0443
25 1414 0.0443
25 48 0.0441
25 1345 0.0441
25 886 0.0438
25 935 0.0434
25 1029 0.0432
25 1542 0.0429
25 996 0.0429
25 1255 0.0427
25 409 0.0425
25 919 0.0425
25 1227 0.0425
25 1538 0.0424
25 167 0.0422
25 1153 0.0422
25 155 0.0421
25 891 0.0421
25 1313 0.0421
25 692 0.0419
25 1381 0.0419
25 1455 0.0419
25 858 0.0414
25 1090 0.0414
25 289 0.0413
25 452 0.0411
25 1174 0.0411
25 1181 0.0411
25 127 0.0410
25 1525 0.0410
25 443 0.0409
25 498 0.0409
25 1149 0.0409
25 75 0.0406
25 450 0.0406
25 923 0.0406
25 109 0.0404
25 1138 0.0404
25 873 0.0400
25 1540 0.0400
25 212 0.0399
25 1243 0.0396
25 1579 0.0396
25 1369 0.0395
25 1403 0.0395
25 1505 0.0395
25 1049 0.0393
25 1492 0.0391
25 316 0.0383
25 382 0.0383
25 765 0.0381
25 77 0.0380
25 515 0.0378
25 1503 0.0378
25 437 0.0377
25 249 0.0373
25 593 0.0372
25 707 0.0372
25 607 0.0370
25 1444 0.0363
25 882 0.0363
25 1275 0.0363
25 402 0.0362
25 521 0.0359
25 1349 0.0354
25 520 0.0350
25 523 0.0350
25 507 0.0346
25 584 0.0346
25 883 0.0346
25 851 0.0346
25 786 0.0344
25 1487 0.0342
25 416 0.0333
25 717 0.0332
25 308 0.0331
25 658 0.0331
25 1483 0.0331
25 311 0.0330
25 965 0.0327
25 5 0.0324
25 463 0.0321
25 1558 0.0321
25 1415 0.0314
25 814 0.0313
25 1233 0.0313
25 434 0.0311
25 631 0.0311
25 428 0.0308
25 1161 0.0308
25 1052 0.0306
25 961 0.0304
25 783 0.0303
25 1033 0.0303
25 314 0.0301
25 1347 0.0297
25 219 0.0294
25 948 0.0292
25 1360 0.0292
25 230 0.0290
25 474 0.0290
25 750 0.0290
25 1119 0.0290
25 1148 0.0289
25 58 0.0288
25 642 0.0288
25 1046 0.0284
25 1103 0.0284
25 321 0.0283
25 877 0.0283
25 951 0.0282
25 1460 0.0280
25 1312 0.0279
25 933 0.0278
25 1247 0.0278
25 1132 0.0276
25 1235 0.0275
25 240 0.0272
25 1114 0.0269
25 1434 0.0269
25 193 0.0268
25 248 0.0268
25 427 0.0268
25 489 0.0268
25 599 0.0268
25 1486 0.0266
25 797 0.0265
25 1117 0.0260
25 1111 0.0259
25 755 0.0251
25 1047 0.0250
25 845 0.0249
25 431 0.0248
25 147 0.0244
25 1127 0.0244
25 351 0.0240
25 1511 0.0239
25 1087 0.0237
25 372 0.0232
25 425 0.0232
25 1375 0.0229
25 1346 0.0224
25 533 0.0221
25 1283 0.0220
25 317 0.0219
25 1155 0.0216
25 1350 0.0215
25 1373 0.0215
25 1402 0.0210
25 768 0.0206
25 1397 0.0206
25 676 0.0193
25 1494 0.0193
25 1267 0.0192
25 580 0.0191
25 1224 0.0177
25 1453 0.0161
25 114 0.0161
25 1099 0.0153
25 971 0.0153
25 61 0.0148
25 1007 0.0148
25 1048 0.0145
25 1271 0.0140
26 510 0.4669
26 986 0.4568
26 1514 0.4552
26 947 0.4536
26 576 0.4310
26 1123 0.4170
26 1069 0.4117
26 217 0.4057
26 89 0.4045
26 164 0.4021
26 1194 0.3937
26 1457 0.3855
26 1117 0.3836
26 190 0.3784
26 430 0.3770
26 480 0.3730
26 837 0.3674
26 342 0.3633
26 1120 0.3614
26 794 0.3493
26 290 0.3490
26 469 0.3475
26 977 0.3416
26 1476 0.3309
26 29 0.3303
26 344 0.3184
26 1262 0.3184
26 326 0.3162
26 307 0.3123
26 562 0.3114
26 1285 0.3101
26 1294 0.3079
26 1478 0.3043
26 1195 0.3000
26 1016 0.2945
26 446 0.2910
26 379 0.2907
26 945 0.2902
26 963 0.2896
26 82 0.2874
26 1109 0.2860
26 1513 0.2860
26 1441 0.2798
26 978 0.2795
26 191 0.2782
26 983 0.2782
26 824 0.2753
26 742 0.2752
26 284 0.2739
26 487 0.2739
26 1419 0.2714
26 1523 0.2712
26 1170 0.2704
26 948 0.2692
26 1286 0.2673
26 444 0.2667
26 54 0.2657
26 1147 0.2638
26 162 0.2635
26 251 0.2582
26 816 0.2582
26 1361 0.2570
26 439 0.2556
26 1382 0.2556
26 479 0.2548
26 443 0.2512
26 695 0.2506
26 503 0.2485
26 862 0.2482
26 591 0.2481
26 799 0.2477
26 731 0.2475
26 1407 0.2469
26 1028 0.2463
26 987 0.2460
26 416 0.2457
26 470 0.2454
26 207 0.2449
26 1539 0.2440
26 1263 0.2439
26 1383 0.2437
26 589 0.2429
26 705 0.2425
26 1066 0.2425
26 1287 0.2412
26 1461 0.2408
26 1226 0.2394
26 1270 0.2387
26 1331 0.2384
26 942 0.2376
26 246 0.2372
26 979 0.2372
26 996 0.2372
26 949 0.2362
26 321 0.2351
26 1100 0.2349
26 805 0.2335
26 1179 0.2331
26 661 0.2320
26 20 0.2306
26 293 0.2306
26 1009 0.2300
26 845 0.2294
26 267 0.2282
26 969 0.2282
26 1420 0.2270
26 256 0.2259
26 1479 0.2259
26 995 0.2247
26 730 0.2236
26 939 0.2236
26 985 0.2236
26 1115 0.2236
26 335 0.2228
26 1077 0.2221
26 1278 0.2214
26 19 0.2203
26 713 0.2202
26 210 0.2185
26 605 0.2184
26 330 0.2169
26 626 0.2162
26 789 0.2152
26 898 0.2142
26 1070 0.2135
26 1494 0.2135
26 508 0.2132
26 1113 0.2115
26 555 0.2115
26 656 0.2113
26 1355 0.2113
26 1012 0.2095
26 461 0.2080
26 578 0.2070
26 292 0.2067
26 1058 0.2067
26 93 0.2064
26 270 0.2052
26 673 0.2052
26 348 0.2050
26 1517 0.2016
26 1297 0.2008
26 1522 0.2008
26 107 0.2004
26 266 0.2004
26 1050 0.1988
26 1030 0.1984
26 1288 0.1984
26 504 0.1978
26 39 0.1975
26 625 0.1969
26 1093 0.1969
26 1536 0.1969
26 1339 0.1961
26 566 0.1957
26 195 0.1957
26 458 0.1957
26 163 0.1952
26 797 0.1952
26 1443 0.1946
26 14 0.1936
26 1082 0.1929
26 668 0.1918
26 802 0.1918
26 559 0.1916
26 519 0.1907
26 90 0.1907
26 790 0.1903
26 373 0.1896
26 835 0.1896
26 811 0.1886
26 600 0.1875
26 601 0.1865
26 1365 0.1865
26 1560 0.1861
26 741 0.1857
26 1540 0.1844
26 1158 0.1834
26 253 0.1826
26 641 0.1826
26 1292 0.1822
26 1398 0.1817
26 536 0.1798
26 847 0.1793
26 1459 0.1790
26 632 0.1789
26 1234 0.1789
26 579 0.1777
26 946 0.1777
26 1239 0.1773
26 432 0.1763
26 630 0.1763
26 329 0.1762
26 411 0.1762
26 711 0.1762
26 970 0.1762
26 257 0.1754
26 1084 0.1751
26 546 0.1747
26 906 0.1747
26 47 0.1737
26 669 0.1737
26 1303 0.1737
26 767 0.1725
26 38 0.1721
26 1563 0.1721
26 567 0.1720
26 631 0.1718
26 759 0.1710
26 4 0.1698
26 984 0.1695
26 660 0.1690
26 1200 0.1690
26 492 0.1683
26 674 0.1683
26 1354 0.1683
26 1490 0.1683
26 1033 0.1677
26 366 0.1664
26 573 0.1653
26 848 0.1651
26 98 0.1633
26 377 0.1627
26 451 0.1627
26 333 0.1627
26 1065 0.1622
26 118 0.1615
26 283 0.1615
26 1187 0.1615
26 1581 0.1615
26 62 0.1606
26 1520 0.1601
26 691 0.1600
26 1501 0.1598
26 66 0.1592
26 817 0.1585
26 1141 0.1581
26 1410 0.1569
26 196 0.1560
26 1057 0.1560
26 167 0.1557
26 296 0.1549
26 1530 0.1549
26 1247 0.1539
26 795 0.1523
26 1140 0.1517
26 744 0.1514
26 407 0.1512
26 577 0.1512
26 1245 0.1500
26 43 0.1491
26 49 0.1491
26 915 0.1486
26 268 0.1473
26 1465 0.1471
26 212 0.1470
26 1408 0.1464
26 1436 0.1464
26 785 0.1455
26 1406 0.1437
26 635 0.1432
26 972 0.1432
26 1192 0.1432
26 1442 0.1432
26 119 0.1430
26 1469 0.1423
26 464 0.1422
26 1561 0.1422
26 339 0.1414
26 468 0.1414
26 64 0.1414
26 189 0.1414
26 485 0.1414
26 1508 0.1414
26 1250 0.1410
26 627 0.1397
26 870 0.1395
26 395 0.1392
26 1211 0.1380
26 271 0.1376
26 462 0.1376
26 806 0.1372
26 1347 0.1371
26 431 0.1369
26 1324 0.1369
26 106 0.1368
26 1222 0.1364
26 1273 0.1360
26 1330 0.1355
26 72 0.1348
26 484 0.1348
26 737 0.1348
26 1471 0.1348
26 886 0.1346
26 751 0.1333
26 1207 0.1333
26 1555 0.1333
26 878 0.1319
26 885 0.1316
26 1021 0.1316
26 205 0.1308
26 299 0.1305
26 1467 0.1303
26 1015 0.1298
26 867 0.1291
26 872 0.1291
26 760 0.1289
26 331 0.1285
26 992 0.1279
26 587 0.1278
26 896 0.1278
26 1319 0.1278
26 336 0.1273
26 1358 0.1271
26 465 0.1252
26 628 0.1251
26 397 0.1235
26 709 0.1234
26 187 0.1230
26 717 0.1226
26 1083 0.1225
26 1348 0.1225
26 311 0.1217
26 844 0.1217
26 622 0.1206
26 1386 0.1205
26 935 0.1200
26 1001 0.1195
26 1421 0.1195
26 138 0.1191
26 137 0.1177
26 612 0.1177
26 813 0.1172
26 663 0.1167
26 1061 0.1157
26 1162 0.1155
26 858 0.1146
26 247 0.1145
26 117 0.1136
26 440 0.1136
26 1417 0.1136
26 784 0.1134
26 393 0.1130
26 1052 0.1127
26 1580 0.1127
26 1062 0.1126
26 961 0.1122
26 287 0.1118
26 340 0.1118
26 392 0.1118
26 1357 0.1118
26 602 0.1109
26 964 0.1109
26 873 0.1107
26 1036 0.1107
26 1240 0.1103
26 1054 0.1103
26 67 0.1101
26 651 0.1095
26 1384 0.1095
26 486 0.1095
26 88 0.1093
26 752 0.1093
26 1049 0.1088
26 174 0.1085
26 704 0.1085
26 1175 0.1085
26 1272 0.1083
26 590 0.1081
26 122 0.1077
26 526 0.1077
26 1217 0.1077
26 1360 0.1077
26 1048 0.1073
26 702 0.1071
26 1352 0.1069
26 846 0.1067
26 739 0.1064
26 129 0.1040
26 834 0.1040
26 1260 0.1035
26 438 0.1033
26 636 0.1033
26 968 0.1033
26 178 0.1026
26 448 0.1026
26 1307 0.1026
26 1562 0.1026
26 1132 0.1019
26 1470 0.1014
26 1422 0.1013
26 670 0.1008
26 774 0.1006
26 1515 0.1006
26 467 0.1000
26 214 0.1000
26 1266 0.1000
26 149 0.0994
26 1203 0.0992
26 1309 0.0988
26 1393 0.0988
26 108 0.0976
26 227 0.0976
26 244 0.0976
26 502 0.0976
26 1481 0.0976
26 1237 0.0970
26 380 0.0964
26 1092 0.0964
26 981 0.0959
26 179 0.0956
26 592 0.0956
26 2 0.0953
26 537 0.0953
26 1214 0.0953
26 786 0.0951
26 63 0.0948
26 222 0.0948
26 1097 0.0948
26 374 0.0933
26 804 0.0918
26 65 0.0913
26 387 0.0913
26 724 0.0904
26 1080 0.0894
26 1150 0.0890
26 418 0.0886
26 623 0.0886
26 1178 0.0881
26 1511 0.0881
26 560 0.0877
26 823 0.0869
26 890 0.0869
26 852 0.0862
26 1451 0.0862
26 33 0.0861
26 121 0.0861
26 200 0.0861
26 346 0.0861
26 677 0.0861
26 716 0.0861
26 1063 0.0861
26 509 0.0857
26 657 0.0854
26 26 0.0853
26 277 0.0845
26 349 0.0845
26 937 0.0845
26 1375 0.0845
26 1246 0.0841
26 1395 0.0841
26 102 0.0838
26 650 0.0838
26 1244 0.0838
26 1346 0.0827
26 391 0.0826
26 435 0.0820
26 973 0.0820
26 1418 0.0820
26 103 0.0816
26 420 0.0816
26 406 0.0806
26 597 0.0803
26 618 0.0803
26 728 0.0803
26 772 0.0803
26 230 0.0803
26 565 0.0802
26 1495 0.0797
26 371 0.0794
26 84 0.0791
26 194 0.0791
26 449 0.0791
26 447 0.0787
26 918 0.0787
26 1255 0.0787
26 52 0.0784
26 747 0.0784
26 919 0.0784
26 1125 0.0778
26 1498 0.0778
26 155 0.0776
26 1008 0.0776
26 1313 0.0776
26 1402 0.0776
26 692 0.0773
26 35 0.0767
26 1548 0.0764
26 91 0.0761
26 309 0.0761
26 614 0.0759
26 127 0.0756
26 1000 0.0756
26 581 0.0753
26 1149 0.0753
26 312 0.0751
26 923 0.0748
26 50 0.0745
26 109 0.0745
26 842 0.0745
26 773 0.0743
26 414 0.0740
26 243 0.0738
26 1176 0.0738
26 982 0.0735
26 1533 0.0735
26 1133 0.0725
26 136 0.0723
26 1492 0.0721
26 1010 0.0709
26 316 0.0707
26 382 0.0707
26 648 0.0707
26 1088 0.0701
26 735 0.0698
26 822 0.0698
26 528 0.0690
26 249 0.0688
26 390 0.0686
26 1456 0.0686
26 607 0.0682
26 1202 0.0680
26 904 0.0676
26 259 0.0674
26 403 0.0674
26 748 0.0674
26 854 0.0674
26 1554 0.0674
26 825 0.0667
26 960 0.0667
26 1183 0.0667
26 142 0.0659
26 1224 0.0654
26 272 0.0652
26 1112 0.0652
26 1349 0.0652
26 1577 0.0652
26 97 0.0645
26 354 0.0645
26 523 0.0645
26 1388 0.0642
26 507 0.0639
26 584 0.0639
26 719 0.0639
26 1432 0.0632
26 925 0.0628
26 999 0.0628
26 42 0.0626
26 1131 0.0626
26 1185 0.0626
26 1282 0.0623
26 721 0.0622
26 213 0.0614
26 953 0.0614
26 11 0.0613
26 658 0.0610
26 148 0.0603
26 720 0.0603
26 965 0.0603
26 1575 0.0603
26 1409 0.0599
26 615 0.0598
26 1284 0.0598
26 1333 0.0598
26 32 0.0592
26 280 0.0592
26 463 0.0592
26 1353 0.0592
26 1558 0.0592
26 863 0.0590
26 1308 0.0588
26 1411 0.0587
26 1568 0.0587
26 512 0.0582
26 531 0.0582
26 1116 0.0582
26 1415 0.0579
26 181 0.0577
26 814 0.0577
26 1233 0.0577
26 161 0.0573
26 434 0.0573
26 173 0.0570
26 357 0.0570
26 24 0.0568
26 428 0.0568
26 647 0.0568
26 763 0.0568
26 1161 0.0568
26 473 0.0563
26 1205 0.0559
26 314 0.0555
26 680 0.0555
26 1128 0.0553
26 1546 0.0552
26 169 0.0550
26 310 0.0550
26 941 0.0550
26 1583 0.0550
26 1078 0.0546
26 219 0.0542
26 262 0.0542
26 619 0.0542
26 1037 0.0542
26 1396 0.0542
26 1527 0.0542
26 154 0.0538
26 226 0.0538
26 672 0.0538
26 936 0.0538
26 750 0.0535
26 1148 0.0533
26 58 0.0531
26 642 0.0531
26 1146 0.0531
26 1454 0.0531
26 662 0.0527
26 1293 0.0527
26 1046 0.0524
26 1103 0.0523
26 518 0.0520
26 951 0.0520
26 1104 0.0520
26 1460 0.0516
26 139 0.0513
26 933 0.0513
26 776 0.0511
26 184 0.0510
26 921 0.0506
26 1173 0.0506
26 1235 0.0506
26 1366 0.0506
26 1448 0.0506
26 740 0.0503
26 350 0.0500
26 1027 0.0500
26 517 0.0497
26 991 0.0497
26 1114 0.0497
26 28 0.0494
26 193 0.0494
26 248 0.0494
26 427 0.0494
26 489 0.0494
26 599 0.0494
26 3 0.0491
26 305 0.0491
26 1578 0.0488
26 1279 0.0485
26 540 0.0482
26 736 0.0479
26 81 0.0477
26 757 0.0474
26 1466 0.0473
26 541 0.0469
26 755 0.0464
26 1362 0.0464
26 437 0.0463
26 1047 0.0461
26 1506 0.0456
26 1122 0.0454
26 1534 0.0454
26 147 0.0449
26 1127 0.0449
26 1371 0.0449
26 1509 0.0447
26 1444 0.0447
26 322 0.0445
26 820 0.0445
26 1025 0.0445
26 87 0.0443
26 897 0.0443
26 8 0.0439
26 880 0.0436
26 1087 0.0436
26 1129 0.0432
26 436 0.0430
26 769 0.0430
26 1172 0.0430
26 1209 0.0430
26 372 0.0428
26 425 0.0428
26 525 0.0428
26 922 0.0428
26 1289 0.0428
26 1344 0.0428
26 1096 0.0424
26 361 0.0419
26 764 0.0419
26 912 0.0419
26 1180 0.0419
26 422 0.0417
26 585 0.0417
26 762 0.0415
26 112 0.0413
26 1032 0.0413
26 575 0.0412
26 761 0.0412
26 1164 0.0412
26 1380 0.0412
26 1477 0.0412
26 533 0.0408
26 798 0.0408
26 860 0.0408
26 1283 0.0407
26 317 0.0403
26 629 0.0403
26 1091 0.0402
26 1387 0.0400
26 1318 0.0398
26 753 0.0397
26 1350 0.0397
26 1373 0.0397
26 701 0.0395
26 1089 0.0395
26 1208 0.0395
26 722 0.0394
26 1196 0.0394
26 1463 0.0391
26 1528 0.0389
26 891 0.0388
26 1074 0.0386
26 1455 0.0386
26 1474 0.0385
26 572 0.0383
26 60 0.0382
26 1225 0.0382
26 289 0.0381
26 1045 0.0381
26 1370 0.0381
26 768 0.0379
26 871 0.0379
26 1136 0.0379
26 1181 0.0379
26 1397 0.0379
26 516 0.0378
26 715 0.0378
26 1428 0.0378
26 426 0.0373
26 466 0.0373
26 866 0.0373
26 304 0.0365
26 1379 0.0365
26 1118 0.0364
26 78 0.0363
26 914 0.0363
26 1336 0.0363
26 1316 0.0362
26 836 0.0360
26 125 0.0359
26 46 0.0357
26 676 0.0357
26 1210 0.0356
26 1267 0.0354
26 580 0.0351
26 1524 0.0351
26 77 0.0350
26 1253 0.0350
26 1335 0.0350
26 216 0.0348
26 869 0.0348
26 879 0.0346
26 707 0.0343
26 962 0.0343
26 1427 0.0342
26 1485 0.0342
26 1076 0.0341
26 1329 0.0341
26 1356 0.0340
26 1374 0.0340
26 1020 0.0336
26 1064 0.0334
26 732 0.0333
26 1252 0.0332
26 1332 0.0332
26 681 0.0331
26 1299 0.0325
26 1510 0.0324
26 734 0.0319
26 1216 0.0314
26 1142 0.0312
26 1363 0.0311
26 36 0.0309
26 1193 0.0308
26 1483 0.0305
26 696 0.0304
26 99 0.0299
26 857 0.0298
26 1453 0.0297
26 114 0.0297
26 1034 0.0296
26 1317 0.0293
26 215 0.0292
26 358 0.0289
26 558 0.0288
26 1328 0.0286
26 1099 0.0283
26 971 0.0282
26 265 0.0281
26 909 0.0277
26 61 0.0274
26 1007 0.0272
26 1334 0.0265
26 1542 0.0264
26 1320 0.0258
26 1271 0.0258
26 1304 0.0247
26 924 0.0243
26 472 0.0224
27 1226 0.5130
27 947 0.4914
27 1194 0.4331
27 510 0.4202
27 986 0.4152
27 1386 0.4016
27 1147 0.3956
27 1457 0.3855
27 742 0.3853
27 1278 0.3795
27 430 0.3770
27 1329 0.3751
27 1406 0.3737
27 576 0.3694
27 1120 0.3614
27 1339 0.3530
27 906 0.3493
27 1012 0.3492
27 290 0.3490
27 469 0.3475
27 190 0.3440
27 1142 0.3427
27 1123 0.3336
27 444 0.3333
27 1476 0.3309
27 1069 0.3294
27 480 0.3264
27 695 0.3223
27 1286 0.3207
27 342 0.3179
27 996 0.3162
27 1093 0.3150
27 461 0.3119
27 562 0.3114
27 1285 0.3101
27 1539 0.3050
27 1478 0.3043
27 1195 0.3000
27 985 0.2981
27 470 0.2945
27 970 0.2936
27 794 0.2911
27 446 0.2910
27 379 0.2907
27 945 0.2902
27 82 0.2874
27 987 0.2870
27 1513 0.2860
27 837 0.2858
27 660 0.2817
27 307 0.2811
27 1441 0.2798
27 978 0.2795
27 1030 0.2778
27 1141 0.2767
27 29 0.2752
27 799 0.2752
27 284 0.2739
27 487 0.2739
27 969 0.2739
27 210 0.2732
27 1419 0.2714
27 1396 0.2712
27 1523 0.2712
27 217 0.2704
27 536 0.2697
27 54 0.2657
27 344 0.2654
27 1262 0.2654
27 630 0.2644
27 1317 0.2637
27 669 0.2606
27 741 0.2600
27 251 0.2582
27 816 0.2582
27 1054 0.2573
27 1361 0.2570
27 439 0.2556
27 1382 0.2556
27 479 0.2548
27 611 0.2541
27 925 0.2511
27 503 0.2485
27 862 0.2482
27 1032 0.2481
27 731 0.2475
27 164 0.2475
27 1407 0.2469
27 717 0.2451
27 1383 0.2437
27 589 0.2429
27 1113 0.2418
27 597 0.2410
27 1461 0.2408
27 673 0.2394
27 1331 0.2384
27 1273 0.2380
27 246 0.2372
27 326 0.2372
27 979 0.2372
27 1100 0.2349
27 805 0.2335
27 1443 0.2335
27 661 0.2320
27 191 0.2319
27 504 0.2308
27 293 0.2306
27 1009 0.2300
27 824 0.2294
27 631 0.2290
27 790 0.2284
27 267 0.2282
27 1420 0.2270
27 407 0.2268
27 256 0.2259
27 1479 0.2259
27 1062 0.2252
27 995 0.2247
27 730 0.2236
27 939 0.2236
27 1115 0.2236
27 335 0.2228
27 1077 0.2221
27 19 0.2203
27 713 0.2202
27 257 0.2193
27 605 0.2184
27 451 0.2169
27 626 0.2162
27 1028 0.2155
27 789 0.2152
27 331 0.2142
27 549 0.2138
27 1070 0.2135
27 555 0.2115
27 656 0.2113
27 1355 0.2113
27 942 0.2112
27 1354 0.2104
27 628 0.2085
27 578 0.2070
27 292 0.2067
27 93 0.2064
27 806 0.2058
27 348 0.2050
27 207 0.2041
27 1263 0.2033
27 89 0.2023
27 484 0.2023
27 1297 0.2008
27 1522 0.2008
27 963 0.2005
27 1050 0.1988
27 138 0.1984
27 573 0.1984
27 39 0.1975
27 1536 0.1969
27 1016 0.1964
27 195 0.1957
27 458 0.1957
27 870 0.1953
27 977 0.1952
27 1481 0.1952
27 705 0.1940
27 1066 0.1940
27 155 0.1939
27 14 0.1936
27 1082 0.1929
27 802 0.1918
27 519 0.1907
27 1109 0.1907
27 795 0.1903
27 1370 0.1903
27 817 0.1902
27 373 0.1896
27 835 0.1896
27 811 0.1886
27 600 0.1875
27 601 0.1865
27 1365 0.1865
27 392 0.1863
27 1560 0.1861
27 1046 0.1835
27 1158 0.1834
27 253 0.1826
27 641 0.1826
27 1398 0.1817
27 550 0.1816
27 1049 0.1814
27 847 0.1793
27 1459 0.1790
27 632 0.1789
27 1234 0.1789
27 1567 0.1789
27 676 0.1783
27 1469 0.1779
27 946 0.1777
27 1239 0.1773
27 432 0.1763
27 566 0.1762
27 711 0.1762
27 1084 0.1751
27 47 0.1737
27 107 0.1718
27 266 0.1718
27 425 0.1713
27 898 0.1713
27 759 0.1710
27 508 0.1706
27 1096 0.1698
27 1200 0.1690
27 668 0.1678
27 1033 0.1677
27 1442 0.1671
27 395 0.1671
27 366 0.1664
27 591 0.1654
27 1058 0.1654
27 848 0.1651
27 559 0.1642
27 88 0.1639
27 98 0.1633
27 377 0.1627
27 1175 0.1627
27 333 0.1627
27 1065 0.1622
27 118 0.1615
27 283 0.1615
27 948 0.1615
27 1187 0.1615
27 1581 0.1615
27 629 0.1613
27 1517 0.1613
27 62 0.1606
27 1520 0.1601
27 691 0.1600
27 1501 0.1598
27 66 0.1592
27 625 0.1575
27 949 0.1575
27 1410 0.1569
27 196 0.1560
27 1402 0.1551
27 296 0.1549
27 438 0.1549
27 1530 0.1549
27 1294 0.1539
27 1422 0.1519
27 1140 0.1517
27 1514 0.1517
27 577 0.1512
27 1000 0.1512
27 1245 0.1500
27 43 0.1491
27 842 0.1491
27 857 0.1491
27 915 0.1486
27 1036 0.1475
27 268 0.1473
27 1465 0.1471
27 212 0.1470
27 163 0.1464
27 1408 0.1464
27 590 0.1441
27 635 0.1432
27 972 0.1432
27 1192 0.1432
27 119 0.1430
27 537 0.1430
27 702 0.1428
27 464 0.1422
27 1561 0.1422
27 64 0.1414
27 189 0.1414
27 1508 0.1414
27 329 0.1410
27 627 0.1397
27 983 0.1391
27 20 0.1384
27 1211 0.1380
27 1240 0.1379
27 462 0.1376
27 567 0.1376
27 1456 0.1372
27 65 0.1369
27 106 0.1368
27 994 0.1368
27 1222 0.1364
27 1330 0.1355
27 152 0.1348
27 737 0.1348
27 1471 0.1348
27 886 0.1346
27 751 0.1333
27 1207 0.1333
27 1555 0.1333
27 878 0.1319
27 885 0.1316
27 1021 0.1316
27 205 0.1308
27 299 0.1305
27 1303 0.1303
27 1467 0.1303
27 1129 0.1297
27 867 0.1291
27 872 0.1291
27 1063 0.1291
27 1563 0.1291
27 992 0.1279
27 587 0.1278
27 1319 0.1278
27 4 0.1273
27 336 0.1273
27 1358 0.1271
27 465 0.1252
27 1282 0.1246
27 397 0.1235
27 709 0.1234
27 187 0.1230
27 1083 0.1225
27 311 0.1217
27 844 0.1217
27 622 0.1206
27 1287 0.1206
27 1001 0.1195
27 701 0.1186
27 579 0.1185
27 1558 0.1185
27 918 0.1181
27 137 0.1177
27 52 0.1177
27 411 0.1174
27 239 0.1172
27 813 0.1172
27 1528 0.1168
27 663 0.1167
27 546 0.1164
27 1116 0.1164
27 1008 0.1163
27 1061 0.1157
27 767 0.1150
27 858 0.1146
27 1225 0.1146
27 247 0.1145
27 1507 0.1145
27 91 0.1142
27 309 0.1142
27 614 0.1138
27 117 0.1136
27 440 0.1136
27 784 0.1134
27 393 0.1130
27 1580 0.1127
27 287 0.1118
27 340 0.1118
27 866 0.1118
27 1357 0.1118
27 773 0.1114
27 602 0.1109
27 964 0.1109
27 67 0.1101
27 941 0.1101
27 1384 0.1095
27 486 0.1095
27 752 0.1093
27 136 0.1085
27 174 0.1085
27 704 0.1085
27 934 0.1085
27 1037 0.1085
27 122 0.1077
27 526 0.1077
27 1217 0.1077
27 1360 0.1077
27 1048 0.1073
27 846 0.1067
27 739 0.1064
27 642 0.1061
27 485 0.1061
27 162 0.1054
27 129 0.1040
27 1057 0.1040
27 1260 0.1035
27 636 0.1033
27 968 0.1033
27 760 0.1031
27 390 0.1029
27 962 0.1029
27 139 0.1026
27 178 0.1026
27 1307 0.1026
27 1562 0.1026
27 1270 0.1023
27 1132 0.1019
27 984 0.1017
27 670 0.1008
27 1515 0.1006
27 325 0.1006
27 443 0.1005
27 467 0.1000
27 34 0.1000
27 214 0.1000
27 1266 0.1000
27 149 0.0994
27 1203 0.0992
27 1309 0.0988
27 1393 0.0988
27 108 0.0976
27 227 0.0976
27 244 0.0976
27 502 0.0976
27 785 0.0970
27 1237 0.0970
27 97 0.0968
27 380 0.0964
27 1092 0.0964
27 1154 0.0964
27 981 0.0959
27 1117 0.0959
27 896 0.0958
27 179 0.0956
27 592 0.0956
27 851 0.0956
27 2 0.0953
27 90 0.0953
27 1214 0.0953
27 1464 0.0953
27 63 0.0948
27 1097 0.0948
27 468 0.0943
27 374 0.0933
27 1179 0.0933
27 721 0.0933
27 1047 0.0923
27 11 0.0919
27 271 0.0918
27 804 0.0918
27 387 0.0913
27 1534 0.0908
27 724 0.0904
27 1371 0.0899
27 900 0.0890
27 1150 0.0890
27 418 0.0886
27 623 0.0886
27 1178 0.0881
27 1511 0.0881
27 171 0.0877
27 560 0.0877
27 880 0.0873
27 823 0.0869
27 890 0.0869
27 1451 0.0862
27 38 0.0861
27 200 0.0861
27 346 0.0861
27 716 0.0861
27 1209 0.0861
27 509 0.0857
27 1344 0.0857
27 657 0.0854
27 26 0.0853
27 1288 0.0850
27 937 0.0845
27 1375 0.0845
27 961 0.0842
27 492 0.0841
27 674 0.0841
27 1246 0.0841
27 1395 0.0841
27 144 0.0838
27 764 0.0838
27 1244 0.0838
27 913 0.0830
27 391 0.0826
27 435 0.0820
27 1418 0.0820
27 420 0.0816
27 619 0.0813
27 406 0.0806
27 618 0.0803
27 728 0.0803
27 772 0.0803
27 565 0.0802
27 1495 0.0797
27 371 0.0794
27 84 0.0791
27 194 0.0791
27 449 0.0791
27 1208 0.0791
27 1255 0.0787
27 612 0.0784
27 919 0.0784
27 167 0.0778
27 1125 0.0778
27 1498 0.0778
27 1271 0.0773
27 692 0.0773
27 1162 0.0770
27 776 0.0767
27 35 0.0767
27 60 0.0764
27 1548 0.0764
27 768 0.0759
27 127 0.0756
27 667 0.0756
27 581 0.0753
27 923 0.0748
27 49 0.0745
27 109 0.0745
27 1323 0.0742
27 414 0.0740
27 243 0.0738
27 873 0.0738
27 1486 0.0736
27 982 0.0735
27 1533 0.0735
27 651 0.0730
27 330 0.0723
27 1492 0.0721
27 1494 0.0712
27 316 0.0707
27 382 0.0707
27 648 0.0707
27 580 0.0703
27 1088 0.0701
27 216 0.0696
27 528 0.0690
27 249 0.0688
27 607 0.0682
27 1202 0.0680
27 1166 0.0678
27 1470 0.0676
27 259 0.0674
27 748 0.0674
27 854 0.0674
27 1554 0.0674
27 338 0.0669
27 732 0.0667
27 825 0.0667
27 1183 0.0667
27 1394 0.0667
27 6 0.0659
27 142 0.0659
27 303 0.0659
27 682 0.0659
27 1224 0.0654
27 92 0.0652
27 272 0.0652
27 1112 0.0652
27 1349 0.0652
27 523 0.0645
27 1261 0.0645
27 1388 0.0642
27 507 0.0639
27 584 0.0639
27 603 0.0639
27 719 0.0639
27 734 0.0639
27 1432 0.0632
27 999 0.0628
27 1378 0.0628
27 1131 0.0626
27 1185 0.0626
27 639 0.0620
27 213 0.0614
27 416 0.0614
27 953 0.0614
27 658 0.0610
27 696 0.0609
27 1292 0.0607
27 744 0.0606
27 148 0.0603
27 720 0.0603
27 965 0.0603
27 1575 0.0603
27 841 0.0598
27 1284 0.0598
27 1421 0.0598
27 114 0.0594
27 280 0.0592
27 463 0.0592
27 1353 0.0592
27 1431 0.0592
27 863 0.0590
27 1411 0.0587
27 1568 0.0587
27 1190 0.0584
27 512 0.0582
27 1415 0.0579
27 814 0.0577
27 1233 0.0577
27 852 0.0575
27 161 0.0573
27 434 0.0573
27 173 0.0570
27 428 0.0568
27 647 0.0568
27 763 0.0568
27 1161 0.0568
27 1417 0.0568
27 1099 0.0566
27 971 0.0565
27 473 0.0563
27 1052 0.0563
27 1205 0.0559
27 1541 0.0559
27 314 0.0555
27 680 0.0555
27 1159 0.0555
27 1128 0.0553
27 1546 0.0552
27 169 0.0550
27 310 0.0550
27 1583 0.0550
27 192 0.0546
27 1078 0.0546
27 1007 0.0544
27 219 0.0542
27 262 0.0542
27 154 0.0538
27 226 0.0538
27 672 0.0538
27 936 0.0538
27 952 0.0538
27 750 0.0535
27 1526 0.0535
27 1148 0.0533
27 58 0.0531
27 1146 0.0531
27 1454 0.0531
27 662 0.0527
27 1103 0.0523
27 321 0.0523
27 877 0.0522
27 518 0.0520
27 951 0.0520
27 1104 0.0520
27 1460 0.0516
27 448 0.0513
27 933 0.0513
27 1247 0.0513
27 184 0.0510
27 905 0.0506
27 921 0.0506
27 1173 0.0506
27 1235 0.0506
27 740 0.0503
27 774 0.0503
27 350 0.0500
27 1027 0.0500
27 991 0.0497
27 1114 0.0497
27 193 0.0494
27 248 0.0494
27 427 0.0494
27 489 0.0494
27 599 0.0494
27 3 0.0491
27 305 0.0491
27 797 0.0488
27 1578 0.0488
27 924 0.0487
27 1279 0.0485
27 540 0.0482
27 736 0.0479
27 81 0.0477
27 396 0.0477
27 222 0.0474
27 1466 0.0473
27 339 0.0471
27 541 0.0469
27 755 0.0464
27 1362 0.0464
27 1290 0.0461
27 845 0.0459
27 431 0.0456
27 1506 0.0456
27 1122 0.0454
27 147 0.0449
27 1127 0.0449
27 472 0.0448
27 1444 0.0447
27 322 0.0445
27 820 0.0445
27 87 0.0443
27 548 0.0443
27 897 0.0443
27 988 0.0441
27 1056 0.0441
27 8 0.0439
27 1087 0.0436
27 917 0.0432
27 74 0.0430
27 436 0.0430
27 769 0.0430
27 1172 0.0430
27 372 0.0428
27 525 0.0428
27 922 0.0428
27 1289 0.0428
27 349 0.0423
27 361 0.0419
27 650 0.0419
27 912 0.0419
27 1180 0.0419
27 1281 0.0419
27 422 0.0417
27 585 0.0417
27 112 0.0413
27 700 0.0413
27 1346 0.0413
27 575 0.0412
27 761 0.0412
27 1380 0.0412
27 1477 0.0412
27 533 0.0408
27 798 0.0408
27 1348 0.0408
27 1283 0.0407
27 412 0.0405
27 317 0.0403
27 1091 0.0402
27 1326 0.0400
27 1387 0.0400
27 1318 0.0398
27 753 0.0397
27 1350 0.0397
27 1373 0.0397
27 1089 0.0395
27 447 0.0394
27 747 0.0392
27 1463 0.0391
27 1153 0.0389
27 891 0.0388
27 1313 0.0388
27 1074 0.0386
27 1474 0.0385
27 572 0.0383
27 289 0.0381
27 1045 0.0381
27 871 0.0379
27 1397 0.0379
27 516 0.0378
27 312 0.0375
27 426 0.0373
27 466 0.0373
27 1176 0.0369
27 1540 0.0369
27 1532 0.0366
27 304 0.0365
27 1379 0.0365
27 1118 0.0364
27 78 0.0363
27 914 0.0363
27 1133 0.0363
27 1336 0.0363
27 836 0.0360
27 46 0.0357
27 1210 0.0356
27 1267 0.0354
27 77 0.0350
27 1253 0.0350
27 1335 0.0350
27 869 0.0348
27 879 0.0346
27 1485 0.0342
27 1076 0.0341
27 1374 0.0340
27 904 0.0338
27 1170 0.0338
27 616 0.0337
27 1020 0.0336
27 960 0.0333
27 1252 0.0332
27 681 0.0331
27 1426 0.0327
27 1299 0.0325
27 1510 0.0324
27 786 0.0317
27 1216 0.0314
27 1363 0.0311
27 1301 0.0310
27 36 0.0309
27 1193 0.0308
27 1483 0.0305
27 1409 0.0299
27 99 0.0299
27 1333 0.0299
27 1453 0.0297
27 1308 0.0294
27 215 0.0292
27 558 0.0288
27 1328 0.0286
27 265 0.0281
27 909 0.0277
27 61 0.0274
27 1342 0.0272
27 230 0.0268
27 1184 0.0265
27 1334 0.0265
27 1542 0.0264
27 1304 0.0247
27 437 0.0232
28 1216 0.4846
28 581 0.4569
28 1425 0.4406
28 1356 0.4125
28 587 0.3758
28 1270 0.3635
28 869 0.3584
28 1358 0.3505
28 523 0.3322
28 304 0.3222
28 1305 0.3176
28 609 0.2900
28 1519 0.2742
28 1053 0.2704
28 753 0.2626
28 1173 0.2606
28 131 0.2579
28 1372 0.2468
28 978 0.2466
28 68 0.2334
28 1543 0.2265
28 1023 0.2071
28 915 0.2048
28 1431 0.1960
28 721 0.1943
28 466 0.1918
28 1520 0.1884
28 639 0.1824
28 624 0.1772
28 1458 0.1716
28 309 0.1679
28 623 0.1628
28 670 0.1606
28 1433 0.1605
28 58 0.1561
28 1057 0.1529
28 1307 0.1509
28 1085 0.1408
28 1101 0.1398
28 532 0.1395
28 426 0.1370
28 700 0.1368
28 720 0.1330
28 147 0.1322
28 1022 0.1313
28 189 0.1300
28 970 0.1295
28 1035 0.1284
28 1288 0.1250
28 395 0.1228
28 775 0.1221
28 591 0.1216
28 1553 0.1213
28 934 0.1196
28 1523 0.1196
28 295 0.1162
28 1089 0.1162
28 1013 0.1096
28 831 0.1067
28 1328 0.1052
28 1210 0.1046
28 383 0.1033
28 337 0.1027
28 191 0.1023
28 919 0.1009
28 559 0.1006
28 88 0.1004
28 998 0.1002
28 1122 0.1002
28 1273 0.1000
28 1549 0.0977
28 1299 0.0957
28 677 0.0949
28 769 0.0949
28 1460 0.0949
28 1319 0.0939
28 1376 0.0930
28 999 0.0923
28 398 0.0921
28 491 0.0921
28 810 0.0920
28 801 0.0908
28 61 0.0905
28 987 0.0904
28 1145 0.0887
28 935 0.0882
28 1001 0.0879
28 1482 0.0879
28 1318 0.0879
28 1513 0.0876
28 1030 0.0875
28 722 0.0868
28 888 0.0859
28 155 0.0855
28 907 0.0854
28 1274 0.0852
28 1162 0.0849
28 1040 0.0843
28 460 0.0837
28 768 0.0837
28 1136 0.0837
28 113 0.0835
28 483 0.0828
28 1121 0.0828
28 287 0.0822
28 340 0.0822
28 1357 0.0822
28 964 0.0816
28 1054 0.0811
28 67 0.0809
28 924 0.0805
28 1315 0.0803
28 914 0.0800
28 1295 0.0800
28 1360 0.0792
28 372 0.0787
28 1344 0.0787
28 1352 0.0786
28 1212 0.0780
28 1012 0.0770
28 1281 0.0770
28 1430 0.0770
28 1518 0.0760
28 968 0.0759
28 575 0.0757
28 761 0.0757
28 994 0.0754
28 1317 0.0754
28 637 0.0754
28 973 0.0754
28 776 0.0752
28 638 0.0738
28 990 0.0738
28 214 0.0735
28 1495 0.0732
28 878 0.0727
28 1309 0.0726
28 1436 0.0717
28 233 0.0715
28 699 0.0713
28 785 0.0713
28 1051 0.0713
28 859 0.0712
28 1117 0.0705
28 734 0.0705
28 743 0.0702
28 208 0.0701
28 537 0.0701
28 1331 0.0701
28 1370 0.0700
28 1174 0.0697
28 63 0.0697
28 600 0.0689
28 31 0.0686
28 1365 0.0686
28 1138 0.0685
28 588 0.0684
28 594 0.0684
28 741 0.0683
28 1334 0.0682
28 1540 0.0678
28 1259 0.0677
28 273 0.0671
28 1292 0.0670
28 945 0.0667
28 1144 0.0662
28 1529 0.0659
28 687 0.0658
28 351 0.0650
28 711 0.0648
28 505 0.0645
28 515 0.0640
28 1503 0.0640
28 47 0.0639
28 378 0.0639
28 1303 0.0639
28 358 0.0637
28 814 0.0637
28 889 0.0637
28 1182 0.0635
28 1009 0.0634
28 1406 0.0634
28 346 0.0633
28 1209 0.0633
28 266 0.0631
28 707 0.0630
28 425 0.0630
28 1076 0.0627
28 763 0.0626
28 984 0.0623
28 274 0.0621
28 355 0.0621
28 1566 0.0621
28 384 0.0616
28 783 0.0616
28 1206 0.0616
28 269 0.0613
28 402 0.0613
28 563 0.0612
28 1159 0.0612
28 1252 0.0611
28 360 0.0611
28 666 0.0611
28 956 0.0611
28 1546 0.0608
28 1368 0.0608
28 1512 0.0605
28 821 0.0603
28 533 0.0600
28 860 0.0600
28 1322 0.0600
28 1527 0.0598
28 1537 0.0598
28 672 0.0594
28 474 0.0591
28 728 0.0591
28 1386 0.0591
28 1447 0.0589
28 1029 0.0586
28 66 0.0585
28 1454 0.0585
28 979 0.0581
28 1576 0.0581
28 1142 0.0573
28 1232 0.0572
28 1402 0.0570
28 1143 0.0569
28 95 0.0564
28 1280 0.0563
28 1225 0.0562
28 513 0.0558
28 577 0.0556
28 715 0.0556
28 1245 0.0551
28 923 0.0550
28 324 0.0548
28 392 0.0548
28 586 0.0548
28 694 0.0548
28 842 0.0548
28 489 0.0545
28 1393 0.0545
28 818 0.0541
28 787 0.0537
28 908 0.0537
28 25 0.0533
28 714 0.0529
28 1192 0.0526
28 1459 0.0526
28 1464 0.0526
28 124 0.0520
28 997 0.0520
28 811 0.0520
28 910 0.0517
28 1335 0.0515
28 69 0.0514
28 1545 0.0513
28 347 0.0511
28 453 0.0507
28 528 0.0507
28 1240 0.0507
28 271 0.0506
28 799 0.0506
28 806 0.0504
28 1105 0.0503
28 1219 0.0501
28 514 0.0498
28 217 0.0497
28 904 0.0497
28 72 0.0496
28 524 0.0496
28 654 0.0496
28 748 0.0496
28 1484 0.0491
28 381 0.0490
28 54 0.0488
28 254 0.0488
28 630 0.0486
28 682 0.0485
28 1169 0.0480
28 1198 0.0480
28 1129 0.0477
28 1388 0.0472
28 368 0.0470
28 439 0.0470
28 603 0.0470
28 955 0.0470
28 887 0.0468
28 911 0.0465
28 1564 0.0465
28 1413 0.0463
28 42 0.0460
28 422 0.0460
28 341 0.0456
28 1560 0.0456
28 416 0.0452
28 476 0.0452
28 953 0.0452
28 1071 0.0452
28 717 0.0451
28 1083 0.0450
28 1254 0.0448
28 369 0.0447
28 696 0.0447
28 920 0.0447
28 1236 0.0447
28 1478 0.0447
28 1398 0.0445
28 1517 0.0445
28 417 0.0443
28 622 0.0443
28 1476 0.0442
28 691 0.0441
28 534 0.0439
28 745 0.0439
28 1284 0.0439
28 857 0.0438
28 252 0.0438
28 1141 0.0436
28 32 0.0436
28 1034 0.0436
28 1353 0.0436
28 1558 0.0436
28 918 0.0434
28 1339 0.0433
28 411 0.0432
28 1463 0.0431
28 1385 0.0428
28 1419 0.0428
28 1074 0.0426
28 40 0.0424
28 181 0.0424
28 1474 0.0424
28 1451 0.0423
28 1548 0.0421
28 107 0.0421
28 1507 0.0421
28 357 0.0419
28 871 0.0418
28 1204 0.0418
28 1019 0.0418
28 947 0.0417
28 473 0.0414
28 660 0.0414
28 1152 0.0414
28 255 0.0412
28 37 0.0411
28 850 0.0411
28 939 0.0411
28 1541 0.0411
28 870 0.0410
28 963 0.0409
28 1077 0.0408
28 1134 0.0408
28 1251 0.0408
28 602 0.0408
28 621 0.0408
28 680 0.0408
28 169 0.0405
28 742 0.0405
28 1007 0.0400
28 73 0.0399
28 388 0.0399
28 451 0.0399
28 683 0.0399
28 1037 0.0399
28 1256 0.0399
28 1156 0.0397
28 695 0.0395
28 676 0.0393
28 1452 0.0393
28 1010 0.0391
28 162 0.0387
28 843 0.0387
28 1547 0.0387
28 1253 0.0386
28 321 0.0384
28 1199 0.0383
28 196 0.0382
28 518 0.0382
28 1260 0.0381
28 1258 0.0380
28 394 0.0378
28 1427 0.0377
28 933 0.0377
28 1570 0.0377
28 184 0.0375
28 1132 0.0375
28 1020 0.0371
28 774 0.0370
28 228 0.0368
28 1351 0.0368
28 1155 0.0367
28 671 0.0366
28 991 0.0365
28 1114 0.0365
28 28 0.0363
28 599 0.0363
28 1407 0.0363
28 828 0.0361
28 205 0.0361
28 163 0.0359
28 1279 0.0357
28 668 0.0353
28 1298 0.0352
28 830 0.0351
28 81 0.0350
28 157 0.0350
28 454 0.0350
28 464 0.0349
28 1400 0.0349
28 339 0.0347
28 468 0.0347
28 110 0.0345
28 556 0.0345
28 83 0.0343
28 1047 0.0339
28 824 0.0337
28 658 0.0336
28 284 0.0336
28 487 0.0336
28 815 0.0336
28 1534 0.0334
28 1479 0.0332
28 777 0.0330
28 1371 0.0330
28 1471 0.0330
28 632 0.0329
28 1005 0.0329
28 1468 0.0329
28 1509 0.0329
28 1150 0.0327
28 675 0.0326
28 1277 0.0326
28 432 0.0324
28 738 0.0324
28 560 0.0322
28 496 0.0319
28 823 0.0319
28 917 0.0318
28 789 0.0316
28 173 0.0314
28 657 0.0314
28 1229 0.0313
28 894 0.0311
28 158 0.0311
28 961 0.0309
28 975 0.0308
28 1340 0.0307
28 604 0.0305
28 913 0.0305
28 1067 0.0305
28 1128 0.0305
28 1160 0.0304
28 1164 0.0303
28 1380 0.0303
28 1031 0.0301
28 420 0.0300
28 547 0.0300
28 1283 0.0299
28 412 0.0298
28 62 0.0295
28 746 0.0295
28 993 0.0295
28 1218 0.0295
28 1522 0.0295
28 565 0.0295
28 1119 0.0295
28 371 0.0292
28 1429 0.0292
28 326 0.0291
28 877 0.0288
28 813 0.0287
28 1220 0.0286
28 290 0.0285
28 60 0.0281
28 795 0.0280
28 1514 0.0279
28 929 0.0276
28 1075 0.0275
28 457 0.0274
28 94 0.0273
28 414 0.0272
28 759 0.0269
28 1384 0.0268
28 1118 0.0268
28 685 0.0267
28 1336 0.0267
28 330 0.0266
28 836 0.0265
28 853 0.0262
28 334 0.0262
28 846 0.0262
28 1070 0.0262
28 1469 0.0262
28 1494 0.0262
28 1239 0.0261
28 410 0.0260
28 485 0.0260
28 648 0.0260
28 1041 0.0260
28 1267 0.0260
28 1524 0.0258
28 77 0.0258
28 529 0.0257
28 822 0.0257
28 1003 0.0257
28 216 0.0256
28 1383 0.0256
28 511 0.0254
28 538 0.0254
28 727 0.0254
28 1211 0.0254
28 1485 0.0251
28 737 0.0248
28 1191 0.0247
28 472 0.0247
28 325 0.0246
28 41 0.0245
28 732 0.0245
28 1391 0.0245
28 1394 0.0245
28 1332 0.0244
28 661 0.0244
28 1203 0.0243
28 504 0.0242
28 791 0.0242
28 803 0.0242
28 1073 0.0242
28 1359 0.0242
28 408 0.0240
28 782 0.0240
28 1349 0.0240
28 424 0.0239
28 97 0.0237
28 883 0.0235
28 592 0.0234
28 1410 0.0231
28 367 0.0230
28 164 0.0227
28 576 0.0226
28 1014 0.0226
28 1028 0.0226
28 213 0.0226
28 308 0.0224
28 1483 0.0224
28 1539 0.0224
28 641 0.0224
28 1287 0.0222
28 99 0.0220
28 114 0.0218
28 1079 0.0218
28 839 0.0216
28 1221 0.0216
28 663 0.0214
28 531 0.0214
28 1116 0.0214
28 71 0.0210
28 161 0.0210
28 413 0.0210
28 182 0.0207
28 1205 0.0205
28 1257 0.0205
28 909 0.0204
28 391 0.0202
28 527 0.0202
28 928 0.0202
28 210 0.0201
28 488 0.0201
28 752 0.0201
28 1571 0.0201
28 1342 0.0200
28 876 0.0199
28 1175 0.0199
28 122 0.0198
28 242 0.0198
28 886 0.0198
28 952 0.0198
28 1325 0.0198
28 1048 0.0197
28 230 0.0197
28 471 0.0196
28 1060 0.0196
28 1262 0.0195
28 951 0.0191
28 1271 0.0190
28 301 0.0189
28 1235 0.0186
28 1448 0.0186
28 240 0.0185
28 443 0.0185
28 517 0.0183
28 1165 0.0183
28 1446 0.0183
28 248 0.0182
28 1223 0.0180
28 108 0.0179
28 1489 0.0179
28 1066 0.0178
28 1502 0.0177
28 617 0.0176
28 736 0.0176
28 1214 0.0175
28 771 0.0175
28 835 0.0174
28 827 0.0172
28 903 0.0171
28 652 0.0169
28 845 0.0169
28 613 0.0168
28 1324 0.0168
28 1557 0.0168
28 1338 0.0167
28 1420 0.0167
28 100 0.0165
28 536 0.0165
28 706 0.0165
28 967 0.0164
28 235 0.0163
28 598 0.0163
28 1511 0.0162
28 291 0.0160
28 832 0.0160
28 1087 0.0160
28 626 0.0159
28 726 0.0159
28 867 0.0158
28 525 0.0157
28 922 0.0157
28 1361 0.0157
28 336 0.0156
28 1355 0.0155
28 1276 0.0155
28 628 0.0153
28 1123 0.0153
28 379 0.0153
28 1006 0.0153
28 112 0.0152
28 1058 0.0152
28 145 0.0151
28 1069 0.0151
28 435 0.0151
28 1348 0.0150
28 1414 0.0150
28 589 0.0149
28 1556 0.0149
28 317 0.0148
28 1521 0.0148
28 1091 0.0148
28 1255 0.0145
28 1536 0.0145
28 1227 0.0144
28 959 0.0144
28 1538 0.0144
28 723 0.0140
28 858 0.0140
28 1090 0.0140
28 289 0.0140
28 452 0.0139
28 614 0.0139
28 1181 0.0139
28 893 0.0139
28 1525 0.0139
28 866 0.0137
28 335 0.0137
28 773 0.0137
28 1176 0.0136
28 982 0.0135
28 651 0.0134
28 1369 0.0134
28 1505 0.0134
28 82 0.0132
28 739 0.0130
28 580 0.0129
28 980 0.0129
28 1084 0.0129
28 1456 0.0126
28 673 0.0126
28 1183 0.0123
28 521 0.0122
28 53 0.0121
28 1163 0.0120
28 1224 0.0120
28 1426 0.0120
28 659 0.0119
28 507 0.0117
28 896 0.0117
28 1449 0.0117
28 179 0.0117
28 851 0.0117
28 786 0.0117
28 1301 0.0114
28 1453 0.0109
28 829 0.0108
28 863 0.0108
28 1099 0.0104
28 862 0.0101
28 1440 0.0099
28 942 0.0097
28 868 0.0096
28 1442 0.0088
28 1302 0.0074
28 1466 0.0058
29 726 0.3994
29 769 0.3802
29 1527 0.3267
29 743 0.3222
29 685 0.3205
29 831 0.3205
29 1430 0.3153
29 1213 0.3132
29 1220 0.3127
29 1040 0.2948
29 541 0.2824
29 214 0.2811
29 1162 0.2782
29 460 0.2742
29 919 0.2678
29 775 0.2668
29 254 0.2668
29 1210 0.2572
29 911 0.2540
29 1234 0.2514
29 575 0.2480
29 637 0.2470
29 1156 0.2460
29 48 0.2449
29 1517 0.2429
29 1328 0.2415
29 1504 0.2410
29 372 0.2408
29 1338 0.2371
29 237 0.2352
29 714 0.2311
29 1104 0.2297
29 644 0.2247
29 1344 0.2236
29 1259 0.2220
29 168 0.2211
29 302 0.2200
29 934 0.2178
29 1051 0.2143
29 1549 0.2134
29 768 0.2133
29 1547 0.2117
29 77 0.2110
29 1085 0.2097
29 990 0.2097
29 586 0.2095
29 717 0.2092
29 1199 0.2091
29 1299 0.2090
29 1495 0.2080
29 859 0.2074
29 677 0.2074
29 1460 0.2074
29 1429 0.2072
29 1319 0.2053
29 1458 0.2046
29 810 0.2010
29 1552 0.2001
29 801 0.1983
29 1136 0.1980
29 453 0.1940
29 1145 0.1937
29 544 0.1935
29 1447 0.1932
29 1318 0.1920
29 917 0.1910
29 400 0.1887
29 888 0.1876
29 907 0.1865
29 1274 0.1862
29 181 0.1855
29 269 0.1842
29 1448 0.1830
29 871 0.1828
29 1368 0.1826
29 483 0.1810
29 1121 0.1810
29 324 0.1796
29 1357 0.1796
29 489 0.1785
29 598 0.1778
29 914 0.1748
29 1336 0.1748
29 1360 0.1730
29 953 0.1727
29 1464 0.1723
29 471 0.1717
29 1212 0.1704
29 659 0.1689
29 723 0.1688
29 1012 0.1683
29 1281 0.1682
29 734 0.1668
29 1546 0.1661
29 1518 0.1660
29 761 0.1653
29 1317 0.1647
29 973 0.1646
29 514 0.1633
29 412 0.1626
29 1127 0.1625
29 323 0.1625
29 62 0.1613
29 1507 0.1610
29 1484 0.1608
29 1280 0.1600
29 1022 0.1594
29 878 0.1589
29 611 0.1587
29 609 0.1584
29 846 0.1572
29 877 0.1571
29 602 0.1559
29 1053 0.1547
29 603 0.1539
29 208 0.1532
29 1376 0.1524
29 1174 0.1523
29 809 0.1515
29 154 0.1514
29 1105 0.1511
29 491 0.1509
29 1060 0.1503
29 1294 0.1484
29 1540 0.1481
29 1144 0.1447
29 1426 0.1445
29 687 0.1437
29 1173 0.1424
29 648 0.1420
29 202 0.1415
29 711 0.1415
29 505 0.1409
29 1503 0.1398
29 47 0.1396
29 378 0.1396
29 1061 0.1394
29 1474 0.1391
29 1413 0.1390
29 599 0.1388
29 727 0.1386
29 1209 0.1383
29 828 0.1380
29 1076 0.1369
29 1197 0.1369
29 1279 0.1364
29 1355 0.1358
29 1566 0.1358
29 490 0.1356
29 380 0.1356
29 1206 0.1347
29 402 0.1339
29 1077 0.1338
29 563 0.1337
29 1130 0.1337
29 956 0.1334
29 1006 0.1334
29 821 0.1317
29 860 0.1312
29 1101 0.1309
29 1537 0.1307
29 347 0.1304
29 829 0.1303
29 672 0.1297
29 1047 0.1297
29 849 0.1290
29 58 0.1279
29 1146 0.1279
29 1454 0.1279
29 924 0.1270
29 891 0.1246
29 1402 0.1246
29 341 0.1245
29 1277 0.1245
29 1143 0.1244
29 1258 0.1244
29 270 0.1236
29 1071 0.1234
29 1132 0.1228
29 91 0.1223
29 823 0.1221
29 513 0.1219
29 1140 0.1219
29 1397 0.1219
29 570 0.1212
29 1245 0.1205
29 1421 0.1200
29 1138 0.1197
29 1203 0.1195
29 887 0.1193
29 1393 0.1190
29 1544 0.1188
29 818 0.1181
29 787 0.1174
29 1067 0.1167
29 25 0.1165
29 1295 0.1165
29 963 0.1163
29 1182 0.1157
29 71 0.1150
29 238 0.1149
29 339 0.1136
29 1553 0.1136
29 925 0.1135
29 999 0.1135
29 910 0.1130
29 337 0.1123
29 664 0.1123
29 1035 0.1122
29 1545 0.1122
29 693 0.1107
29 1219 0.1096
29 233 0.1094
29 998 0.1094
29 688 0.1094
29 1371 0.1083
29 748 0.1083
29 415 0.1078
29 381 0.1071
29 87 0.1067
29 548 0.1067
29 351 0.1066
29 671 0.1065
29 521 0.1062
29 1511 0.1062
29 1359 0.1059
29 1198 0.1048
29 951 0.1044
29 1129 0.1042
29 852 0.1039
29 523 0.1037
29 1573 0.1037
29 610 0.1032
29 894 0.1020
29 874 0.1018
29 905 0.1017
29 532 0.1016
29 1564 0.1016
29 398 0.1006
29 422 0.1005
29 360 0.1001
29 1114 0.0998
29 588 0.0996
29 754 0.0996
29 1380 0.0992
29 1305 0.0992
29 213 0.0987
29 476 0.0987
29 1335 0.0985
29 646 0.0984
29 895 0.0982
29 1254 0.0980
29 1345 0.0980
29 920 0.0978
29 583 0.0970
29 622 0.0969
29 728 0.0968
29 691 0.0964
29 802 0.0963
29 534 0.0960
29 745 0.0960
29 252 0.0956
29 1141 0.0953
29 32 0.0952
29 1170 0.0950
29 811 0.0947
29 747 0.0945
29 1463 0.0942
29 1425 0.0939
29 1385 0.0934
29 1074 0.0931
29 1435 0.0931
29 1415 0.0929
29 824 0.0921
29 1548 0.0921
29 1496 0.0920
29 1204 0.0914
29 1019 0.0912
29 667 0.0911
29 660 0.0905
29 1023 0.0905
29 1152 0.0905
29 536 0.0903
29 255 0.0901
29 1520 0.0900
29 783 0.0898
29 850 0.0898
29 1541 0.0898
29 830 0.0896
29 1134 0.0892
29 1251 0.0892
29 3 0.0887
29 159 0.0886
29 218 0.0886
29 1137 0.0874
29 1256 0.0871
29 1014 0.0866
29 952 0.0865
29 867 0.0864
29 1563 0.0864
29 635 0.0863
29 1192 0.0863
29 308 0.0857
29 1539 0.0857
29 696 0.0855
29 300 0.0853
29 316 0.0852
29 779 0.0852
29 162 0.0847
29 843 0.0847
29 1253 0.0844
29 627 0.0841
29 379 0.0834
29 442 0.0831
29 1260 0.0831
29 613 0.0828
29 145 0.0827
29 394 0.0827
29 1226 0.0824
29 1427 0.0824
29 1570 0.0824
29 1094 0.0822
29 1521 0.0810
29 228 0.0803
29 1155 0.0802
29 1252 0.0801
29 991 0.0798
29 142 0.0794
29 682 0.0794
29 28 0.0793
29 205 0.0788
29 272 0.0786
29 299 0.0786
29 1112 0.0786
29 1538 0.0785
29 1388 0.0774
29 875 0.0770
29 851 0.0768
29 81 0.0766
29 157 0.0766
29 614 0.0762
29 63 0.0762
29 225 0.0757
29 886 0.0757
29 110 0.0753
29 1158 0.0737
29 65 0.0733
29 815 0.0733
29 1384 0.0733
29 1475 0.0733
29 1420 0.0729
29 945 0.0728
29 1049 0.0728
29 965 0.0727
29 706 0.0722
29 777 0.0722
29 1471 0.0722
29 841 0.0720
29 1005 0.0718
29 1343 0.0718
29 1468 0.0718
29 1453 0.0717
29 967 0.0715
29 235 0.0711
29 630 0.0708
29 180 0.0707
29 411 0.0707
29 738 0.0707
29 512 0.0701
29 216 0.0699
29 496 0.0698
29 421 0.0696
29 879 0.0695
29 495 0.0691
29 922 0.0688
29 686 0.0684
29 927 0.0679
29 158 0.0679
29 975 0.0673
29 1340 0.0670
29 604 0.0667
29 666 0.0667
29 913 0.0667
29 681 0.0664
29 29 0.0663
29 504 0.0662
29 1164 0.0661
29 1512 0.0661
29 1031 0.0659
29 192 0.0658
29 1224 0.0657
29 420 0.0656
29 1007 0.0656
29 1039 0.0656
29 1083 0.0656
29 73 0.0653
29 574 0.0653
29 226 0.0649
29 526 0.0649
29 1048 0.0646
29 746 0.0645
29 993 0.0645
29 1218 0.0645
29 549 0.0644
29 1119 0.0644
29 211 0.0639
29 326 0.0635
29 989 0.0635
29 916 0.0631
29 196 0.0626
29 1142 0.0626
29 438 0.0622
29 636 0.0622
29 301 0.0618
29 749 0.0617
29 795 0.0612
29 401 0.0610
29 1181 0.0609
29 104 0.0607
29 929 0.0603
29 34 0.0602
29 1409 0.0601
29 457 0.0599
29 427 0.0595
29 863 0.0592
29 268 0.0591
29 1578 0.0588
29 1118 0.0585
29 1369 0.0585
29 1450 0.0584
29 1249 0.0581
29 695 0.0575
29 853 0.0573
29 739 0.0570
29 1010 0.0570
29 410 0.0568
29 580 0.0564
29 1524 0.0564
29 529 0.0561
29 822 0.0561
29 1003 0.0561
29 1362 0.0559
29 511 0.0554
29 1211 0.0554
29 845 0.0553
29 273 0.0550
29 284 0.0550
29 1324 0.0550
29 1389 0.0550
29 1004 0.0548
29 1120 0.0544
29 684 0.0542
29 1473 0.0542
29 524 0.0542
29 1554 0.0542
29 472 0.0539
29 1115 0.0539
29 729 0.0537
29 900 0.0536
29 1183 0.0535
29 1189 0.0535
29 1391 0.0535
29 54 0.0534
29 675 0.0534
29 12 0.0531
29 475 0.0531
29 942 0.0530
29 791 0.0530
29 1073 0.0530
29 408 0.0524
29 458 0.0524
29 568 0.0524
29 782 0.0524
29 1349 0.0524
29 469 0.0523
29 97 0.0518
29 436 0.0518
29 1063 0.0518
29 1423 0.0516
29 26 0.0514
29 620 0.0514
29 166 0.0513
29 883 0.0513
29 4 0.0511
29 656 0.0509
29 1180 0.0505
29 51 0.0502
29 59 0.0498
29 594 0.0498
29 1486 0.0493
29 1483 0.0490
29 1283 0.0490
29 311 0.0489
29 455 0.0487
29 1387 0.0482
29 80 0.0480
29 1529 0.0480
29 143 0.0480
29 371 0.0478
29 771 0.0477
29 1034 0.0476
29 1079 0.0476
29 1431 0.0476
29 1194 0.0474
29 232 0.0472
29 839 0.0472
29 1221 0.0472
29 239 0.0471
29 1153 0.0469
29 1528 0.0469
29 155 0.0467
29 814 0.0464
29 889 0.0464
29 572 0.0462
29 1406 0.0462
29 413 0.0460
29 631 0.0460
29 947 0.0455
29 182 0.0453
29 1052 0.0453
29 1580 0.0453
29 384 0.0449
29 1205 0.0449
29 1257 0.0449
29 766 0.0446
29 1159 0.0446
29 1311 0.0446
29 527 0.0442
29 928 0.0442
29 486 0.0440
29 752 0.0439
29 1078 0.0439
29 1315 0.0439
29 1571 0.0439
29 605 0.0438
29 1133 0.0437
29 219 0.0436
29 262 0.0436
29 683 0.0436
29 876 0.0436
29 1175 0.0436
29 136 0.0436
29 836 0.0434
29 125 0.0433
29 242 0.0432
29 1026 0.0432
29 1325 0.0432
29 46 0.0430
29 702 0.0430
29 545 0.0429
29 565 0.0429
29 334 0.0429
29 1184 0.0426
29 1262 0.0426
29 793 0.0420
29 1057 0.0418
29 1372 0.0415
29 1485 0.0412
29 1235 0.0407
29 1392 0.0406
29 1582 0.0404
29 694 0.0399
29 1446 0.0399
29 1223 0.0394
29 404 0.0394
29 899 0.0392
29 1489 0.0392
29 1510 0.0391
29 699 0.0390
29 1433 0.0390
29 540 0.0387
29 1502 0.0387
29 617 0.0385
29 736 0.0385
29 1017 0.0383
29 1214 0.0383
29 120 0.0381
29 1500 0.0379
29 1216 0.0378
29 1410 0.0378
29 827 0.0377
29 903 0.0375
29 134 0.0373
29 1193 0.0371
29 20 0.0370
29 1364 0.0370
29 652 0.0369
29 804 0.0369
29 1557 0.0367
29 1122 0.0365
29 1476 0.0362
29 100 0.0361
29 1186 0.0361
29 857 0.0359
29 423 0.0358
29 1081 0.0352
29 291 0.0351
29 1087 0.0351
29 1303 0.0349
29 358 0.0348
29 767 0.0346
29 1009 0.0346
29 278 0.0346
29 525 0.0344
29 1361 0.0344
29 1229 0.0342
29 492 0.0338
29 1276 0.0338
29 650 0.0336
29 840 0.0336
29 1024 0.0335
29 909 0.0334
29 884 0.0334
29 862 0.0332
29 112 0.0332
29 591 0.0332
29 1058 0.0332
29 1160 0.0332
29 1069 0.0331
29 61 0.0330
29 559 0.0330
29 348 0.0329
29 435 0.0329
29 533 0.0328
29 1414 0.0328
29 589 0.0325
29 1556 0.0325
29 1440 0.0323
29 383 0.0323
29 1148 0.0321
29 68 0.0319
29 23 0.0318
29 236 0.0318
29 246 0.0318
29 1089 0.0318
29 1255 0.0316
29 1536 0.0316
29 612 0.0315
29 868 0.0315
29 813 0.0314
29 959 0.0314
29 1271 0.0311
29 1090 0.0307
29 289 0.0306
29 309 0.0306
29 452 0.0305
29 893 0.0304
29 1525 0.0304
29 75 0.0300
29 866 0.0299
29 741 0.0298
29 773 0.0298
29 915 0.0298
29 902 0.0297
29 1304 0.0297
29 873 0.0296
29 1176 0.0296
29 982 0.0295
29 1533 0.0295
29 651 0.0293
29 908 0.0293
29 1579 0.0293
29 1403 0.0292
29 1505 0.0292
29 1230 0.0291
29 189 0.0284
29 485 0.0284
29 980 0.0282
29 1084 0.0281
29 515 0.0280
29 1383 0.0280
29 1456 0.0276
29 673 0.0275
29 1072 0.0274
29 1356 0.0273
29 854 0.0271
29 1020 0.0270
29 1444 0.0269
29 960 0.0268
29 1207 0.0268
29 1394 0.0268
29 362 0.0265
29 53 0.0264
29 1163 0.0263
29 424 0.0261
29 231 0.0259
29 657 0.0257
29 896 0.0257
29 1298 0.0257
29 1449 0.0257
29 179 0.0256
29 1095 0.0256
29 786 0.0255
29 1301 0.0249
29 11 0.0246
29 658 0.0245
29 1292 0.0244
29 18 0.0238
29 566 0.0236
29 1168 0.0236
29 1099 0.0227
29 1128 0.0222
29 1240 0.0221
29 7 0.0221
29 799 0.0221
29 1347 0.0220
29 88 0.0219
29 1342 0.0219
29 230 0.0215
29 676 0.0215
29 1526 0.0215
29 1334 0.0213
29 1366 0.0203
29 441 0.0202
29 149 0.0200
29 244 0.0196
29 797 0.0196
29 172 0.0195
29 1400 0.0190
29 374 0.0187
29 1519 0.0187
29 229 0.0186
29 267 0.0183
29 992 0.0171
29 376 0.0170
29 674 0.0169
29 361 0.0168
29 547 0.0164
29 1302 0.0162
29 923 0.0150
29 985 0.0150
29 765 0.0141
29 186 0.0140
29 616 0.0135
29 1191 0.0135
29 325 0.0135
29 1028 0.0124
29 99 0.0120
29 391 0.0111
29 1320 0.0104
29 1190 0.0078
29 1466 0.0063
30 1120 0.4358
30 1050 0.4140
30 510 0.4095
30 1476 0.4090
30 379 0.4006
30 1382 0.3922
30 29 0.3862
30 446 0.3829
30 986 0.3824
30 469 0.3810
30 190 0.3771
30 1419 0.3741
30 1478 0.3736
30 978 0.3677
30 719 0.3642
30 695 0.3611
30 487 0.3603
30 731 0.3566
30 444 0.3508
30 344 0.3491
30 947 0.3481
30 1361 0.3381
30 742 0.3380
30 589 0.3374
30 1012 0.3369
30 210 0.3354
30 730 0.3334
30 1354 0.3321
30 1195 0.3289
30 503 0.3269
30 862 0.3265
30 1069 0.3250
30 1407 0.3249
30 470 0.3229
30 1278 0.3190
30 945 0.3181
30 307 0.3150
30 326 0.3120
30 1194 0.3108
30 292 0.3082
30 562 0.3073
30 794 0.3064
30 987 0.3056
30 284 0.3002
30 256 0.2972
30 461 0.2964
30 995 0.2957
30 939 0.2942
30 1115 0.2942
30 713 0.2897
30 1297 0.2894
30 605 0.2873
30 1523 0.2854
30 576 0.2835
30 963 0.2833
30 1457 0.2818
30 1070 0.2808
30 267 0.2802
30 969 0.2802
30 1262 0.2793
30 1030 0.2784
30 1355 0.2780
30 661 0.2762
30 536 0.2759
30 430 0.2755
30 1383 0.2748
30 632 0.2746
30 578 0.2724
30 93 0.2716
30 1461 0.2715
30 1028 0.2700
30 348 0.2697
30 1222 0.2692
30 837 0.2685
30 479 0.2682
30 1263 0.2674
30 217 0.2668
30 89 0.2661
30 1365 0.2658
30 1113 0.2650
30 1522 0.2642
30 504 0.2602
30 1147 0.2602
30 979 0.2600
30 1536 0.2590
30 1016 0.2583
30 805 0.2560
30 1123 0.2560
30 290 0.2551
30 942 0.2547
30 591 0.2538
30 1082 0.2538
30 253 0.2535
30 519 0.2509
30 1513 0.2509
30 196 0.2508
30 373 0.2495
30 835 0.2495
30 1508 0.2481
30 759 0.2464
30 480 0.2454
30 601 0.2454
30 1441 0.2454
30 1285 0.2448
30 1560 0.2448
30 741 0.2443
30 191 0.2440
30 676 0.2424
30 1065 0.2419
30 824 0.2415
30 1539 0.2408
30 641 0.2402
30 1420 0.2390
30 135 0.2378
30 1479 0.2377
30 82 0.2363
30 847 0.2359
30 977 0.2354
30 1234 0.2353
30 946 0.2338
30 790 0.2337
30 1239 0.2333
30 54 0.2330
30 555 0.2318
30 711 0.2318
30 1100 0.2318
30 257 0.2308
30 1084 0.2304
30 906 0.2298
30 799 0.2293
30 458 0.2289
30 1561 0.2287
30 47 0.2286
30 61 0.2280
30 335 0.2280
30 811 0.2274
30 251 0.2265
30 816 0.2265
30 968 0.2265
30 898 0.2254
30 673 0.2250
30 1226 0.2250
30 1520 0.2247
30 625 0.2245
30 566 0.2232
30 293 0.2225
30 277 0.2224
30 1200 0.2224
30 668 0.2208
30 1192 0.2198
30 1465 0.2194
30 1245 0.2193
30 366 0.2189
30 1058 0.2176
30 848 0.2173
30 268 0.2153
30 207 0.2148
30 451 0.2140
30 844 0.2135
30 107 0.2134
30 1187 0.2125
30 567 0.2112
30 1286 0.2110
30 66 0.2095
30 817 0.2085
30 246 0.2080
30 395 0.2076
30 949 0.2072
30 331 0.2066
30 1410 0.2065
30 1339 0.2064
30 296 0.2038
30 1530 0.2038
30 164 0.2035
30 1294 0.2025
30 247 0.2009
30 333 0.1997
30 117 0.1993
30 1398 0.1992
30 407 0.1989
30 577 0.1989
30 1501 0.1985
30 985 0.1961
30 915 0.1954
30 39 0.1949
30 1517 0.1945
30 1386 0.1937
30 970 0.1931
30 559 0.1920
30 1093 0.1899
30 802 0.1892
30 1459 0.1884
30 266 0.1883
30 119 0.1882
30 1331 0.1882
30 464 0.1871
30 64 0.1861
30 189 0.1861
30 329 0.1855
30 627 0.1838
30 870 0.1835
30 1057 0.1824
30 20 0.1821
30 1211 0.1816
30 462 0.1811
30 806 0.1805
30 1273 0.1789
30 1471 0.1774
30 484 0.1774
30 751 0.1754
30 1207 0.1754
30 1555 0.1754
30 573 0.1740
30 630 0.1739
30 878 0.1735
30 1309 0.1733
30 1021 0.1731
30 205 0.1721
30 846 0.1716
30 1469 0.1716
30 669 0.1714
30 1303 0.1714
30 1467 0.1714
30 1125 0.1707
30 626 0.1706
30 705 0.1702
30 14 0.1698
30 789 0.1698
30 872 0.1698
30 1563 0.1698
30 508 0.1683
30 992 0.1683
30 439 0.1681
30 4 0.1675
30 336 0.1675
30 1358 0.1672
30 1037 0.1665
30 1514 0.1663
30 465 0.1648
30 422 0.1646
30 628 0.1646
30 374 0.1636
30 773 0.1629
30 709 0.1624
30 187 0.1618
30 98 0.1611
30 1083 0.1611
30 1158 0.1609
30 622 0.1587
30 1287 0.1587
30 691 0.1579
30 1001 0.1572
30 1442 0.1570
30 138 0.1566
30 137 0.1548
30 432 0.1546
30 411 0.1545
30 896 0.1541
30 1443 0.1536
30 663 0.1535
30 546 0.1532
30 1061 0.1522
30 558 0.1516
30 528 0.1513
30 1009 0.1513
30 309 0.1503
30 1140 0.1497
30 440 0.1494
30 784 0.1492
30 393 0.1486
30 660 0.1482
30 259 0.1478
30 617 0.1472
30 287 0.1471
30 340 0.1471
30 602 0.1460
30 964 0.1460
30 1067 0.1457
30 1240 0.1451
30 67 0.1448
30 106 0.1440
30 88 0.1438
30 752 0.1438
30 174 0.1427
30 377 0.1427
30 704 0.1427
30 118 0.1417
30 283 0.1417
30 386 0.1409
30 702 0.1409
30 750 0.1406
30 485 0.1395
30 1122 0.1394
30 1103 0.1377
30 636 0.1359
30 1307 0.1350
30 1562 0.1350
30 658 0.1338
30 1422 0.1332
30 737 0.1330
30 670 0.1327
30 1515 0.1324
30 214 0.1316
30 1266 0.1316
30 1421 0.1310
30 1357 0.1307
30 1203 0.1305
30 982 0.1290
30 912 0.1286
30 163 0.1284
30 244 0.1284
30 1481 0.1284
30 1066 0.1276
30 1092 0.1269
30 587 0.1261
30 179 0.1258
30 2 0.1254
30 90 0.1254
30 537 0.1254
30 1109 0.1254
30 63 0.1247
30 763 0.1245
30 468 0.1240
30 983 0.1220
30 804 0.1207
30 65 0.1201
30 387 0.1201
30 994 0.1200
30 1270 0.1196
30 724 0.1189
30 1330 0.1189
30 1150 0.1171
30 960 0.1169
30 418 0.1165
30 560 0.1154
30 885 0.1154
30 426 0.1144
30 823 0.1143
30 890 0.1143
30 767 0.1135
30 1406 0.1135
30 1451 0.1135
30 38 0.1132
30 346 0.1132
30 716 0.1132
30 867 0.1132
30 657 0.1123
30 26 0.1122
30 1288 0.1119
30 937 0.1112
30 492 0.1107
30 674 0.1107
30 1246 0.1107
30 1395 0.1107
30 1244 0.1102
30 149 0.1090
30 991 0.1090
30 1114 0.1090
30 397 0.1083
30 599 0.1083
30 486 0.1080
30 435 0.1079
30 1007 0.1074
30 103 0.1074
30 420 0.1074
30 886 0.1062
30 406 0.1061
30 597 0.1057
30 618 0.1057
30 728 0.1057
30 772 0.1057
30 565 0.1055
30 962 0.1053
30 736 0.1051
30 1117 0.1051
30 1202 0.1044
30 996 0.1040
30 1141 0.1040
30 1255 0.1036
30 600 0.1028
30 167 0.1024
30 155 0.1020
30 1008 0.1020
30 760 0.1017
30 692 0.1017
30 35 0.1009
30 858 0.1005
30 1197 0.0996
30 127 0.0994
30 1000 0.0994
30 443 0.0991
30 581 0.0991
30 1052 0.0988
30 1062 0.0987
30 1127 0.0986
30 961 0.0984
30 923 0.0984
30 43 0.0981
30 49 0.0981
30 109 0.0981
30 842 0.0981
30 414 0.0974
30 243 0.0971
30 1128 0.0969
30 212 0.0967
30 1054 0.0967
30 1533 0.0967
30 1511 0.0966
30 1049 0.0954
30 136 0.0951
30 330 0.0951
30 590 0.0948
30 836 0.0948
30 1492 0.0948
30 436 0.0944
30 972 0.0942
30 1289 0.0939
30 739 0.0933
30 1292 0.0932
30 316 0.0930
30 382 0.0930
30 679 0.0930
30 1253 0.0922
30 1199 0.0913
30 1460 0.0906
30 140 0.0900
30 607 0.0897
30 1072 0.0897
30 1373 0.0870
30 142 0.0867
30 449 0.0867
30 1089 0.0867
30 733 0.0866
30 299 0.0858
30 1112 0.0858
30 1349 0.0858
30 780 0.0856
30 1528 0.0853
30 523 0.0849
30 1388 0.0845
30 584 0.0840
30 768 0.0832
30 999 0.0826
30 721 0.0818
30 213 0.0808
30 416 0.0808
30 953 0.0808
30 11 0.0806
30 717 0.0806
30 123 0.0801
30 311 0.0801
30 720 0.0793
30 965 0.0793
30 1271 0.0791
30 463 0.0779
30 1558 0.0779
30 1411 0.0773
30 1116 0.0766
30 216 0.0763
30 1415 0.0761
30 814 0.0760
30 1233 0.0760
30 1129 0.0758
30 33 0.0755
30 677 0.0755
30 3 0.0753
30 161 0.0753
30 434 0.0753
30 631 0.0753
30 1456 0.0752
30 372 0.0751
30 425 0.0751
30 173 0.0750
30 357 0.0750
30 428 0.0747
30 1161 0.0747
30 1374 0.0746
30 984 0.0743
30 349 0.0741
30 473 0.0741
30 1033 0.0735
30 1504 0.0731
30 314 0.0730
30 697 0.0728
30 310 0.0724
30 941 0.0724
30 1583 0.0724
30 1477 0.0722
30 895 0.0715
30 219 0.0713
30 619 0.0713
30 1175 0.0713
30 1396 0.0713
30 526 0.0708
30 672 0.0708
30 936 0.0708
30 948 0.0708
30 1026 0.0708
30 1360 0.0708
30 1581 0.0708
30 1148 0.0701
30 58 0.0698
30 642 0.0698
30 753 0.0696
30 162 0.0693
30 662 0.0693
30 447 0.0691
30 1046 0.0690
30 52 0.0688
30 612 0.0688
30 321 0.0687
30 813 0.0685
30 518 0.0684
30 951 0.0684
30 224 0.0683
30 808 0.0683
30 1402 0.0680
30 438 0.0679
30 389 0.0675
30 1193 0.0675
30 178 0.0675
30 448 0.0675
30 933 0.0675
30 1247 0.0675
30 497 0.0673
30 1132 0.0670
30 1235 0.0666
30 170 0.0663
30 774 0.0662
30 312 0.0658
30 350 0.0658
30 1453 0.0652
30 193 0.0650
30 248 0.0650
30 427 0.0650
30 489 0.0650
30 108 0.0642
30 502 0.0642
30 797 0.0642
30 1436 0.0642
30 1279 0.0638
30 85 0.0636
30 261 0.0636
30 380 0.0634
30 981 0.0631
30 932 0.0628
30 222 0.0624
30 1097 0.0624
30 541 0.0617
30 1179 0.0613
30 822 0.0613
30 1545 0.0613
30 755 0.0610
30 1047 0.0607
30 271 0.0604
30 652 0.0604
30 845 0.0604
30 431 0.0600
30 1506 0.0600
30 665 0.0598
30 1265 0.0598
30 342 0.0597
30 1534 0.0597
30 1272 0.0593
30 147 0.0591
30 654 0.0591
30 1509 0.0588
30 820 0.0585
30 87 0.0583
30 623 0.0583
30 675 0.0583
30 974 0.0583
30 1178 0.0580
30 880 0.0574
30 1087 0.0574
30 424 0.0569
30 1510 0.0569
30 1172 0.0566
30 509 0.0564
30 1344 0.0564
30 776 0.0561
30 1319 0.0560
30 1096 0.0558
30 656 0.0556
30 1375 0.0556
30 361 0.0551
30 650 0.0551
30 764 0.0551
30 1378 0.0551
30 398 0.0549
30 1282 0.0547
30 59 0.0544
30 341 0.0544
30 1032 0.0544
30 1346 0.0544
30 761 0.0542
30 1418 0.0539
30 1550 0.0539
30 533 0.0537
30 798 0.0537
30 1283 0.0535
30 1556 0.0533
30 317 0.0530
30 629 0.0530
30 417 0.0529
30 1575 0.0529
30 1387 0.0526
30 534 0.0524
30 1529 0.0524
30 1350 0.0522
30 701 0.0520
30 1208 0.0520
30 1367 0.0520
30 722 0.0518
30 918 0.0518
30 215 0.0513
30 954 0.0511
30 1341 0.0511
30 198 0.0506
30 572 0.0505
30 60 0.0503
30 91 0.0501
30 1045 0.0501
30 1370 0.0501
30 614 0.0499
30 1397 0.0499
30 927 0.0494
30 392 0.0490
30 466 0.0490
30 221 0.0487
30 766 0.0487
30 1036 0.0485
30 928 0.0483
30 304 0.0480
30 1379 0.0480
30 1315 0.0479
30 1327 0.0479
30 1118 0.0479
30 78 0.0477
30 712 0.0476
30 1291 0.0476
30 154 0.0472
30 46 0.0470
30 1352 0.0469
30 1210 0.0468
30 1494 0.0468
30 315 0.0465
30 318 0.0465
30 1042 0.0465
30 1267 0.0465
30 580 0.0462
30 1088 0.0461
30 1335 0.0461
30 1260 0.0454
30 1329 0.0449
30 345 0.0447
30 401 0.0444
30 740 0.0441
30 467 0.0439
30 732 0.0439
30 1252 0.0437
30 1446 0.0436
30 681 0.0435
30 1224 0.0430
30 1489 0.0428
30 1578 0.0428
30 172 0.0425
30 297 0.0425
30 699 0.0425
30 97 0.0425
30 1154 0.0423
30 734 0.0420
30 1466 0.0415
30 925 0.0413
30 1142 0.0410
30 437 0.0406
30 36 0.0406
30 258 0.0405
30 696 0.0400
30 1324 0.0400
30 744 0.0398
30 204 0.0398
30 684 0.0394
30 99 0.0393
30 857 0.0392
30 1343 0.0392
30 114 0.0391
30 1068 0.0388
30 1277 0.0388
30 863 0.0388
30 475 0.0386
30 988 0.0386
30 171 0.0385
30 561 0.0385
30 1171 0.0381
30 957 0.0377
30 525 0.0376
30 1099 0.0372
30 971 0.0371
30 874 0.0371
30 265 0.0369
30 1205 0.0368
30 144 0.0367
30 585 0.0366
30 810 0.0366
30 1024 0.0366
30 633 0.0363
30 1160 0.0363
30 391 0.0362
30 1164 0.0361
30 637 0.0360
30 973 0.0360
30 796 0.0354
30 1048 0.0353
30 320 0.0352
30 1401 0.0352
30 1542 0.0347
30 55 0.0345
30 747 0.0344
30 1153 0.0341
30 891 0.0340
30 1225 0.0335
30 289 0.0334
30 452 0.0333
30 871 0.0333
30 1181 0.0333
30 929 0.0329
30 855 0.0328
30 1013 0.0327
30 902 0.0325
30 1540 0.0324
30 651 0.0320
30 1579 0.0320
30 1133 0.0318
30 1336 0.0318
30 1144 0.0316
30 1156 0.0316
30 133 0.0310
30 648 0.0310
30 1053 0.0307
30 608 0.0305
30 1085 0.0305
30 781 0.0304
30 394 0.0301
30 1170 0.0296
30 616 0.0296
30 1020 0.0295
30 472 0.0295
30 1444 0.0294
30 402 0.0292
30 1332 0.0292
30 521 0.0290
30 404 0.0287
30 116 0.0286
30 875 0.0280
30 592 0.0279
30 569 0.0277
30 1216 0.0275
30 367 0.0274
30 594 0.0272
30 1301 0.0272
30 1516 0.0271
30 364 0.0269
30 302 0.0267
30 148 0.0264
30 1284 0.0262
30 1353 0.0260
30 1308 0.0258
30 22 0.0258
30 738 0.0258
30 1425 0.0256
30 1182 0.0253
30 1328 0.0251
30 664 0.0245
30 621 0.0243
30 1325 0.0236
30 230 0.0235
30 471 0.0234
30 1119 0.0234
30 1334 0.0232
30 240 0.0220
30 801 0.0217
30 640 0.0215
30 356 0.0208
30 1400 0.0208
30 907 0.0204
30 1364 0.0202
30 815 0.0200
30 378 0.0190
30 1490 0.0184
30 1180 0.0184
30 199 0.0182
30 201 0.0181
30 700 0.0181
30 1380 0.0181
30 1322 0.0179
30 1302 0.0177
30 1326 0.0175
30 1155 0.0175
30 239 0.0171
30 1385 0.0170
30 1074 0.0169
30 1162 0.0169
30 94 0.0163
30 873 0.0162
30 1243 0.0160
30 904 0.0148
30 507 0.0140
30 786 0.0139
30 1409 0.0131
30 1333 0.0131
30 1546 0.0121
30 1347 0.0120
30 1342 0.0119
30 877 0.0114
31 1440 0.3778
31 582 0.2928
31 815 0.2572
31 495 0.2182
31 977 0.1925
31 722 0.1886
31 1253 0.1875
31 1527 0.1833
31 232 0.1820
31 1325 0.1668
31 1436 0.1650
31 78 0.1635
31 1250 0.1589
31 304 0.1543
31 1455 0.1524
31 403 0.1519
31 1408 0.1512
31 338 0.1507
31 312 0.1480
31 1324 0.1414
31 1185 0.1411
31 1518 0.1398
31 369 0.1372
31 230 0.1358
31 961 0.1344
31 236 0.1336
31 295 0.1336
31 701 0.1336
31 1576 0.1336
31 1430 0.1327
31 670 0.1326
31 347 0.1306
31 889 0.1301
31 35 0.1296
31 215 0.1235
31 619 0.1222
31 213 0.1211
31 416 0.1211
31 937 0.1190
31 1395 0.1185
31 829 0.1163
31 486 0.1157
31 1391 0.1127
31 935 0.1127
31 113 0.1120
31 850 0.1102
31 1206 0.1102
31 507 0.1080
31 1308 0.1078
31 1315 0.1077
31 743 0.1076
31 895 0.1071
31 506 0.1062
31 1410 0.1061
31 1061 0.1059
31 1131 0.1059
31 269 0.1057
31 1321 0.1057
31 217 0.1048
31 983 0.1045
31 1120 0.1018
31 932 0.1009
31 1509 0.1008
31 919 0.0994
31 794 0.0984
31 880 0.0984
31 1501 0.0975
31 626 0.0974
31 733 0.0974
31 268 0.0968
31 994 0.0963
31 1181 0.0962
31 1229 0.0961
31 1541 0.0945
31 444 0.0939
31 604 0.0936
31 862 0.0932
31 435 0.0924
31 1007 0.0920
31 1342 0.0920
31 1336 0.0920
31 374 0.0919
31 544 0.0905
31 624 0.0905
31 471 0.0904
31 252 0.0894
31 1194 0.0887
31 515 0.0883
31 196 0.0879
31 1057 0.0879
31 389 0.0867
31 844 0.0857
31 1204 0.0855
31 393 0.0849
31 867 0.0849
31 61 0.0848
31 1529 0.0842
31 503 0.0840
31 985 0.0840
31 39 0.0835
31 828 0.0830
31 1223 0.0830
31 502 0.0825
31 780 0.0825
31 172 0.0820
31 206 0.0818
31 330 0.0815
31 1418 0.0808
31 247 0.0807
31 1331 0.0806
31 357 0.0803
31 64 0.0797
31 611 0.0795
31 182 0.0794
31 367 0.0792
31 77 0.0789
31 644 0.0788
31 1365 0.0788
31 287 0.0787
31 978 0.0787
31 627 0.0787
31 20 0.0780
31 271 0.0776
31 29 0.0775
31 742 0.0775
31 267 0.0772
31 559 0.0771
31 115 0.0769
31 1222 0.0769
31 1291 0.0764
31 1523 0.0764
31 484 0.0760
31 154 0.0758
31 16 0.0756
31 45 0.0756
31 415 0.0756
31 1548 0.0753
31 150 0.0753
31 750 0.0753
31 1526 0.0753
31 370 0.0748
31 1514 0.0748
31 671 0.0747
31 12 0.0745
31 942 0.0744
31 6 0.0743
31 1126 0.0743
31 1462 0.0743
31 456 0.0741
31 1467 0.0734
31 1065 0.0731
31 33 0.0727
31 943 0.0727
31 719 0.0720
31 1132 0.0718
31 10 0.0714
31 158 0.0714
31 650 0.0708
31 395 0.0706
31 422 0.0705
31 1245 0.0704
31 956 0.0702
31 721 0.0701
31 639 0.0699
31 28 0.0696
31 1414 0.0690
31 1345 0.0687
31 1478 0.0686
31 1433 0.0683
31 417 0.0680
31 553 0.0679
31 638 0.0679
31 849 0.0679
31 1119 0.0678
31 81 0.0672
31 138 0.0671
31 371 0.0671
31 363 0.0668
31 280 0.0668
31 1079 0.0668
31 468 0.0664
31 998 0.0658
31 512 0.0656
31 258 0.0650
31 1451 0.0648
31 107 0.0645
31 631 0.0645
31 790 0.0643
31 284 0.0643
31 460 0.0641
31 1197 0.0640
31 784 0.0639
31 1330 0.0636
31 1152 0.0635
31 426 0.0630
31 820 0.0627
31 1493 0.0621
31 7 0.0620
31 1579 0.0617
31 605 0.0615
31 85 0.0613
31 1137 0.0613
31 433 0.0611
31 934 0.0611
31 1037 0.0611
31 526 0.0607
31 886 0.0607
31 936 0.0607
31 948 0.0607
31 1423 0.0603
31 689 0.0602
31 86 0.0594
31 662 0.0594
31 843 0.0594
31 822 0.0590
31 1003 0.0590
31 361 0.0590
31 5 0.0589
31 1085 0.0588
31 1123 0.0587
31 1199 0.0587
31 129 0.0586
31 834 0.0586
31 379 0.0585
31 762 0.0585
31 442 0.0583
31 201 0.0582
31 270 0.0578
31 758 0.0578
31 1265 0.0576
31 259 0.0570
31 654 0.0570
31 558 0.0568
31 1517 0.0568
31 44 0.0565
31 1495 0.0561
31 149 0.0560
31 1446 0.0560
31 1373 0.0559
31 1147 0.0557
31 801 0.0557
31 1339 0.0552
31 299 0.0551
31 1198 0.0551
31 227 0.0550
31 1578 0.0550
31 805 0.0548
31 446 0.0547
31 97 0.0546
31 1531 0.0544
31 380 0.0543
31 1092 0.0543
31 1154 0.0543
31 1474 0.0542
31 552 0.0540
31 551 0.0540
31 875 0.0540
31 955 0.0540
31 179 0.0539
31 90 0.0537
31 519 0.0537
31 1513 0.0537
31 756 0.0535
31 1525 0.0532
31 903 0.0525
31 1179 0.0525
31 392 0.0525
31 341 0.0524
31 1177 0.0523
31 1542 0.0521
31 576 0.0520
31 476 0.0519
31 953 0.0519
31 1533 0.0518
31 168 0.0517
31 965 0.0510
31 760 0.0508
31 209 0.0504
31 687 0.0504
31 846 0.0501
31 1367 0.0501
31 675 0.0499
31 974 0.0499
31 1277 0.0499
31 329 0.0496
31 566 0.0496
31 419 0.0496
31 1100 0.0496
31 1524 0.0495
31 8 0.0494
31 1021 0.0494
31 1341 0.0492
31 890 0.0489
31 198 0.0488
31 421 0.0488
31 781 0.0487
31 38 0.0485
31 241 0.0485
31 372 0.0483
31 425 0.0483
31 898 0.0483
31 1105 0.0482
31 595 0.0480
31 992 0.0480
31 117 0.0480
31 1019 0.0480
31 1417 0.0480
31 21 0.0478
31 336 0.0478
31 1121 0.0476
31 274 0.0476
31 737 0.0475
31 1191 0.0473
31 37 0.0472
31 1205 0.0472
31 70 0.0472
31 402 0.0470
31 160 0.0469
31 766 0.0469
31 1368 0.0466
31 941 0.0465
31 106 0.0463
31 987 0.0462
31 1078 0.0462
31 205 0.0461
31 1438 0.0458
31 907 0.0458
31 1272 0.0458
31 118 0.0455
31 122 0.0455
31 242 0.0455
31 629 0.0454
31 320 0.0453
31 1060 0.0452
31 1452 0.0452
31 1449 0.0450
31 143 0.0449
31 592 0.0449
31 315 0.0449
31 1358 0.0448
31 949 0.0444
31 916 0.0442
31 1232 0.0439
31 1528 0.0439
31 155 0.0437
31 290 0.0437
31 1301 0.0437
31 296 0.0436
31 351 0.0436
31 139 0.0434
31 497 0.0432
31 655 0.0431
31 795 0.0429
31 1370 0.0429
31 401 0.0428
31 1448 0.0428
31 768 0.0427
31 407 0.0426
31 667 0.0426
31 165 0.0425
31 443 0.0425
31 490 0.0423
31 1351 0.0423
31 255 0.0421
31 1050 0.0420
31 741 0.0419
31 489 0.0417
31 1134 0.0417
31 470 0.0415
31 1489 0.0412
31 25 0.0409
31 261 0.0409
31 358 0.0407
31 590 0.0406
31 1492 0.0406
31 981 0.0405
31 1241 0.0403
31 334 0.0401
31 1561 0.0401
31 485 0.0398
31 679 0.0398
31 779 0.0398
31 600 0.0396
31 69 0.0394
31 1035 0.0394
31 1503 0.0392
31 1274 0.0392
31 220 0.0389
31 1260 0.0389
31 1310 0.0389
31 1240 0.0388
31 652 0.0388
31 1461 0.0388
31 273 0.0386
31 88 0.0385
31 501 0.0384
31 607 0.0384
31 1338 0.0384
31 1374 0.0383
31 89 0.0380
31 536 0.0380
31 777 0.0380
31 854 0.0380
31 1020 0.0379
31 322 0.0376
31 930 0.0376
31 1150 0.0376
31 41 0.0376
31 381 0.0376
31 1189 0.0376
31 1207 0.0376
31 1555 0.0376
31 1332 0.0375
31 885 0.0371
31 1 0.0368
31 92 0.0368
31 116 0.0368
31 264 0.0368
31 272 0.0368
31 1169 0.0368
31 1577 0.0368
31 47 0.0367
31 469 0.0367
31 424 0.0366
31 231 0.0364
31 769 0.0364
31 789 0.0364
31 76 0.0363
31 509 0.0362
31 26 0.0360
31 166 0.0360
31 587 0.0360
31 786 0.0357
31 1375 0.0357
31 911 0.0356
31 1432 0.0356
31 1564 0.0356
31 674 0.0356
31 1246 0.0356
31 1000 0.0355
31 128 0.0354
31 144 0.0354
31 1038 0.0353
31 1340 0.0352
31 101 0.0349
31 292 0.0349
31 940 0.0349
31 1160 0.0349
31 1264 0.0349
31 1285 0.0349
31 134 0.0349
31 1323 0.0348
31 397 0.0348
31 1477 0.0348
31 709 0.0348
31 696 0.0343
31 412 0.0342
31 744 0.0341
31 720 0.0340
31 1287 0.0340
31 1091 0.0339
31 99 0.0337
31 197 0.0337
31 841 0.0337
31 847 0.0337
31 1421 0.0337
31 1022 0.0335
31 1089 0.0334
31 32 0.0334
31 634 0.0334
31 1353 0.0334
31 55 0.0333
31 625 0.0333
31 863 0.0332
31 612 0.0331
31 180 0.0331
31 411 0.0331
31 839 0.0331
31 1221 0.0331
31 1317 0.0330
31 1153 0.0329
31 663 0.0329
31 906 0.0328
31 891 0.0328
31 1419 0.0328
31 692 0.0327
31 1415 0.0326
31 91 0.0322
31 173 0.0321
31 440 0.0320
31 686 0.0320
31 1428 0.0319
31 498 0.0318
31 660 0.0317
31 929 0.0317
31 1357 0.0315
31 175 0.0315
31 337 0.0315
31 384 0.0315
31 915 0.0314
31 1251 0.0313
31 366 0.0313
31 527 0.0310
31 799 0.0310
31 1379 0.0309
31 752 0.0308
31 1571 0.0308
31 914 0.0307
31 135 0.0306
31 136 0.0306
31 451 0.0306
31 574 0.0306
31 1256 0.0306
31 1537 0.0306
31 836 0.0305
31 1144 0.0305
31 283 0.0303
31 1026 0.0303
31 853 0.0302
31 676 0.0301
31 565 0.0301
31 1352 0.0301
31 1239 0.0300
31 66 0.0299
31 300 0.0299
31 318 0.0299
31 1107 0.0299
31 1262 0.0299
31 731 0.0299
31 1547 0.0297
31 1335 0.0296
31 186 0.0294
31 216 0.0294
31 461 0.0293
31 518 0.0293
31 1104 0.0293
31 438 0.0291
31 1271 0.0290
31 140 0.0289
31 1270 0.0288
31 184 0.0287
31 479 0.0287
31 984 0.0287
31 1166 0.0287
31 904 0.0286
31 905 0.0285
31 1366 0.0285
31 1422 0.0285
31 441 0.0283
31 774 0.0283
31 1515 0.0283
31 467 0.0282
31 960 0.0282
31 1155 0.0281
31 661 0.0280
31 324 0.0280
31 517 0.0280
31 1114 0.0280
31 1203 0.0279
31 427 0.0278
31 1309 0.0278
31 1544 0.0278
31 305 0.0277
31 564 0.0277
31 1016 0.0277
31 1426 0.0276
31 244 0.0275
31 812 0.0275
31 899 0.0275
31 1481 0.0275
31 1015 0.0274
31 1066 0.0273
31 1269 0.0273
31 1279 0.0273
31 736 0.0270
31 896 0.0270
31 119 0.0269
31 157 0.0269
31 238 0.0269
31 494 0.0269
31 537 0.0269
31 817 0.0268
31 771 0.0268
31 63 0.0267
31 1553 0.0266
31 999 0.0265
31 541 0.0264
31 910 0.0264
31 307 0.0264
31 83 0.0263
31 601 0.0263
31 229 0.0261
31 437 0.0261
31 1305 0.0261
31 462 0.0259
31 1158 0.0258
31 1483 0.0258
31 1539 0.0258
31 123 0.0257
31 276 0.0257
31 285 0.0257
31 387 0.0257
31 487 0.0257
31 513 0.0257
31 1534 0.0256
31 1476 0.0254
31 147 0.0253
31 706 0.0253
31 1484 0.0251
31 87 0.0249
31 623 0.0249
31 93 0.0249
31 1465 0.0249
31 19 0.0248
31 475 0.0248
31 630 0.0248
31 1056 0.0248
31 1511 0.0248
31 362 0.0248
31 131 0.0247
31 257 0.0247
31 561 0.0247
31 710 0.0247
31 718 0.0247
31 832 0.0246
31 1087 0.0246
31 378 0.0245
31 653 0.0245
31 1171 0.0245
31 1303 0.0245
31 767 0.0243
31 251 0.0242
31 436 0.0242
31 677 0.0242
31 1063 0.0242
31 1328 0.0242
31 331 0.0241
31 922 0.0241
31 725 0.0239
31 1086 0.0239
31 349 0.0238
31 864 0.0238
31 1355 0.0238
31 1354 0.0237
31 1490 0.0237
31 430 0.0236
31 840 0.0236
31 912 0.0236
31 1268 0.0236
31 51 0.0235
31 360 0.0234
31 697 0.0234
31 913 0.0234
31 754 0.0233
31 1032 0.0233
31 1058 0.0233
31 391 0.0233
31 145 0.0232
31 1069 0.0232
31 1380 0.0232
31 187 0.0231
31 637 0.0231
31 1031 0.0231
31 103 0.0230
31 282 0.0230
31 533 0.0230
31 547 0.0230
31 571 0.0230
31 860 0.0230
31 589 0.0228
31 1424 0.0228
31 728 0.0226
31 1386 0.0226
31 549 0.0226
31 1318 0.0224
31 1184 0.0224
31 1030 0.0224
31 23 0.0223
31 246 0.0223
31 449 0.0223
31 989 0.0223
31 996 0.0223
31 1208 0.0223
31 447 0.0222
31 1059 0.0222
31 1255 0.0222
31 1227 0.0221
31 868 0.0221
31 239 0.0220
31 813 0.0220
31 224 0.0219
31 233 0.0219
31 808 0.0219
31 1151 0.0219
31 1008 0.0218
31 1313 0.0218
31 1377 0.0218
31 1385 0.0218
31 976 0.0217
31 95 0.0216
31 1090 0.0215
31 614 0.0214
31 1397 0.0214
31 127 0.0213
31 170 0.0213
31 516 0.0213
31 577 0.0213
31 1390 0.0213
31 240 0.0212
31 43 0.0210
31 399 0.0210
31 586 0.0210
31 842 0.0210
31 1412 0.0210
31 94 0.0209
31 902 0.0209
31 1304 0.0208
31 1036 0.0208
31 3 0.0207
31 218 0.0207
31 543 0.0207
31 818 0.0207
31 640 0.0207
31 651 0.0206
31 1243 0.0206
31 924 0.0206
31 1505 0.0205
31 530 0.0204
31 945 0.0204
31 1295 0.0204
31 1316 0.0204
31 1442 0.0202
31 695 0.0202
31 1459 0.0202
31 702 0.0201
31 1070 0.0200
31 739 0.0200
31 124 0.0199
31 382 0.0199
31 1508 0.0199
31 555 0.0199
31 510 0.0197
31 778 0.0197
31 1012 0.0197
31 1211 0.0194
31 190 0.0194
31 962 0.0193
31 673 0.0193
31 665 0.0192
31 1004 0.0192
31 1072 0.0192
31 1219 0.0192
31 1470 0.0190
31 1480 0.0190
31 524 0.0190
31 748 0.0190
31 1064 0.0188
31 963 0.0188
31 105 0.0188
31 1183 0.0188
31 521 0.0186
31 681 0.0186
31 53 0.0185
31 1163 0.0184
31 408 0.0184
31 678 0.0184
31 520 0.0182
31 1520 0.0180
31 368 0.0180
31 584 0.0180
31 1298 0.0180
31 1319 0.0180
31 1382 0.0180
31 830 0.0180
31 569 0.0178
31 1278 0.0178
31 1378 0.0177
31 398 0.0176
31 1142 0.0176
31 59 0.0175
31 588 0.0175
31 164 0.0174
31 36 0.0174
31 1294 0.0173
31 1259 0.0173
31 1550 0.0173
31 11 0.0173
31 253 0.0171
31 302 0.0171
31 522 0.0171
31 641 0.0171
31 1236 0.0171
31 1292 0.0171
31 455 0.0171
31 148 0.0170
31 622 0.0170
31 1575 0.0170
31 615 0.0168
31 1333 0.0168
31 114 0.0167
31 423 0.0167
31 18 0.0167
31 176 0.0167
31 463 0.0167
31 579 0.0167
31 22 0.0165
31 1002 0.0165
31 1411 0.0165
31 531 0.0164
31 954 0.0164
31 40 0.0163
31 1406 0.0162
31 266 0.0161
31 413 0.0161
31 1055 0.0161
31 428 0.0160
31 763 0.0160
31 894 0.0159
31 664 0.0157
31 909 0.0156
31 1399 0.0156
31 1128 0.0156
31 928 0.0155
31 1583 0.0155
31 1347 0.0154
31 210 0.0154
31 1327 0.0154
31 73 0.0153
31 219 0.0153
31 683 0.0153
31 712 0.0153
31 876 0.0153
31 952 0.0152
31 1581 0.0152
31 474 0.0151
31 642 0.0150
31 500 0.0147
31 1103 0.0147
31 321 0.0147
31 951 0.0146
31 636 0.0145
31 968 0.0145
31 1320 0.0145
31 1372 0.0145
31 1312 0.0145
31 126 0.0144
31 345 0.0144
31 703 0.0142
31 740 0.0142
31 34 0.0141
31 991 0.0140
31 1337 0.0140
31 599 0.0139
31 800 0.0137
31 297 0.0137
31 699 0.0137
31 705 0.0137
31 785 0.0137
31 1051 0.0137
31 1135 0.0137
31 1237 0.0137
31 1450 0.0137
31 668 0.0135
31 1117 0.0135
31 208 0.0134
31 454 0.0134
31 1464 0.0134
31 222 0.0134
31 373 0.0134
31 1400 0.0134
31 811 0.0133
31 827 0.0132
31 480 0.0131
31 755 0.0131
31 293 0.0130
31 1364 0.0130
31 824 0.0129
31 845 0.0129
31 969 0.0129
31 1300 0.0129
31 1506 0.0129
31 204 0.0128
31 514 0.0127
31 724 0.0127
31 1479 0.0127
31 684 0.0127
31 995 0.0127
31 1127 0.0127
31 1186 0.0127
31 472 0.0126
31 632 0.0126
31 729 0.0126
31 418 0.0125
31 548 0.0125
31 1068 0.0125
31 432 0.0124
31 988 0.0124
31 171 0.0124
31 838 0.0123
31 917 0.0122
31 1209 0.0121
31 1563 0.0121
31 698 0.0121
31 1289 0.0121
31 1457 0.0121
31 620 0.0120
31 376 0.0119
31 281 0.0119
31 585 0.0117
31 810 0.0117
31 1024 0.0117
31 1067 0.0117
31 591 0.0116
31 633 0.0116
31 1164 0.0116
31 17 0.0115
31 973 0.0115
31 98 0.0115
31 1263 0.0115
31 1283 0.0115
31 1445 0.0115
31 788 0.0114
31 1521 0.0114
31 383 0.0113
31 535 0.0112
31 1029 0.0112
31 1196 0.0111
31 409 0.0110
31 1190 0.0110
31 1488 0.0110
31 60 0.0108
31 1225 0.0108
31 309 0.0107
31 871 0.0107
31 893 0.0106
31 450 0.0105
31 855 0.0105
31 1075 0.0105
31 866 0.0105
31 414 0.0104
31 1077 0.0104
31 982 0.0104
31 831 0.0102
31 1133 0.0102
31 1230 0.0102
31 1156 0.0102
31 1494 0.0100
31 765 0.0099
31 1053 0.0099
31 1084 0.0099
31 608 0.0098
31 879 0.0097
31 583 0.0097
31 567 0.0097
31 394 0.0097
31 1456 0.0097
31 1202 0.0096
31 1170 0.0095
31 616 0.0095
31 882 0.0094
31 1275 0.0094
31 751 0.0094
31 1504 0.0094
31 573 0.0093
31 504 0.0093
31 659 0.0091
31 883 0.0090
31 1466 0.0089
31 1413 0.0089
31 1216 0.0088
31 1282 0.0088
31 1516 0.0087
31 1028 0.0087
31 658 0.0086
31 1113 0.0085
31 1453 0.0084
31 738 0.0083
31 1425 0.0082
31 1182 0.0081
31 1297 0.0081
31 1288 0.0080
31 1099 0.0080
31 265 0.0079
31 1048 0.0076
31 1148 0.0075
31 966 0.0075
31 1334 0.0075
31 776 0.0072
31 1434 0.0070
31 1444 0.0063
31 1302 0.0057
32 1525 0.5584
32 495 0.4671
32 853 0.4627
32 460 0.4346
32 1121 0.4247
32 743 0.4147
32 671 0.4098
32 1110 0.3788
32 233 0.3756
32 785 0.3656
32 839 0.3541
32 1040 0.3459
32 1162 0.3133
32 1035 0.2843
32 924 0.2640
32 1380 0.2607
32 1413 0.2562
32 1293 0.2543
32 975 0.2399
32 1518 0.2369
32 1430 0.2367
32 782 0.2360
32 1541 0.2360
32 1298 0.2215
32 476 0.2037
32 269 0.2012
32 775 0.2003
32 1210 0.1931
32 831 0.1859
32 914 0.1859
32 1105 0.1856
32 769 0.1816
32 214 0.1809
32 801 0.1787
32 1060 0.1773
32 706 0.1762
32 860 0.1723
32 402 0.1709
32 907 0.1680
32 372 0.1679
32 919 0.1656
32 1336 0.1641
32 1527 0.1635
32 1156 0.1630
32 777 0.1626
32 854 0.1626
32 1549 0.1602
32 768 0.1601
32 662 0.1589
32 1547 0.1589
32 408 0.1573
32 1299 0.1569
32 1318 0.1562
32 1460 0.1557
32 677 0.1557
32 1022 0.1555
32 1328 0.1554
32 1076 0.1542
32 1319 0.1541
32 1458 0.1536
32 850 0.1517
32 1455 0.1514
32 810 0.1509
32 956 0.1502
32 1212 0.1492
32 1136 0.1487
32 672 0.1461
32 1357 0.1461
32 727 0.1456
32 1145 0.1455
32 1219 0.1439
32 208 0.1437
32 1017 0.1437
32 1129 0.1434
32 225 0.1421
32 711 0.1416
32 888 0.1408
32 1274 0.1398
32 652 0.1383
32 815 0.1376
32 1085 0.1365
32 483 0.1359
32 1245 0.1357
32 457 0.1348
32 687 0.1348
32 1223 0.1332
32 818 0.1330
32 505 0.1322
32 252 0.1316
32 588 0.1309
32 1360 0.1299
32 1259 0.1297
32 717 0.1293
32 1344 0.1292
32 622 0.1273
32 910 0.1272
32 1012 0.1264
32 1281 0.1263
32 762 0.1252
32 1368 0.1247
32 761 0.1241
32 1002 0.1239
32 1317 0.1237
32 973 0.1236
32 889 0.1219
32 990 0.1211
32 1495 0.1201
32 324 0.1199
32 878 0.1193
32 1152 0.1189
32 1198 0.1180
32 1051 0.1170
32 859 0.1168
32 1209 0.1168
32 1474 0.1161
32 734 0.1156
32 81 0.1150
32 1376 0.1144
32 1174 0.1144
32 1553 0.1137
32 1268 0.1137
32 491 0.1133
32 422 0.1132
32 255 0.1128
32 1512 0.1117
32 1134 0.1116
32 1540 0.1112
32 25 0.1094
32 1295 0.1094
32 1144 0.1087
32 16 0.1079
32 415 0.1079
32 900 0.1073
32 779 0.1066
32 411 0.1062
32 1520 0.1062
32 1524 0.1059
32 1503 0.1050
32 47 0.1048
32 378 0.1048
32 1487 0.1046
32 489 0.1042
32 1334 0.1038
32 828 0.1036
32 1496 0.1036
32 898 0.1033
32 795 0.1033
32 1204 0.1029
32 1439 0.1019
32 10 0.1019
32 1023 0.1019
32 1566 0.1019
32 748 0.1016
32 1206 0.1011
32 157 0.1006
32 444 0.1005
32 1391 0.1005
32 1251 0.1004
32 563 0.1003
32 602 0.1003
32 666 0.1002
32 351 0.1000
32 1546 0.0998
32 575 0.0993
32 1384 0.0991
32 637 0.0989
32 821 0.0988
32 420 0.0985
32 1101 0.0983
32 934 0.0981
32 1537 0.0981
32 993 0.0969
32 1447 0.0967
32 830 0.0961
32 1454 0.0960
32 1373 0.0957
32 843 0.0953
32 911 0.0953
32 1402 0.0935
32 254 0.0935
32 1143 0.0934
32 1511 0.0930
32 1014 0.0928
32 1280 0.0924
32 920 0.0917
32 1236 0.0917
32 513 0.0915
32 917 0.0912
32 586 0.0899
32 21 0.0896
32 1393 0.0893
32 32 0.0893
32 205 0.0887
32 1426 0.0887
32 1221 0.0885
32 1489 0.0883
32 787 0.0881
32 1425 0.0881
32 1154 0.0872
32 714 0.0867
32 1464 0.0862
32 846 0.0858
32 1254 0.0858
32 1157 0.0858
32 647 0.0856
32 1019 0.0856
32 1099 0.0853
32 1253 0.0845
32 1335 0.0845
32 903 0.0843
32 1155 0.0843
32 529 0.0842
32 1545 0.0842
32 347 0.0839
32 1199 0.0837
32 56 0.0836
32 1141 0.0834
32 453 0.0832
32 29 0.0830
32 1158 0.0830
32 285 0.0826
32 387 0.0826
32 959 0.0825
32 1315 0.0824
32 1202 0.0820
32 1385 0.0818
32 389 0.0812
32 1005 0.0809
32 1548 0.0806
32 1484 0.0805
32 381 0.0804
32 807 0.0804
32 1189 0.0804
32 418 0.0801
32 871 0.0801
32 66 0.0800
32 1359 0.0795
32 1138 0.0787
32 196 0.0784
32 523 0.0778
32 1258 0.0778
32 1320 0.0778
32 74 0.0778
32 425 0.0775
32 551 0.0771
32 603 0.0771
32 896 0.0771
32 1132 0.0768
32 887 0.0768
32 1375 0.0764
32 905 0.0763
32 1173 0.0763
32 532 0.0763
32 1564 0.0763
32 783 0.0758
32 999 0.0757
32 697 0.0751
32 1067 0.0751
32 991 0.0749
32 1446 0.0749
32 341 0.0748
32 1160 0.0748
32 1305 0.0744
32 213 0.0741
32 953 0.0741
32 1550 0.0741
32 963 0.0739
32 1083 0.0739
32 522 0.0734
32 696 0.0734
32 412 0.0732
32 1279 0.0731
32 62 0.0727
32 746 0.0727
32 1091 0.0727
32 691 0.0724
32 1427 0.0722
32 534 0.0721
32 745 0.0721
32 607 0.0720
32 1331 0.0719
32 1429 0.0718
32 363 0.0715
32 63 0.0715
32 1079 0.0714
32 1059 0.0712
32 1093 0.0712
32 1191 0.0709
32 419 0.0708
32 1100 0.0708
32 1411 0.0708
32 1463 0.0707
32 827 0.0707
32 998 0.0704
32 512 0.0702
32 1074 0.0699
32 1203 0.0698
32 1233 0.0696
32 1182 0.0695
32 35 0.0694
32 1507 0.0691
32 1557 0.0688
32 596 0.0685
32 686 0.0685
32 1338 0.0685
32 1086 0.0681
32 182 0.0680
32 609 0.0680
32 660 0.0680
32 929 0.0679
32 1371 0.0678
32 1471 0.0678
32 472 0.0675
32 337 0.0674
32 730 0.0674
32 741 0.0672
32 322 0.0671
32 1044 0.0670
32 1077 0.0670
32 235 0.0668
32 752 0.0659
32 530 0.0656
32 1137 0.0656
32 823 0.0655
32 73 0.0654
32 219 0.0654
32 1256 0.0654
32 1325 0.0649
32 867 0.0649
32 922 0.0646
32 471 0.0645
32 545 0.0645
32 1119 0.0645
32 1010 0.0642
32 315 0.0640
32 648 0.0640
32 874 0.0637
32 1084 0.0634
32 912 0.0631
32 1340 0.0629
32 220 0.0624
32 511 0.0624
32 1260 0.0624
32 1058 0.0623
32 863 0.0622
32 394 0.0621
32 758 0.0619
32 1570 0.0619
32 115 0.0617
32 184 0.0615
32 524 0.0610
32 1517 0.0608
32 740 0.0607
32 383 0.0605
32 1207 0.0603
32 228 0.0603
32 1252 0.0601
32 1208 0.0596
32 28 0.0596
32 39 0.0596
32 1224 0.0592
32 272 0.0590
32 1205 0.0590
32 227 0.0588
32 800 0.0588
32 899 0.0588
32 659 0.0585
32 446 0.0585
32 1433 0.0585
32 891 0.0585
32 617 0.0578
32 1090 0.0576
32 2 0.0575
32 151 0.0575
32 771 0.0573
32 452 0.0572
32 356 0.0572
32 757 0.0572
32 715 0.0570
32 110 0.0565
32 644 0.0562
32 1179 0.0562
32 59 0.0561
32 1301 0.0561
32 335 0.0560
32 915 0.0560
32 902 0.0558
32 1047 0.0556
32 1071 0.0556
32 271 0.0553
32 1483 0.0552
32 1539 0.0552
32 1403 0.0549
32 1534 0.0548
32 557 0.0543
32 100 0.0542
32 45 0.0539
32 1468 0.0539
32 1277 0.0534
32 630 0.0531
32 57 0.0531
32 131 0.0529
32 885 0.0529
32 1021 0.0529
32 515 0.0525
32 496 0.0524
32 653 0.0524
32 1171 0.0524
32 33 0.0519
32 957 0.0519
32 698 0.0517
32 1423 0.0517
32 1096 0.0512
32 158 0.0510
32 274 0.0510
32 1355 0.0510
32 670 0.0507
32 1257 0.0506
32 650 0.0505
32 467 0.0503
32 199 0.0501
32 604 0.0501
32 913 0.0501
32 928 0.0498
32 1069 0.0497
32 1164 0.0497
32 53 0.0496
32 1007 0.0492
32 1414 0.0492
32 388 0.0491
32 424 0.0489
32 506 0.0487
32 690 0.0484
32 1218 0.0484
32 1184 0.0480
32 194 0.0477
32 326 0.0477
32 449 0.0477
32 1576 0.0477
32 1255 0.0475
32 916 0.0473
32 409 0.0473
32 1227 0.0473
32 868 0.0473
32 877 0.0472
32 1538 0.0471
32 1220 0.0469
32 345 0.0461
32 723 0.0461
32 401 0.0458
32 614 0.0457
32 516 0.0456
32 667 0.0456
32 1149 0.0454
32 34 0.0452
32 1043 0.0452
32 1409 0.0451
32 1050 0.0449
32 1114 0.0449
32 1034 0.0446
32 543 0.0443
32 797 0.0441
32 1408 0.0441
32 651 0.0440
32 1118 0.0439
32 85 0.0437
32 685 0.0437
32 1491 0.0437
32 635 0.0432
32 695 0.0432
32 932 0.0432
32 972 0.0432
32 1192 0.0432
32 124 0.0426
32 410 0.0426
32 997 0.0426
32 611 0.0426
32 971 0.0426
32 1321 0.0424
32 77 0.0422
32 822 0.0421
32 1003 0.0421
32 216 0.0420
32 1383 0.0420
32 755 0.0419
32 1177 0.0419
32 1211 0.0416
32 1472 0.0416
32 824 0.0415
32 273 0.0413
32 1300 0.0413
32 1265 0.0411
32 183 0.0411
32 1342 0.0410
32 514 0.0409
32 259 0.0407
32 323 0.0407
32 352 0.0407
32 654 0.0407
32 565 0.0403
32 967 0.0403
32 41 0.0402
32 1504 0.0402
32 1555 0.0402
32 598 0.0401
32 791 0.0398
32 1073 0.0398
32 1126 0.0398
32 404 0.0394
32 116 0.0393
32 1169 0.0393
32 1349 0.0393
32 890 0.0393
32 726 0.0391
32 354 0.0389
32 992 0.0386
32 1229 0.0386
32 359 0.0385
32 875 0.0385
32 883 0.0385
32 1382 0.0385
32 1449 0.0385
32 1490 0.0381
32 1000 0.0380
32 840 0.0379
32 379 0.0376
32 1006 0.0376
32 594 0.0374
32 1285 0.0374
32 145 0.0372
32 435 0.0371
32 353 0.0370
32 364 0.0370
32 533 0.0369
32 308 0.0368
32 844 0.0367
32 1556 0.0366
32 542 0.0365
32 417 0.0364
32 965 0.0364
32 1287 0.0364
32 1387 0.0362
32 535 0.0360
32 5 0.0360
32 1529 0.0360
32 701 0.0358
32 579 0.0357
32 1353 0.0357
32 1431 0.0357
32 1194 0.0356
32 1308 0.0355
32 180 0.0354
32 738 0.0354
32 794 0.0351
32 1341 0.0351
32 692 0.0349
32 814 0.0348
32 901 0.0348
32 976 0.0348
32 558 0.0347
32 1225 0.0346
32 71 0.0345
32 247 0.0345
32 413 0.0345
32 1055 0.0345
32 173 0.0344
32 117 0.0342
32 440 0.0342
32 1417 0.0342
32 312 0.0339
32 450 0.0338
32 384 0.0337
32 866 0.0337
32 1033 0.0337
32 94 0.0336
32 314 0.0334
32 766 0.0334
32 1159 0.0334
32 1311 0.0334
32 1240 0.0333
32 1533 0.0333
32 527 0.0332
32 1215 0.0332
32 1243 0.0330
32 61 0.0330
32 88 0.0329
32 1078 0.0329
32 1571 0.0329
32 1369 0.0329
32 78 0.0328
32 895 0.0328
32 174 0.0327
32 275 0.0327
32 574 0.0327
32 876 0.0327
32 1175 0.0327
32 1291 0.0327
32 1523 0.0327
32 154 0.0325
32 242 0.0325
32 886 0.0325
32 952 0.0325
32 1026 0.0325
32 1459 0.0324
32 1048 0.0323
32 1452 0.0322
32 334 0.0322
32 1070 0.0322
32 1262 0.0320
32 329 0.0319
32 1542 0.0318
32 96 0.0318
32 580 0.0318
32 765 0.0318
32 186 0.0315
32 951 0.0313
32 1124 0.0313
32 1213 0.0313
32 1372 0.0311
32 994 0.0309
32 139 0.0309
32 140 0.0309
32 286 0.0309
32 1235 0.0305
32 1366 0.0305
32 1422 0.0305
32 737 0.0305
32 1020 0.0304
32 441 0.0303
32 240 0.0303
32 1275 0.0302
32 1351 0.0302
32 694 0.0300
32 681 0.0299
32 1016 0.0296
32 566 0.0295
32 188 0.0294
32 780 0.0294
32 812 0.0294
32 1578 0.0294
32 172 0.0293
32 520 0.0292
32 553 0.0291
32 1092 0.0291
32 1502 0.0291
32 736 0.0289
32 1214 0.0287
32 786 0.0287
32 120 0.0286
32 373 0.0286
32 1543 0.0286
32 1561 0.0286
32 468 0.0284
32 809 0.0284
32 811 0.0284
32 1500 0.0284
32 1410 0.0284
32 556 0.0283
32 31 0.0281
32 69 0.0281
32 601 0.0281
32 1365 0.0281
32 229 0.0280
32 845 0.0277
32 613 0.0276
32 284 0.0275
32 1324 0.0275
32 1122 0.0274
32 724 0.0272
32 1330 0.0272
32 536 0.0271
32 209 0.0270
32 1234 0.0270
32 1343 0.0270
32 1567 0.0270
32 974 0.0267
32 829 0.0267
32 1465 0.0266
32 1116 0.0263
32 291 0.0263
32 1087 0.0263
32 1303 0.0262
32 288 0.0259
32 346 0.0259
32 716 0.0259
32 789 0.0259
32 816 0.0259
32 1063 0.0259
32 1573 0.0259
32 525 0.0258
32 1361 0.0258
32 725 0.0256
32 349 0.0255
32 864 0.0255
32 1246 0.0254
32 1276 0.0254
32 70 0.0253
32 870 0.0252
32 1123 0.0251
32 360 0.0250
32 1552 0.0250
32 862 0.0249
32 112 0.0249
32 201 0.0249
32 799 0.0249
32 397 0.0248
32 987 0.0247
32 1418 0.0247
32 646 0.0246
32 837 0.0246
32 1521 0.0243
32 13 0.0242
32 728 0.0242
32 1401 0.0242
32 935 0.0241
32 68 0.0239
32 942 0.0239
32 236 0.0238
32 979 0.0238
32 1089 0.0238
32 1536 0.0237
32 224 0.0235
32 1151 0.0235
32 1232 0.0235
32 290 0.0234
32 1008 0.0234
32 1313 0.0234
32 760 0.0233
32 1271 0.0233
32 1381 0.0233
32 1531 0.0233
32 156 0.0231
32 776 0.0231
32 858 0.0230
32 289 0.0230
32 1181 0.0229
32 1397 0.0229
32 893 0.0228
32 1428 0.0228
32 1497 0.0228
32 109 0.0225
32 426 0.0225
32 842 0.0225
32 773 0.0224
32 1176 0.0222
32 218 0.0222
32 982 0.0222
32 304 0.0220
32 1579 0.0220
32 605 0.0219
32 1505 0.0219
32 206 0.0219
32 261 0.0219
32 945 0.0219
32 136 0.0218
32 330 0.0218
32 1469 0.0215
32 739 0.0214
32 316 0.0213
32 485 0.0213
32 679 0.0213
32 731 0.0213
32 1108 0.0213
32 980 0.0212
32 1053 0.0211
32 735 0.0211
32 770 0.0211
32 778 0.0211
32 608 0.0210
32 781 0.0209
32 528 0.0208
32 593 0.0207
32 1456 0.0207
32 673 0.0206
32 1485 0.0206
32 501 0.0206
32 1222 0.0206
32 1356 0.0205
32 984 0.0204
32 1166 0.0204
32 152 0.0203
32 1392 0.0203
32 185 0.0201
32 732 0.0201
32 1183 0.0201
32 1332 0.0200
32 521 0.0199
32 504 0.0199
32 682 0.0199
32 1018 0.0199
32 1462 0.0199
32 1163 0.0197
32 195 0.0197
32 299 0.0197
32 1388 0.0194
32 439 0.0193
32 584 0.0193
32 179 0.0192
32 1095 0.0192
32 1358 0.0192
32 817 0.0191
32 569 0.0191
32 398 0.0189
32 1185 0.0189
32 1142 0.0188
32 639 0.0187
32 1193 0.0186
32 658 0.0184
32 311 0.0183
32 369 0.0183
32 1478 0.0183
32 455 0.0183
32 744 0.0183
32 1113 0.0182
32 1302 0.0182
32 99 0.0180
32 197 0.0180
32 615 0.0180
32 1284 0.0180
32 1482 0.0180
32 18 0.0179
32 463 0.0179
32 946 0.0179
32 215 0.0176
32 531 0.0176
32 906 0.0176
32 1415 0.0174
32 40 0.0174
32 181 0.0174
32 198 0.0174
32 582 0.0174
32 1011 0.0174
32 1451 0.0173
32 266 0.0173
32 24 0.0171
32 763 0.0171
32 1161 0.0171
32 1197 0.0171
32 894 0.0170
32 37 0.0169
32 395 0.0168
32 221 0.0167
32 366 0.0167
32 621 0.0167
32 1128 0.0167
32 693 0.0166
32 169 0.0166
32 391 0.0166
32 941 0.0166
32 106 0.0165
32 1306 0.0165
32 262 0.0164
32 433 0.0164
32 683 0.0164
32 704 0.0164
32 1438 0.0164
32 1272 0.0163
32 118 0.0162
32 226 0.0162
32 1440 0.0162
32 230 0.0161
32 474 0.0161
32 150 0.0161
32 1148 0.0161
32 300 0.0160
32 1042 0.0160
32 1107 0.0160
32 1146 0.0160
32 162 0.0159
32 1046 0.0158
32 500 0.0158
32 518 0.0157
32 1057 0.0157
32 933 0.0155
32 1139 0.0155
32 749 0.0154
32 126 0.0154
32 655 0.0154
32 443 0.0151
32 1027 0.0151
32 1195 0.0151
32 149 0.0150
32 268 0.0148
32 470 0.0148
32 163 0.0147
32 297 0.0146
32 1135 0.0146
32 1237 0.0146
32 380 0.0145
32 552 0.0145
32 802 0.0145
32 1442 0.0144
32 454 0.0144
32 464 0.0143
32 339 0.0142
32 374 0.0141
32 480 0.0141
32 481 0.0140
32 437 0.0140
32 1420 0.0137
32 1479 0.0136
32 147 0.0136
32 1127 0.0136
32 1473 0.0136
32 632 0.0135
32 820 0.0134
32 930 0.0134
32 1150 0.0134
32 54 0.0134
32 87 0.0134
32 548 0.0134
32 1178 0.0133
32 1493 0.0133
32 405 0.0132
32 560 0.0132
32 1081 0.0132
32 669 0.0131
32 626 0.0130
32 1172 0.0130
32 331 0.0129
32 1457 0.0129
32 26 0.0129
32 355 0.0127
32 1395 0.0127
32 628 0.0126
32 884 0.0125
32 700 0.0125
32 754 0.0125
32 17 0.0124
32 187 0.0124
32 547 0.0123
32 798 0.0123
32 1283 0.0123
32 1445 0.0123
32 788 0.0122
32 317 0.0122
32 1386 0.0121
32 371 0.0120
32 722 0.0119
32 1196 0.0119
32 612 0.0118
32 813 0.0118
32 805 0.0117
32 1488 0.0117
32 155 0.0117
32 790 0.0115
32 577 0.0114
32 75 0.0113
32 923 0.0113
32 985 0.0112
32 1036 0.0111
32 1379 0.0110
32 1316 0.0109
32 590 0.0109
32 702 0.0108
32 1494 0.0107
32 189 0.0107
32 1267 0.0107
32 879 0.0104
32 806 0.0103
32 1270 0.0103
32 904 0.0102
32 570 0.0101
32 338 0.0101
32 960 0.0101
32 1394 0.0101
32 803 0.0099
32 1544 0.0099
32 1065 0.0098
32 97 0.0097
32 231 0.0097
32 592 0.0096
32 925 0.0095
32 1216 0.0095
32 367 0.0094
32 36 0.0093
32 253 0.0092
32 1476 0.0091
32 857 0.0090
32 114 0.0089
32 852 0.0087
32 909 0.0084
32 1347 0.0083
32 486 0.0083
32 759 0.0074
32 729 0.0067
32 657 0.0064
33 1233 0.3254
33 953 0.2500
33 635 0.2466
33 390 0.2363
33 457 0.2334
33 643 0.2206
33 655 0.2074
33 1076 0.2029
33 387 0.2001
33 10 0.1852
33 710 0.1648
33 546 0.1641
33 1104 0.1628
33 354 0.1617
33 341 0.1553
33 780 0.1528
33 197 0.1497
33 1017 0.1493
33 795 0.1430
33 116 0.1430
33 195 0.1430
33 348 0.1412
33 235 0.1386
33 476 0.1346
33 1538 0.1346
33 750 0.1339
33 315 0.1329
33 1179 0.1314
33 231 0.1314
33 515 0.1308
33 191 0.1307
33 697 0.1300
33 1072 0.1281
33 1077 0.1275
33 1345 0.1273
33 598 0.1248
33 1158 0.1244
33 1156 0.1241
33 303 0.1239
33 314 0.1216
33 1162 0.1205
33 584 0.1200
33 768 0.1188
33 754 0.1165
33 347 0.1162
33 755 0.1162
33 364 0.1154
33 276 0.1143
33 777 0.1126
33 1234 0.1120
33 463 0.1113
33 921 0.1110
33 675 0.1109
33 779 0.1107
33 22 0.1103
33 1411 0.1103
33 181 0.1085
33 677 0.1078
33 1289 0.1073
33 182 0.1059
33 352 0.1056
33 313 0.1050
33 361 0.1049
33 157 0.1045
33 402 0.1044
33 1044 0.1043
33 821 0.1026
33 374 0.1022
33 678 0.1021
33 1302 0.1009
33 471 0.1004
33 359 0.1000
33 1334 0.0995
33 753 0.0994
33 55 0.0986
33 888 0.0975
33 1475 0.0953
33 715 0.0947
33 312 0.0940
33 725 0.0930
33 863 0.0923
33 1246 0.0922
33 57 0.0919
33 202 0.0919
33 1002 0.0919
33 1299 0.0917
33 1579 0.0915
33 553 0.0906
33 547 0.0895
33 860 0.0895
33 822 0.0875
33 1159 0.0868
33 513 0.0856
33 342 0.0853
33 403 0.0844
33 706 0.0844
33 1474 0.0844
33 154 0.0843
33 526 0.0843
33 1360 0.0843
33 185 0.0835
33 1504 0.0835
33 568 0.0817
33 33 0.0808
33 1209 0.0808
33 1384 0.0800
33 166 0.0800
33 336 0.0797
33 158 0.0794
33 70 0.0787
33 645 0.0787
33 1245 0.0783
33 360 0.0780
33 149 0.0778
33 486 0.0771
33 533 0.0767
33 837 0.0767
33 1039 0.0767
33 172 0.0759
33 417 0.0755
33 622 0.0755
33 965 0.0755
33 1226 0.0750
33 1214 0.0746
33 701 0.0743
33 579 0.0742
33 225 0.0738
33 819 0.0731
33 1528 0.0731
33 290 0.0729
33 891 0.0729
33 198 0.0723
33 976 0.0723
33 558 0.0722
33 852 0.0720
33 1507 0.0717
33 1397 0.0713
33 1257 0.0700
33 1150 0.0697
33 414 0.0695
33 221 0.0695
33 766 0.0695
33 418 0.0693
33 19 0.0690
33 559 0.0686
33 78 0.0681
33 85 0.0681
33 1336 0.0681
33 47 0.0680
33 330 0.0679
33 712 0.0679
33 1438 0.0679
33 1129 0.0677
33 932 0.0673
33 898 0.0671
33 689 0.0669
33 26 0.0668
33 1107 0.0665
33 648 0.0664
33 1293 0.0660
33 557 0.0658
33 529 0.0656
33 1003 0.0656
33 51 0.0653
33 129 0.0651
33 196 0.0651
33 199 0.0650
33 1260 0.0648
33 1518 0.0647
33 397 0.0645
33 575 0.0645
33 1512 0.0645
33 758 0.0642
33 1570 0.0642
33 1173 0.0634
33 1448 0.0634
33 740 0.0630
33 444 0.0626
33 1231 0.0626
33 1373 0.0621
33 612 0.0614
33 299 0.0613
33 899 0.0611
33 1408 0.0611
33 523 0.0606
33 1455 0.0605
33 1082 0.0604
33 439 0.0600
33 1319 0.0600
33 1095 0.0599
33 60 0.0598
33 1548 0.0598
33 1513 0.0597
33 817 0.0596
33 756 0.0594
33 120 0.0594
33 947 0.0592
33 1390 0.0592
33 339 0.0590
33 1038 0.0588
33 1131 0.0588
33 910 0.0587
33 1363 0.0584
33 1501 0.0584
33 1138 0.0583
33 1014 0.0578
33 1193 0.0578
33 1259 0.0577
33 652 0.0575
33 1539 0.0573
33 938 0.0572
33 651 0.0572
33 311 0.0572
33 1338 0.0569
33 1242 0.0561
33 1284 0.0561
33 1482 0.0561
33 1079 0.0556
33 254 0.0555
33 1100 0.0552
33 456 0.0549
33 885 0.0549
33 1084 0.0548
33 653 0.0544
33 769 0.0539
33 789 0.0539
33 957 0.0539
33 1569 0.0539
33 1573 0.0539
33 190 0.0539
33 1457 0.0536
33 1427 0.0535
33 596 0.0534
33 1458 0.0532
33 1206 0.0525
33 430 0.0525
33 1123 0.0522
33 1340 0.0522
33 467 0.0522
33 1228 0.0520
33 1240 0.0518
33 391 0.0517
33 1069 0.0516
33 17 0.0513
33 973 0.0513
33 103 0.0511
33 73 0.0509
33 1291 0.0509
33 118 0.0506
33 283 0.0506
33 948 0.0506
33 317 0.0505
33 542 0.0505
33 62 0.0503
33 690 0.0503
33 1218 0.0503
33 1286 0.0502
33 1535 0.0502
33 734 0.0500
33 1029 0.0499
33 1495 0.0499
33 592 0.0499
33 519 0.0498
33 162 0.0495
33 989 0.0495
33 996 0.0495
33 1194 0.0493
33 747 0.0491
33 919 0.0491
33 959 0.0489
33 367 0.0489
33 518 0.0488
33 1220 0.0488
33 1232 0.0488
33 1443 0.0488
33 1143 0.0485
33 164 0.0484
33 576 0.0482
33 289 0.0477
33 790 0.0477
33 455 0.0474
33 127 0.0473
33 441 0.0473
33 1195 0.0470
33 1075 0.0468
33 1357 0.0467
33 1054 0.0460
33 163 0.0458
33 924 0.0457
33 1403 0.0456
33 945 0.0454
33 1154 0.0453
33 552 0.0450
33 1451 0.0450
33 1328 0.0448
33 81 0.0448
33 771 0.0447
33 1561 0.0445
33 1212 0.0443
33 600 0.0440
33 1524 0.0440
33 77 0.0439
33 510 0.0439
33 480 0.0438
33 781 0.0433
33 1472 0.0432
33 862 0.0432
33 462 0.0431
33 267 0.0429
33 273 0.0429
33 815 0.0429
33 115 0.0427
33 1420 0.0427
33 1330 0.0424
33 1470 0.0423
33 1371 0.0422
33 1119 0.0418
33 751 0.0417
33 1207 0.0417
33 54 0.0416
33 205 0.0410
33 1169 0.0409
33 1198 0.0409
33 626 0.0406
33 520 0.0404
33 1063 0.0404
33 509 0.0402
33 525 0.0402
33 698 0.0402
33 508 0.0401
33 1449 0.0400
33 179 0.0399
33 569 0.0396
33 1278 0.0396
33 1564 0.0396
33 1378 0.0393
33 465 0.0392
33 422 0.0392
33 810 0.0392
33 666 0.0390
33 986 0.0390
33 588 0.0388
33 865 0.0388
33 1285 0.0388
33 1160 0.0388
33 1346 0.0388
33 1380 0.0387
33 36 0.0387
33 365 0.0386
33 353 0.0385
33 717 0.0384
33 522 0.0381
33 920 0.0381
33 958 0.0381
33 383 0.0377
33 99 0.0374
33 1318 0.0374
33 449 0.0371
33 1089 0.0371
33 1208 0.0371
33 711 0.0368
33 738 0.0368
33 813 0.0367
33 1463 0.0367
33 787 0.0366
33 805 0.0366
33 155 0.0364
33 1377 0.0364
33 889 0.0362
33 901 0.0362
33 1009 0.0360
33 723 0.0359
33 91 0.0358
33 173 0.0357
33 1140 0.0356
33 113 0.0356
33 428 0.0356
33 440 0.0356
33 647 0.0356
33 1417 0.0356
33 516 0.0355
33 473 0.0353
33 1023 0.0353
33 1052 0.0353
33 426 0.0350
33 466 0.0350
33 985 0.0350
33 384 0.0350
33 1033 0.0350
33 1416 0.0350
33 160 0.0347
33 563 0.0347
33 243 0.0346
33 1176 0.0346
33 1583 0.0345
33 362 0.0345
33 61 0.0343
33 106 0.0343
33 210 0.0342
33 1078 0.0342
33 530 0.0341
33 895 0.0340
33 219 0.0340
33 683 0.0340
33 934 0.0340
33 1537 0.0340
33 82 0.0337
33 122 0.0337
33 1217 0.0337
33 1581 0.0337
33 1440 0.0336
33 545 0.0335
33 1352 0.0335
33 1447 0.0335
33 1469 0.0334
33 1148 0.0334
33 58 0.0332
33 211 0.0332
33 1262 0.0332
33 1454 0.0332
33 731 0.0332
33 916 0.0328
33 1103 0.0328
33 186 0.0327
33 438 0.0323
33 394 0.0322
33 554 0.0321
33 184 0.0319
33 345 0.0319
33 217 0.0318
33 1170 0.0318
33 905 0.0317
33 1235 0.0317
33 737 0.0317
33 1351 0.0313
33 1394 0.0313
33 193 0.0309
33 733 0.0309
33 801 0.0309
33 1393 0.0309
33 268 0.0307
33 470 0.0307
33 828 0.0307
33 1223 0.0307
33 566 0.0306
33 227 0.0306
33 800 0.0306
33 812 0.0306
33 1578 0.0306
33 705 0.0304
33 785 0.0304
33 1066 0.0304
33 1237 0.0304
33 1249 0.0302
33 736 0.0300
33 802 0.0300
33 830 0.0299
33 2 0.0299
33 1109 0.0299
33 1331 0.0299
33 373 0.0297
33 757 0.0297
33 811 0.0295
33 925 0.0295
33 999 0.0295
33 1410 0.0295
33 1142 0.0293
33 1305 0.0290
33 293 0.0289
33 1280 0.0288
33 824 0.0287
33 1483 0.0286
33 487 0.0286
33 1557 0.0286
33 253 0.0286
33 744 0.0285
33 183 0.0284
33 204 0.0284
33 514 0.0283
33 724 0.0283
33 1120 0.0283
33 45 0.0280
33 79 0.0279
33 820 0.0279
33 967 0.0279
33 1034 0.0278
33 87 0.0277
33 1549 0.0277
33 1465 0.0276
33 12 0.0276
33 432 0.0276
33 8 0.0275
33 505 0.0275
33 560 0.0275
33 215 0.0275
33 1425 0.0275
33 291 0.0273
33 469 0.0272
33 1467 0.0272
33 74 0.0269
33 200 0.0269
33 251 0.0269
33 288 0.0269
33 346 0.0269
33 816 0.0269
33 867 0.0269
33 595 0.0267
33 656 0.0265
33 674 0.0263
33 1354 0.0263
33 764 0.0262
33 870 0.0262
33 269 0.0261
33 1128 0.0260
33 700 0.0259
33 1058 0.0259
33 799 0.0259
33 145 0.0258
33 1031 0.0257
33 88 0.0257
33 1445 0.0255
33 412 0.0254
33 788 0.0254
33 1517 0.0253
33 746 0.0251
33 993 0.0251
33 1386 0.0251
33 230 0.0251
33 1387 0.0250
33 68 0.0249
33 252 0.0249
33 371 0.0249
33 84 0.0248
33 194 0.0248
33 246 0.0248
33 1059 0.0247
33 1093 0.0247
33 1227 0.0246
33 239 0.0245
33 1498 0.0244
33 1531 0.0242
33 309 0.0238
33 1136 0.0238
33 240 0.0236
33 393 0.0236
33 43 0.0233
33 866 0.0233
33 335 0.0233
33 873 0.0231
33 212 0.0230
33 543 0.0230
33 982 0.0230
33 1238 0.0229
33 1243 0.0229
33 605 0.0228
33 831 0.0227
33 1137 0.0227
33 590 0.0226
33 695 0.0224
33 972 0.0224
33 1192 0.0224
33 1241 0.0224
33 46 0.0224
33 702 0.0224
33 1070 0.0223
33 1210 0.0223
33 1239 0.0222
33 189 0.0221
33 997 0.0221
33 1267 0.0221
33 329 0.0221
33 555 0.0221
33 580 0.0220
33 765 0.0220
33 1088 0.0219
33 778 0.0219
33 1545 0.0219
33 216 0.0218
33 608 0.0218
33 1503 0.0218
33 528 0.0216
33 538 0.0216
33 249 0.0215
33 994 0.0214
33 1105 0.0214
33 1270 0.0214
33 1329 0.0214
33 1374 0.0213
33 904 0.0212
33 89 0.0211
33 748 0.0211
33 854 0.0211
33 1392 0.0211
33 1554 0.0211
33 1191 0.0211
33 1064 0.0209
33 1275 0.0209
33 825 0.0209
33 960 0.0209
33 1183 0.0209
33 1391 0.0209
33 671 0.0208
33 504 0.0206
33 682 0.0206
33 1147 0.0206
33 1224 0.0205
33 1426 0.0205
33 272 0.0204
33 458 0.0204
33 782 0.0204
33 1577 0.0204
33 1481 0.0204
33 14 0.0202
33 97 0.0202
33 507 0.0200
33 551 0.0200
33 587 0.0200
33 875 0.0200
33 883 0.0200
33 896 0.0200
33 532 0.0198
33 1432 0.0198
33 1185 0.0196
33 307 0.0196
33 884 0.0195
33 594 0.0194
33 639 0.0194
33 881 0.0194
33 213 0.0192
33 416 0.0192
33 11 0.0192
33 369 0.0191
33 641 0.0191
33 1236 0.0191
33 1478 0.0191
33 148 0.0189
33 720 0.0189
33 1575 0.0189
33 1476 0.0188
33 5 0.0187
33 857 0.0187
33 18 0.0185
33 280 0.0185
33 1353 0.0185
33 419 0.0184
33 1568 0.0184
33 1317 0.0183
33 512 0.0182
33 794 0.0182
33 1061 0.0181
33 40 0.0181
33 421 0.0181
33 767 0.0180
33 413 0.0179
33 631 0.0179
33 1496 0.0179
33 763 0.0178
33 611 0.0177
33 660 0.0176
33 1152 0.0176
33 1580 0.0176
33 37 0.0175
33 337 0.0175
33 1541 0.0175
33 395 0.0174
33 621 0.0174
33 680 0.0174
33 909 0.0174
33 1311 0.0174
33 1399 0.0174
33 1546 0.0173
33 29 0.0172
33 169 0.0172
33 742 0.0172
33 192 0.0171
33 1327 0.0171
33 1342 0.0170
33 262 0.0170
33 377 0.0170
33 876 0.0170
33 1037 0.0170
33 1175 0.0170
33 1256 0.0170
33 1396 0.0170
33 1523 0.0170
33 226 0.0169
33 242 0.0169
33 886 0.0169
33 1048 0.0168
33 150 0.0167
33 1526 0.0167
33 66 0.0166
33 318 0.0166
33 966 0.0166
33 1146 0.0166
33 245 0.0166
33 86 0.0165
33 500 0.0164
33 1430 0.0164
33 834 0.0163
33 1372 0.0162
33 1460 0.0162
33 139 0.0161
33 178 0.0161
33 933 0.0161
33 1307 0.0161
33 1562 0.0161
33 126 0.0160
33 479 0.0160
33 1132 0.0160
33 1027 0.0157
33 517 0.0156
33 1050 0.0156
33 1446 0.0156
33 28 0.0155
33 39 0.0155
33 305 0.0154
33 564 0.0154
33 1486 0.0154
33 108 0.0153
33 502 0.0153
33 977 0.0153
33 1436 0.0153
33 699 0.0152
33 1135 0.0152
33 1433 0.0152
33 380 0.0151
33 540 0.0151
33 1092 0.0151
33 981 0.0150
33 494 0.0149
33 1405 0.0149
33 63 0.0148
33 222 0.0148
33 464 0.0148
33 1097 0.0148
33 809 0.0148
33 541 0.0147
33 69 0.0146
33 83 0.0146
33 229 0.0145
33 481 0.0145
33 983 0.0145
33 1362 0.0145
33 258 0.0144
33 1290 0.0144
33 271 0.0144
33 613 0.0143
33 284 0.0143
33 969 0.0143
33 1300 0.0143
33 1122 0.0142
33 1534 0.0142
33 1479 0.0141
33 536 0.0141
33 1127 0.0141
33 1471 0.0141
33 1509 0.0140
33 1444 0.0140
33 322 0.0139
33 930 0.0139
33 370 0.0139
33 548 0.0139
33 623 0.0139
33 897 0.0139
33 974 0.0139
33 1277 0.0139
33 630 0.0138
33 1178 0.0138
33 1493 0.0138
33 1511 0.0138
33 1021 0.0137
33 1081 0.0137
33 669 0.0136
33 1171 0.0136
33 872 0.0135
33 620 0.0134
33 1229 0.0134
33 482 0.0132
33 1355 0.0132
33 1375 0.0132
33 1490 0.0132
33 1180 0.0131
33 585 0.0131
33 628 0.0131
33 379 0.0130
33 1006 0.0130
33 1067 0.0130
33 112 0.0129
33 637 0.0128
33 987 0.0128
33 1418 0.0128
33 98 0.0128
33 207 0.0128
33 1348 0.0128
33 1263 0.0127
33 589 0.0127
33 1091 0.0126
33 691 0.0125
33 1030 0.0124
33 979 0.0124
33 1141 0.0124
33 918 0.0123
33 949 0.0123
33 1196 0.0123
33 1255 0.0123
33 52 0.0123
33 409 0.0123
33 1339 0.0123
33 233 0.0122
33 1153 0.0122
33 1488 0.0122
33 1313 0.0121
33 1402 0.0121
33 1419 0.0121
33 1074 0.0121
33 1381 0.0121
33 1435 0.0121
33 743 0.0120
33 858 0.0120
33 1225 0.0120
33 460 0.0119
33 614 0.0119
33 871 0.0119
33 1174 0.0119
33 1181 0.0119
33 577 0.0118
33 784 0.0118
33 498 0.0118
33 1149 0.0118
33 1062 0.0118
33 923 0.0117
33 902 0.0116
33 1251 0.0116
33 1540 0.0115
33 1532 0.0115
33 914 0.0114
33 1049 0.0114
33 1133 0.0114
33 1144 0.0113
33 1459 0.0112
33 853 0.0112
33 1494 0.0111
33 739 0.0111
33 980 0.0110
33 1335 0.0110
33 1035 0.0109
33 869 0.0109
33 1085 0.0109
33 879 0.0108
33 567 0.0108
33 806 0.0107
33 1456 0.0107
33 673 0.0107
33 1485 0.0107
33 616 0.0106
33 670 0.0105
33 1020 0.0105
33 732 0.0104
33 1252 0.0104
33 1332 0.0104
33 661 0.0104
33 521 0.0104
33 681 0.0104
33 1163 0.0102
33 333 0.0102
33 1015 0.0102
33 1065 0.0102
33 1098 0.0102
33 1298 0.0100
33 786 0.0099
33 1466 0.0099
33 1413 0.0099
33 1216 0.0098
33 721 0.0097
33 1441 0.0097
33 1028 0.0096
33 1294 0.0096
33 1398 0.0095
33 1113 0.0095
33 1409 0.0094
33 114 0.0093
33 829 0.0092
33 1308 0.0092
33 970 0.0092
33 358 0.0090
33 107 0.0090
33 266 0.0090
33 894 0.0088
33 1086 0.0088
33 265 0.0088
33 961 0.0088
33 693 0.0086
33 1347 0.0086
33 619 0.0085
33 474 0.0084
33 565 0.0084
33 1046 0.0082
33 868 0.0082
33 760 0.0081
33 1271 0.0081
33 776 0.0080
33 443 0.0079
33 1434 0.0078
33 1323 0.0077
33 1304 0.0077
33 3 0.0077
33 640 0.0077
33 759 0.0077
33 1442 0.0075
33 1111 0.0075
33 907 0.0073
33 437 0.0073
33 729 0.0070
33 351 0.0069
33 657 0.0067
33 1155 0.0062
33 1190 0.0061
34 471 0.3099
34 543 0.2712
34 499 0.2546
34 417 0.2543
34 188 0.2057
34 383 0.1905
34 1503 0.1835
34 756 0.1667
34 552 0.1516
34 133 0.1491
34 196 0.1370
34 495 0.1361
34 551 0.1347
34 269 0.1319
34 59 0.1307
34 639 0.1307
34 1236 0.1283
34 22 0.1238
34 37 0.1179
34 527 0.1161
34 61 0.1154
34 934 0.1143
34 372 0.1129
34 528 0.1091
34 758 0.1081
34 1072 0.1078
34 146 0.1029
34 227 0.1029
34 530 0.0956
34 505 0.0925
34 40 0.0913
34 346 0.0907
34 725 0.0895
34 360 0.0875
34 379 0.0875
34 1518 0.0872
34 88 0.0864
34 1315 0.0864
34 533 0.0861
34 1218 0.0847
34 734 0.0842
34 315 0.0839
34 1576 0.0833
34 1430 0.0828
34 998 0.0821
34 1232 0.0821
34 218 0.0775
34 945 0.0765
34 997 0.0745
34 910 0.0741
34 1248 0.0736
34 515 0.0734
34 220 0.0727
34 453 0.0727
34 1574 0.0711
34 682 0.0695
34 439 0.0673
34 102 0.0662
34 341 0.0654
34 931 0.0654
34 369 0.0642
34 197 0.0630
34 1284 0.0630
34 612 0.0620
34 400 0.0619
34 738 0.0619
34 181 0.0609
34 889 0.0609
34 743 0.0604
34 266 0.0604
34 763 0.0599
34 1019 0.0599
34 182 0.0594
34 850 0.0589
34 1541 0.0589
34 160 0.0585
34 621 0.0585
34 1399 0.0585
34 73 0.0572
34 1527 0.0572
34 150 0.0563
34 689 0.0563
34 66 0.0559
34 162 0.0556
34 608 0.0550
34 518 0.0548
34 933 0.0541
34 184 0.0537
34 1191 0.0531
34 163 0.0514
34 1578 0.0514
34 1450 0.0511
34 373 0.0500
34 69 0.0491
34 347 0.0489
34 652 0.0484
34 342 0.0479
34 1534 0.0479
34 514 0.0476
34 16 0.0471
34 45 0.0471
34 415 0.0471
34 857 0.0471
34 114 0.0469
34 1150 0.0469
34 54 0.0467
34 548 0.0467
34 298 0.0462
34 726 0.0456
34 33 0.0454
34 769 0.0454
34 425 0.0452
34 10 0.0445
34 355 0.0445
34 1566 0.0445
34 1395 0.0443
34 645 0.0442
34 650 0.0442
34 1268 0.0442
34 956 0.0438
34 1160 0.0436
34 637 0.0432
34 547 0.0430
34 252 0.0418
34 23 0.0417
34 1296 0.0417
34 1227 0.0413
34 233 0.0410
34 888 0.0410
34 155 0.0409
34 1455 0.0407
34 389 0.0406
34 572 0.0404
34 91 0.0401
34 460 0.0400
34 43 0.0393
34 1138 0.0393
34 85 0.0382
34 1336 0.0382
34 932 0.0377
34 1469 0.0375
34 64 0.0373
34 189 0.0373
34 1404 0.0373
34 980 0.0370
34 77 0.0369
34 822 0.0368
34 216 0.0367
34 806 0.0362
34 1004 0.0359
34 904 0.0356
34 737 0.0355
34 670 0.0354
34 185 0.0351
34 732 0.0351
34 1228 0.0350
34 671 0.0349
34 1112 0.0344
34 1198 0.0344
34 896 0.0337
34 1449 0.0337
34 830 0.0336
34 999 0.0331
34 367 0.0329
34 588 0.0327
34 865 0.0327
34 1516 0.0326
34 213 0.0324
34 1259 0.0324
34 696 0.0321
34 1145 0.0318
34 1001 0.0315
34 1034 0.0312
34 1308 0.0310
34 419 0.0309
34 1341 0.0307
34 558 0.0304
34 1182 0.0304
34 1055 0.0302
34 708 0.0299
34 1121 0.0297
34 1152 0.0297
34 909 0.0292
34 964 0.0292
34 742 0.0290
34 1342 0.0287
34 1037 0.0286
34 1291 0.0286
34 154 0.0284
34 565 0.0282
34 1060 0.0282
34 642 0.0280
34 1542 0.0278
34 843 0.0278
34 951 0.0274
34 1143 0.0272
34 1271 0.0272
34 1307 0.0270
34 1132 0.0269
34 1173 0.0267
34 1245 0.0264
34 1351 0.0264
34 324 0.0262
34 828 0.0259
34 640 0.0258
34 800 0.0257
34 1489 0.0257
34 297 0.0256
34 1433 0.0256
34 1154 0.0254
34 826 0.0253
34 757 0.0250
34 1157 0.0250
34 1561 0.0250
34 600 0.0247
34 1321 0.0247
34 907 0.0245
34 267 0.0241
34 183 0.0239
34 1338 0.0239
34 724 0.0238
34 632 0.0236
34 418 0.0233
34 1068 0.0233
34 885 0.0231
34 838 0.0230
34 1344 0.0226
34 1246 0.0222
34 70 0.0221
34 912 0.0221
34 51 0.0220
34 201 0.0218
34 633 0.0218
34 1058 0.0218
34 1368 0.0218
34 145 0.0217
34 397 0.0217
34 412 0.0213
34 629 0.0213
34 1029 0.0210
34 1030 0.0209
34 701 0.0208
34 1089 0.0208
34 1141 0.0208
34 409 0.0207
34 891 0.0204
34 692 0.0204
34 1531 0.0204
34 1474 0.0203
34 1314 0.0201
34 795 0.0201
34 1110 0.0201
34 768 0.0200
34 1428 0.0199
34 1525 0.0199
34 498 0.0198
34 312 0.0198
34 75 0.0197
34 466 0.0196
34 842 0.0196
34 915 0.0196
34 1251 0.0195
34 1533 0.0194
34 1379 0.0192
34 1118 0.0192
34 82 0.0189
34 853 0.0188
34 731 0.0186
34 1085 0.0183
34 781 0.0182
34 583 0.0182
34 994 0.0180
34 1273 0.0179
34 1170 0.0178
34 1203 0.0174
34 1544 0.0173
34 205 0.0172
34 1426 0.0172
34 333 0.0171
34 520 0.0170
34 179 0.0168
34 817 0.0167
34 1487 0.0166
34 1413 0.0166
34 925 0.0165
34 1142 0.0164
34 594 0.0163
34 1305 0.0163
34 576 0.0162
34 557 0.0158
34 5 0.0157
34 1465 0.0155
34 1116 0.0153
34 358 0.0152
34 767 0.0152
34 1328 0.0151
34 862 0.0145
34 1240 0.0145
34 895 0.0143
34 1101 0.0143
34 1119 0.0141
34 966 0.0140
34 1184 0.0140
34 1334 0.0140
34 321 0.0138
34 1312 0.0136
34 240 0.0132
34 443 0.0132
34 510 0.0123
34 884 0.0110
34 566 0.0103
35 1460 0.3742
35 372 0.3547
35 775 0.3438
35 1210 0.3314
35 831 0.3004
35 1458 0.2929
35 1319 0.2866
35 919 0.2842
35 1299 0.2806
35 734 0.2755
35 1549 0.2750
35 801 0.2726
35 1145 0.2705
35 677 0.2673
35 769 0.2673
35 1318 0.2612
35 810 0.2590
35 47 0.2548
35 1040 0.2533
35 1162 0.2523
35 907 0.2483
35 505 0.2421
35 888 0.2417
35 1274 0.2400
35 914 0.2378
35 491 0.2377
35 1328 0.2371
35 1344 0.2365
35 460 0.2356
35 768 0.2356
35 1136 0.2356
35 483 0.2333
35 1121 0.2333
35 1357 0.2315
35 269 0.2302
35 1518 0.2282
35 378 0.2248
35 1360 0.2229
35 859 0.2227
35 1317 0.2224
35 1212 0.2196
35 1022 0.2191
35 1012 0.2169
35 1281 0.2168
35 1430 0.2167
35 761 0.2131
35 973 0.2122
35 383 0.2079
35 990 0.2079
35 214 0.2070
35 1495 0.2062
35 878 0.2048
35 1051 0.2008
35 743 0.1977
35 208 0.1974
35 1376 0.1964
35 1174 0.1963
35 910 0.1941
35 563 0.1914
35 441 0.1910
35 1540 0.1909
35 1259 0.1908
35 1144 0.1865
35 687 0.1852
35 381 0.1840
35 711 0.1823
35 843 0.1818
35 1546 0.1808
35 1503 0.1802
35 1209 0.1782
35 1258 0.1782
35 1076 0.1765
35 347 0.1760
35 1566 0.1750
35 1402 0.1739
35 1206 0.1736
35 402 0.1725
35 956 0.1719
35 588 0.1712
35 1368 0.1712
35 575 0.1705
35 1393 0.1704
35 821 0.1697
35 860 0.1690
35 1484 0.1689
35 1101 0.1687
35 1527 0.1684
35 1537 0.1684
35 672 0.1672
35 471 0.1660
35 1447 0.1660
35 534 0.1650
35 1454 0.1648
35 748 0.1628
35 887 0.1611
35 1143 0.1604
35 1280 0.1586
35 422 0.1583
35 513 0.1571
35 637 0.1556
35 1245 0.1553
35 324 0.1543
35 586 0.1543
35 1105 0.1534
35 489 0.1534
35 351 0.1526
35 818 0.1522
35 787 0.1513
35 25 0.1502
35 1295 0.1502
35 1129 0.1492
35 714 0.1489
35 953 0.1484
35 1464 0.1480
35 233 0.1477
35 846 0.1473
35 1385 0.1472
35 844 0.1470
35 920 0.1470
35 1553 0.1464
35 1035 0.1446
35 1545 0.1446
35 951 0.1435
35 32 0.1431
35 453 0.1429
35 1219 0.1412
35 1413 0.1411
35 1182 0.1392
35 1582 0.1389
35 1218 0.1386
35 41 0.1380
35 254 0.1375
35 717 0.1374
35 991 0.1372
35 1198 0.1350
35 523 0.1336
35 1074 0.1333
35 603 0.1323
35 1199 0.1317
35 532 0.1309
35 911 0.1309
35 1564 0.1309
35 122 0.1300
35 379 0.1289
35 476 0.1272
35 845 0.1266
35 1254 0.1262
35 924 0.1259
35 622 0.1248
35 1156 0.1243
35 691 0.1242
35 745 0.1237
35 1468 0.1234
35 252 0.1232
35 963 0.1230
35 1141 0.1227
35 1173 0.1223
35 1463 0.1213
35 1425 0.1210
35 1253 0.1209
35 1474 0.1195
35 278 0.1188
35 1548 0.1186
35 828 0.1186
35 1507 0.1185
35 394 0.1183
35 1578 0.1179
35 871 0.1178
35 1204 0.1178
35 1019 0.1176
35 1155 0.1171
35 609 0.1166
35 660 0.1166
35 1023 0.1166
35 1152 0.1166
35 524 0.1163
35 255 0.1161
35 783 0.1157
35 850 0.1157
35 1138 0.1157
35 1541 0.1157
35 81 0.1151
35 1077 0.1149
35 1134 0.1149
35 1251 0.1149
35 602 0.1148
35 1252 0.1147
35 671 0.1144
35 110 0.1132
35 903 0.1126
35 377 0.1123
35 934 0.1123
35 1256 0.1123
35 1556 0.1118
35 1047 0.1114
35 1517 0.1113
35 815 0.1102
35 1547 0.1091
35 999 0.1083
35 1085 0.1081
35 1260 0.1071
35 341 0.1070
35 1271 0.1067
35 1014 0.1062
35 1427 0.1062
35 1570 0.1062
35 795 0.1051
35 496 0.1049
35 228 0.1035
35 28 0.1022
35 205 0.1016
35 159 0.1015
35 1279 0.1004
35 112 0.0999
35 1164 0.0994
35 1512 0.0994
35 552 0.0993
35 736 0.0993
35 695 0.0988
35 157 0.0987
35 63 0.0981
35 648 0.0976
35 182 0.0972
35 541 0.0971
35 1524 0.0970
35 822 0.0964
35 1305 0.0958
35 511 0.0952
35 696 0.0945
35 514 0.0935
35 777 0.0930
35 1371 0.0930
35 1471 0.0930
35 1005 0.0926
35 825 0.0920
35 1391 0.0920
35 1277 0.0917
35 630 0.0912
35 1147 0.0910
35 877 0.0900
35 823 0.0899
35 917 0.0895
35 883 0.0882
35 1118 0.0879
35 1336 0.0876
35 158 0.0875
35 975 0.0867
35 1340 0.0863
35 853 0.0862
35 604 0.0860
35 666 0.0860
35 913 0.0860
35 1067 0.0860
35 1007 0.0845
35 420 0.0845
35 1489 0.0842
35 412 0.0838
35 13 0.0831
35 62 0.0831
35 746 0.0831
35 849 0.0831
35 993 0.0831
35 1119 0.0830
35 1429 0.0822
35 326 0.0818
35 998 0.0806
35 1220 0.0806
35 824 0.0792
35 342 0.0783
35 929 0.0777
35 1520 0.0773
35 287 0.0772
35 457 0.0772
35 94 0.0769
35 967 0.0768
35 1159 0.0766
35 1176 0.0764
35 543 0.0761
35 1384 0.0756
35 685 0.0751
35 1467 0.0749
35 594 0.0749
35 952 0.0743
35 1325 0.0743
35 1192 0.0741
35 1483 0.0737
35 1010 0.0734
35 382 0.0732
35 410 0.0732
35 1335 0.0725
35 529 0.0723
35 1003 0.0723
35 499 0.0714
35 538 0.0714
35 727 0.0714
35 1211 0.0714
35 472 0.0695
35 1203 0.0684
35 791 0.0683
35 1073 0.0683
35 1359 0.0683
35 1223 0.0677
35 1163 0.0677
35 408 0.0675
35 782 0.0675
35 1349 0.0675
35 227 0.0673
35 1128 0.0667
35 1082 0.0666
35 1502 0.0666
35 617 0.0662
35 332 0.0661
35 551 0.0661
35 339 0.0651
35 811 0.0651
35 31 0.0643
35 374 0.0643
35 1364 0.0637
35 213 0.0636
35 652 0.0633
35 308 0.0631
35 1539 0.0631
35 1529 0.0619
35 280 0.0613
35 1034 0.0613
35 1079 0.0613
35 1431 0.0613
35 1511 0.0608
35 22 0.0608
35 738 0.0608
35 839 0.0608
35 1221 0.0608
35 1568 0.0608
35 1341 0.0603
35 814 0.0598
35 889 0.0598
35 71 0.0593
35 413 0.0593
35 595 0.0588
35 1229 0.0588
35 861 0.0586
35 10 0.0583
35 1580 0.0583
35 337 0.0579
35 384 0.0579
35 1257 0.0579
35 912 0.0578
35 199 0.0573
35 527 0.0570
35 928 0.0570
35 752 0.0566
35 1571 0.0566
35 1426 0.0564
35 1083 0.0563
35 876 0.0561
35 1175 0.0561
35 424 0.0560
35 1424 0.0559
35 886 0.0557
35 1581 0.0557
35 1521 0.0557
35 1048 0.0555
35 1060 0.0553
35 896 0.0551
35 1095 0.0550
35 1262 0.0549
35 942 0.0546
35 162 0.0546
35 996 0.0546
35 1536 0.0543
35 239 0.0539
35 167 0.0537
35 1372 0.0535
35 1455 0.0533
35 95 0.0529
35 858 0.0527
35 658 0.0526
35 289 0.0525
35 1235 0.0524
35 893 0.0522
35 694 0.0514
35 1446 0.0514
35 218 0.0507
35 1054 0.0507
35 651 0.0504
35 1505 0.0502
35 1433 0.0502
35 530 0.0501
35 380 0.0499
35 1214 0.0493
35 373 0.0491
35 1466 0.0490
35 827 0.0485
35 1084 0.0483
35 1365 0.0483
35 220 0.0476
35 583 0.0476
35 613 0.0474
35 1324 0.0472
35 1557 0.0472
35 1004 0.0471
35 1072 0.0471
35 204 0.0470
35 1338 0.0470
35 100 0.0465
35 536 0.0465
35 706 0.0465
35 882 0.0461
35 565 0.0461
35 235 0.0458
35 548 0.0458
35 598 0.0458
35 1493 0.0456
35 8 0.0454
35 291 0.0452
35 1087 0.0452
35 726 0.0448
35 867 0.0445
35 525 0.0443
35 922 0.0443
35 1361 0.0443
35 1449 0.0441
35 179 0.0440
35 786 0.0438
35 1355 0.0437
35 1276 0.0435
35 361 0.0434
35 1142 0.0430
35 1006 0.0430
35 700 0.0428
35 1058 0.0428
35 145 0.0426
35 1069 0.0426
35 435 0.0424
35 1348 0.0423
35 1414 0.0423
35 48 0.0421
35 589 0.0419
35 148 0.0416
35 1401 0.0416
35 99 0.0412
35 197 0.0412
35 1453 0.0411
35 1353 0.0409
35 1255 0.0408
35 232 0.0405
35 959 0.0404
35 1538 0.0404
35 198 0.0398
35 723 0.0395
35 1090 0.0395
35 1496 0.0395
35 452 0.0393
35 614 0.0393
35 113 0.0392
35 1525 0.0391
35 1052 0.0389
35 426 0.0386
35 866 0.0386
35 741 0.0384
35 773 0.0384
35 915 0.0384
35 1044 0.0383
35 221 0.0383
35 621 0.0383
35 1311 0.0383
35 982 0.0381
35 799 0.0380
35 848 0.0380
35 486 0.0378
35 1369 0.0377
35 1342 0.0376
35 1230 0.0375
35 1037 0.0374
35 1316 0.0374
35 242 0.0372
35 526 0.0372
35 150 0.0369
35 689 0.0369
35 739 0.0367
35 66 0.0366
35 485 0.0366
35 580 0.0364
35 980 0.0364
35 1053 0.0363
35 515 0.0360
35 296 0.0356
35 968 0.0356
35 190 0.0356
35 249 0.0356
35 1456 0.0355
35 301 0.0354
35 673 0.0354
35 1437 0.0354
35 749 0.0353
35 345 0.0352
35 1020 0.0348
35 467 0.0345
35 1183 0.0345
35 1332 0.0344
35 1165 0.0343
35 521 0.0342
35 504 0.0341
35 53 0.0340
35 1224 0.0339
35 1510 0.0336
35 659 0.0335
35 297 0.0335
35 802 0.0331
35 507 0.0331
35 1298 0.0331
35 830 0.0330
35 119 0.0329
35 225 0.0325
35 15 0.0322
35 69 0.0322
35 1301 0.0321
35 229 0.0320
35 258 0.0318
35 724 0.0312
35 1127 0.0310
35 1343 0.0309
35 423 0.0307
35 829 0.0305
35 863 0.0305
35 856 0.0303
35 177 0.0297
35 346 0.0297
35 957 0.0297
35 331 0.0296
35 357 0.0295
35 508 0.0294
35 1099 0.0293
35 894 0.0292
35 274 0.0292
35 674 0.0290
35 1205 0.0289
35 645 0.0289
35 1123 0.0288
35 1240 0.0285
35 1477 0.0284
35 1347 0.0284
35 61 0.0283
35 103 0.0282
35 646 0.0282
35 317 0.0278
35 320 0.0277
35 386 0.0277
35 690 0.0277
35 246 0.0273
35 1227 0.0271
35 868 0.0270
35 950 0.0269
35 1125 0.0269
35 1498 0.0269
35 1531 0.0267
35 790 0.0263
35 1181 0.0262
35 1514 0.0262
35 577 0.0261
35 947 0.0261
35 1428 0.0261
35 1497 0.0261
35 581 0.0260
35 1013 0.0257
35 335 0.0256
35 902 0.0255
35 873 0.0255
35 1579 0.0252
35 261 0.0250
35 945 0.0250
35 932 0.0247
35 1469 0.0246
35 124 0.0244
35 133 0.0244
35 679 0.0244
35 1267 0.0244
35 216 0.0240
35 608 0.0240
35 528 0.0238
35 1472 0.0238
35 994 0.0236
35 670 0.0232
35 1064 0.0231
35 960 0.0230
35 1394 0.0230
35 1504 0.0230
35 681 0.0228
35 1018 0.0228
35 116 0.0225
35 299 0.0225
35 458 0.0225
35 1112 0.0225
35 97 0.0223
35 875 0.0220
35 569 0.0218
35 756 0.0218
35 1432 0.0218
35 1038 0.0216
35 884 0.0215
35 721 0.0214
35 164 0.0213
35 364 0.0212
35 302 0.0210
35 375 0.0210
35 958 0.0210
35 1302 0.0208
35 965 0.0208
35 1476 0.0208
35 841 0.0206
35 1284 0.0206
35 18 0.0204
35 400 0.0203
35 419 0.0203
35 1100 0.0203
35 566 0.0203
35 1116 0.0201
35 1233 0.0199
35 434 0.0198
35 631 0.0198
35 173 0.0197
35 24 0.0196
35 428 0.0196
35 596 0.0196
35 1417 0.0196
35 927 0.0194
35 664 0.0193
35 310 0.0190
35 391 0.0190
35 1583 0.0190
35 88 0.0189
35 488 0.0189
35 1315 0.0189
35 219 0.0187
35 451 0.0187
35 1026 0.0186
35 1440 0.0185
35 750 0.0184
35 300 0.0183
35 1334 0.0183
35 86 0.0182
35 662 0.0182
35 916 0.0181
35 1103 0.0181
35 461 0.0179
35 1124 0.0179
35 438 0.0178
35 1366 0.0175
35 149 0.0171
35 1050 0.0171
35 1114 0.0171
35 599 0.0170
35 268 0.0169
35 470 0.0169
35 108 0.0168
35 800 0.0168
35 812 0.0168
35 899 0.0168
35 1408 0.0168
35 1436 0.0168
35 705 0.0167
35 1237 0.0167
35 771 0.0164
35 356 0.0164
35 1157 0.0164
35 1400 0.0164
35 556 0.0162
35 1362 0.0160
35 267 0.0157
35 273 0.0157
35 938 0.0157
35 1115 0.0154
35 1509 0.0154
35 87 0.0153
35 675 0.0153
35 974 0.0153
35 19 0.0152
35 832 0.0151
35 74 0.0148
35 425 0.0148
35 349 0.0146
35 656 0.0146
35 281 0.0145
35 1490 0.0145
35 144 0.0145
35 840 0.0145
35 1180 0.0145
35 51 0.0144
35 585 0.0144
35 986 0.0143
35 201 0.0143
35 754 0.0143
35 1160 0.0143
35 1380 0.0142
35 98 0.0141
35 547 0.0141
35 837 0.0141
35 1322 0.0141
35 1345 0.0140
35 406 0.0139
35 1386 0.0139
35 1326 0.0138
35 1029 0.0137
35 753 0.0137
35 1373 0.0137
35 447 0.0136
35 625 0.0136
35 722 0.0136
35 52 0.0135
35 409 0.0135
35 813 0.0135
35 1153 0.0134
35 1488 0.0134
35 155 0.0134
35 290 0.0134
35 1377 0.0134
35 1225 0.0132
35 309 0.0131
35 1397 0.0131
35 784 0.0130
35 498 0.0130
35 1075 0.0129
35 1238 0.0126
35 1243 0.0126
35 78 0.0125
35 836 0.0124
35 186 0.0120
35 567 0.0119
35 1461 0.0119
35 1202 0.0117
35 984 0.0117
35 904 0.0117
35 854 0.0116
35 1392 0.0116
35 44 0.0115
35 1275 0.0115
35 751 0.0115
35 661 0.0114
35 803 0.0114
35 404 0.0113
35 459 0.0113
35 1015 0.0112
35 1098 0.0112
35 520 0.0111
35 592 0.0110
35 519 0.0110
35 817 0.0109
35 1278 0.0109
35 367 0.0108
35 1282 0.0108
35 253 0.0105
35 1292 0.0105
35 557 0.0104
35 1409 0.0103
35 1333 0.0103
35 114 0.0102
35 1308 0.0102
35 215 0.0101
35 1061 0.0100
35 558 0.0099
35 265 0.0097
35 559 0.0094
35 1272 0.0093
35 549 0.0092
35 966 0.0092
35 245 0.0091
35 1542 0.0091
35 760 0.0089
35 443 0.0087
35 1486 0.0085
35 1442 0.0082
35 1111 0.0082
35 437 0.0080
35 676 0.0062
36 810 0.5639
36 787 0.4907
36 351 0.4846
36 308 0.4266
36 768 0.4245
36 1159 0.3879
36 381 0.3730
36 1102 0.3649
36 637 0.3632
36 1564 0.3539
36 1193 0.3445
36 991 0.3244
36 1074 0.3242
36 245 0.3206
36 328 0.3108
36 1134 0.3106
36 775 0.3098
36 1164 0.3071
36 1577 0.3041
36 1254 0.3033
36 672 0.3012
36 658 0.2986
36 1210 0.2986
36 156 0.2861
36 944 0.2771
36 1221 0.2738
36 1317 0.2732
36 422 0.2722
36 297 0.2714
36 831 0.2706
36 1295 0.2706
36 454 0.2667
36 1318 0.2601
36 1290 0.2581
36 919 0.2560
36 593 0.2559
36 665 0.2544
36 1162 0.2512
36 1360 0.2510
36 423 0.2491
36 897 0.2478
36 1549 0.2478
36 1299 0.2427
36 677 0.2408
36 769 0.2408
36 816 0.2408
36 1460 0.2408
36 1328 0.2403
36 1319 0.2383
36 1458 0.2375
36 401 0.2361
36 1206 0.2346
36 1128 0.2319
36 1264 0.2313
36 648 0.2308
36 575 0.2303
36 489 0.2303
36 801 0.2303
36 812 0.2275
36 1145 0.2249
36 1495 0.2229
36 1374 0.2219
36 1166 0.2213
36 385 0.2212
36 32 0.2209
36 1553 0.2198
36 711 0.2190
36 215 0.2181
36 888 0.2178
36 1189 0.2176
36 1258 0.2167
36 907 0.2165
36 1274 0.2162
36 53 0.2146
36 95 0.2146
36 1040 0.2139
36 460 0.2122
36 1136 0.2122
36 1518 0.2120
36 428 0.2119
36 424 0.2118
36 483 0.2102
36 660 0.2102
36 1121 0.2102
36 1357 0.2085
36 179 0.2080
36 1150 0.2075
36 786 0.2069
36 362 0.2052
36 914 0.2030
36 262 0.2023
36 372 0.1997
36 1344 0.1997
36 485 0.1978
36 679 0.1978
36 1212 0.1978
36 349 0.1970
36 529 0.1954
36 1012 0.1954
36 1281 0.1953
36 1430 0.1952
36 1310 0.1930
36 1368 0.1928
36 636 0.1926
36 761 0.1920
36 973 0.1911
36 1222 0.1908
36 798 0.1903
36 484 0.1886
36 524 0.1886
36 854 0.1886
36 1000 0.1880
36 990 0.1873
36 214 0.1865
36 1022 0.1850
36 878 0.1845
36 447 0.1836
36 1536 0.1836
36 265 0.1832
36 785 0.1809
36 1051 0.1809
36 859 0.1806
36 603 0.1787
36 734 0.1787
36 743 0.1781
36 858 0.1781
36 1225 0.1781
36 208 0.1778
36 1464 0.1778
36 532 0.1769
36 1376 0.1769
36 1174 0.1769
36 491 0.1752
36 1321 0.1749
36 94 0.1732
36 1177 0.1730
36 1540 0.1720
36 1259 0.1718
36 824 0.1711
36 945 0.1691
36 260 0.1687
36 1144 0.1680
36 1127 0.1677
36 472 0.1670
36 209 0.1668
36 687 0.1668
36 1468 0.1668
36 1567 0.1668
36 1010 0.1654
36 257 0.1636
36 505 0.1636
36 1503 0.1623
36 47 0.1620
36 378 0.1620
36 436 0.1605
36 716 0.1605
36 1209 0.1605
36 434 0.1602
36 452 0.1592
36 1076 0.1590
36 904 0.1576
36 1566 0.1576
36 714 0.1565
36 70 0.1562
36 102 0.1562
36 269 0.1556
36 585 0.1556
36 1340 0.1556
36 402 0.1554
36 902 0.1553
36 366 0.1552
36 563 0.1552
36 680 0.1552
36 956 0.1549
36 1546 0.1543
36 892 0.1540
36 1073 0.1537
36 88 0.1528
36 752 0.1528
36 821 0.1528
36 103 0.1523
36 860 0.1523
36 1101 0.1520
36 1175 0.1517
36 1527 0.1517
36 1537 0.1517
36 1345 0.1516
36 437 0.1512
36 526 0.1506
36 1187 0.1506
36 13 0.1498
36 386 0.1498
36 230 0.1498
36 474 0.1498
36 1447 0.1495
36 938 0.1490
36 1454 0.1485
36 753 0.1480
36 233 0.1452
36 1313 0.1446
36 1385 0.1446
36 1402 0.1446
36 438 0.1445
36 1143 0.1445
36 933 0.1435
36 497 0.1430
36 572 0.1430
36 1280 0.1429
36 513 0.1415
36 170 0.1410
36 516 0.1410
36 929 0.1400
36 1245 0.1399
36 49 0.1390
36 324 0.1390
36 586 0.1390
36 1165 0.1390
36 28 0.1382
36 1393 0.1382
36 281 0.1373
36 30 0.1371
36 818 0.1371
36 1384 0.1362
36 446 0.1357
36 25 0.1353
36 1491 0.1353
36 617 0.1341
36 119 0.1334
36 334 0.1327
36 1469 0.1327
36 1494 0.1327
36 63 0.1326
36 1052 0.1314
36 910 0.1311
36 1365 0.1304
36 477 0.1303
36 1035 0.1303
36 1545 0.1303
36 229 0.1297
36 347 0.1297
36 258 0.1290
36 453 0.1287
36 578 0.1287
36 649 0.1277
36 1105 0.1276
36 1427 0.1276
36 488 0.1274
36 501 0.1272
36 1219 0.1272
36 1534 0.1270
36 748 0.1257
36 1371 0.1257
36 1392 0.1257
36 1548 0.1247
36 549 0.1246
36 1484 0.1245
36 41 0.1243
36 1252 0.1240
36 254 0.1239
36 671 0.1236
36 1198 0.1217
36 1349 0.1217
36 496 0.1215
36 823 0.1215
36 1129 0.1209
36 523 0.1204
36 1063 0.1204
36 1573 0.1204
36 760 0.1202
36 331 0.1198
36 425 0.1198
36 595 0.1193
36 507 0.1192
36 887 0.1187
36 817 0.1182
36 911 0.1180
36 492 0.1177
36 1490 0.1177
36 1413 0.1174
36 319 0.1157
36 588 0.1157
36 1032 0.1157
36 1160 0.1157
36 213 0.1146
36 476 0.1146
36 953 0.1146
36 717 0.1143
36 1483 0.1138
36 375 0.1135
36 920 0.1135
36 412 0.1133
36 705 0.1131
36 148 0.1125
36 250 0.1125
36 622 0.1125
36 965 0.1125
36 62 0.1124
36 1476 0.1122
36 691 0.1119
36 534 0.1115
36 745 0.1115
36 535 0.1115
36 252 0.1110
36 1350 0.1110
36 449 0.1106
36 1141 0.1106
36 356 0.1105
36 280 0.1105
36 493 0.1105
36 579 0.1105
36 839 0.1095
36 959 0.1093
36 1463 0.1093
36 1425 0.1090
36 1474 0.1077
36 40 0.1077
36 1182 0.1075
36 1507 0.1068
36 1163 0.1067
36 795 0.1065
36 871 0.1061
36 1204 0.1061
36 577 0.1057
36 609 0.1051
36 1023 0.1051
36 1152 0.1051
36 1580 0.1051
36 255 0.1046
36 783 0.1043
36 850 0.1043
36 1138 0.1043
36 1541 0.1043
36 335 0.1039
36 741 0.1039
36 963 0.1039
36 1077 0.1035
36 1251 0.1035
36 602 0.1035
36 1130 0.1035
36 243 0.1032
36 169 0.1027
36 999 0.1024
36 908 0.1022
36 192 0.1019
36 1327 0.1019
36 1007 0.1015
36 1133 0.1015
36 1336 0.1015
36 574 0.1011
36 934 0.1011
36 1256 0.1011
36 1156 0.1008
36 867 0.1003
36 695 0.1002
36 211 0.0990
36 300 0.0990
36 329 0.0986
36 843 0.0983
36 1547 0.0983
36 1253 0.0980
36 1333 0.0975
36 1085 0.0974
36 877 0.0973
36 1199 0.0971
36 1260 0.0965
36 249 0.0962
36 394 0.0960
36 448 0.0957
36 1570 0.0957
36 1132 0.0950
36 1173 0.0944
36 327 0.0938
36 228 0.0933
36 1155 0.0931
36 1332 0.0930
36 1446 0.0927
36 193 0.0921
36 427 0.0921
36 305 0.0915
36 828 0.0915
36 1223 0.0915
36 205 0.0915
36 1224 0.0915
36 924 0.0907
36 1279 0.0905
36 1092 0.0899
36 81 0.0889
36 157 0.0889
36 238 0.0889
36 757 0.0884
36 110 0.0874
36 15 0.0870
36 478 0.0870
36 1301 0.0867
36 1305 0.0863
36 1047 0.0860
36 1539 0.0853
36 123 0.0851
36 815 0.0851
36 183 0.0847
36 777 0.0838
36 1471 0.0838
36 45 0.0834
36 730 0.0834
36 1005 0.0834
36 1080 0.0834
36 676 0.0831
36 967 0.0830
36 1079 0.0829
36 1239 0.0827
36 1277 0.0826
36 630 0.0822
36 298 0.0818
36 291 0.0814
36 880 0.0814
36 917 0.0806
36 251 0.0803
36 288 0.0803
36 508 0.0795
36 158 0.0788
36 376 0.0788
36 864 0.0788
36 1354 0.0785
36 975 0.0781
36 870 0.0780
36 360 0.0774
36 604 0.0774
36 666 0.0774
36 913 0.0774
36 1067 0.0774
36 1552 0.0774
36 1346 0.0771
36 799 0.0770
36 1069 0.0768
36 1512 0.0768
36 420 0.0761
36 1083 0.0761
36 1348 0.0761
36 1325 0.0753
36 1517 0.0752
36 320 0.0749
36 383 0.0749
36 597 0.0749
36 746 0.0749
36 993 0.0749
36 1218 0.0749
36 1119 0.0748
36 1042 0.0742
36 1429 0.0740
36 942 0.0738
36 246 0.0737
36 326 0.0737
36 1466 0.0735
36 998 0.0726
36 1220 0.0726
36 1008 0.0723
36 289 0.0710
36 1370 0.0710
36 581 0.0702
36 312 0.0700
36 855 0.0697
36 50 0.0695
36 426 0.0695
36 457 0.0695
36 873 0.0688
36 780 0.0683
36 1118 0.0679
36 261 0.0677
36 685 0.0677
36 853 0.0666
36 846 0.0664
36 1070 0.0664
36 410 0.0659
36 1041 0.0659
36 555 0.0657
36 1524 0.0655
36 1335 0.0653
36 69 0.0652
36 822 0.0651
36 1003 0.0651
36 511 0.0643
36 727 0.0643
36 1211 0.0643
36 1557 0.0638
36 1565 0.0636
36 1470 0.0630
36 89 0.0629
36 152 0.0629
36 445 0.0629
36 1064 0.0623
36 960 0.0622
36 1207 0.0622
36 1391 0.0622
36 1203 0.0617
36 791 0.0615
36 1126 0.0615
36 1359 0.0615
36 116 0.0608
36 299 0.0608
36 408 0.0608
36 782 0.0608
36 659 0.0604
36 1261 0.0602
36 922 0.0599
36 1423 0.0599
36 1520 0.0597
36 439 0.0596
36 719 0.0596
36 883 0.0596
36 833 0.0584
36 341 0.0578
36 594 0.0578
36 1014 0.0574
36 522 0.0568
36 696 0.0568
36 615 0.0557
36 841 0.0557
36 1421 0.0557
36 1529 0.0557
36 1034 0.0552
36 1431 0.0552
36 93 0.0550
36 1465 0.0549
36 566 0.0548
36 738 0.0548
36 814 0.0538
36 889 0.0538
36 71 0.0534
36 413 0.0534
36 357 0.0532
36 24 0.0530
36 647 0.0530
36 1019 0.0530
36 182 0.0525
36 337 0.0521
36 384 0.0521
36 1257 0.0521
36 1240 0.0514
36 527 0.0513
36 848 0.0513
36 928 0.0513
36 1347 0.0511
36 210 0.0509
36 1078 0.0509
36 1571 0.0509
36 1342 0.0508
36 712 0.0506
36 876 0.0506
36 1291 0.0506
36 1438 0.0506
36 886 0.0502
36 948 0.0502
36 952 0.0502
36 1048 0.0500
36 471 0.0498
36 545 0.0498
36 1060 0.0498
36 1452 0.0498
36 1526 0.0498
36 58 0.0495
36 66 0.0495
36 642 0.0495
36 1262 0.0495
36 793 0.0488
36 951 0.0485
36 1057 0.0485
36 1372 0.0482
36 994 0.0478
36 1247 0.0478
36 905 0.0472
36 1235 0.0472
36 1422 0.0472
36 703 0.0469
36 740 0.0469
36 774 0.0469
36 882 0.0468
36 517 0.0463
36 694 0.0463
36 1337 0.0463
36 1323 0.0461
36 599 0.0461
36 1016 0.0458
36 1426 0.0457
36 502 0.0455
36 977 0.0455
36 1436 0.0455
36 1489 0.0455
36 1433 0.0452
36 1450 0.0452
36 1502 0.0450
36 736 0.0447
36 1111 0.0445
36 1214 0.0445
36 1513 0.0445
36 811 0.0440
36 827 0.0437
36 510 0.0435
36 903 0.0435
36 755 0.0432
36 1362 0.0432
36 1364 0.0430
36 652 0.0428
36 804 0.0428
36 845 0.0428
36 613 0.0427
36 253 0.0426
36 431 0.0426
36 487 0.0426
36 1324 0.0426
36 550 0.0423
36 688 0.0423
36 1338 0.0423
36 514 0.0421
36 1120 0.0421
36 100 0.0419
36 536 0.0419
36 684 0.0419
36 706 0.0419
36 235 0.0413
36 598 0.0413
36 623 0.0413
36 1511 0.0411
36 838 0.0407
36 1087 0.0407
36 469 0.0405
36 1171 0.0405
36 726 0.0403
36 509 0.0399
36 525 0.0399
36 1361 0.0399
36 26 0.0398
36 1229 0.0398
36 1096 0.0396
36 894 0.0395
36 1355 0.0394
36 1276 0.0392
36 764 0.0391
36 628 0.0389
36 379 0.0387
36 1006 0.0387
36 112 0.0386
36 591 0.0386
36 1058 0.0386
36 145 0.0384
36 397 0.0384
36 1380 0.0384
36 435 0.0382
36 1031 0.0382
36 533 0.0381
36 1414 0.0381
36 1263 0.0379
36 1556 0.0378
36 542 0.0376
36 796 0.0376
36 1521 0.0376
36 1302 0.0376
36 638 0.0375
36 1401 0.0375
36 1334 0.0371
36 979 0.0369
36 625 0.0367
36 1194 0.0367
36 1255 0.0367
36 1538 0.0364
36 1419 0.0362
36 692 0.0360
36 1531 0.0360
36 1312 0.0360
36 723 0.0356
36 1090 0.0356
36 614 0.0354
36 1397 0.0354
36 893 0.0352
36 1525 0.0352
36 866 0.0348
36 773 0.0346
36 915 0.0346
36 1176 0.0344
36 982 0.0343
36 1054 0.0343
36 651 0.0341
36 1243 0.0341
36 1369 0.0339
36 1505 0.0339
36 330 0.0337
36 836 0.0336
36 739 0.0331
36 189 0.0330
36 580 0.0328
36 980 0.0328
36 1053 0.0327
36 515 0.0325
36 781 0.0323
36 583 0.0322
36 1559 0.0322
36 190 0.0321
36 806 0.0320
36 1456 0.0320
36 673 0.0319
36 1020 0.0313
36 751 0.0311
36 1183 0.0311
36 1394 0.0311
36 521 0.0308
36 504 0.0307
36 404 0.0305
36 333 0.0303
36 332 0.0298
36 896 0.0298
36 1298 0.0298
36 1449 0.0298
36 592 0.0297
36 830 0.0297
36 1142 0.0291
36 1363 0.0290
36 365 0.0287
36 576 0.0287
36 1028 0.0287
36 1158 0.0285
36 744 0.0282
36 1482 0.0279
36 114 0.0277
36 829 0.0275
36 863 0.0275
36 1099 0.0264
36 909 0.0259
36 486 0.0255
36 565 0.0249
36 1501 0.0248
36 966 0.0247
36 1271 0.0240
36 1582 0.0235
36 1434 0.0232
36 3 0.0229
36 759 0.0228
36 168 0.0214
36 729 0.0208
36 54 0.0206
36 1563 0.0201
36 612 0.0183
36 91 0.0177
36 784 0.0176
36 1270 0.0159
37 1133 0.4892
37 909 0.4580
37 1362 0.4084
37 90 0.3412
37 983 0.3319
37 1349 0.3232
37 1492 0.3174
37 1364 0.3047
37 1424 0.3009
37 1324 0.2764
37 1494 0.2644
37 1028 0.2627
37 605 0.2604
37 1123 0.2525
37 107 0.2522
37 444 0.2385
37 662 0.2321
37 357 0.2197
37 384 0.2154
37 1000 0.2150
37 284 0.2136
37 1345 0.2126
37 210 0.2105
37 1395 0.2084
37 1185 0.2068
37 1528 0.2036
37 776 0.1970
37 64 0.1946
37 124 0.1946
37 1527 0.1941
37 38 0.1895
37 267 0.1884
37 1140 0.1879
37 416 0.1860
37 138 0.1857
37 259 0.1856
37 730 0.1846
37 1083 0.1798
37 174 0.1791
37 191 0.1787
37 961 0.1776
37 1436 0.1746
37 942 0.1744
37 1227 0.1727
37 465 0.1724
37 895 0.1720
37 1125 0.1714
37 1363 0.1711
37 927 0.1706
37 217 0.1675
37 1514 0.1670
37 29 0.1667
37 626 0.1666
37 846 0.1665
37 1063 0.1658
37 1476 0.1656
37 847 0.1645
37 1495 0.1645
37 451 0.1642
37 39 0.1631
37 526 0.1630
37 1194 0.1626
37 781 0.1619
37 164 0.1618
37 237 0.1612
37 395 0.1609
37 536 0.1608
37 794 0.1603
37 446 0.1602
37 231 0.1599
37 86 0.1596
37 507 0.1583
37 1297 0.1579
37 1493 0.1577
37 786 0.1571
37 63 0.1566
37 393 0.1555
37 661 0.1551
37 827 0.1548
37 36 0.1529
37 742 0.1515
37 1355 0.1512
37 965 0.1494
37 506 0.1482
37 1080 0.1477
37 463 0.1467
37 870 0.1459
37 329 0.1455
37 1303 0.1435
37 587 0.1407
37 978 0.1385
37 585 0.1377
37 976 0.1377
37 503 0.1368
37 1203 0.1365
37 941 0.1364
37 486 0.1356
37 1509 0.1354
37 627 0.1346
37 759 0.1345
37 797 0.1343
37 312 0.1343
37 641 0.1340
37 1511 0.1334
37 1398 0.1334
37 426 0.1333
37 1211 0.1330
37 741 0.1329
37 885 0.1328
37 1021 0.1328
37 190 0.1326
37 66 0.1315
37 318 0.1315
37 665 0.1314
37 979 0.1306
37 1576 0.1306
37 89 0.1299
37 331 0.1297
37 839 0.1293
37 1321 0.1290
37 862 0.1290
37 1096 0.1285
37 960 0.1284
37 1177 0.1276
37 293 0.1270
37 35 0.1267
37 205 0.1260
37 272 0.1257
37 774 0.1246
37 1120 0.1243
37 1348 0.1236
37 985 0.1231
37 193 0.1223
37 599 0.1223
37 1407 0.1223
37 510 0.1221
37 1054 0.1214
37 799 0.1212
37 502 0.1209
37 977 0.1209
37 405 0.1207
37 854 0.1206
37 1208 0.1197
37 1082 0.1195
37 433 0.1194
37 1523 0.1194
37 886 0.1185
37 948 0.1185
37 1572 0.1184
37 1331 0.1181
37 805 0.1179
37 1097 0.1174
37 1402 0.1174
37 1455 0.1170
37 648 0.1168
37 277 0.1163
37 937 0.1163
37 1293 0.1161
37 1242 0.1151
37 614 0.1148
37 129 0.1145
37 196 0.1145
37 1353 0.1141
37 1461 0.1136
37 145 0.1133
37 1069 0.1133
37 411 0.1131
37 215 0.1127
37 335 0.1124
37 1415 0.1115
37 403 0.1113
37 484 0.1113
37 796 0.1110
37 1302 0.1109
37 443 0.1106
37 631 0.1103
37 576 0.1102
37 935 0.1101
37 1501 0.1099
37 573 0.1092
37 1178 0.1092
37 257 0.1086
37 470 0.1081
37 1223 0.1081
37 1224 0.1080
37 221 0.1069
37 680 0.1069
37 1457 0.1061
37 508 0.1056
37 1229 0.1056
37 95 0.1056
37 875 0.1055
37 519 0.1050
37 1342 0.1049
37 1175 0.1045
37 1278 0.1044
37 170 0.1040
37 230 0.1032
37 1067 0.1029
37 1441 0.1027
37 201 0.1024
37 616 0.1021
37 397 0.1020
37 168 0.1010
37 487 0.1005
37 1478 0.1005
37 461 0.1002
37 1122 0.1000
37 136 0.0995
37 296 0.0995
37 1065 0.0982
37 1484 0.0980
37 88 0.0977
37 625 0.0975
37 441 0.0969
37 8 0.0966
37 1245 0.0963
37 770 0.0961
37 290 0.0961
37 1383 0.0958
37 1114 0.0957
37 469 0.0956
37 1171 0.0956
37 437 0.0956
37 867 0.0948
37 567 0.0947
37 858 0.0946
37 268 0.0946
37 247 0.0946
37 1154 0.0929
37 72 0.0928
37 1020 0.0925
37 287 0.0923
37 1555 0.0917
37 379 0.0914
37 986 0.0914
37 1058 0.0910
37 1160 0.0910
37 169 0.0909
37 811 0.0908
37 1147 0.0907
37 1347 0.0906
37 559 0.0904
37 435 0.0903
37 903 0.0898
37 299 0.0898
37 154 0.0889
37 624 0.0884
37 1070 0.0881
37 731 0.0876
37 688 0.0875
37 1534 0.0875
37 1358 0.0875
37 558 0.0872
37 924 0.0870
37 295 0.0870
37 1432 0.0870
37 949 0.0867
37 1339 0.0864
37 173 0.0863
37 321 0.0863
37 1057 0.0859
37 1498 0.0857
37 1285 0.0853
37 1460 0.0853
37 760 0.0851
37 394 0.0850
37 1226 0.0847
37 270 0.0847
37 213 0.0845
37 572 0.0844
37 479 0.0842
37 1548 0.0841
37 904 0.0837
37 890 0.0837
37 1467 0.0837
37 737 0.0835
37 670 0.0833
37 1287 0.0830
37 1575 0.0830
37 789 0.0829
37 44 0.0828
37 1043 0.0826
37 399 0.0821
37 1272 0.0819
37 1458 0.0818
37 1016 0.0811
37 1100 0.0808
37 1244 0.0807
37 227 0.0806
37 244 0.0806
37 1505 0.0801
37 906 0.0801
37 705 0.0801
37 1051 0.0801
37 1491 0.0799
37 1092 0.0796
37 198 0.0795
37 668 0.0792
37 637 0.0790
37 987 0.0790
37 1418 0.0790
37 1442 0.0788
37 1513 0.0787
37 708 0.0782
37 1010 0.0781
37 410 0.0778
37 468 0.0778
37 1267 0.0778
37 1517 0.0777
37 1522 0.0774
37 307 0.0774
37 480 0.0770
37 1365 0.0770
37 1257 0.0769
37 735 0.0769
37 371 0.0765
37 709 0.0764
37 366 0.0763
37 258 0.0762
37 447 0.0759
37 824 0.0758
37 848 0.0758
37 1539 0.0756
37 566 0.0754
37 273 0.0754
37 673 0.0753
37 813 0.0753
37 1219 0.0751
37 1113 0.0749
37 73 0.0746
37 683 0.0746
37 147 0.0742
37 1471 0.0742
37 99 0.0740
37 751 0.0734
37 1207 0.0734
37 1370 0.0733
37 623 0.0731
37 1181 0.0731
37 93 0.0730
37 344 0.0730
37 516 0.0728
37 784 0.0728
37 947 0.0728
37 1462 0.0726
37 832 0.0721
37 771 0.0720
37 866 0.0718
37 518 0.0715
37 834 0.0715
37 1182 0.0714
37 902 0.0713
37 97 0.0711
37 1271 0.0709
37 266 0.0709
37 1361 0.0707
37 896 0.0703
37 1382 0.0703
37 21 0.0701
37 336 0.0701
37 78 0.0699
37 1200 0.0698
37 674 0.0695
37 1354 0.0695
37 82 0.0692
37 361 0.0692
37 695 0.0690
37 1195 0.0688
37 702 0.0688
37 1050 0.0684
37 1239 0.0683
37 639 0.0683
37 1301 0.0683
37 1560 0.0683
37 485 0.0681
37 134 0.0681
37 801 0.0680
37 555 0.0679
37 61 0.0678
37 1550 0.0676
37 963 0.0674
37 1414 0.0674
37 1007 0.0674
37 1578 0.0672
37 1254 0.0671
37 844 0.0670
37 1199 0.0669
37 583 0.0665
37 544 0.0663
37 638 0.0663
37 841 0.0658
37 119 0.0656
37 753 0.0655
37 1373 0.0655
37 326 0.0653
37 356 0.0652
37 1561 0.0652
37 280 0.0652
37 1367 0.0652
37 1536 0.0650
37 1046 0.0649
37 600 0.0645
37 562 0.0643
37 998 0.0643
37 663 0.0642
37 1179 0.0642
37 155 0.0640
37 1008 0.0640
37 1419 0.0640
37 671 0.0639
37 889 0.0636
37 20 0.0635
37 271 0.0631
37 60 0.0631
37 884 0.0629
37 309 0.0629
37 790 0.0629
37 431 0.0628
37 768 0.0626
37 113 0.0625
37 117 0.0625
37 1417 0.0625
37 204 0.0625
37 1420 0.0625
37 256 0.0622
37 660 0.0620
37 995 0.0619
37 1520 0.0617
37 337 0.0615
37 340 0.0615
37 939 0.0615
37 1115 0.0615
37 179 0.0614
37 1044 0.0611
37 817 0.0611
37 1240 0.0607
37 159 0.0607
37 630 0.0606
37 310 0.0606
37 713 0.0606
37 999 0.0605
37 488 0.0602
37 752 0.0602
37 945 0.0599
37 1551 0.0599
37 330 0.0597
37 704 0.0597
37 1291 0.0597
37 1537 0.0597
37 590 0.0595
37 1129 0.0595
37 1294 0.0593
37 122 0.0593
37 283 0.0593
37 1459 0.0591
37 425 0.0590
37 1289 0.0590
37 1526 0.0588
37 1535 0.0588
37 992 0.0587
37 1262 0.0584
37 725 0.0584
37 1334 0.0583
37 281 0.0579
37 1490 0.0579
37 1012 0.0577
37 1035 0.0577
37 430 0.0576
37 1180 0.0576
37 916 0.0576
37 515 0.0575
37 578 0.0570
37 292 0.0569
37 1372 0.0569
37 1308 0.0567
37 1465 0.0567
37 970 0.0566
37 994 0.0565
37 554 0.0565
37 348 0.0564
37 1222 0.0563
37 207 0.0562
37 837 0.0562
37 1132 0.0561
37 1263 0.0560
37 1283 0.0560
37 1422 0.0557
37 412 0.0557
37 589 0.0557
37 629 0.0555
37 1515 0.0554
37 1009 0.0554
37 1451 0.0554
37 41 0.0550
37 535 0.0548
37 1323 0.0545
37 504 0.0544
37 1126 0.0544
37 427 0.0544
37 1309 0.0544
37 1093 0.0542
37 1486 0.0540
37 1205 0.0539
37 333 0.0537
37 172 0.0534
37 1066 0.0534
37 14 0.0533
37 719 0.0528
37 106 0.0527
37 1314 0.0526
37 537 0.0525
37 1109 0.0525
37 1111 0.0525
37 373 0.0522
37 835 0.0522
37 577 0.0520
37 556 0.0516
37 601 0.0513
37 1519 0.0513
37 466 0.0513
37 1357 0.0513
37 414 0.0509
37 1251 0.0509
37 243 0.0508
37 1036 0.0508
37 304 0.0503
37 969 0.0503
37 1238 0.0503
37 311 0.0503
37 1330 0.0497
37 1479 0.0497
37 557 0.0496
37 1409 0.0495
37 5 0.0493
37 45 0.0492
37 632 0.0492
37 1234 0.0492
37 853 0.0491
37 676 0.0491
37 1469 0.0490
37 946 0.0489
37 1558 0.0489
37 54 0.0488
37 400 0.0485
37 711 0.0485
37 456 0.0483
37 77 0.0482
37 1084 0.0482
37 1253 0.0482
37 880 0.0480
37 47 0.0478
37 1260 0.0475
37 33 0.0474
37 241 0.0474
37 251 0.0474
37 816 0.0474
37 3 0.0473
37 898 0.0472
37 1423 0.0472
37 657 0.0470
37 595 0.0469
37 1270 0.0469
37 763 0.0469
37 1374 0.0468
37 4 0.0467
37 1166 0.0467
37 274 0.0465
37 1375 0.0465
37 492 0.0463
37 1246 0.0463
37 467 0.0459
37 1311 0.0458
37 775 0.0457
37 591 0.0455
37 1078 0.0451
37 282 0.0449
37 547 0.0449
37 1039 0.0449
37 619 0.0448
37 1438 0.0448
37 48 0.0448
37 424 0.0446
37 118 0.0445
37 242 0.0445
37 936 0.0445
37 1187 0.0445
37 320 0.0442
37 474 0.0442
37 728 0.0442
37 746 0.0442
37 1218 0.0442
37 750 0.0441
37 1119 0.0441
37 1286 0.0441
37 1352 0.0441
37 143 0.0439
37 1030 0.0437
37 245 0.0437
37 236 0.0435
37 246 0.0435
37 363 0.0435
37 722 0.0434
37 1255 0.0434
37 1410 0.0432
37 1538 0.0430
37 1443 0.0429
37 721 0.0428
37 891 0.0427
37 1377 0.0427
37 438 0.0426
37 1530 0.0426
37 365 0.0424
37 448 0.0424
37 1247 0.0424
37 497 0.0422
37 253 0.0419
37 1448 0.0418
37 744 0.0417
37 127 0.0416
37 407 0.0416
37 715 0.0416
37 1390 0.0416
37 490 0.0413
37 350 0.0413
37 255 0.0412
37 1075 0.0412
37 324 0.0410
37 842 0.0410
37 915 0.0409
37 28 0.0408
37 489 0.0408
37 1134 0.0407
37 212 0.0405
37 1533 0.0405
37 108 0.0403
37 780 0.0403
37 812 0.0403
37 85 0.0399
37 685 0.0399
37 1137 0.0399
37 802 0.0396
37 981 0.0396
37 932 0.0394
37 1192 0.0394
37 464 0.0391
37 739 0.0390
37 189 0.0389
37 679 0.0389
37 779 0.0389
37 1500 0.0389
37 1508 0.0389
37 580 0.0387
37 1524 0.0387
37 1248 0.0384
37 220 0.0380
37 442 0.0380
37 1310 0.0380
37 693 0.0380
37 462 0.0379
37 806 0.0378
37 1506 0.0377
37 115 0.0375
37 1094 0.0375
37 1265 0.0375
37 1273 0.0374
37 984 0.0373
37 654 0.0371
37 748 0.0371
37 322 0.0367
37 1189 0.0367
37 1391 0.0367
37 681 0.0364
37 303 0.0363
37 878 0.0363
37 1087 0.0360
37 1 0.0359
37 92 0.0359
37 264 0.0359
37 458 0.0359
37 1169 0.0359
37 653 0.0359
37 669 0.0359
37 436 0.0355
37 872 0.0355
37 1563 0.0355
37 76 0.0354
37 509 0.0354
37 610 0.0354
37 1344 0.0354
37 26 0.0352
37 439 0.0352
37 955 0.0352
37 861 0.0350
37 349 0.0349
37 1564 0.0348
37 1413 0.0346
37 42 0.0345
37 1038 0.0345
37 422 0.0344
37 628 0.0344
37 1024 0.0344
37 59 0.0341
37 101 0.0341
37 341 0.0341
37 1032 0.0341
37 1477 0.0340
37 187 0.0339
37 98 0.0337
37 1158 0.0337
37 658 0.0336
37 375 0.0335
37 1292 0.0334
37 455 0.0333
37 148 0.0332
37 622 0.0332
37 1386 0.0332
37 691 0.0330
37 197 0.0329
37 1001 0.0329
37 1089 0.0326
37 32 0.0326
37 137 0.0324
37 180 0.0323
37 1221 0.0323
37 1411 0.0323
37 1317 0.0323
37 233 0.0321
37 546 0.0321
37 1341 0.0321
37 1313 0.0320
37 1061 0.0318
37 582 0.0318
37 767 0.0317
37 852 0.0317
37 1090 0.0315
37 1507 0.0315
37 24 0.0313
37 440 0.0313
37 1019 0.0313
37 1161 0.0313
37 1138 0.0308
37 1206 0.0308
37 1416 0.0308
37 602 0.0305
37 964 0.0305
37 873 0.0305
37 1176 0.0305
37 351 0.0304
37 67 0.0303
37 928 0.0303
37 1379 0.0302
37 1571 0.0301
37 135 0.0299
37 377 0.0299
37 574 0.0299
37 1037 0.0299
37 836 0.0298
37 150 0.0294
37 471 0.0294
37 549 0.0294
37 689 0.0294
37 1452 0.0294
37 334 0.0294
37 1148 0.0293
37 300 0.0292
37 315 0.0292
37 1454 0.0292
37 162 0.0290
37 1547 0.0290
37 1335 0.0289
37 793 0.0288
37 868 0.0288
37 216 0.0287
37 636 0.0284
37 968 0.0284
37 1456 0.0283
37 139 0.0282
37 178 0.0282
37 933 0.0282
37 1307 0.0282
37 1562 0.0282
37 184 0.0281
37 1470 0.0279
37 401 0.0279
37 921 0.0279
37 1366 0.0279
37 214 0.0275
37 1266 0.0275
37 1504 0.0275
37 517 0.0274
37 1446 0.0274
37 53 0.0271
37 305 0.0270
37 163 0.0269
37 1408 0.0269
37 1481 0.0269
37 1015 0.0268
37 1269 0.0267
37 1249 0.0265
37 2 0.0262
37 81 0.0262
37 157 0.0262
37 1543 0.0261
37 339 0.0259
37 1553 0.0259
37 1282 0.0257
37 83 0.0257
37 374 0.0257
37 347 0.0255
37 1305 0.0255
37 11 0.0253
37 804 0.0253
37 65 0.0251
37 387 0.0251
37 938 0.0251
37 183 0.0250
37 1338 0.0250
37 724 0.0249
37 1480 0.0248
37 1333 0.0247
37 1201 0.0246
37 1468 0.0246
37 930 0.0245
37 1150 0.0245
37 418 0.0244
37 598 0.0244
37 675 0.0244
37 974 0.0244
37 1277 0.0244
37 1549 0.0244
37 12 0.0243
37 19 0.0243
37 432 0.0243
37 560 0.0241
37 718 0.0241
37 823 0.0239
37 1406 0.0237
37 346 0.0237
37 716 0.0237
37 1209 0.0237
37 1569 0.0237
37 525 0.0236
37 620 0.0235
37 1288 0.0234
37 1566 0.0233
37 70 0.0231
37 144 0.0231
37 840 0.0231
37 1268 0.0231
37 1006 0.0229
37 1346 0.0228
37 1518 0.0228
37 1380 0.0227
37 17 0.0226
37 973 0.0226
37 1031 0.0226
37 420 0.0225
37 860 0.0225
37 788 0.0223
37 406 0.0222
37 1440 0.0221
37 597 0.0221
37 618 0.0221
37 772 0.0221
37 565 0.0221
37 1155 0.0220
37 252 0.0218
37 1022 0.0218
37 194 0.0218
37 996 0.0218
37 1141 0.0218
37 1059 0.0217
37 612 0.0216
37 1463 0.0215
37 167 0.0214
37 888 0.0214
37 950 0.0214
37 1153 0.0214
37 1385 0.0213
37 692 0.0213
37 1531 0.0213
37 795 0.0210
37 1110 0.0210
37 452 0.0209
37 1136 0.0209
37 667 0.0208
37 1525 0.0208
37 581 0.0207
37 1062 0.0207
37 923 0.0206
37 43 0.0205
37 49 0.0205
37 109 0.0205
37 1013 0.0205
37 94 0.0204
37 773 0.0204
37 982 0.0202
37 908 0.0201
37 1243 0.0201
37 1579 0.0201
37 1369 0.0200
37 1403 0.0200
37 914 0.0200
37 1049 0.0200
37 1336 0.0200
37 972 0.0197
37 46 0.0196
37 316 0.0195
37 382 0.0195
37 822 0.0192
37 186 0.0192
37 528 0.0190
37 1485 0.0188
37 607 0.0188
37 1202 0.0187
37 1356 0.0187
37 1191 0.0185
37 325 0.0185
37 338 0.0184
37 1064 0.0184
37 1183 0.0183
37 1394 0.0183
37 1332 0.0183
37 142 0.0181
37 1073 0.0181
37 459 0.0180
37 116 0.0180
37 782 0.0180
37 1112 0.0180
37 1098 0.0179
37 523 0.0178
37 1261 0.0178
37 1388 0.0177
37 584 0.0176
37 603 0.0176
37 1466 0.0174
37 833 0.0172
37 953 0.0169
37 717 0.0169
37 1483 0.0168
37 696 0.0168
37 720 0.0166
37 1421 0.0164
37 423 0.0163
37 863 0.0162
37 738 0.0162
37 1425 0.0161
37 531 0.0160
37 954 0.0160
37 1116 0.0160
37 814 0.0159
37 1233 0.0159
37 71 0.0158
37 161 0.0158
37 434 0.0158
37 428 0.0156
37 1099 0.0156
37 971 0.0155
37 473 0.0155
37 1052 0.0155
37 664 0.0154
37 1033 0.0154
37 314 0.0153
37 1159 0.0153
37 892 0.0152
37 1583 0.0152
37 219 0.0149
37 1256 0.0149
37 1396 0.0149
37 672 0.0148
37 1360 0.0148
37 1581 0.0148
37 58 0.0146
37 211 0.0146
37 642 0.0146
37 1103 0.0144
37 951 0.0143
37 1104 0.0143
37 1258 0.0142
37 126 0.0140
37 1235 0.0139
37 703 0.0138
37 240 0.0138
37 149 0.0137
37 991 0.0137
37 248 0.0136
37 297 0.0134
37 785 0.0134
37 1135 0.0134
37 1279 0.0134
37 380 0.0133
37 736 0.0132
37 1117 0.0132
37 222 0.0130
37 541 0.0129
37 755 0.0128
37 1274 0.0128
37 1047 0.0127
37 845 0.0126
37 342 0.0125
37 1127 0.0124
37 820 0.0122
37 967 0.0122
37 87 0.0122
37 838 0.0120
37 378 0.0120
37 496 0.0120
37 726 0.0119
37 1172 0.0118
37 372 0.0118
37 656 0.0116
37 650 0.0115
37 764 0.0115
37 912 0.0115
37 762 0.0114
37 761 0.0113
37 533 0.0112
37 798 0.0112
37 317 0.0111
37 1387 0.0110
37 1350 0.0109
37 449 0.0109
37 701 0.0109
37 918 0.0108
37 52 0.0108
37 959 0.0108
37 1190 0.0107
37 1381 0.0106
37 1162 0.0106
37 91 0.0105
37 1045 0.0105
37 1174 0.0104
37 1397 0.0104
37 1149 0.0104
37 392 0.0103
37 1540 0.0102
37 651 0.0101
37 1118 0.0100
37 1230 0.0100
37 125 0.0099
37 1210 0.0098
37 1088 0.0096
37 1503 0.0096
37 249 0.0095
37 962 0.0094
37 1105 0.0094
37 1329 0.0094
37 1170 0.0093
37 882 0.0092
37 732 0.0092
37 1252 0.0091
37 1510 0.0089
37 734 0.0088
37 1095 0.0088
37 925 0.0086
37 1142 0.0086
37 1193 0.0085
37 308 0.0084
37 857 0.0082
37 1453 0.0082
37 114 0.0082
37 829 0.0081
37 787 0.0080
37 358 0.0079
37 783 0.0077
37 1128 0.0076
37 391 0.0076
37 1048 0.0074
37 1542 0.0073
37 877 0.0072
37 907 0.0064
37 472 0.0062
37 1444 0.0061
37 729 0.0061
38 1133 0.4034
38 909 0.3829
38 1349 0.3502
38 1362 0.3201
38 1364 0.2830
38 1492 0.2764
38 1424 0.2484
38 90 0.2194
38 1494 0.2183
38 1028 0.1889
38 759 0.1874
38 796 0.1856
38 1345 0.1715
38 1363 0.1669
38 124 0.1627
38 1242 0.1604
38 360 0.1592
38 1347 0.1577
38 637 0.1572
38 1348 0.1566
38 357 0.1531
38 384 0.1501
38 898 0.1478
38 858 0.1465
38 1123 0.1439
38 1285 0.1427
38 776 0.1373
38 38 0.1320
38 1489 0.1310
38 927 0.1296
38 72 0.1293
38 259 0.1293
38 1476 0.1269
38 210 0.1257
38 174 0.1248
38 1254 0.1247
38 231 0.1238
38 1125 0.1194
38 768 0.1164
38 1140 0.1164
38 799 0.1161
38 1000 0.1160
38 1063 0.1155
38 237 0.1123
38 585 0.1119
38 107 0.1098
38 786 0.1094
38 846 0.1091
38 132 0.1085
38 648 0.1085
38 827 0.1079
38 1227 0.1053
38 1226 0.1049
38 665 0.1046
38 1528 0.1045
38 526 0.1032
38 1080 0.1029
38 960 0.1023
38 318 0.1018
38 86 0.1011
38 405 0.1009
38 335 0.0997
38 1572 0.0990
38 277 0.0972
38 465 0.0961
38 145 0.0947
38 1083 0.0939
38 797 0.0936
38 781 0.0929
38 1495 0.0917
38 463 0.0909
38 787 0.0897
38 1402 0.0892
38 95 0.0882
38 708 0.0871
38 170 0.0870
38 730 0.0857
38 587 0.0857
38 221 0.0851
38 680 0.0851
38 885 0.0841
38 924 0.0840
38 605 0.0837
38 1342 0.0835
38 895 0.0833
38 1171 0.0833
38 73 0.0832
38 1096 0.0814
38 662 0.0808
38 770 0.0804
38 321 0.0802
38 1211 0.0794
38 501 0.0785
38 1166 0.0780
38 616 0.0776
38 1302 0.0772
38 444 0.0767
38 535 0.0764
38 1203 0.0761
38 1208 0.0758
38 193 0.0758
38 1093 0.0755
38 272 0.0750
38 870 0.0749
38 817 0.0729
38 1278 0.0728
38 63 0.0727
38 1097 0.0727
38 191 0.0711
38 942 0.0709
38 293 0.0708
38 1054 0.0705
38 284 0.0700
38 641 0.0700
38 1505 0.0698
38 1398 0.0697
38 688 0.0697
38 1534 0.0697
38 260 0.0694
38 965 0.0694
38 1575 0.0694
38 536 0.0689
38 847 0.0688
38 1150 0.0683
38 334 0.0682
38 1178 0.0676
38 1511 0.0676
38 411 0.0676
38 839 0.0676
38 240 0.0674
38 1199 0.0666
38 198 0.0664
38 1182 0.0663
38 1297 0.0660
38 190 0.0660
38 217 0.0648
38 904 0.0648
38 854 0.0646
38 1257 0.0643
38 1067 0.0637
38 661 0.0636
38 1160 0.0634
38 169 0.0633
38 941 0.0633
38 88 0.0629
38 451 0.0624
38 1175 0.0624
38 97 0.0619
38 474 0.0616
38 592 0.0611
38 66 0.0611
38 1334 0.0610
38 138 0.0609
38 1293 0.0606
38 979 0.0606
38 1046 0.0603
38 813 0.0599
38 1498 0.0597
38 968 0.0594
38 1460 0.0594
38 1455 0.0593
38 35 0.0588
38 614 0.0582
38 441 0.0579
38 774 0.0579
38 1027 0.0575
38 1043 0.0575
38 399 0.0572
38 426 0.0572
38 599 0.0568
38 801 0.0568
38 212 0.0564
38 1578 0.0561
38 1051 0.0558
38 1082 0.0555
38 590 0.0553
38 356 0.0545
38 1010 0.0544
38 64 0.0542
38 410 0.0542
38 77 0.0537
38 1545 0.0536
38 1177 0.0534
38 437 0.0533
38 258 0.0531
38 267 0.0525
38 1324 0.0525
38 486 0.0525
38 204 0.0522
38 1122 0.0522
38 147 0.0517
38 1484 0.0512
38 351 0.0509
38 573 0.0507
38 1021 0.0505
38 205 0.0502
38 1303 0.0500
38 331 0.0493
38 425 0.0493
38 508 0.0491
38 875 0.0490
38 725 0.0488
38 1355 0.0486
38 1395 0.0484
38 361 0.0482
38 1180 0.0482
38 443 0.0482
38 1185 0.0480
38 810 0.0480
38 164 0.0475
38 416 0.0471
38 1550 0.0471
38 308 0.0468
38 383 0.0462
38 753 0.0457
38 579 0.0454
38 1367 0.0454
38 1313 0.0446
38 976 0.0443
38 60 0.0440
38 1314 0.0440
38 1548 0.0440
38 1181 0.0436
38 763 0.0436
38 1019 0.0436
38 516 0.0435
38 393 0.0433
38 1580 0.0432
38 866 0.0429
38 395 0.0427
38 1044 0.0426
38 1251 0.0426
38 1159 0.0425
38 1399 0.0425
38 29 0.0422
38 310 0.0422
38 1238 0.0420
38 488 0.0419
38 1078 0.0419
38 1369 0.0419
38 136 0.0416
38 433 0.0416
38 574 0.0416
38 934 0.0416
38 154 0.0413
38 506 0.0413
38 853 0.0411
38 1535 0.0410
38 344 0.0407
38 329 0.0405
38 162 0.0404
38 580 0.0404
38 916 0.0401
38 129 0.0399
38 518 0.0399
38 884 0.0399
38 583 0.0397
38 1372 0.0396
38 567 0.0396
38 1271 0.0395
38 394 0.0395
38 593 0.0395
38 933 0.0393
38 1020 0.0387
38 1245 0.0383
38 671 0.0381
38 1114 0.0381
38 39 0.0379
38 1407 0.0379
38 1224 0.0376
38 812 0.0374
38 705 0.0372
38 1154 0.0370
38 507 0.0367
38 1449 0.0367
38 179 0.0367
38 1111 0.0366
38 1331 0.0366
38 464 0.0364
38 809 0.0362
38 1553 0.0362
38 999 0.0361
38 556 0.0360
38 1321 0.0360
38 69 0.0358
38 1519 0.0358
38 365 0.0354
38 168 0.0352
38 652 0.0352
38 273 0.0350
38 431 0.0350
38 938 0.0350
38 183 0.0348
38 514 0.0346
38 557 0.0345
38 1509 0.0343
38 1034 0.0341
38 1549 0.0340
38 1308 0.0339
38 1465 0.0339
38 1493 0.0338
38 8 0.0336
38 171 0.0336
38 832 0.0335
38 1129 0.0332
38 558 0.0331
38 346 0.0330
38 1328 0.0329
38 1457 0.0329
38 26 0.0327
38 595 0.0327
38 1458 0.0326
38 376 0.0324
38 1244 0.0321
38 693 0.0317
38 1240 0.0317
38 201 0.0317
38 1368 0.0317
38 1164 0.0316
38 282 0.0313
38 533 0.0313
38 547 0.0313
38 1039 0.0313
38 1272 0.0311
38 412 0.0311
38 1521 0.0309
38 597 0.0308
38 638 0.0308
38 746 0.0308
38 1218 0.0308
38 1318 0.0306
38 371 0.0304
38 23 0.0303
38 385 0.0303
38 1089 0.0303
38 55 0.0302
38 447 0.0302
38 1538 0.0300
38 233 0.0299
38 1232 0.0299
38 155 0.0297
38 290 0.0297
38 760 0.0297
38 156 0.0294
38 723 0.0293
38 1370 0.0292
38 715 0.0290
38 312 0.0288
38 1075 0.0287
38 466 0.0286
38 1357 0.0286
38 741 0.0285
38 414 0.0284
38 902 0.0284
38 243 0.0283
38 85 0.0278
38 945 0.0278
38 1192 0.0275
38 679 0.0271
38 997 0.0271
38 1267 0.0271
38 510 0.0269
38 627 0.0268
38 735 0.0268
38 1035 0.0268
38 1248 0.0268
38 515 0.0267
38 442 0.0265
38 528 0.0265
38 578 0.0265
38 1456 0.0263
38 1094 0.0262
38 1470 0.0259
38 89 0.0259
38 403 0.0259
38 737 0.0259
38 1554 0.0259
38 467 0.0256
38 732 0.0256
38 751 0.0256
38 1189 0.0256
38 6 0.0253
38 303 0.0253
38 682 0.0253
38 1163 0.0251
38 299 0.0250
38 1112 0.0250
38 657 0.0246
38 439 0.0245
38 719 0.0245
38 1432 0.0243
38 42 0.0240
38 59 0.0238
38 639 0.0238
38 1560 0.0238
38 134 0.0237
38 36 0.0237
38 1193 0.0236
38 213 0.0236
38 658 0.0234
38 311 0.0233
38 369 0.0233
38 375 0.0233
38 1236 0.0233
38 1113 0.0232
38 148 0.0231
38 417 0.0231
38 622 0.0231
38 99 0.0229
38 745 0.0229
38 1284 0.0229
38 493 0.0227
38 1558 0.0227
38 215 0.0224
38 1341 0.0223
38 40 0.0221
38 181 0.0221
38 852 0.0220
38 1009 0.0220
38 631 0.0220
38 1507 0.0220
38 173 0.0219
38 24 0.0218
38 1417 0.0218
38 961 0.0215
38 37 0.0214
38 337 0.0214
38 1033 0.0214
38 1102 0.0214
38 1206 0.0214
38 1416 0.0214
38 621 0.0213
38 964 0.0213
38 862 0.0212
38 67 0.0211
38 848 0.0211
38 928 0.0211
38 752 0.0210
38 1007 0.0209
38 683 0.0208
38 1396 0.0208
38 1537 0.0208
38 118 0.0206
38 948 0.0206
38 1581 0.0206
38 1048 0.0206
38 689 0.0205
38 750 0.0205
38 1060 0.0205
38 1352 0.0205
38 1148 0.0204
38 1042 0.0204
38 793 0.0201
38 196 0.0199
38 296 0.0198
38 1258 0.0198
38 554 0.0197
38 1247 0.0197
38 184 0.0195
38 479 0.0195
38 655 0.0195
38 921 0.0194
38 1366 0.0194
38 1422 0.0194
38 503 0.0191
38 1323 0.0190
38 28 0.0189
38 427 0.0189
38 489 0.0189
38 1309 0.0189
38 3 0.0188
38 1223 0.0188
38 108 0.0187
38 163 0.0187
38 244 0.0187
38 502 0.0187
38 172 0.0186
38 297 0.0186
38 1135 0.0186
38 1249 0.0185
38 617 0.0184
38 1442 0.0183
38 157 0.0183
38 396 0.0183
38 537 0.0183
38 757 0.0182
38 1157 0.0182
38 1543 0.0182
38 600 0.0180
38 83 0.0179
38 480 0.0179
38 644 0.0179
38 903 0.0179
38 824 0.0176
38 487 0.0175
38 649 0.0175
38 100 0.0172
38 930 0.0171
38 54 0.0170
38 598 0.0170
38 675 0.0170
38 475 0.0169
38 880 0.0167
38 1087 0.0167
38 378 0.0167
38 288 0.0165
38 436 0.0165
38 789 0.0165
38 1172 0.0165
38 1289 0.0164
38 1344 0.0164
38 620 0.0164
38 1229 0.0164
38 21 0.0163
38 336 0.0163
38 349 0.0162
38 1375 0.0162
38 492 0.0161
38 674 0.0161
38 1246 0.0161
38 1354 0.0161
38 1490 0.0161
38 70 0.0161
38 645 0.0161
38 764 0.0161
38 840 0.0161
38 422 0.0160
38 1024 0.0160
38 199 0.0159
38 1058 0.0159
38 1518 0.0159
38 17 0.0157
38 973 0.0157
38 788 0.0155
38 1387 0.0153
38 1373 0.0152
38 449 0.0152
38 625 0.0151
38 722 0.0151
38 949 0.0151
38 805 0.0149
38 1377 0.0149
38 1074 0.0148
38 1162 0.0148
38 1225 0.0147
38 91 0.0146
38 289 0.0146
38 309 0.0146
38 790 0.0146
38 795 0.0146
38 1045 0.0146
38 452 0.0145
38 1514 0.0145
38 577 0.0145
38 1390 0.0145
38 855 0.0143
38 1138 0.0143
38 873 0.0141
38 1036 0.0141
38 1176 0.0141
38 1533 0.0141
38 908 0.0140
38 1379 0.0140
38 1384 0.0140
38 1403 0.0140
38 78 0.0139
38 1049 0.0139
38 1230 0.0139
38 836 0.0138
38 82 0.0138
38 125 0.0138
38 695 0.0137
38 46 0.0137
38 1469 0.0136
38 1239 0.0136
38 485 0.0136
38 765 0.0135
38 1524 0.0135
38 216 0.0134
38 1085 0.0134
38 1260 0.0132
38 1461 0.0132
38 806 0.0132
38 994 0.0131
38 1222 0.0131
38 1270 0.0131
38 1374 0.0130
38 1170 0.0130
38 670 0.0129
38 1191 0.0129
38 570 0.0129
38 44 0.0128
38 338 0.0128
38 402 0.0128
38 1504 0.0128
38 1332 0.0127
38 504 0.0126
38 459 0.0125
38 1426 0.0125
38 1481 0.0125
38 659 0.0124
38 1388 0.0123
38 896 0.0122
38 830 0.0122
38 519 0.0122
38 1358 0.0122
38 367 0.0120
38 1282 0.0119
38 1441 0.0119
38 1301 0.0119
38 1516 0.0119
38 576 0.0118
38 1014 0.0118
38 11 0.0118
38 1158 0.0117
38 1539 0.0117
38 1333 0.0115
38 114 0.0114
38 738 0.0113
38 970 0.0113
38 1425 0.0112
38 1116 0.0112
38 783 0.0107
38 1546 0.0106
38 391 0.0106
38 61 0.0105
38 1101 0.0104
38 886 0.0103
38 1440 0.0103
38 230 0.0103
38 549 0.0102
38 565 0.0102
38 1501 0.0102
38 868 0.0100
38 877 0.0100
38 1312 0.0099
38 749 0.0098
38 771 0.0091
38 613 0.0088
38 729 0.0085
38 1190 0.0075
38 1466 0.0060
39 1133 0.5236
39 680 0.4430
39 854 0.4349
39 1362 0.4273
39 1000 0.3715
39 909 0.3663
39 1348 0.3636
39 1349 0.3606
39 665 0.3561
39 1494 0.3497
39 526 0.3473
39 1345 0.3247
39 816 0.3172
39 245 0.3168
39 1364 0.3117
39 585 0.3074
39 95 0.3062
39 991 0.3052
39 1577 0.3005
39 454 0.2929
39 1221 0.2886
39 1492 0.2878
39 328 0.2867
39 593 0.2844
39 1290 0.2834
39 1264 0.2794
39 1063 0.2776
39 944 0.2738
39 1166 0.2707
39 1177 0.2706
39 297 0.2682
39 785 0.2682
39 401 0.2644
39 1374 0.2611
39 215 0.2604
39 897 0.2584
39 1102 0.2576
39 1564 0.2525
39 904 0.2492
39 423 0.2462
39 381 0.2457
39 1321 0.2448
39 824 0.2396
39 1193 0.2364
39 1424 0.2363
39 90 0.2343
39 170 0.2322
39 1123 0.2306
39 447 0.2298
39 484 0.2278
39 428 0.2268
39 30 0.2258
39 516 0.2206
39 169 0.2198
39 1363 0.2196
39 1028 0.2175
39 679 0.2172
39 786 0.2142
39 258 0.2125
39 1128 0.2122
39 796 0.2106
39 797 0.2098
39 452 0.2097
39 424 0.2093
39 705 0.2086
39 349 0.2077
39 753 0.2072
39 437 0.2063
39 1134 0.2046
39 362 0.2028
39 1313 0.2025
39 53 0.2020
39 945 0.2005
39 13 0.1974
39 960 0.1945
39 1347 0.1937
39 1536 0.1935
39 434 0.1935
39 88 0.1930
39 1080 0.1923
39 114 0.1915
39 1150 0.1914
39 1310 0.1908
39 636 0.1903
39 265 0.1896
39 156 0.1885
39 798 0.1881
39 334 0.1858
39 210 0.1846
39 425 0.1842
39 508 0.1834
39 94 0.1825
39 193 0.1820
39 948 0.1819
39 1187 0.1819
39 305 0.1809
39 1490 0.1809
39 1227 0.1807
39 1127 0.1795
39 730 0.1786
39 658 0.1780
39 1160 0.1778
39 507 0.1766
39 438 0.1745
39 124 0.1737
39 648 0.1737
39 329 0.1732
39 230 0.1727
39 436 0.1718
39 477 0.1716
39 366 0.1704
39 908 0.1682
39 375 0.1682
39 148 0.1667
39 1175 0.1666
39 1476 0.1663
39 760 0.1663
39 1074 0.1661
39 1567 0.1648
39 858 0.1643
39 1225 0.1643
39 1010 0.1634
39 485 0.1629
39 942 0.1622
39 257 0.1616
39 356 0.1602
39 335 0.1597
39 902 0.1592
39 535 0.1591
39 1342 0.1588
39 716 0.1586
39 1572 0.1586
39 277 0.1558
39 927 0.1558
39 384 0.1545
39 70 0.1544
39 102 0.1544
39 572 0.1531
39 1165 0.1526
39 319 0.1524
39 892 0.1522
39 103 0.1505
39 672 0.1488
39 847 0.1468
39 1094 0.1466
39 1565 0.1466
39 119 0.1464
39 63 0.1456
39 72 0.1450
39 839 0.1443
39 1469 0.1421
39 933 0.1418
39 497 0.1413
39 938 0.1402
39 774 0.1391
39 231 0.1388
39 1580 0.1384
39 49 0.1374
39 870 0.1371
39 817 0.1363
39 1511 0.1353
39 446 0.1341
39 1491 0.1337
39 776 0.1335
39 174 0.1333
39 574 0.1333
39 38 0.1322
39 1402 0.1310
39 510 0.1291
39 1365 0.1289
39 229 0.1282
39 577 0.1277
39 280 0.1274
39 249 0.1268
39 145 0.1265
39 649 0.1262
39 676 0.1260
39 1222 0.1257
39 1534 0.1255
39 259 0.1242
39 536 0.1242
39 40 0.1241
39 320 0.1234
39 41 0.1229
39 444 0.1229
39 1495 0.1224
39 599 0.1214
39 92 0.1202
39 146 0.1199
39 237 0.1199
39 1125 0.1196
39 331 0.1184
39 192 0.1175
39 752 0.1175
39 1327 0.1175
39 781 0.1169
39 376 0.1168
39 1140 0.1165
39 281 0.1163
39 190 0.1162
39 426 0.1145
39 300 0.1141
39 357 0.1139
39 1293 0.1133
39 243 0.1133
39 416 0.1132
39 1550 0.1132
39 1083 0.1129
39 793 0.1125
39 1118 0.1118
39 183 0.1116
39 250 0.1111
39 1575 0.1111
39 684 0.1104
39 1350 0.1097
39 1132 0.1096
39 32 0.1092
39 555 0.1083
39 405 0.1078
39 1528 0.1076
39 519 0.1074
39 770 0.1073
39 251 0.1057
39 1457 0.1053
39 502 0.1049
39 1096 0.1043
39 365 0.1040
39 274 0.1038
39 864 0.1038
39 1052 0.1038
39 312 0.1037
39 929 0.1037
39 1130 0.1022
39 873 0.1020
39 799 0.1014
39 1164 0.1012
39 486 0.1009
39 637 0.1007
39 272 0.1002
39 299 0.1002
39 293 0.0992
39 1302 0.0990
39 76 0.0989
39 846 0.0984
39 273 0.0981
39 431 0.0981
39 211 0.0978
39 759 0.0976
39 86 0.0971
39 662 0.0971
39 246 0.0971
39 1120 0.0971
39 107 0.0967
39 1301 0.0952
39 394 0.0948
39 270 0.0945
39 448 0.0945
39 885 0.0943
39 795 0.0935
39 1171 0.0934
39 327 0.0927
39 1242 0.0918
39 595 0.0917
39 741 0.0913
39 427 0.0910
39 474 0.0905
39 1238 0.0897
39 617 0.0884
39 587 0.0883
39 351 0.0883
39 631 0.0879
39 1111 0.0879
39 547 0.0878
39 1097 0.0874
39 410 0.0869
39 1041 0.0869
39 15 0.0859
39 478 0.0859
39 480 0.0859
39 778 0.0858
39 164 0.0855
39 576 0.0851
39 449 0.0850
39 979 0.0850
39 1211 0.0848
39 567 0.0845
39 308 0.0843
39 806 0.0843
39 123 0.0841
39 994 0.0840
39 813 0.0840
39 342 0.0837
39 712 0.0833
39 557 0.0830
39 524 0.0828
39 616 0.0828
39 976 0.0828
39 1466 0.0824
39 1548 0.0821
39 66 0.0815
39 581 0.0810
39 298 0.0808
39 1224 0.0804
39 866 0.0801
39 767 0.0795
39 1573 0.0793
39 605 0.0782
39 650 0.0772
39 465 0.0769
39 422 0.0769
39 1340 0.0769
39 986 0.0765
39 1552 0.0765
39 1346 0.0762
39 244 0.0749
39 812 0.0749
39 1408 0.0749
39 1436 0.0749
39 1578 0.0749
39 641 0.0748
39 172 0.0745
39 1398 0.0744
39 260 0.0741
39 965 0.0741
39 537 0.0732
39 1513 0.0732
39 463 0.0728
39 217 0.0727
39 1194 0.0726
39 411 0.0721
39 827 0.0720
39 1498 0.0717
39 661 0.0713
39 1271 0.0713
39 191 0.0712
39 573 0.0711
39 198 0.0709
39 358 0.0709
39 205 0.0703
39 284 0.0701
39 24 0.0698
39 708 0.0698
39 1330 0.0694
39 1371 0.0690
39 50 0.0687
39 1257 0.0687
39 1357 0.0687
39 179 0.0685
39 592 0.0685
39 820 0.0683
39 1077 0.0682
39 221 0.0681
39 1240 0.0678
39 212 0.0677
39 1054 0.0677
39 19 0.0677
39 1178 0.0677
39 848 0.0676
39 924 0.0672
39 1078 0.0671
39 1571 0.0671
39 291 0.0670
39 1282 0.0670
39 261 0.0668
39 469 0.0667
39 73 0.0666
39 262 0.0666
39 433 0.0666
39 451 0.0666
39 1217 0.0661
39 1360 0.0661
39 789 0.0661
39 1192 0.0660
39 1070 0.0656
39 492 0.0646
39 361 0.0643
39 1180 0.0643
39 129 0.0639
39 538 0.0636
39 578 0.0636
39 1460 0.0634
39 1069 0.0632
39 1247 0.0630
39 445 0.0621
39 1020 0.0619
39 1182 0.0619
39 441 0.0618
39 740 0.0618
39 1064 0.0616
39 1189 0.0614
39 1207 0.0614
39 1203 0.0609
39 1073 0.0608
39 1208 0.0607
39 801 0.0607
39 625 0.0605
39 1223 0.0603
39 566 0.0601
39 195 0.0601
39 188 0.0599
39 699 0.0596
39 1051 0.0596
39 290 0.0596
39 1455 0.0593
39 1082 0.0592
39 391 0.0592
39 603 0.0589
39 1319 0.0589
39 151 0.0586
39 1331 0.0586
39 532 0.0583
39 614 0.0583
39 1272 0.0582
39 947 0.0580
39 811 0.0579
39 42 0.0577
39 833 0.0577
39 1185 0.0577
39 556 0.0576
39 600 0.0576
39 644 0.0573
39 321 0.0562
39 204 0.0558
39 688 0.0558
39 1122 0.0558
39 1480 0.0554
39 836 0.0553
39 147 0.0552
39 841 0.0551
39 1284 0.0551
39 1333 0.0551
39 1421 0.0551
39 695 0.0550
39 1499 0.0549
39 853 0.0548
39 493 0.0546
39 579 0.0546
39 54 0.0544
39 93 0.0543
39 443 0.0540
39 787 0.0539
39 856 0.0539
39 496 0.0534
39 1303 0.0534
39 1129 0.0531
39 583 0.0530
39 74 0.0529
39 278 0.0529
39 872 0.0529
39 1297 0.0529
39 1456 0.0527
39 1423 0.0526
39 1417 0.0523
39 725 0.0522
39 1355 0.0519
39 1354 0.0517
39 430 0.0515
39 1183 0.0512
39 1159 0.0511
39 771 0.0511
39 1252 0.0510
39 360 0.0510
39 941 0.0507
39 397 0.0506
39 1418 0.0504
39 404 0.0502
39 533 0.0502
39 837 0.0502
39 1291 0.0500
39 412 0.0497
39 154 0.0496
39 1581 0.0496
39 62 0.0493
39 618 0.0493
39 638 0.0493
39 728 0.0493
39 750 0.0493
39 1452 0.0493
39 1526 0.0493
39 1535 0.0493
39 318 0.0489
39 642 0.0489
39 138 0.0488
39 385 0.0486
39 996 0.0486
39 612 0.0482
39 239 0.0480
39 1057 0.0479
39 1419 0.0476
39 389 0.0473
39 1162 0.0473
39 479 0.0470
39 60 0.0469
39 1314 0.0469
39 1483 0.0468
39 1370 0.0468
39 1173 0.0467
39 768 0.0466
39 1181 0.0466
39 703 0.0464
39 393 0.0463
39 1043 0.0461
39 1195 0.0461
39 1245 0.0461
39 1075 0.0459
39 399 0.0458
39 517 0.0458
39 1446 0.0458
39 489 0.0455
39 1251 0.0455
39 1540 0.0453
39 1016 0.0452
39 1486 0.0452
39 159 0.0452
39 818 0.0452
39 780 0.0450
39 1489 0.0450
39 1505 0.0447
39 136 0.0444
39 330 0.0444
39 981 0.0442
39 1009 0.0441
39 82 0.0441
39 635 0.0440
39 1400 0.0437
39 64 0.0434
39 980 0.0432
39 1253 0.0430
39 83 0.0430
39 1179 0.0430
39 1519 0.0430
39 216 0.0428
39 804 0.0423
39 962 0.0421
39 267 0.0421
39 487 0.0421
39 1324 0.0421
39 1226 0.0420
39 1265 0.0419
39 1420 0.0418
39 895 0.0417
39 1170 0.0415
39 1470 0.0415
39 1025 0.0410
39 1484 0.0410
39 467 0.0410
39 1549 0.0408
39 671 0.0407
39 681 0.0406
39 8 0.0404
39 1021 0.0404
39 838 0.0402
39 116 0.0401
39 333 0.0400
39 1261 0.0397
39 288 0.0397
39 657 0.0393
39 26 0.0393
39 439 0.0392
39 875 0.0392
39 1278 0.0389
39 1432 0.0389
39 1395 0.0388
39 1244 0.0386
39 398 0.0385
39 810 0.0384
39 1024 0.0384
39 292 0.0381
39 591 0.0381
39 594 0.0381
39 865 0.0381
39 881 0.0381
39 1285 0.0381
39 1380 0.0379
39 1031 0.0378
39 1188 0.0377
39 1254 0.0375
39 311 0.0374
39 369 0.0374
39 1475 0.0374
39 1292 0.0373
39 542 0.0372
39 383 0.0370
39 1401 0.0370
39 1529 0.0367
39 1442 0.0367
39 926 0.0364
39 946 0.0364
39 1367 0.0364
39 949 0.0363
39 1093 0.0363
39 1308 0.0362
39 52 0.0361
39 1339 0.0361
39 970 0.0361
39 1100 0.0361
39 1168 0.0361
39 1411 0.0361
39 233 0.0359
39 954 0.0358
39 1008 0.0357
39 1531 0.0356
39 852 0.0353
39 247 0.0352
39 1055 0.0352
39 790 0.0351
39 117 0.0349
39 440 0.0349
39 686 0.0349
39 1099 0.0347
39 175 0.0343
39 1033 0.0343
39 1206 0.0343
39 395 0.0342
39 1044 0.0341
39 1176 0.0340
39 693 0.0339
39 862 0.0339
39 29 0.0338
39 1384 0.0336
39 821 0.0336
39 1306 0.0336
39 1403 0.0335
39 914 0.0334
39 1037 0.0333
39 122 0.0331
39 506 0.0331
39 936 0.0331
39 471 0.0328
39 549 0.0328
39 1286 0.0328
39 1210 0.0328
39 1262 0.0326
39 189 0.0326
39 1334 0.0325
39 843 0.0324
39 1524 0.0324
39 1046 0.0322
39 1035 0.0322
39 916 0.0322
39 869 0.0321
39 1085 0.0321
39 1104 0.0319
39 884 0.0319
39 968 0.0317
39 1372 0.0317
39 1312 0.0316
39 390 0.0316
39 139 0.0315
39 673 0.0315
39 1076 0.0314
39 184 0.0313
39 921 0.0311
39 325 0.0309
39 732 0.0307
39 751 0.0307
39 1394 0.0307
39 1332 0.0306
39 149 0.0305
39 1114 0.0305
39 39 0.0303
39 1393 0.0303
39 1407 0.0303
39 108 0.0300
39 227 0.0300
39 1066 0.0298
39 1237 0.0298
39 1154 0.0296
39 1109 0.0293
39 1214 0.0293
39 1500 0.0290
39 983 0.0285
39 168 0.0282
39 462 0.0282
39 613 0.0281
39 550 0.0279
39 777 0.0276
39 729 0.0274
39 963 0.0274
39 87 0.0272
39 548 0.0272
39 1068 0.0272
39 432 0.0271
39 1493 0.0271
39 832 0.0268
39 653 0.0267
39 823 0.0267
39 917 0.0266
39 558 0.0265
39 200 0.0264
39 241 0.0264
39 1209 0.0264
39 509 0.0263
39 898 0.0263
39 992 0.0262
39 1458 0.0261
39 656 0.0260
39 1375 0.0260
39 1246 0.0258
39 1276 0.0258
39 840 0.0257
39 913 0.0255
39 201 0.0254
39 1518 0.0254
39 435 0.0252
39 282 0.0251
39 860 0.0251
39 1039 0.0251
39 1322 0.0251
39 48 0.0250
39 629 0.0248
39 746 0.0247
39 1218 0.0247
39 691 0.0246
39 371 0.0244
39 84 0.0243
39 194 0.0243
39 55 0.0242
39 1255 0.0242
39 919 0.0241
39 1538 0.0240
39 805 0.0239
39 950 0.0239
39 692 0.0237
39 1435 0.0237
39 1514 0.0233
39 104 0.0232
39 715 0.0232
39 43 0.0229
39 466 0.0229
39 985 0.0229
39 915 0.0228
39 1304 0.0227
39 3 0.0226
39 304 0.0224
39 25 0.0223
39 972 0.0220
39 739 0.0218
39 1108 0.0217
39 1267 0.0217
39 1250 0.0217
39 1335 0.0215
39 627 0.0215
39 735 0.0215
39 1248 0.0215
39 879 0.0213
39 1260 0.0212
39 607 0.0209
39 1270 0.0209
39 984 0.0208
39 89 0.0207
39 403 0.0207
39 737 0.0207
39 748 0.0207
39 1554 0.0207
39 570 0.0206
39 44 0.0205
39 402 0.0205
39 825 0.0205
39 1228 0.0204
39 303 0.0203
39 504 0.0203
39 878 0.0203
39 1147 0.0203
39 458 0.0200
39 782 0.0200
39 14 0.0198
39 354 0.0198
39 368 0.0196
39 1298 0.0196
39 1376 0.0194
39 999 0.0193
39 1131 0.0192
39 307 0.0192
39 1142 0.0191
39 59 0.0190
39 134 0.0190
39 36 0.0190
39 213 0.0189
39 717 0.0188
39 1158 0.0188
39 920 0.0187
39 1478 0.0187
39 1113 0.0186
39 99 0.0184
39 1034 0.0182
39 1353 0.0182
39 1558 0.0182
39 863 0.0181
39 202 0.0180
39 738 0.0180
39 1568 0.0180
39 512 0.0179
39 794 0.0179
39 1116 0.0179
39 1415 0.0178
39 814 0.0177
39 1507 0.0176
39 173 0.0175
39 647 0.0174
39 763 0.0174
39 1019 0.0174
39 894 0.0173
39 660 0.0173
39 961 0.0172
39 337 0.0172
39 1205 0.0172
39 1416 0.0172
39 160 0.0170
39 1546 0.0169
39 310 0.0169
39 742 0.0169
39 928 0.0169
39 559 0.0168
39 488 0.0168
39 377 0.0167
39 683 0.0167
39 704 0.0167
39 1396 0.0167
39 1523 0.0167
39 1537 0.0167
39 118 0.0165
39 226 0.0165
39 283 0.0165
39 886 0.0165
39 1026 0.0165
39 1048 0.0165
39 1440 0.0165
39 689 0.0164
39 1060 0.0164
39 1119 0.0164
39 1352 0.0164
39 1501 0.0164
39 1042 0.0163
39 1146 0.0163
39 1454 0.0163
39 162 0.0162
39 877 0.0160
39 518 0.0160
39 951 0.0160
39 296 0.0159
39 178 0.0158
39 554 0.0158
39 1027 0.0154
39 503 0.0153
39 1050 0.0153
39 1323 0.0152
39 248 0.0152
39 733 0.0152
39 1309 0.0152
39 470 0.0151
39 899 0.0150
39 977 0.0150
39 1135 0.0149
39 380 0.0148
39 540 0.0148
39 1249 0.0148
39 668 0.0147
39 736 0.0147
39 802 0.0147
39 81 0.0146
39 208 0.0146
39 494 0.0146
39 1157 0.0146
39 1543 0.0146
39 1561 0.0146
39 339 0.0145
39 903 0.0143
39 347 0.0142
39 1274 0.0142
39 20 0.0142
39 271 0.0141
39 429 0.0141
39 652 0.0141
39 969 0.0140
39 1479 0.0139
39 995 0.0138
39 1471 0.0138
39 1509 0.0137
39 322 0.0137
39 930 0.0137
39 235 0.0136
39 598 0.0136
39 623 0.0136
39 974 0.0136
39 12 0.0135
39 630 0.0135
39 560 0.0135
39 561 0.0135
39 880 0.0134
39 669 0.0133
39 890 0.0133
39 626 0.0133
39 769 0.0132
39 867 0.0132
39 372 0.0132
39 525 0.0132
39 1344 0.0132
39 620 0.0131
39 1229 0.0131
39 21 0.0130
39 674 0.0129
39 764 0.0129
39 379 0.0128
39 762 0.0128
39 112 0.0127
39 1058 0.0127
39 575 0.0126
39 761 0.0126
39 1512 0.0126
39 17 0.0126
39 187 0.0126
39 348 0.0126
39 973 0.0126
39 987 0.0126
39 98 0.0125
39 207 0.0125
39 1283 0.0125
39 589 0.0124
39 788 0.0124
39 317 0.0124
39 1517 0.0124
39 1521 0.0124
39 544 0.0123
39 1091 0.0123
39 1318 0.0122
39 1030 0.0122
39 1141 0.0121
39 722 0.0121
39 918 0.0121
39 747 0.0120
39 1463 0.0120
39 1443 0.0120
39 155 0.0119
39 891 0.0119
39 1377 0.0119
39 1474 0.0118
39 743 0.0117
39 91 0.0117
39 289 0.0117
39 309 0.0117
39 1110 0.0117
39 871 0.0117
39 784 0.0116
39 1390 0.0116
39 1062 0.0115
39 450 0.0115
39 855 0.0115
39 414 0.0114
39 1036 0.0113
39 1533 0.0113
39 651 0.0112
39 1243 0.0112
39 1369 0.0112
39 78 0.0111
39 1049 0.0111
39 1230 0.0111
39 1336 0.0111
39 1316 0.0111
39 590 0.0111
39 1459 0.0110
39 1239 0.0109
39 731 0.0109
39 580 0.0108
39 77 0.0108
39 1461 0.0106
39 707 0.0105
39 1485 0.0105
39 1392 0.0104
39 670 0.0103
39 338 0.0103
39 1504 0.0102
39 459 0.0100
39 1299 0.0100
39 1481 0.0100
39 97 0.0099
39 896 0.0098
39 1449 0.0098
39 1358 0.0098
39 925 0.0096
39 1216 0.0096
39 367 0.0096
39 1441 0.0095
39 1014 0.0095
39 253 0.0093
39 744 0.0093
39 1409 0.0092
39 1317 0.0090
39 1425 0.0090
39 266 0.0088
39 1328 0.0088
39 1288 0.0087
39 106 0.0084
39 1007 0.0084
39 565 0.0082
39 1148 0.0082
39 1542 0.0081
39 868 0.0080
39 1444 0.0069
39 1190 0.0060
40 507 0.4816
40 1133 0.4703
40 1000 0.4558
40 665 0.4524
40 245 0.4385
40 215 0.4319
40 944 0.4223
40 1577 0.3934
40 447 0.3918
40 375 0.3853
40 1345 0.3677
40 297 0.3656
40 1494 0.3647
40 679 0.3624
40 328 0.3618
40 1102 0.3540
40 401 0.3512
40 1362 0.3496
40 1364 0.3477
40 95 0.3469
40 854 0.3456
40 454 0.3450
40 1564 0.3432
40 1349 0.3344
40 1290 0.3338
40 897 0.3338
40 423 0.3311
40 593 0.3309
40 489 0.3276
40 585 0.3269
40 1264 0.3241
40 381 0.3216
40 1177 0.3216
40 1221 0.3187
40 1374 0.3178
40 53 0.3172
40 1166 0.3169
40 991 0.3146
40 816 0.3114
40 478 0.3093
40 785 0.3071
40 786 0.3059
40 1276 0.3044
40 119 0.3019
40 1394 0.3015
40 904 0.2956
40 299 0.2950
40 437 0.2932
40 526 0.2922
40 1495 0.2883
40 847 0.2883
40 88 0.2883
40 1160 0.2867
40 680 0.2843
40 193 0.2829
40 1321 0.2827
40 335 0.2799
40 1134 0.2790
40 362 0.2787
40 1010 0.2780
40 1051 0.2779
40 909 0.2760
40 1128 0.2749
40 201 0.2743
40 428 0.2740
40 945 0.2734
40 781 0.2713
40 745 0.2703
40 1193 0.2692
40 349 0.2676
40 320 0.2664
40 858 0.2650
40 76 0.2621
40 1175 0.2616
40 1492 0.2608
40 1083 0.2585
40 1348 0.2585
40 94 0.2576
40 334 0.2575
40 902 0.2567
40 730 0.2562
40 124 0.2558
40 424 0.2543
40 265 0.2538
40 870 0.2523
40 366 0.2509
40 170 0.2507
40 280 0.2500
40 1310 0.2497
40 636 0.2491
40 839 0.2479
40 938 0.2477
40 426 0.2472
40 942 0.2467
40 436 0.2465
40 798 0.2462
40 692 0.2446
40 403 0.2439
40 484 0.2439
40 1567 0.2427
40 230 0.2422
40 1063 0.2335
40 892 0.2324
40 156 0.2312
40 192 0.2306
40 1127 0.2304
40 21 0.2304
40 1097 0.2287
40 102 0.2273
40 1165 0.2247
40 485 0.2239
40 229 0.2237
40 599 0.2234
40 258 0.2225
40 103 0.2216
40 824 0.2213
40 41 0.2211
40 658 0.2207
40 1424 0.2197
40 673 0.2165
40 516 0.2165
40 357 0.2149
40 70 0.2147
40 1028 0.2135
40 327 0.2124
40 200 0.2076
40 716 0.2076
40 434 0.2072
40 452 0.2059
40 753 0.2034
40 438 0.2024
40 329 0.2019
40 1536 0.2018
40 933 0.2011
40 1130 0.2007
40 776 0.2004
40 1313 0.1988
40 1074 0.1980
40 572 0.1966
40 672 0.1948
40 1187 0.1948
40 13 0.1937
40 1469 0.1931
40 535 0.1922
40 1534 0.1917
40 40 0.1915
40 960 0.1910
40 1297 0.1903
40 1490 0.1903
40 446 0.1901
40 1227 0.1892
40 243 0.1891
40 1080 0.1888
40 927 0.1869
40 1222 0.1851
40 497 0.1850
40 169 0.1826
40 1347 0.1819
40 148 0.1818
40 1274 0.1818
40 1183 0.1809
40 331 0.1808
40 425 0.1808
40 262 0.1799
40 574 0.1799
40 49 0.1798
40 1096 0.1792
40 649 0.1789
40 760 0.1788
40 30 0.1773
40 536 0.1762
40 422 0.1760
40 66 0.1760
40 705 0.1755
40 1491 0.1750
40 1293 0.1748
40 107 0.1726
40 90 0.1725
40 63 0.1715
40 410 0.1706
40 1171 0.1703
40 796 0.1702
40 465 0.1699
40 1365 0.1687
40 1501 0.1686
40 1138 0.1685
40 477 0.1685
40 741 0.1680
40 123 0.1651
40 210 0.1647
40 1403 0.1646
40 72 0.1626
40 948 0.1623
40 1360 0.1623
40 1150 0.1610
40 32 0.1607
40 637 0.1607
40 577 0.1595
40 1178 0.1594
40 1363 0.1593
40 257 0.1587
40 298 0.1587
40 356 0.1572
40 823 0.1572
40 38 0.1557
40 1350 0.1555
40 1054 0.1552
40 1476 0.1542
40 817 0.1529
40 281 0.1522
40 284 0.1514
40 833 0.1511
40 1123 0.1509
40 183 0.1506
40 1210 0.1502
40 1225 0.1498
40 319 0.1496
40 941 0.1494
40 1215 0.1494
40 648 0.1492
40 1140 0.1487
40 1327 0.1483
40 312 0.1471
40 311 0.1468
40 1511 0.1461
40 250 0.1455
40 58 0.1440
40 138 0.1436
40 463 0.1429
40 259 0.1423
40 524 0.1423
40 321 0.1418
40 508 0.1414
40 595 0.1414
40 827 0.1414
40 196 0.1411
40 1498 0.1408
40 376 0.1402
40 448 0.1392
40 1340 0.1383
40 431 0.1376
40 474 0.1372
40 231 0.1362
40 1052 0.1359
40 1580 0.1359
40 1043 0.1357
40 1260 0.1352
40 384 0.1348
40 1484 0.1342
40 427 0.1340
40 799 0.1328
40 848 0.1328
40 908 0.1321
40 752 0.1318
40 1208 0.1311
40 174 0.1308
40 1573 0.1297
40 1203 0.1296
40 739 0.1283
40 211 0.1280
40 300 0.1280
40 662 0.1271
40 770 0.1264
40 841 0.1261
40 293 0.1252
40 179 0.1249
40 249 0.1245
40 1247 0.1237
40 1132 0.1229
40 873 0.1223
40 1111 0.1222
40 351 0.1200
40 24 0.1199
40 979 0.1192
40 1021 0.1190
40 1466 0.1189
40 305 0.1184
40 1223 0.1184
40 759 0.1179
40 797 0.1177
40 1125 0.1174
40 155 0.1169
40 617 0.1157
40 1342 0.1149
40 1317 0.1148
40 840 0.1137
40 581 0.1136
40 307 0.1130
40 676 0.1129
40 549 0.1128
40 15 0.1125
40 50 0.1124
40 318 0.1120
40 191 0.1119
40 86 0.1112
40 793 0.1105
40 605 0.1097
40 1192 0.1080
40 449 0.1073
40 1267 0.1066
40 432 0.1063
40 774 0.1062
40 813 0.1060
40 443 0.1060
40 1182 0.1042
40 528 0.1040
40 251 0.1038
40 1209 0.1038
40 567 0.1037
40 1423 0.1033
40 795 0.1033
40 502 0.1030
40 1301 0.1028
40 864 0.1019
40 1207 0.1005
40 1398 0.1005
40 1552 0.1002
40 1346 0.0997
40 1164 0.0993
40 433 0.0981
40 451 0.0981
40 1291 0.0981
40 836 0.0978
40 1302 0.0972
40 695 0.0972
40 383 0.0969
40 1070 0.0965
40 587 0.0963
40 875 0.0963
40 246 0.0953
40 1035 0.0948
40 999 0.0946
40 1528 0.0939
40 190 0.0934
40 885 0.0926
40 614 0.0915
40 1020 0.0912
40 288 0.0908
40 486 0.0908
40 1344 0.0904
40 1242 0.0901
40 1421 0.0901
40 671 0.0900
40 399 0.0899
40 573 0.0897
40 1407 0.0893
40 205 0.0887
40 237 0.0883
40 1334 0.0879
40 261 0.0875
40 1154 0.0872
40 814 0.0870
40 145 0.0869
40 558 0.0869
40 533 0.0862
40 1254 0.0858
40 64 0.0853
40 1041 0.0853
40 555 0.0850
40 1401 0.0848
40 903 0.0843
40 395 0.0839
40 164 0.0839
40 365 0.0835
40 578 0.0832
40 1196 0.0831
40 310 0.0830
40 1324 0.0826
40 501 0.0823
40 1565 0.0823
40 73 0.0818
40 712 0.0818
40 217 0.0815
40 1170 0.0815
40 1531 0.0815
40 445 0.0813
40 684 0.0813
40 99 0.0811
40 1509 0.0809
40 1548 0.0806
40 1452 0.0806
40 1535 0.0806
40 1189 0.0804
40 1370 0.0803
40 661 0.0800
40 715 0.0798
40 1073 0.0795
40 393 0.0795
40 405 0.0793
40 929 0.0792
40 1224 0.0789
40 1303 0.0786
40 1057 0.0784
40 278 0.0778
40 1572 0.0778
40 510 0.0774
40 603 0.0771
40 1458 0.0768
40 277 0.0764
40 136 0.0763
40 532 0.0763
40 1395 0.0761
40 42 0.0755
40 1185 0.0755
40 1114 0.0749
40 1446 0.0749
40 341 0.0748
40 134 0.0746
40 397 0.0745
40 1069 0.0745
40 416 0.0741
40 1550 0.0741
40 1444 0.0741
40 1016 0.0740
40 1007 0.0739
40 1436 0.0736
40 412 0.0732
40 1521 0.0729
40 638 0.0727
40 728 0.0727
40 1513 0.0719
40 114 0.0716
40 493 0.0714
40 1367 0.0714
40 93 0.0711
40 906 0.0702
40 1008 0.0702
40 1402 0.0702
40 1271 0.0699
40 1455 0.0699
40 1181 0.0686
40 117 0.0685
40 1019 0.0685
40 1120 0.0681
40 660 0.0680
40 1075 0.0677
40 1257 0.0674
40 1412 0.0674
40 1044 0.0670
40 221 0.0669
40 1159 0.0669
40 974 0.0668
40 818 0.0665
40 1493 0.0664
40 29 0.0664
40 488 0.0659
40 1078 0.0659
40 1129 0.0652
40 506 0.0649
40 853 0.0646
40 1352 0.0645
40 1526 0.0645
40 1483 0.0644
40 846 0.0644
40 1239 0.0642
40 642 0.0640
40 189 0.0640
40 263 0.0640
40 1354 0.0634
40 1244 0.0631
40 916 0.0631
40 129 0.0627
40 884 0.0627
40 538 0.0624
40 1211 0.0624
40 700 0.0623
40 1372 0.0623
40 394 0.0621
40 1226 0.0619
40 1031 0.0618
40 1425 0.0617
40 616 0.0610
40 1554 0.0610
40 441 0.0607
40 703 0.0607
40 740 0.0607
40 729 0.0605
40 444 0.0603
40 467 0.0603
40 1245 0.0603
40 1332 0.0601
40 517 0.0599
40 801 0.0596
40 404 0.0592
40 566 0.0590
40 272 0.0590
40 780 0.0588
40 812 0.0588
40 233 0.0587
40 1117 0.0578
40 790 0.0574
40 1432 0.0572
40 1400 0.0572
40 491 0.0566
40 556 0.0565
40 466 0.0562
40 576 0.0557
40 168 0.0553
40 804 0.0553
40 308 0.0552
40 267 0.0550
40 273 0.0550
40 1300 0.0550
40 641 0.0550
40 720 0.0545
40 965 0.0545
40 1575 0.0545
40 557 0.0543
40 1371 0.0542
40 1333 0.0541
40 1558 0.0536
40 1308 0.0532
40 411 0.0531
40 1100 0.0531
40 8 0.0529
40 787 0.0529
40 531 0.0527
40 291 0.0526
40 832 0.0526
40 838 0.0526
40 469 0.0524
40 496 0.0524
40 198 0.0522
40 33 0.0519
40 241 0.0519
40 789 0.0519
40 1507 0.0518
40 806 0.0517
40 509 0.0517
40 1457 0.0517
40 994 0.0516
40 26 0.0514
40 992 0.0514
40 708 0.0514
40 763 0.0514
40 1417 0.0514
40 924 0.0513
40 1355 0.0510
40 1375 0.0510
40 361 0.0505
40 810 0.0503
40 751 0.0503
40 1240 0.0499
40 591 0.0499
40 1518 0.0499
40 282 0.0492
40 1039 0.0492
40 683 0.0491
40 1537 0.0491
40 542 0.0486
40 746 0.0484
40 1218 0.0484
40 1373 0.0479
40 84 0.0477
40 1547 0.0477
40 625 0.0475
40 1255 0.0475
40 1538 0.0471
40 518 0.0470
40 951 0.0470
40 1282 0.0470
40 224 0.0469
40 1232 0.0469
40 721 0.0469
40 1419 0.0468
40 1143 0.0467
40 1460 0.0467
40 976 0.0464
40 60 0.0461
40 1314 0.0461
40 768 0.0457
40 866 0.0449
40 1323 0.0447
40 39 0.0447
40 1309 0.0447
40 414 0.0446
40 1533 0.0443
40 1578 0.0441
40 1505 0.0439
40 1269 0.0439
40 85 0.0437
40 1230 0.0437
40 1082 0.0436
40 1092 0.0436
40 330 0.0436
40 932 0.0432
40 997 0.0426
40 69 0.0422
40 1519 0.0422
40 627 0.0421
40 735 0.0421
40 1248 0.0421
40 879 0.0417
40 815 0.0413
40 1094 0.0411
40 204 0.0411
40 688 0.0411
40 1122 0.0411
40 1338 0.0411
40 895 0.0410
40 256 0.0409
40 89 0.0407
40 147 0.0407
40 1064 0.0403
40 820 0.0403
40 1252 0.0401
40 1068 0.0401
40 303 0.0398
40 1018 0.0398
40 1462 0.0398
40 1087 0.0395
40 1169 0.0393
40 333 0.0392
40 592 0.0384
40 725 0.0384
40 861 0.0384
40 1278 0.0381
40 492 0.0381
40 1180 0.0379
40 1378 0.0379
40 1024 0.0377
40 379 0.0376
40 59 0.0374
40 588 0.0374
40 633 0.0374
40 213 0.0370
40 547 0.0369
40 860 0.0369
40 1113 0.0364
40 1442 0.0360
40 1194 0.0356
40 1463 0.0353
40 794 0.0351
40 1377 0.0351
40 852 0.0347
40 631 0.0345
40 309 0.0344
40 173 0.0344
40 1390 0.0342
40 450 0.0338
40 287 0.0337
40 337 0.0337
40 1033 0.0337
40 1416 0.0337
40 1251 0.0335
40 693 0.0333
40 862 0.0333
40 928 0.0332
40 1238 0.0330
40 61 0.0330
40 1369 0.0329
40 1049 0.0328
40 934 0.0327
40 1396 0.0327
40 1272 0.0326
40 122 0.0325
40 154 0.0325
40 1026 0.0325
40 689 0.0322
40 750 0.0322
40 315 0.0320
40 1524 0.0318
40 1084 0.0317
40 868 0.0315
40 461 0.0313
40 583 0.0312
40 296 0.0311
40 1461 0.0311
40 1456 0.0310
40 140 0.0309
40 479 0.0307
40 921 0.0305
40 737 0.0305
40 732 0.0302
40 1231 0.0302
40 1351 0.0302
40 324 0.0300
40 503 0.0300
40 1050 0.0300
40 3 0.0296
40 108 0.0294
40 163 0.0294
40 227 0.0294
40 244 0.0294
40 1098 0.0293
40 172 0.0293
40 1450 0.0293
40 1249 0.0291
40 826 0.0289
40 81 0.0287
40 537 0.0287
40 1405 0.0287
40 1543 0.0286
40 1561 0.0286
40 468 0.0284
40 600 0.0283
40 367 0.0283
40 83 0.0281
40 480 0.0281
40 1179 0.0281
40 306 0.0275
40 724 0.0272
40 1330 0.0272
40 967 0.0268
40 598 0.0267
40 1549 0.0267
40 1465 0.0266
40 12 0.0266
40 171 0.0264
40 456 0.0264
40 880 0.0263
40 669 0.0262
40 1467 0.0262
40 767 0.0260
40 121 0.0259
40 346 0.0259
40 266 0.0259
40 525 0.0258
40 1289 0.0258
40 657 0.0257
40 620 0.0257
40 1229 0.0257
40 611 0.0255
40 971 0.0255
40 10 0.0255
40 961 0.0254
40 975 0.0253
40 360 0.0250
40 1058 0.0249
40 391 0.0249
40 17 0.0247
40 973 0.0247
40 420 0.0246
40 571 0.0246
40 1101 0.0246
40 589 0.0244
40 788 0.0244
40 317 0.0243
40 386 0.0242
40 849 0.0242
40 1387 0.0241
40 371 0.0239
40 1022 0.0239
40 194 0.0238
40 326 0.0238
40 363 0.0238
40 385 0.0238
40 1089 0.0238
40 1296 0.0238
40 1576 0.0238
40 722 0.0237
40 949 0.0237
40 1093 0.0237
40 1046 0.0237
40 52 0.0237
40 1339 0.0237
40 167 0.0235
40 294 0.0235
40 805 0.0235
40 888 0.0235
40 891 0.0234
40 1162 0.0232
40 723 0.0230
40 1090 0.0230
40 947 0.0228
40 1525 0.0228
40 75 0.0226
40 43 0.0225
40 1077 0.0223
40 1036 0.0222
40 1176 0.0222
40 651 0.0220
40 1243 0.0220
40 25 0.0219
40 78 0.0219
40 279 0.0219
40 1336 0.0219
40 82 0.0217
40 1459 0.0216
40 771 0.0215
40 133 0.0213
40 731 0.0213
40 779 0.0213
40 980 0.0212
40 77 0.0211
40 529 0.0211
40 216 0.0210
40 1472 0.0208
40 1559 0.0208
40 613 0.0207
40 1427 0.0206
40 115 0.0206
40 1265 0.0206
40 1270 0.0206
40 984 0.0204
40 1470 0.0204
40 223 0.0203
40 654 0.0203
40 1392 0.0203
40 670 0.0203
40 1191 0.0203
40 44 0.0202
40 338 0.0202
40 1391 0.0201
40 1504 0.0201
40 1555 0.0201
40 6 0.0199
40 682 0.0199
40 878 0.0199
40 1126 0.0199
40 459 0.0197
40 1426 0.0197
40 92 0.0197
40 264 0.0197
40 1015 0.0196
40 97 0.0195
40 332 0.0193
40 439 0.0193
40 896 0.0193
40 955 0.0193
40 519 0.0192
40 1358 0.0192
40 1376 0.0191
40 1441 0.0187
40 639 0.0187
40 1285 0.0187
40 36 0.0186
40 369 0.0183
40 844 0.0183
40 1236 0.0183
40 417 0.0182
40 1287 0.0182
40 1284 0.0180
40 1482 0.0180
40 1453 0.0179
40 176 0.0179
40 579 0.0179
40 946 0.0179
40 1034 0.0179
40 1079 0.0179
40 1353 0.0179
40 738 0.0177
40 970 0.0177
40 1168 0.0177
40 1411 0.0177
40 546 0.0176
40 1116 0.0176
40 181 0.0174
40 358 0.0174
40 1009 0.0173
40 71 0.0173
40 161 0.0173
40 1055 0.0173
40 113 0.0171
40 440 0.0171
40 1197 0.0171
40 1288 0.0171
40 1086 0.0170
40 37 0.0169
40 664 0.0169
40 850 0.0169
40 563 0.0167
40 602 0.0167
40 621 0.0167
40 1546 0.0166
40 7 0.0166
40 821 0.0165
40 1315 0.0165
40 1571 0.0165
40 1217 0.0162
40 1325 0.0162
40 1440 0.0162
40 471 0.0161
40 565 0.0161
40 1060 0.0161
40 1119 0.0161
40 1148 0.0161
40 344 0.0160
40 966 0.0160
40 162 0.0159
40 968 0.0156
40 1258 0.0156
40 126 0.0154
40 184 0.0154
40 905 0.0153
40 1366 0.0153
40 1422 0.0153
40 1515 0.0152
40 240 0.0151
40 1434 0.0150
40 733 0.0149
40 1279 0.0146
40 380 0.0145
40 802 0.0145
40 157 0.0144
40 208 0.0144
40 396 0.0144
40 339 0.0142
40 1500 0.0142
40 1553 0.0142
40 347 0.0140
40 20 0.0139
40 271 0.0138
40 845 0.0138
40 65 0.0138
40 1506 0.0138
40 1420 0.0137
40 514 0.0136
40 706 0.0136
40 777 0.0136
40 1186 0.0136
40 632 0.0135
40 1115 0.0135
40 1499 0.0135
40 79 0.0134
40 322 0.0134
40 930 0.0134
40 54 0.0134
40 87 0.0134
40 623 0.0134
40 1277 0.0134
40 475 0.0133
40 718 0.0132
40 378 0.0131
40 653 0.0131
40 867 0.0130
40 898 0.0129
40 922 0.0129
40 336 0.0128
40 355 0.0127
40 1268 0.0126
40 199 0.0125
40 986 0.0125
40 1006 0.0125
40 1067 0.0125
40 754 0.0125
40 761 0.0124
40 435 0.0124
40 987 0.0124
40 1418 0.0124
40 1414 0.0123
40 1283 0.0123
40 1556 0.0122
40 406 0.0122
40 629 0.0122
40 1091 0.0121
40 1386 0.0121
40 68 0.0120
40 409 0.0118
40 747 0.0118
40 1190 0.0117
40 1443 0.0117
40 1474 0.0116
40 91 0.0115
40 289 0.0115
40 460 0.0114
40 1174 0.0114
40 1397 0.0114
40 893 0.0114
40 1149 0.0114
40 923 0.0113
40 392 0.0112
40 842 0.0112
40 985 0.0112
40 1357 0.0112
40 773 0.0112
40 915 0.0112
40 1118 0.0110
40 125 0.0108
40 46 0.0108
40 580 0.0106
40 1088 0.0106
40 1253 0.0106
40 1335 0.0106
40 515 0.0105
40 608 0.0105
40 869 0.0105
40 1085 0.0105
40 1199 0.0105
40 390 0.0103
40 962 0.0103
40 1329 0.0103
40 1202 0.0103
40 1273 0.0103
40 882 0.0101
40 1275 0.0101
40 1228 0.0100
40 504 0.0099
40 803 0.0099
40 1544 0.0099
40 659 0.0098
40 1520 0.0097
40 1298 0.0096
40 1449 0.0096
40 830 0.0096
40 851 0.0096
40 1095 0.0096
40 925 0.0095
40 1410 0.0095
40 594 0.0093
40 709 0.0093
40 1014 0.0093
40 1294 0.0093
40 11 0.0092
40 1280 0.0092
40 1292 0.0092
40 455 0.0091
40 1409 0.0090
40 137 0.0089
40 663 0.0088
40 1061 0.0087
40 1451 0.0087
40 894 0.0085
40 1205 0.0084
40 106 0.0083
40 1312 0.0078
40 749 0.0077
40 1304 0.0074
40 1486 0.0074
40 472 0.0068
41 978 0.4651
41 737 0.4394
41 1523 0.4362
41 1471 0.3864
41 1326 0.3772
41 1478 0.3713
41 1012 0.3680
41 1476 0.3671
41 1120 0.3634
41 446 0.3632
41 695 0.3575
41 794 0.3553
41 1508 0.3530
41 862 0.3518
41 510 0.3496
41 1461 0.3435
41 742 0.3359
41 444 0.3328
41 461 0.3316
41 344 0.3238
41 379 0.3225
41 986 0.3225
41 1069 0.3197
41 1194 0.3167
41 487 0.3165
41 947 0.3145
41 469 0.3132
41 917 0.3118
41 1297 0.3103
41 1361 0.3089
41 576 0.3074
41 1278 0.3070
41 1382 0.3012
41 470 0.2995
41 479 0.2968
41 731 0.2942
41 1195 0.2912
41 1419 0.2904
41 503 0.2894
41 190 0.2862
41 1457 0.2851
41 326 0.2850
41 1436 0.2842
41 1270 0.2837
41 393 0.2820
41 1355 0.2813
41 1262 0.2797
41 1065 0.2790
41 963 0.2780
41 1131 0.2779
41 711 0.2769
41 536 0.2743
41 1407 0.2739
41 1028 0.2732
41 605 0.2725
41 945 0.2716
41 284 0.2658
41 1058 0.2637
41 939 0.2636
41 464 0.2630
41 946 0.2629
41 1539 0.2622
41 987 0.2615
41 632 0.2605
41 1115 0.2605
41 307 0.2599
41 29 0.2595
41 562 0.2591
41 504 0.2560
41 1147 0.2560
41 217 0.2532
41 1140 0.2525
41 1398 0.2520
41 1513 0.2512
41 256 0.2506
41 1441 0.2500
41 995 0.2493
41 730 0.2481
41 1226 0.2466
41 1522 0.2451
41 713 0.2443
41 89 0.2431
41 210 0.2425
41 979 0.2412
41 47 0.2409
41 292 0.2408
41 1082 0.2408
41 267 0.2405
41 661 0.2390
41 805 0.2375
41 93 0.2372
41 741 0.2369
41 1070 0.2368
41 290 0.2366
41 589 0.2358
41 691 0.2330
41 1365 0.2328
41 430 0.2323
41 1383 0.2317
41 1514 0.2315
41 1016 0.2314
41 951 0.2307
41 955 0.2304
41 977 0.2301
41 578 0.2297
41 949 0.2293
41 1536 0.2293
41 519 0.2292
41 1459 0.2284
41 348 0.2274
41 942 0.2270
41 1420 0.2267
41 1534 0.2267
41 837 0.2265
41 668 0.2261
41 1263 0.2255
41 484 0.2244
41 1517 0.2237
41 1560 0.2236
41 1234 0.2233
41 34 0.2219
41 630 0.2200
41 641 0.2194
41 39 0.2192
41 983 0.2187
41 625 0.2184
41 1410 0.2176
41 824 0.2163
41 847 0.2155
41 366 0.2154
41 969 0.2152
41 1501 0.2142
41 802 0.2128
41 1386 0.2116
41 1331 0.2116
41 373 0.2104
41 835 0.2104
41 906 0.2099
41 1113 0.2095
41 82 0.2092
41 54 0.2088
41 673 0.2087
41 1123 0.2082
41 480 0.2069
41 601 0.2069
41 257 0.2068
41 985 0.2067
41 1239 0.2066
41 1285 0.2064
41 799 0.2061
41 66 0.2061
41 191 0.2058
41 555 0.2053
41 1292 0.2021
41 518 0.2019
41 1057 0.2019
41 878 0.2012
41 566 0.2009
41 1530 0.2005
41 1479 0.2005
41 205 0.1995
41 736 0.1995
41 1354 0.1984
41 1244 0.1975
41 1294 0.1964
41 64 0.1961
41 811 0.1961
41 1339 0.1958
41 451 0.1955
41 1100 0.1954
41 1520 0.1954
41 591 0.1949
41 1032 0.1949
41 883 0.1949
41 1084 0.1943
41 627 0.1937
41 1303 0.1928
41 293 0.1919
41 626 0.1919
41 1211 0.1914
41 251 0.1910
41 816 0.1910
41 268 0.1906
41 107 0.1906
41 898 0.1901
41 790 0.1901
41 759 0.1897
41 164 0.1888
41 1200 0.1875
41 196 0.1874
41 1030 0.1871
41 296 0.1862
41 896 0.1861
41 1357 0.1861
41 395 0.1853
41 817 0.1846
41 848 0.1832
41 1021 0.1824
41 435 0.1819
41 1515 0.1814
41 207 0.1812
41 1467 0.1807
41 1465 0.1795
41 1187 0.1792
41 1050 0.1792
41 462 0.1782
41 1286 0.1779
41 253 0.1772
41 189 0.1765
41 329 0.1760
41 246 0.1754
41 915 0.1751
41 1203 0.1742
41 660 0.1719
41 1023 0.1719
41 119 0.1719
41 961 0.1712
41 1307 0.1707
41 1280 0.1700
41 468 0.1700
41 905 0.1685
41 407 0.1677
41 1358 0.1675
41 622 0.1672
41 867 0.1671
41 485 0.1667
41 88 0.1667
41 214 0.1664
41 331 0.1663
41 20 0.1663
41 173 0.1661
41 138 0.1651
41 4 0.1648
41 336 0.1648
41 335 0.1648
41 1323 0.1646
41 1141 0.1644
41 1360 0.1643
41 1122 0.1637
41 970 0.1629
41 709 0.1626
41 870 0.1625
41 1243 0.1620
41 806 0.1617
41 662 0.1608
41 439 0.1595
41 767 0.1595
41 559 0.1594
41 1192 0.1589
41 247 0.1588
41 266 0.1588
41 1083 0.1585
41 670 0.1585
41 702 0.1584
41 1210 0.1579
41 1561 0.1578
41 1460 0.1575
41 784 0.1572
41 751 0.1572
41 886 0.1568
41 890 0.1566
41 629 0.1566
41 1152 0.1563
41 1048 0.1562
41 287 0.1550
41 1344 0.1544
41 602 0.1538
41 333 0.1534
41 1240 0.1530
41 67 0.1527
41 567 0.1527
41 1158 0.1526
41 1245 0.1525
41 844 0.1519
41 1395 0.1517
41 1009 0.1515
41 1451 0.1515
41 1222 0.1513
41 1443 0.1511
41 1049 0.1509
41 1273 0.1509
41 155 0.1506
41 174 0.1504
41 628 0.1504
41 590 0.1499
41 1473 0.1496
41 244 0.1489
41 846 0.1480
41 657 0.1480
41 1207 0.1479
41 1555 0.1479
41 98 0.1472
41 1092 0.1471
41 577 0.1468
41 573 0.1467
41 663 0.1456
41 458 0.1447
41 63 0.1446
41 669 0.1446
41 852 0.1435
41 1342 0.1434
41 14 0.1432
41 523 0.1432
41 789 0.1432
41 872 0.1432
41 1563 0.1432
41 1093 0.1420
41 508 0.1419
41 992 0.1419
41 117 0.1418
41 587 0.1418
41 937 0.1406
41 330 0.1404
41 1442 0.1390
41 465 0.1389
41 1266 0.1387
41 106 0.1366
41 187 0.1364
41 752 0.1364
41 1253 0.1360
41 704 0.1354
41 1396 0.1354
41 705 0.1345
41 283 0.1344
41 1287 0.1338
41 1001 0.1326
41 90 0.1322
41 1022 0.1321
41 999 0.1306
41 137 0.1306
41 411 0.1303
41 546 0.1292
41 636 0.1289
41 968 0.1289
41 1061 0.1284
41 492 0.1284
41 1469 0.1283
41 717 0.1275
41 1481 0.1263
41 440 0.1260
41 763 0.1260
41 342 0.1259
41 43 0.1240
41 340 0.1240
41 1033 0.1240
41 179 0.1237
41 1309 0.1233
41 964 0.1231
41 1356 0.1226
41 1533 0.1223
41 925 0.1219
41 163 0.1218
41 885 0.1216
41 1066 0.1211
41 1279 0.1211
41 721 0.1207
41 823 0.1205
41 377 0.1203
41 1255 0.1201
41 1272 0.1201
41 981 0.1197
41 118 0.1195
41 346 0.1194
41 716 0.1194
41 213 0.1193
41 416 0.1193
41 443 0.1184
41 1288 0.1179
41 1099 0.1177
41 600 0.1170
41 374 0.1164
41 1180 0.1162
41 768 0.1157
41 1174 0.1157
41 422 0.1157
41 1264 0.1147
41 1411 0.1140
41 1324 0.1139
41 486 0.1139
41 1562 0.1138
41 420 0.1132
41 954 0.1130
41 724 0.1128
41 1330 0.1128
41 1422 0.1124
41 259 0.1122
41 198 0.1121
41 1233 0.1121
41 1000 0.1118
41 618 0.1114
41 728 0.1114
41 1150 0.1111
41 1161 0.1103
41 1337 0.1103
41 432 0.1100
41 489 0.1096
41 739 0.1082
41 1190 0.1081
41 1129 0.1079
41 1402 0.1076
41 980 0.1072
41 372 0.1069
41 1335 0.1069
41 26 0.1064
41 719 0.1063
41 2 0.1058
41 238 0.1058
41 537 0.1058
41 1109 0.1058
41 1464 0.1058
41 1037 0.1053
41 672 0.1045
41 948 0.1045
41 810 0.1041
41 607 0.1040
41 565 0.1038
41 1202 0.1037
41 761 0.1028
41 1547 0.1023
41 953 0.1022
41 1259 0.1022
41 818 0.1020
41 982 0.1020
41 804 0.1018
41 845 0.1018
41 658 0.1015
41 65 0.1013
41 387 0.1013
41 1492 0.1000
41 418 0.0983
41 623 0.0983
41 560 0.0973
41 991 0.0965
41 528 0.0957
41 1260 0.0957
41 1406 0.0957
41 38 0.0955
41 677 0.0955
41 769 0.0955
41 631 0.0953
41 309 0.0950
41 994 0.0949
41 502 0.0947
41 428 0.0945
41 321 0.0942
41 473 0.0938
41 1062 0.0937
41 674 0.0933
41 1246 0.0933
41 384 0.0930
41 760 0.0929
41 773 0.0927
41 157 0.0926
41 1130 0.0923
41 775 0.0921
41 243 0.0921
41 754 0.0917
41 1462 0.0914
41 397 0.0913
41 1379 0.0911
41 299 0.0905
41 1349 0.0905
41 1101 0.0904
41 73 0.0902
41 1175 0.0902
41 1527 0.0902
41 1299 0.0902
41 506 0.0896
41 406 0.0895
41 1521 0.0895
41 1317 0.0894
41 597 0.0891
41 772 0.0891
41 271 0.0891
41 734 0.0886
41 1319 0.0886
41 996 0.0877
41 1046 0.0873
41 515 0.0869
41 1185 0.0868
41 1142 0.0864
41 167 0.0864
41 1125 0.0864
41 1220 0.0864
41 1363 0.0862
41 1008 0.0860
41 438 0.0859
41 692 0.0857
41 1178 0.0856
41 1162 0.0854
41 35 0.0851
41 345 0.0848
41 858 0.0848
41 1087 0.0847
41 676 0.0841
41 127 0.0839
41 774 0.0837
41 965 0.0836
41 581 0.0836
41 1209 0.0835
41 732 0.0832
41 923 0.0830
41 197 0.0829
41 1421 0.0829
41 49 0.0827
41 109 0.0827
41 842 0.0827
41 28 0.0822
41 599 0.0822
41 801 0.0822
41 1558 0.0821
41 414 0.0821
41 1036 0.0818
41 212 0.0816
41 1054 0.0816
41 108 0.0812
41 215 0.0811
41 304 0.0810
41 831 0.0805
41 1137 0.0805
41 136 0.0802
41 814 0.0801
41 1477 0.0799
41 972 0.0794
41 434 0.0794
41 1283 0.0789
41 412 0.0786
41 316 0.0784
41 382 0.0784
41 1052 0.0781
41 1282 0.0778
41 1088 0.0777
41 1541 0.0775
41 770 0.0775
41 1035 0.0775
41 1495 0.0773
41 1085 0.0772
41 755 0.0772
41 621 0.0769
41 1047 0.0768
41 727 0.0766
41 918 0.0764
41 310 0.0763
41 941 0.0763
41 919 0.0761
41 1456 0.0761
41 1506 0.0760
41 61 0.0759
41 998 0.0756
41 1528 0.0756
41 1338 0.0756
41 1377 0.0753
41 433 0.0752
41 619 0.0752
41 936 0.0747
41 1343 0.0744
41 44 0.0742
41 750 0.0741
41 1252 0.0738
41 1549 0.0737
41 614 0.0736
41 1511 0.0733
41 142 0.0732
41 682 0.0732
41 1073 0.0732
41 162 0.0731
41 787 0.0730
41 1103 0.0726
41 1112 0.0724
41 241 0.0716
41 1172 0.0716
41 425 0.0713
41 1388 0.0712
41 178 0.0711
41 448 0.0711
41 933 0.0711
41 584 0.0709
41 907 0.0708
41 1118 0.0707
41 1458 0.0706
41 914 0.0704
41 1235 0.0702
41 1376 0.0702
41 441 0.0698
41 912 0.0697
41 1114 0.0689
41 1518 0.0688
41 427 0.0685
41 973 0.0682
41 1418 0.0682
41 305 0.0681
41 11 0.0680
41 533 0.0679
41 1007 0.0679
41 797 0.0677
41 311 0.0675
41 720 0.0669
41 1145 0.0669
41 1091 0.0668
41 1117 0.0665
41 1148 0.0665
41 143 0.0663
41 1318 0.0663
41 222 0.0657
41 463 0.0657
41 1431 0.0657
41 910 0.0650
41 888 0.0648
41 1151 0.0648
41 402 0.0647
41 1116 0.0646
41 1274 0.0643
41 1415 0.0642
41 776 0.0638
41 652 0.0636
41 1040 0.0636
41 743 0.0636
41 1225 0.0636
41 161 0.0635
41 1328 0.0635
41 1507 0.0635
41 1370 0.0634
41 460 0.0631
41 1136 0.0631
41 1204 0.0631
41 1019 0.0630
41 715 0.0629
41 483 0.0625
41 1121 0.0625
41 1127 0.0623
41 392 0.0620
41 426 0.0620
41 1138 0.0620
41 1206 0.0620
41 1509 0.0620
41 1077 0.0616
41 314 0.0615
41 391 0.0611
41 1583 0.0611
41 924 0.0607
41 1306 0.0606
41 1315 0.0606
41 78 0.0604
41 219 0.0602
41 712 0.0602
41 934 0.0602
41 1537 0.0602
41 836 0.0600
41 1144 0.0600
41 1581 0.0597
41 436 0.0597
41 1289 0.0594
41 1010 0.0590
41 58 0.0589
41 642 0.0589
41 1108 0.0588
41 1212 0.0588
41 1267 0.0588
41 822 0.0581
41 1281 0.0581
41 916 0.0581
41 1430 0.0581
41 216 0.0579
41 499 0.0574
41 1310 0.0574
41 1346 0.0573
41 1372 0.0573
41 962 0.0571
41 270 0.0569
41 1247 0.0569
41 637 0.0569
41 1329 0.0567
41 1374 0.0566
41 1132 0.0565
41 654 0.0561
41 383 0.0557
41 990 0.0557
41 350 0.0555
41 467 0.0555
41 935 0.0555
41 671 0.0552
41 753 0.0550
41 1350 0.0550
41 1373 0.0550
41 1018 0.0549
41 449 0.0548
41 193 0.0548
41 248 0.0548
41 447 0.0546
41 459 0.0544
41 52 0.0544
41 116 0.0543
41 813 0.0542
41 233 0.0540
41 1051 0.0538
41 1433 0.0538
41 97 0.0537
41 354 0.0537
41 859 0.0537
41 1128 0.0536
41 380 0.0535
41 507 0.0532
41 1090 0.0530
41 208 0.0529
41 1564 0.0526
41 1097 0.0526
41 1500 0.0523
41 491 0.0521
41 541 0.0520
41 230 0.0520
41 1179 0.0517
41 639 0.0516
41 347 0.0514
41 1305 0.0514
41 1014 0.0512
41 1540 0.0512
41 273 0.0506
41 431 0.0506
41 696 0.0506
41 1300 0.0506
41 1475 0.0506
41 1575 0.0502
41 1271 0.0500
41 147 0.0499
41 841 0.0497
41 472 0.0497
41 687 0.0496
41 857 0.0496
41 820 0.0494
41 1484 0.0494
41 32 0.0493
41 1353 0.0493
41 87 0.0491
41 1308 0.0490
41 988 0.0489
41 1221 0.0489
41 580 0.0487
41 505 0.0487
41 880 0.0484
41 1503 0.0483
41 378 0.0482
41 1199 0.0481
41 394 0.0476
41 509 0.0475
41 525 0.0475
41 1076 0.0473
41 887 0.0471
41 1096 0.0471
41 984 0.0470
41 349 0.0469
41 656 0.0469
41 1375 0.0469
41 1566 0.0469
41 337 0.0465
41 1205 0.0465
41 361 0.0465
41 650 0.0465
41 764 0.0465
41 1268 0.0465
41 269 0.0463
41 563 0.0462
41 1311 0.0462
41 956 0.0461
41 1546 0.0459
41 1368 0.0459
41 681 0.0458
41 145 0.0457
41 575 0.0457
41 821 0.0455
41 1224 0.0454
41 798 0.0453
41 860 0.0453
41 48 0.0451
41 1015 0.0450
41 317 0.0447
41 624 0.0446
41 638 0.0446
41 471 0.0445
41 1447 0.0445
41 1387 0.0444
41 1454 0.0442
41 252 0.0440
41 86 0.0439
41 295 0.0439
41 701 0.0439
41 843 0.0439
41 1089 0.0439
41 1208 0.0439
41 1576 0.0439
41 367 0.0433
41 1385 0.0430
41 1143 0.0430
41 351 0.0429
41 36 0.0428
41 301 0.0427
41 572 0.0425
41 60 0.0424
41 1548 0.0424
41 91 0.0422
41 1045 0.0422
41 513 0.0421
41 871 0.0421
41 1397 0.0421
41 744 0.0420
41 312 0.0416
41 1027 0.0416
41 255 0.0415
41 99 0.0414
41 324 0.0413
41 466 0.0413
41 517 0.0413
41 586 0.0413
41 1412 0.0413
41 1446 0.0413
41 1453 0.0413
41 114 0.0412
41 1393 0.0411
41 1251 0.0411
41 863 0.0409
41 3 0.0408
41 1223 0.0408
41 1425 0.0405
41 785 0.0404
41 1237 0.0404
41 25 0.0402
41 1295 0.0402
41 1336 0.0402
41 1156 0.0400
41 558 0.0399
41 714 0.0399
41 1214 0.0397
41 46 0.0396
41 1494 0.0395
41 1553 0.0392
41 971 0.0391
41 1155 0.0388
41 1545 0.0387
41 608 0.0386
41 481 0.0386
41 437 0.0385
41 258 0.0384
41 220 0.0383
41 442 0.0383
41 453 0.0383
41 1105 0.0379
41 1072 0.0378
41 1219 0.0378
41 895 0.0377
41 1470 0.0375
41 352 0.0374
41 403 0.0374
41 748 0.0374
41 1554 0.0374
41 1020 0.0373
41 1440 0.0372
41 1119 0.0371
41 381 0.0370
41 254 0.0368
41 1277 0.0368
41 475 0.0367
41 868 0.0362
41 678 0.0362
41 1198 0.0362
41 1171 0.0361
41 1510 0.0360
41 603 0.0354
41 786 0.0352
41 532 0.0351
41 911 0.0351
41 1432 0.0351
41 1466 0.0350
41 1487 0.0350
41 1413 0.0349
41 42 0.0347
41 1434 0.0345
41 588 0.0344
41 1164 0.0343
41 1193 0.0342
41 476 0.0341
41 1414 0.0340
41 1254 0.0338
41 1345 0.0338
41 920 0.0338
41 417 0.0334
41 534 0.0331
41 615 0.0331
41 745 0.0331
41 1284 0.0331
41 1529 0.0331
41 280 0.0329
41 1034 0.0329
41 1079 0.0329
41 722 0.0328
41 1463 0.0325
41 1074 0.0321
41 582 0.0320
41 889 0.0320
41 1011 0.0320
41 1474 0.0320
41 1182 0.0320
41 613 0.0318
41 795 0.0317
41 357 0.0316
41 113 0.0315
41 708 0.0315
41 609 0.0313
41 929 0.0312
41 37 0.0310
41 783 0.0310
41 850 0.0310
41 1134 0.0308
41 1176 0.0307
41 928 0.0305
41 1078 0.0303
41 1571 0.0303
41 1403 0.0303
41 1256 0.0301
41 154 0.0299
41 526 0.0299
41 853 0.0297
41 1526 0.0296
41 1146 0.0294
41 1542 0.0293
41 1524 0.0292
41 1053 0.0291
41 129 0.0288
41 834 0.0288
41 1258 0.0286
41 1320 0.0286
41 140 0.0285
41 1427 0.0285
41 1570 0.0285
41 1173 0.0281
41 228 0.0277
41 960 0.0277
41 1183 0.0277
41 1332 0.0277
41 149 0.0276
41 733 0.0274
41 828 0.0272
41 404 0.0272
41 1426 0.0272
41 1578 0.0271
41 699 0.0269
41 81 0.0264
41 110 0.0260
41 827 0.0260
41 1321 0.0260
41 134 0.0257
41 168 0.0255
41 123 0.0253
41 815 0.0253
41 204 0.0252
41 514 0.0251
41 777 0.0249
41 1371 0.0249
41 1005 0.0248
41 1468 0.0248
41 1444 0.0248
41 675 0.0246
41 1068 0.0246
41 12 0.0244
41 19 0.0244
41 1493 0.0244
41 738 0.0244
41 8 0.0243
41 456 0.0243
41 496 0.0241
41 1573 0.0239
41 1423 0.0238
41 595 0.0237
41 158 0.0234
41 840 0.0232
41 975 0.0232
41 585 0.0231
41 1340 0.0231
41 360 0.0230
41 604 0.0230
41 666 0.0230
41 697 0.0230
41 913 0.0230
41 1067 0.0230
41 1160 0.0229
41 1512 0.0228
41 103 0.0226
41 547 0.0226
41 1348 0.0226
41 788 0.0225
41 1556 0.0225
41 62 0.0223
41 320 0.0223
41 690 0.0223
41 746 0.0223
41 993 0.0223
41 1218 0.0223
41 371 0.0220
41 1429 0.0220
41 23 0.0219
41 236 0.0219
41 989 0.0219
41 1296 0.0219
41 1196 0.0218
41 877 0.0217
41 1538 0.0217
41 224 0.0216
41 808 0.0216
41 1153 0.0216
41 1232 0.0216
41 1312 0.0214
41 389 0.0214
41 497 0.0213
41 723 0.0212
41 1181 0.0210
41 170 0.0210
41 1390 0.0210
41 490 0.0208
41 399 0.0207
41 457 0.0207
41 651 0.0203
41 1384 0.0203
41 261 0.0201
41 685 0.0201
41 334 0.0197
41 410 0.0196
41 648 0.0196
41 679 0.0196
41 779 0.0196
41 997 0.0196
41 77 0.0194
41 529 0.0194
41 1003 0.0194
41 511 0.0191
41 593 0.0190
41 707 0.0190
41 501 0.0189
41 665 0.0189
41 1265 0.0189
41 904 0.0188
41 524 0.0187
41 854 0.0187
41 41 0.0185
41 1391 0.0185
41 1394 0.0185
41 521 0.0183
41 6 0.0183
41 791 0.0183
41 1359 0.0183
41 1 0.0181
41 92 0.0181
41 195 0.0181
41 264 0.0181
41 272 0.0181
41 408 0.0181
41 568 0.0181
41 782 0.0181
41 424 0.0180
41 1098 0.0180
41 76 0.0179
41 875 0.0177
41 830 0.0177
41 851 0.0177
41 1378 0.0174
41 1038 0.0174
41 59 0.0172
41 319 0.0172
41 341 0.0172
41 594 0.0172
41 1301 0.0172
41 1550 0.0170
41 308 0.0169
41 1483 0.0169
41 369 0.0169
41 1236 0.0169
41 260 0.0167
41 5 0.0166
41 27 0.0166
41 176 0.0164
41 1367 0.0164
41 22 0.0163
41 180 0.0163
41 839 0.0163
41 1341 0.0161
41 40 0.0160
41 181 0.0160
41 71 0.0159
41 413 0.0159
41 1197 0.0158
41 182 0.0156
41 1257 0.0155
41 766 0.0154
41 1159 0.0154
41 693 0.0153
41 527 0.0153
41 1327 0.0152
41 135 0.0150
41 262 0.0150
41 876 0.0150
41 1291 0.0150
41 1438 0.0150
41 122 0.0149
41 242 0.0149
41 952 0.0149
41 1026 0.0149
41 1325 0.0149
41 150 0.0148
41 545 0.0148
41 1060 0.0148
41 1352 0.0148
41 1535 0.0148
41 300 0.0147
41 315 0.0147
41 318 0.0147
41 1107 0.0147
41 1104 0.0144
41 554 0.0142
41 184 0.0141
41 401 0.0140
41 921 0.0140
41 1448 0.0140
41 165 0.0140
41 740 0.0140
41 1351 0.0139
41 694 0.0138
41 1165 0.0138
41 640 0.0136
41 780 0.0135
41 812 0.0135
41 899 0.0135
41 1489 0.0135
41 172 0.0135
41 297 0.0135
41 1269 0.0135
41 1502 0.0134
41 617 0.0133
41 826 0.0133
41 494 0.0132
41 1405 0.0132
41 1543 0.0131
41 69 0.0129
41 903 0.0129
41 1177 0.0129
41 1364 0.0128
41 938 0.0127
41 1557 0.0127
41 183 0.0126
41 100 0.0125
41 684 0.0125
41 706 0.0125
41 79 0.0123
41 967 0.0123
41 235 0.0123
41 598 0.0123
41 897 0.0123
41 1056 0.0122
41 362 0.0122
41 171 0.0122
41 405 0.0122
41 561 0.0122
41 718 0.0122
41 1081 0.0122
41 291 0.0121
41 832 0.0121
41 838 0.0121
41 653 0.0120
41 726 0.0120
41 1063 0.0119
41 698 0.0119
41 922 0.0119
41 1229 0.0118
41 482 0.0117
41 1276 0.0117
41 144 0.0116
41 1024 0.0116
41 1006 0.0115
41 112 0.0115
41 201 0.0115
41 633 0.0115
41 1380 0.0114
41 17 0.0114
41 1031 0.0114
41 1424 0.0112
41 1302 0.0112
41 1401 0.0111
41 55 0.0109
41 1059 0.0109
41 612 0.0109
41 1227 0.0109
41 239 0.0108
41 959 0.0108
41 1381 0.0107
41 1455 0.0107
41 1531 0.0107
41 289 0.0106
41 452 0.0105
41 893 0.0105
41 1525 0.0105
41 855 0.0104
41 866 0.0103
41 902 0.0103
41 873 0.0102
41 1532 0.0102
41 1579 0.0101
41 1369 0.0101
41 1505 0.0101
41 1133 0.0101
41 1230 0.0101
41 186 0.0097
41 781 0.0096
41 390 0.0095
41 1170 0.0094
41 616 0.0093
41 1191 0.0093
41 1064 0.0093
41 1275 0.0093
41 1228 0.0092
41 803 0.0091
41 53 0.0091
41 1163 0.0091
41 659 0.0090
41 231 0.0090
41 1298 0.0089
41 1449 0.0089
41 1216 0.0087
41 1516 0.0086
41 1333 0.0083
41 423 0.0082
41 829 0.0082
41 611 0.0078
41 894 0.0078
41 265 0.0078
41 909 0.0077
41 1347 0.0076
41 549 0.0074
41 240 0.0070
41 1486 0.0068
41 771 0.0066
41 1480 0.0062
42 946 0.4862
42 560 0.4499
42 1382 0.3933
42 15 0.3827
42 1441 0.3827
42 187 0.3785
42 232 0.3615
42 1168 0.3615
42 999 0.3542
42 355 0.3468
42 654 0.3459
42 101 0.3394
42 69 0.3349
42 1065 0.3329
42 394 0.3167
42 921 0.3117
42 486 0.3089
42 1309 0.3040
42 18 0.3039
42 564 0.3022
42 1533 0.3017
42 582 0.2962
42 1070 0.2920
42 1023 0.2890
42 65 0.2810
42 472 0.2756
42 598 0.2726
42 142 0.2706
42 668 0.2706
42 456 0.2700
42 561 0.2700
42 1467 0.2674
42 130 0.2649
42 438 0.2649
42 530 0.2605
42 482 0.2601
42 937 0.2601
42 1195 0.2565
42 367 0.2564
42 1240 0.2546
42 931 0.2545
42 940 0.2545
42 646 0.2513
42 362 0.2484
42 1044 0.2468
42 615 0.2453
42 722 0.2424
42 468 0.2418
42 670 0.2414
42 805 0.2396
42 950 0.2396
42 1125 0.2396
42 1151 0.2396
42 954 0.2389
42 681 0.2374
42 271 0.2354
42 273 0.2341
42 1506 0.2341
42 514 0.2317
42 724 0.2317
42 664 0.2294
42 414 0.2278
42 766 0.2276
42 974 0.2272
42 1522 0.2266
42 640 0.2263
42 1384 0.2248
42 685 0.2233
42 882 0.2229
42 574 0.2226
42 1516 0.2222
42 242 0.2209
42 936 0.2209
42 932 0.2204
42 331 0.2197
42 525 0.2197
42 150 0.2194
42 529 0.2150
42 650 0.2149
42 912 0.2149
42 868 0.2144
42 216 0.2143
42 869 0.2143
42 784 0.2133
42 511 0.2124
42 727 0.2124
42 1372 0.2119
42 1308 0.2113
42 761 0.2112
42 1512 0.2112
42 178 0.2105
42 1219 0.2099
42 860 0.2094
42 1036 0.2081
42 1422 0.2078
42 152 0.2075
42 1406 0.2065
42 185 0.2052
42 328 0.2052
42 1114 0.2039
42 371 0.2036
42 303 0.2030
42 1018 0.2030
42 1126 0.2030
42 39 0.2027
42 299 0.2008
42 108 0.2003
42 502 0.2003
42 1443 0.1997
42 1253 0.1977
42 1388 0.1977
42 552 0.1968
42 166 0.1966
42 734 0.1966
42 1314 0.1960
42 1358 0.1956
42 151 0.1956
42 238 0.1956
42 494 0.1956
42 1214 0.1956
42 1432 0.1947
42 1428 0.1939
42 255 0.1918
42 709 0.1900
42 576 0.1895
42 462 0.1883
42 387 0.1873
42 938 0.1873
42 1475 0.1873
42 605 0.1867
42 550 0.1863
42 1145 0.1856
42 136 0.1855
42 760 0.1851
42 125 0.1843
42 27 0.1839
42 841 0.1839
42 1459 0.1837
42 857 0.1835
42 1115 0.1835
42 1343 0.1835
42 963 0.1828
42 176 0.1823
42 1079 0.1823
42 54 0.1817
42 370 0.1817
42 1549 0.1817
42 829 0.1815
42 731 0.1814
42 22 0.1807
42 180 0.1807
42 1317 0.1804
42 8 0.1800
42 710 0.1800
42 718 0.1800
42 856 0.1800
42 906 0.1792
42 1341 0.1792
42 832 0.1791
42 186 0.1786
42 40 0.1777
42 181 0.1777
42 421 0.1777
42 726 0.1774
42 33 0.1766
42 38 0.1766
42 121 0.1766
42 177 0.1766
42 200 0.1766
42 278 0.1766
42 1172 0.1766
42 1572 0.1766
42 161 0.1762
42 247 0.1762
42 977 0.1752
42 992 0.1750
42 117 0.1748
42 893 0.1745
42 1273 0.1744
42 861 0.1742
42 894 0.1738
42 217 0.1734
42 1246 0.1727
42 337 0.1721
42 128 0.1719
42 144 0.1719
42 361 0.1719
42 338 0.1715
42 467 0.1710
42 160 0.1707
42 956 0.1704
42 591 0.1697
42 310 0.1694
42 928 0.1694
42 348 0.1682
42 1418 0.1682
42 210 0.1682
42 205 0.1678
42 207 0.1675
42 282 0.1675
42 619 0.1669
42 1291 0.1669
42 788 0.1662
42 1581 0.1657
42 386 0.1648
42 638 0.1648
42 772 0.1648
42 849 0.1648
42 1091 0.1648
42 1386 0.1648
42 315 0.1634
42 318 0.1634
42 252 0.1629
42 162 0.1622
42 385 0.1622
42 989 0.1622
42 1296 0.1622
42 1576 0.1622
42 625 0.1616
42 949 0.1616
42 1383 0.1607
42 1104 0.1600
42 294 0.1597
42 819 0.1597
42 1301 0.1591
42 1474 0.1580
42 1270 0.1574
42 1280 0.1572
42 655 0.1569
42 1090 0.1568
42 1173 0.1559
42 1204 0.1557
42 104 0.1551
42 407 0.1551
42 516 0.1551
42 667 0.1551
42 947 0.1551
42 867 0.1545
42 312 0.1540
42 557 0.1540
42 350 0.1539
42 1075 0.1535
42 149 0.1529
42 324 0.1529
42 1446 0.1529
42 43 0.1529
42 49 0.1529
42 392 0.1529
42 586 0.1529
42 842 0.1529
42 336 0.1524
42 1176 0.1514
42 305 0.1511
42 159 0.1509
42 218 0.1509
42 982 0.1509
42 1238 0.1499
42 699 0.1493
42 1450 0.1493
42 78 0.1489
42 261 0.1489
42 279 0.1489
42 1295 0.1489
42 380 0.1484
42 1249 0.1484
42 590 0.1479
42 972 0.1469
42 1241 0.1469
42 157 0.1467
42 537 0.1467
42 1405 0.1467
42 173 0.1463
42 124 0.1451
42 263 0.1451
42 811 0.1451
42 997 0.1451
42 1108 0.1451
42 1212 0.1451
42 1521 0.1448
42 265 0.1439
42 778 0.1433
42 822 0.1433
42 1248 0.1433
42 191 0.1427
42 578 0.1416
42 1461 0.1412
42 612 0.1408
42 1557 0.1405
42 998 0.1398
42 342 0.1398
42 1356 0.1395
42 984 0.1391
42 89 0.1383
42 737 0.1383
42 632 0.1376
42 1509 0.1376
42 820 0.1370
42 967 0.1370
42 418 0.1363
42 623 0.1363
42 1068 0.1363
42 19 0.1356
42 988 0.1356
42 6 0.1353
42 682 0.1353
42 878 0.1353
42 1073 0.1353
42 171 0.1350
42 1021 0.1350
42 1081 0.1350
42 1544 0.1349
42 880 0.1343
42 264 0.1339
42 272 0.1339
42 1015 0.1331
42 74 0.1325
42 620 0.1312
42 359 0.1311
42 719 0.1311
42 1096 0.1307
42 656 0.1301
42 874 0.1301
42 1355 0.1301
42 569 0.1298
42 911 0.1298
42 1354 0.1295
42 70 0.1289
42 1268 0.1289
42 465 0.1285
42 1185 0.1285
42 628 0.1284
42 762 0.1278
42 111 0.1273
42 319 0.1273
42 865 0.1273
42 633 0.1273
42 1058 0.1273
42 1014 0.1263
42 213 0.1261
42 476 0.1261
42 953 0.1261
42 3 0.1259
42 369 0.1249
42 641 0.1249
42 696 0.1249
42 920 0.1249
42 958 0.1249
42 1236 0.1249
42 1478 0.1249
42 720 0.1237
42 1287 0.1237
42 1387 0.1231
42 1421 0.1226
42 1429 0.1221
42 1089 0.1217
42 280 0.1215
42 493 0.1215
42 634 0.1215
42 1367 0.1215
42 1431 0.1215
42 1221 0.1205
42 1411 0.1205
42 239 0.1203
42 1538 0.1203
42 233 0.1198
42 531 0.1195
42 413 0.1175
42 1055 0.1175
42 309 0.1172
42 1389 0.1171
42 24 0.1165
42 1149 0.1159
42 473 0.1156
42 978 0.1147
42 1416 0.1147
42 1541 0.1147
42 866 0.1147
42 985 0.1147
42 830 0.1144
42 1077 0.1139
42 221 0.1138
42 563 0.1138
42 1399 0.1138
42 7 0.1130
42 527 0.1130
42 713 0.1130
42 848 0.1130
42 941 0.1130
42 1583 0.1130
42 651 0.1124
42 488 0.1121
42 1571 0.1121
42 1342 0.1117
42 945 0.1116
42 330 0.1113
42 135 0.1113
42 683 0.1113
42 704 0.1113
42 876 0.1113
42 934 0.1113
42 1037 0.1113
42 154 0.1105
42 226 0.1105
42 283 0.1105
42 952 0.1105
42 1026 0.1105
42 1325 0.1105
42 509 0.1099
42 739 0.1092
42 300 0.1089
42 344 0.1089
42 966 0.1089
42 1146 0.1089
42 1458 0.1089
42 329 0.1085
42 1250 0.1085
42 376 0.1084
42 9 0.1081
42 86 0.1081
42 281 0.1079
42 1335 0.1078
42 515 0.1072
42 129 0.1067
42 518 0.1067
42 1057 0.1067
42 1260 0.1062
42 1518 0.1060
42 968 0.1060
42 390 0.1056
42 806 0.1056
42 140 0.1053
42 286 0.1053
42 1437 0.1053
42 1329 0.1050
42 1374 0.1047
42 345 0.1046
42 1392 0.1038
42 406 0.1034
42 327 0.1032
42 441 0.1032
42 44 0.1029
42 1351 0.1026
42 1252 0.1023
42 503 0.1020
42 1050 0.1020
42 1434 0.1020
42 504 0.1015
42 193 0.1013
42 268 0.1007
42 459 0.1007
42 1426 0.1007
42 188 0.1001
42 237 0.1001
42 606 0.1001
42 172 0.0995
42 231 0.0993
42 540 0.0990
42 1082 0.0990
42 736 0.0984
42 802 0.0984
42 826 0.0984
42 332 0.0983
42 896 0.0983
42 592 0.0981
42 1548 0.0980
42 81 0.0978
42 90 0.0978
42 454 0.0978
42 1017 0.0978
42 1464 0.0978
42 91 0.0976
42 1278 0.0973
42 222 0.0973
42 1543 0.0973
42 225 0.0967
42 1216 0.0966
42 600 0.0962
42 474 0.0961
42 1142 0.0959
42 31 0.0957
42 83 0.0957
42 480 0.0957
42 721 0.0957
42 164 0.0952
42 481 0.0952
42 20 0.0946
42 293 0.0946
42 11 0.0943
42 308 0.0939
42 276 0.0937
42 969 0.0937
42 253 0.0937
42 744 0.0932
42 1338 0.0932
42 1420 0.0932
42 1534 0.0932
42 1113 0.0930
42 256 0.0927
42 1330 0.0927
42 1479 0.0927
42 536 0.0922
42 706 0.0922
42 45 0.0918
42 209 0.0918
42 415 0.0918
42 687 0.0918
42 1468 0.0918
42 900 0.0913
42 930 0.0913
42 87 0.0909
42 475 0.0904
42 1493 0.0904
42 131 0.0900
42 885 0.0900
42 291 0.0896
42 653 0.0891
42 669 0.0891
42 823 0.0891
42 141 0.0889
42 901 0.0889
42 1129 0.0887
42 767 0.0885
42 251 0.0883
42 346 0.0883
42 716 0.0883
42 872 0.0883
42 1063 0.0883
42 1569 0.0883
42 567 0.0882
42 707 0.0880
42 372 0.0879
42 1289 0.0879
42 1344 0.0879
42 595 0.0875
42 4 0.0871
42 21 0.0871
42 887 0.0871
42 1566 0.0867
42 674 0.0863
42 1395 0.0863
42 1205 0.0860
42 645 0.0859
42 975 0.0859
42 884 0.0853
42 199 0.0852
42 604 0.0852
42 1552 0.0852
42 862 0.0849
42 201 0.0848
42 700 0.0848
42 754 0.0848
42 1160 0.0848
42 575 0.0845
42 1069 0.0845
42 1380 0.0845
42 1477 0.0845
42 106 0.0842
42 435 0.0841
42 973 0.0841
42 98 0.0838
42 837 0.0838
42 1348 0.0838
42 1414 0.0838
42 1101 0.0836
42 1445 0.0834
42 412 0.0831
42 589 0.0831
42 629 0.0827
42 1517 0.0827
42 13 0.0824
42 62 0.0824
42 597 0.0824
42 690 0.0824
42 728 0.0824
42 746 0.0824
42 1218 0.0824
42 565 0.0823
42 1326 0.0821
42 143 0.0818
42 1318 0.0818
42 138 0.0814
42 1022 0.0814
42 1030 0.0814
42 246 0.0811
42 363 0.0811
42 449 0.0811
42 701 0.0811
42 1208 0.0811
42 959 0.0802
42 808 0.0799
42 888 0.0799
42 1153 0.0799
42 1377 0.0796
42 1419 0.0796
42 1312 0.0792
42 35 0.0787
42 497 0.0787
42 60 0.0784
42 795 0.0781
42 1370 0.0781
42 614 0.0778
42 715 0.0776
42 490 0.0770
42 855 0.0767
42 50 0.0765
42 399 0.0765
42 1412 0.0765
42 94 0.0762
42 773 0.0762
42 304 0.0749
42 705 0.0747
42 25 0.0744
42 206 0.0744
42 914 0.0744
42 836 0.0739
42 1144 0.0739
42 1156 0.0739
42 82 0.0737
42 635 0.0735
42 695 0.0735
42 1192 0.0735
42 46 0.0732
42 771 0.0732
42 334 0.0730
42 846 0.0730
42 1239 0.0728
42 189 0.0725
42 485 0.0725
42 679 0.0725
42 1404 0.0725
42 1508 0.0725
42 1524 0.0721
42 477 0.0717
42 1003 0.0717
42 1503 0.0714
42 1199 0.0712
42 220 0.0708
42 442 0.0708
42 499 0.0708
42 528 0.0708
42 538 0.0708
42 583 0.0708
42 1310 0.0708
42 593 0.0704
42 962 0.0704
42 994 0.0702
42 1226 0.0702
42 115 0.0700
42 1072 0.0700
42 1439 0.0694
42 1480 0.0693
42 223 0.0692
42 259 0.0692
42 445 0.0692
42 616 0.0692
42 748 0.0692
42 1554 0.0692
42 1574 0.0692
42 1020 0.0690
42 1275 0.0686
42 381 0.0684
42 444 0.0684
42 732 0.0684
42 807 0.0684
42 825 0.0684
42 1183 0.0684
42 661 0.0680
42 521 0.0678
42 791 0.0677
42 803 0.0677
42 1147 0.0677
42 1 0.0669
42 92 0.0669
42 408 0.0669
42 1112 0.0669
42 1169 0.0669
42 1198 0.0669
42 333 0.0668
42 1299 0.0668
42 14 0.0662
42 97 0.0662
42 354 0.0662
42 1261 0.0662
42 1563 0.0662
42 922 0.0659
42 1520 0.0657
42 657 0.0657
42 368 0.0655
42 439 0.0655
42 584 0.0655
42 875 0.0655
42 1298 0.0655
42 1319 0.0655
42 1095 0.0654
42 519 0.0652
42 1376 0.0649
42 1564 0.0649
42 1410 0.0644
42 398 0.0642
42 491 0.0642
42 588 0.0636
42 36 0.0633
42 1028 0.0632
42 1193 0.0632
42 1294 0.0632
42 416 0.0630
42 1071 0.0630
42 1083 0.0628
42 302 0.0624
42 522 0.0624
42 250 0.0619
42 622 0.0619
42 935 0.0616
42 1409 0.0615
42 1284 0.0613
42 1333 0.0613
42 423 0.0609
42 926 0.0608
42 1558 0.0608
42 863 0.0605
42 137 0.0604
42 566 0.0602
42 813 0.0601
42 215 0.0600
42 1425 0.0600
42 1190 0.0600
42 663 0.0599
42 512 0.0597
42 546 0.0597
42 1061 0.0594
42 889 0.0592
42 1182 0.0591
42 1009 0.0590
42 1451 0.0590
42 71 0.0587
42 1496 0.0587
42 440 0.0583
42 686 0.0583
42 763 0.0583
42 1197 0.0583
42 971 0.0579
42 1086 0.0579
42 609 0.0578
42 660 0.0578
42 1121 0.0578
42 939 0.0574
42 1033 0.0574
42 1206 0.0574
42 693 0.0566
42 1546 0.0566
42 29 0.0565
42 391 0.0565
42 892 0.0565
42 559 0.0562
42 1369 0.0560
42 895 0.0557
42 73 0.0556
42 262 0.0556
42 377 0.0556
42 433 0.0556
42 451 0.0556
42 712 0.0556
42 1175 0.0556
42 1523 0.0556
42 1527 0.0556
42 1272 0.0555
42 122 0.0552
42 672 0.0552
42 1217 0.0552
42 1360 0.0552
42 1440 0.0550
42 471 0.0548
42 549 0.0548
42 1526 0.0548
42 58 0.0545
42 1042 0.0545
42 1107 0.0545
42 1262 0.0545
42 1454 0.0545
42 662 0.0541
42 765 0.0541
42 793 0.0537
42 916 0.0537
42 1430 0.0537
42 196 0.0533
42 296 0.0530
42 636 0.0530
42 1460 0.0530
42 139 0.0526
42 301 0.0526
42 554 0.0526
42 1562 0.0526
42 749 0.0525
42 126 0.0523
42 184 0.0523
42 479 0.0523
42 905 0.0520
42 1448 0.0520
42 1000 0.0517
42 165 0.0516
42 740 0.0516
42 774 0.0516
42 1515 0.0516
42 34 0.0513
42 991 0.0510
42 1337 0.0510
42 28 0.0507
42 733 0.0507
42 1393 0.0507
42 1407 0.0507
42 1304 0.0506
42 1223 0.0504
42 163 0.0501
42 244 0.0501
42 1489 0.0501
42 924 0.0499
42 446 0.0498
42 1066 0.0498
42 1135 0.0498
42 1279 0.0498
42 553 0.0495
42 1154 0.0495
42 714 0.0492
42 1442 0.0490
42 208 0.0489
42 63 0.0486
42 120 0.0486
42 464 0.0486
42 835 0.0486
42 1097 0.0486
42 1400 0.0486
42 1466 0.0485
42 339 0.0484
42 541 0.0481
42 827 0.0481
42 910 0.0481
42 510 0.0479
42 374 0.0478
42 1179 0.0478
42 1365 0.0478
42 907 0.0476
42 229 0.0476
42 1290 0.0473
42 1364 0.0473
42 1040 0.0471
42 613 0.0470
42 267 0.0468
42 284 0.0468
42 487 0.0468
42 815 0.0468
42 1300 0.0468
42 1324 0.0468
42 183 0.0466
42 204 0.0466
42 1122 0.0466
42 1120 0.0463
42 995 0.0461
42 1473 0.0461
42 1499 0.0459
42 729 0.0457
42 79 0.0457
42 322 0.0457
42 675 0.0454
42 351 0.0454
42 12 0.0452
42 630 0.0452
42 1178 0.0452
42 257 0.0450
42 496 0.0446
42 1171 0.0446
42 917 0.0444
42 288 0.0442
42 436 0.0442
42 1423 0.0439
42 1457 0.0439
42 26 0.0437
42 508 0.0437
42 1229 0.0437
42 349 0.0434
42 1375 0.0434
42 492 0.0432
42 430 0.0430
42 764 0.0430
42 1180 0.0430
42 269 0.0428
42 422 0.0428
42 585 0.0428
42 1024 0.0428
42 1340 0.0428
42 379 0.0426
42 666 0.0426
42 986 0.0426
42 1006 0.0426
42 1067 0.0426
42 112 0.0424
42 292 0.0424
42 1032 0.0424
42 1264 0.0424
42 1368 0.0424
42 397 0.0422
42 1164 0.0422
42 17 0.0421
42 533 0.0419
42 798 0.0419
42 1322 0.0419
42 48 0.0417
42 1263 0.0417
42 1283 0.0417
42 1345 0.0417
42 230 0.0412
42 1029 0.0409
42 1495 0.0409
42 68 0.0407
42 1373 0.0407
42 942 0.0406
42 979 0.0406
42 1141 0.0406
42 55 0.0404
42 447 0.0404
42 918 0.0404
42 1059 0.0404
42 1194 0.0404
42 1196 0.0404
42 1536 0.0404
42 52 0.0402
42 409 0.0402
42 919 0.0402
42 1227 0.0402
42 1339 0.0402
42 1528 0.0399
42 290 0.0398
42 891 0.0398
42 1008 0.0398
42 1313 0.0398
42 1381 0.0396
42 1455 0.0396
42 572 0.0393
42 289 0.0391
42 790 0.0391
42 1045 0.0391
42 452 0.0389
42 1140 0.0389
42 1174 0.0389
42 1181 0.0389
42 577 0.0388
42 1390 0.0388
42 1525 0.0388
42 393 0.0386
42 498 0.0386
42 581 0.0386
42 75 0.0384
42 450 0.0384
42 426 0.0382
42 466 0.0382
42 1138 0.0382
42 335 0.0381
42 915 0.0381
42 1134 0.0380
42 243 0.0378
42 873 0.0378
42 1540 0.0378
42 1054 0.0377
42 1243 0.0375
42 1379 0.0375
42 1579 0.0375
42 1505 0.0373
42 1049 0.0372
42 1230 0.0372
42 702 0.0366
42 1210 0.0365
42 77 0.0359
42 1084 0.0359
42 1088 0.0359
42 1545 0.0358
42 781 0.0355
42 879 0.0355
42 190 0.0353
42 249 0.0353
42 1456 0.0352
42 1202 0.0349
42 1470 0.0347
42 325 0.0344
42 402 0.0342
42 751 0.0342
42 1207 0.0342
42 1391 0.0342
42 573 0.0339
42 1510 0.0333
42 659 0.0332
42 520 0.0331
42 507 0.0328
42 587 0.0328
42 883 0.0328
42 851 0.0327
42 786 0.0325
42 817 0.0325
42 1487 0.0324
42 925 0.0322
42 307 0.0320
42 134 0.0317
42 1158 0.0314
42 1483 0.0313
42 1539 0.0313
42 5 0.0307
42 99 0.0307
42 1482 0.0307
42 114 0.0305
42 1465 0.0302
42 1116 0.0299
42 558 0.0296
42 1297 0.0294
42 266 0.0294
42 1328 0.0294
42 647 0.0291
42 1288 0.0291
42 1052 0.0289
42 783 0.0287
42 395 0.0286
42 909 0.0285
42 1159 0.0285
42 1128 0.0283
42 799 0.0282
42 1347 0.0281
42 1119 0.0274
42 1501 0.0273
42 1184 0.0272
42 1542 0.0271
42 877 0.0268
42 1320 0.0265
42 448 0.0263
42 240 0.0258
42 1486 0.0252
42 812 0.0250
42 1111 0.0245
42 809 0.0242
42 437 0.0238
42 1444 0.0229
42 1155 0.0205
42 747 0.0201
42 1224 0.0168
42 658 0.0156
43 938 0.3056
43 390 0.2505
43 303 0.2408
43 1377 0.2124
43 1086 0.1890
43 953 0.1869
43 655 0.1861
43 1475 0.1852
43 1335 0.1812
43 564 0.1792
43 181 0.1757
43 1512 0.1754
43 1104 0.1740
43 15 0.1703
43 486 0.1666
43 128 0.1657
43 1309 0.1653
43 936 0.1638
43 472 0.1635
43 761 0.1629
43 598 0.1617
43 668 0.1605
43 561 0.1601
43 494 0.1596
43 582 0.1581
43 1044 0.1577
43 1533 0.1566
43 336 0.1550
43 937 0.1543
43 361 0.1529
43 367 0.1521
43 931 0.1510
43 940 0.1510
43 101 0.1510
43 574 0.1485
43 1065 0.1481
43 475 0.1475
43 362 0.1473
43 615 0.1455
43 989 0.1443
43 222 0.1442
43 493 0.1442
43 999 0.1433
43 805 0.1421
43 950 0.1421
43 1151 0.1421
43 69 0.1419
43 640 0.1417
43 681 0.1408
43 70 0.1402
43 1496 0.1394
43 65 0.1389
43 1506 0.1389
43 514 0.1375
43 312 0.1370
43 974 0.1347
43 638 0.1344
43 1308 0.1343
43 1240 0.1343
43 988 0.1341
43 1384 0.1333
43 210 0.1330
43 1467 0.1322
43 1516 0.1318
43 932 0.1307
43 331 0.1303
43 1253 0.1279
43 529 0.1275
43 1268 0.1275
43 868 0.1272
43 869 0.1271
43 857 0.1270
43 438 0.1257
43 1372 0.1257
43 394 0.1252
43 273 0.1250
43 178 0.1249
43 1219 0.1245
43 282 0.1242
43 1036 0.1235
43 788 0.1232
43 152 0.1231
43 654 0.1231
43 1406 0.1225
43 1379 0.1222
43 328 0.1217
43 173 0.1215
43 117 0.1210
43 371 0.1208
43 1576 0.1203
43 39 0.1202
43 1023 0.1200
43 722 0.1198
43 299 0.1191
43 1206 0.1191
43 108 0.1188
43 780 0.1188
43 1443 0.1184
43 1399 0.1182
43 172 0.1181
43 14 0.1179
43 380 0.1174
43 1249 0.1174
43 552 0.1167
43 166 0.1166
43 1314 0.1163
43 151 0.1161
43 157 0.1161
43 1017 0.1161
43 1354 0.1152
43 465 0.1143
43 255 0.1138
43 191 0.1129
43 414 0.1126
43 271 0.1117
43 1263 0.1113
43 1252 0.1113
43 369 0.1111
43 958 0.1111
43 1238 0.1111
43 518 0.1107
43 744 0.1106
43 260 0.1101
43 1386 0.1100
43 1522 0.1100
43 557 0.1096
43 27 0.1091
43 1343 0.1089
43 18 0.1081
43 463 0.1081
43 946 0.1081
43 55 0.1078
43 54 0.1078
43 370 0.1078
43 675 0.1078
43 1549 0.1078
43 232 0.1072
43 643 0.1072
43 1168 0.1072
43 8 0.1068
43 456 0.1068
43 710 0.1068
43 856 0.1068
43 350 0.1065
43 1358 0.1064
43 954 0.1063
43 1341 0.1063
43 832 0.1062
43 40 0.1054
43 421 0.1054
43 727 0.1050
43 33 0.1048
43 38 0.1048
43 121 0.1048
43 278 0.1048
43 992 0.1038
43 784 0.1035
43 1273 0.1035
43 861 0.1033
43 1458 0.1033
43 1439 0.1029
43 1246 0.1024
43 802 0.1021
43 664 0.1021
43 1416 0.1021
43 444 0.1014
43 563 0.1013
43 835 0.1010
43 928 0.1005
43 187 0.0998
43 1418 0.0998
43 205 0.0995
43 207 0.0994
43 330 0.0990
43 1091 0.0978
43 734 0.0972
43 1298 0.0972
43 318 0.0969
43 1334 0.0967
43 753 0.0966
43 9 0.0962
43 1296 0.0962
43 625 0.0959
43 949 0.0959
43 819 0.0948
43 888 0.0948
43 1068 0.0943
43 1474 0.0937
43 1193 0.0937
43 921 0.0925
43 407 0.0920
43 516 0.0920
43 667 0.0920
43 715 0.0920
43 1428 0.0920
43 1195 0.0913
43 1075 0.0910
43 620 0.0908
43 49 0.0907
43 392 0.0907
43 842 0.0907
43 305 0.0896
43 977 0.0891
43 663 0.0888
43 699 0.0886
43 261 0.0883
43 1082 0.0880
43 125 0.0874
43 972 0.0872
43 1241 0.0872
43 161 0.0871
43 1405 0.0870
43 547 0.0870
43 63 0.0865
43 763 0.0864
43 760 0.0863
43 132 0.0861
43 997 0.0861
43 1108 0.0861
43 1212 0.0861
43 473 0.0857
43 265 0.0854
43 1179 0.0851
43 822 0.0850
43 1248 0.0850
43 216 0.0848
43 1383 0.0848
43 462 0.0838
43 848 0.0838
43 612 0.0835
43 115 0.0830
43 1329 0.0830
43 1420 0.0829
43 1356 0.0828
43 1113 0.0828
43 217 0.0823
43 89 0.0821
43 403 0.0821
43 737 0.0821
43 1115 0.0816
43 1444 0.0815
43 967 0.0812
43 960 0.0811
43 623 0.0808
43 1204 0.0808
43 19 0.0805
43 6 0.0803
43 878 0.0803
43 171 0.0801
43 1544 0.0800
43 880 0.0797
43 195 0.0794
43 272 0.0794
43 653 0.0793
43 94 0.0791
43 129 0.0791
43 1289 0.0782
43 359 0.0778
43 1382 0.0778
43 1096 0.0775
43 894 0.0773
43 482 0.0772
43 1355 0.0772
43 911 0.0770
43 1487 0.0768
43 165 0.0766
43 695 0.0763
43 1024 0.0761
43 1050 0.0756
43 633 0.0755
43 754 0.0755
43 1058 0.0755
43 576 0.0749
43 213 0.0748
43 476 0.0748
43 1342 0.0745
43 1489 0.0742
43 920 0.0741
43 720 0.0734
43 1270 0.0726
43 1429 0.0725
43 385 0.0722
43 176 0.0721
43 280 0.0721
43 634 0.0721
43 1079 0.0721
43 1367 0.0721
43 1431 0.0721
43 829 0.0718
43 1221 0.0715
43 813 0.0713
43 83 0.0709
43 531 0.0709
43 906 0.0709
43 24 0.0691
43 337 0.0680
43 866 0.0680
43 978 0.0680
43 985 0.0680
43 1257 0.0680
43 1541 0.0680
43 160 0.0675
43 862 0.0671
43 7 0.0670
43 310 0.0670
43 1583 0.0670
43 651 0.0667
43 924 0.0666
43 1571 0.0665
43 669 0.0661
43 73 0.0660
43 619 0.0660
43 704 0.0660
43 712 0.0660
43 934 0.0660
43 1037 0.0660
43 1291 0.0660
43 590 0.0658
43 154 0.0655
43 242 0.0655
43 1026 0.0655
43 1581 0.0655
43 74 0.0655
43 872 0.0655
43 1459 0.0654
43 509 0.0652
43 1535 0.0651
43 308 0.0650
43 344 0.0646
43 966 0.0646
43 1146 0.0646
43 329 0.0643
43 656 0.0643
43 1293 0.0642
43 764 0.0637
43 1057 0.0633
43 1164 0.0626
43 435 0.0624
43 837 0.0621
43 1374 0.0621
43 345 0.0620
43 984 0.0619
43 1422 0.0616
43 670 0.0614
43 406 0.0614
43 327 0.0612
43 44 0.0610
43 338 0.0610
43 402 0.0609
43 467 0.0609
43 1245 0.0609
43 503 0.0605
43 701 0.0601
43 268 0.0597
43 459 0.0597
43 116 0.0595
43 188 0.0594
43 606 0.0594
43 446 0.0590
43 736 0.0584
43 439 0.0583
43 719 0.0583
43 1548 0.0581
43 81 0.0580
43 90 0.0580
43 238 0.0580
43 454 0.0580
43 519 0.0580
43 790 0.0579
43 1370 0.0579
43 817 0.0579
43 1376 0.0577
43 1564 0.0577
43 1543 0.0577
43 225 0.0574
43 1216 0.0573
43 600 0.0571
43 31 0.0568
43 374 0.0568
43 709 0.0563
43 1014 0.0562
43 293 0.0561
43 11 0.0559
43 982 0.0559
43 387 0.0556
43 969 0.0556
43 1557 0.0556
43 550 0.0553
43 1534 0.0553
43 1336 0.0552
43 724 0.0550
43 1330 0.0550
43 1479 0.0550
43 706 0.0547
43 82 0.0547
43 99 0.0546
43 1421 0.0546
43 209 0.0544
43 415 0.0544
43 632 0.0544
43 687 0.0544
43 820 0.0542
43 900 0.0542
43 930 0.0542
43 334 0.0541
43 1239 0.0540
43 87 0.0539
43 131 0.0534
43 560 0.0534
43 1425 0.0534
43 77 0.0533
43 291 0.0531
43 47 0.0529
43 1199 0.0528
43 726 0.0526
43 1129 0.0526
43 767 0.0525
43 852 0.0525
43 177 0.0524
43 251 0.0524
43 346 0.0524
43 677 0.0524
43 1063 0.0524
43 1569 0.0524
43 1572 0.0524
43 1573 0.0524
43 1461 0.0523
43 1226 0.0520
43 113 0.0518
43 21 0.0517
43 887 0.0517
43 355 0.0514
43 674 0.0512
43 1395 0.0512
43 645 0.0510
43 912 0.0510
43 975 0.0510
43 882 0.0509
43 422 0.0508
43 628 0.0508
43 221 0.0506
43 1159 0.0506
43 604 0.0505
43 700 0.0503
43 1368 0.0503
43 397 0.0501
43 1477 0.0501
43 973 0.0499
43 533 0.0497
43 860 0.0497
43 1345 0.0495
43 412 0.0493
43 589 0.0493
43 542 0.0491
43 629 0.0491
43 1517 0.0491
43 1521 0.0491
43 13 0.0489
43 597 0.0489
43 772 0.0489
43 849 0.0489
43 1326 0.0487
43 1155 0.0486
43 252 0.0483
43 1022 0.0483
43 1030 0.0483
43 1373 0.0483
43 363 0.0481
43 449 0.0481
43 1278 0.0481
43 918 0.0479
43 239 0.0476
43 959 0.0476
43 233 0.0474
43 294 0.0474
43 1125 0.0474
43 1419 0.0472
43 296 0.0471
43 1162 0.0468
43 448 0.0468
43 35 0.0467
43 497 0.0467
43 60 0.0465
43 91 0.0463
43 289 0.0463
43 795 0.0463
43 253 0.0463
43 513 0.0462
43 1140 0.0462
43 441 0.0459
43 490 0.0457
43 43 0.0454
43 50 0.0454
43 399 0.0454
43 243 0.0449
43 3 0.0448
43 828 0.0448
43 218 0.0447
43 1054 0.0447
43 1369 0.0443
43 1505 0.0443
43 705 0.0443
43 25 0.0442
43 78 0.0442
43 685 0.0442
43 1551 0.0442
43 1144 0.0439
43 1156 0.0439
43 635 0.0436
43 1328 0.0436
43 771 0.0434
43 124 0.0430
43 153 0.0430
43 468 0.0430
43 1524 0.0428
43 1365 0.0426
43 477 0.0425
43 1545 0.0425
43 515 0.0424
43 511 0.0420
43 528 0.0420
43 538 0.0420
43 578 0.0420
43 583 0.0420
43 1310 0.0420
43 1472 0.0420
43 806 0.0417
43 994 0.0416
43 1072 0.0415
43 1565 0.0415
43 895 0.0413
43 1480 0.0411
43 1371 0.0410
43 223 0.0410
43 259 0.0410
43 445 0.0410
43 1392 0.0410
43 1554 0.0410
43 1574 0.0410
43 230 0.0407
43 474 0.0407
43 732 0.0406
43 751 0.0406
43 1207 0.0406
43 1391 0.0406
43 142 0.0401
43 504 0.0401
43 791 0.0401
43 803 0.0401
43 1126 0.0401
43 264 0.0397
43 408 0.0397
43 1112 0.0397
43 1198 0.0397
43 333 0.0396
43 97 0.0393
43 231 0.0393
43 523 0.0393
43 867 0.0393
43 1172 0.0393
43 76 0.0392
43 922 0.0391
43 657 0.0390
43 595 0.0389
43 368 0.0389
43 883 0.0389
43 896 0.0389
43 179 0.0388
43 592 0.0388
43 349 0.0386
43 1432 0.0385
43 650 0.0382
43 1410 0.0382
43 491 0.0381
43 1185 0.0381
43 666 0.0379
43 1441 0.0378
43 588 0.0377
43 201 0.0377
43 164 0.0377
43 36 0.0376
43 1294 0.0375
43 364 0.0374
43 1280 0.0373
43 302 0.0370
43 311 0.0370
43 522 0.0370
43 696 0.0370
43 1236 0.0370
43 455 0.0369
43 250 0.0367
43 622 0.0367
43 1287 0.0367
43 1333 0.0364
43 423 0.0361
43 1034 0.0360
43 1536 0.0359
43 137 0.0358
43 52 0.0358
43 22 0.0357
43 180 0.0357
43 419 0.0357
43 215 0.0356
43 1531 0.0353
43 141 0.0351
43 901 0.0351
43 1055 0.0348
43 440 0.0346
43 609 0.0343
43 660 0.0343
43 1121 0.0343
43 175 0.0340
43 340 0.0340
43 384 0.0340
43 939 0.0340
43 335 0.0339
43 366 0.0338
43 1128 0.0336
43 29 0.0335
43 527 0.0335
43 713 0.0335
43 892 0.0335
43 941 0.0335
43 1579 0.0333
43 106 0.0333
43 559 0.0333
43 1078 0.0333
43 945 0.0331
43 1101 0.0331
43 262 0.0330
43 377 0.0330
43 683 0.0330
43 1175 0.0330
43 122 0.0328
43 283 0.0328
43 672 0.0328
43 1325 0.0328
43 702 0.0326
43 150 0.0325
43 565 0.0325
43 1352 0.0325
43 1447 0.0325
43 1526 0.0325
43 1070 0.0325
43 300 0.0323
43 1107 0.0323
43 1262 0.0323
43 485 0.0323
43 1267 0.0323
43 86 0.0321
43 96 0.0321
43 162 0.0321
43 793 0.0319
43 916 0.0319
43 196 0.0316
43 1260 0.0315
43 636 0.0314
43 1307 0.0312
43 1562 0.0312
43 126 0.0310
43 184 0.0310
43 479 0.0310
43 905 0.0308
43 1000 0.0307
43 740 0.0306
43 774 0.0306
43 1515 0.0306
43 1582 0.0306
43 240 0.0306
43 1394 0.0304
43 34 0.0304
43 1351 0.0304
43 149 0.0302
43 991 0.0302
43 1446 0.0302
43 28 0.0301
43 733 0.0301
43 1407 0.0301
43 163 0.0297
43 244 0.0297
43 297 0.0295
43 1066 0.0295
43 1135 0.0295
43 540 0.0293
43 553 0.0293
43 714 0.0292
43 1449 0.0292
43 1442 0.0291
43 208 0.0290
43 537 0.0290
43 1111 0.0290
43 1214 0.0290
43 1464 0.0290
43 120 0.0288
43 464 0.0288
43 1466 0.0288
43 339 0.0287
43 541 0.0285
43 910 0.0285
43 510 0.0284
43 907 0.0283
43 229 0.0282
43 20 0.0281
43 1290 0.0281
43 1040 0.0279
43 613 0.0279
43 267 0.0278
43 285 0.0278
43 306 0.0278
43 487 0.0278
43 815 0.0278
43 204 0.0276
43 342 0.0276
43 1122 0.0276
43 1338 0.0276
43 1120 0.0275
43 995 0.0274
43 1473 0.0274
43 16 0.0272
43 1499 0.0272
43 729 0.0271
43 322 0.0271
43 254 0.0269
43 418 0.0269
43 863 0.0269
43 12 0.0268
43 1178 0.0268
43 1317 0.0267
43 257 0.0267
43 885 0.0267
43 1171 0.0264
43 626 0.0263
43 917 0.0263
43 288 0.0262
43 436 0.0262
43 789 0.0262
43 525 0.0261
43 1457 0.0261
43 26 0.0259
43 508 0.0259
43 1229 0.0259
43 4 0.0258
43 376 0.0257
43 1205 0.0255
43 144 0.0255
43 430 0.0255
43 269 0.0254
43 1340 0.0254
43 986 0.0253
43 112 0.0252
43 1032 0.0252
43 1160 0.0252
43 1264 0.0252
43 575 0.0251
43 1069 0.0251
43 1380 0.0251
43 17 0.0249
43 348 0.0249
43 98 0.0248
43 103 0.0248
43 798 0.0248
43 48 0.0247
43 1440 0.0245
43 618 0.0244
43 935 0.0243
43 1387 0.0243
43 1029 0.0242
43 1318 0.0242
43 68 0.0242
43 1141 0.0241
43 1208 0.0241
43 1059 0.0240
43 1196 0.0240
43 747 0.0239
43 1227 0.0239
43 1339 0.0239
43 1538 0.0238
43 1153 0.0237
43 1528 0.0237
43 290 0.0236
43 891 0.0236
43 1008 0.0236
43 1381 0.0235
43 1455 0.0235
43 572 0.0233
43 723 0.0233
43 1090 0.0233
43 1045 0.0232
43 768 0.0231
43 1136 0.0231
43 1397 0.0231
43 104 0.0230
43 947 0.0230
43 1390 0.0230
43 393 0.0229
43 498 0.0229
43 75 0.0228
43 450 0.0228
43 466 0.0227
43 915 0.0226
43 1077 0.0225
43 1176 0.0224
43 1540 0.0224
43 304 0.0222
43 914 0.0221
43 1230 0.0221
43 1295 0.0221
43 136 0.0220
43 836 0.0219
43 46 0.0217
43 580 0.0214
43 765 0.0214
43 1084 0.0213
43 186 0.0212
43 1503 0.0212
43 190 0.0209
43 249 0.0209
43 567 0.0209
43 593 0.0209
43 707 0.0209
43 962 0.0209
43 1456 0.0209
43 1202 0.0207
43 1470 0.0206
43 1275 0.0203
43 963 0.0203
43 381 0.0203
43 1189 0.0203
43 521 0.0201
43 573 0.0201
43 1299 0.0198
43 1481 0.0198
43 1510 0.0197
43 520 0.0196
43 332 0.0194
43 830 0.0194
43 1095 0.0194
43 786 0.0193
43 925 0.0191
43 1378 0.0191
43 1305 0.0188
43 234 0.0187
43 1158 0.0186
43 1539 0.0186
43 375 0.0185
43 1478 0.0185
43 5 0.0182
43 1001 0.0182
43 1529 0.0182
43 32 0.0180
43 1465 0.0179
43 738 0.0179
43 1116 0.0177
43 1061 0.0176
43 889 0.0176
43 1182 0.0175
43 1451 0.0175
43 266 0.0174
43 1019 0.0173
43 1288 0.0172
43 783 0.0170
43 870 0.0170
43 395 0.0169
43 909 0.0169
43 964 0.0169
43 67 0.0168
43 169 0.0168
43 391 0.0168
43 1306 0.0166
43 451 0.0165
43 1396 0.0165
43 1527 0.0165
43 1272 0.0165
43 549 0.0163
43 1060 0.0163
43 1119 0.0163
43 1501 0.0162
43 58 0.0162
43 1042 0.0162
43 1184 0.0162
43 1542 0.0161
43 461 0.0158
43 139 0.0156
43 749 0.0156
43 1486 0.0149
43 812 0.0148
43 617 0.0146
43 983 0.0141
43 258 0.0140
43 351 0.0135
43 496 0.0132
43 1563 0.0131
43 725 0.0129
43 281 0.0128
43 1276 0.0128
43 884 0.0126
43 1006 0.0126
43 1518 0.0126
43 1414 0.0124
43 979 0.0120
43 998 0.0118
43 976 0.0117
43 309 0.0116
43 614 0.0115
43 581 0.0115
43 1251 0.0113
43 908 0.0111
43 673 0.0104
43 904 0.0103
43 661 0.0101
43 1224 0.0100
43 424 0.0099
43 1388 0.0098
43 587 0.0097
43 1142 0.0095
43 721 0.0095
43 1028 0.0094
43 658 0.0093
43 1476 0.0092
43 558 0.0088
43 1007 0.0083
43 1148 0.0081
43 877 0.0079
43 759 0.0074
43 566 0.0060
44 390 0.3444
44 1253 0.3411
44 303 0.3010
44 582 0.2635
44 953 0.2617
44 1059 0.2516
44 655 0.2326
44 1104 0.2215
44 172 0.2214
44 232 0.2144
44 181 0.2108
44 403 0.2052
44 361 0.2039
44 1044 0.2027
44 598 0.2021
44 486 0.1999
44 829 0.1974
44 938 0.1944
44 166 0.1944
44 722 0.1917
44 70 0.1912
44 362 0.1875
44 336 0.1808
44 564 0.1792
44 780 0.1782
44 472 0.1771
44 101 0.1761
44 932 0.1743
44 15 0.1703
44 191 0.1693
44 989 0.1684
44 1475 0.1667
44 463 0.1622
44 675 0.1617
44 367 0.1616
44 643 0.1608
44 6 0.1605
44 668 0.1605
44 561 0.1601
44 1240 0.1594
44 38 0.1571
44 1533 0.1566
44 304 0.1556
44 937 0.1543
44 604 0.1516
44 931 0.1510
44 940 0.1510
44 210 0.1496
44 369 0.1481
44 414 0.1464
44 552 0.1459
44 615 0.1455
44 1467 0.1454
44 115 0.1453
44 1334 0.1451
44 1017 0.1451
44 753 0.1449
44 55 0.1438
44 949 0.1438
44 950 0.1421
44 1151 0.1421
44 681 0.1408
44 35 0.1400
44 299 0.1389
44 65 0.1389
44 1506 0.1389
44 173 0.1388
44 1065 0.1382
44 407 0.1380
44 667 0.1380
44 514 0.1375
44 312 0.1370
44 557 0.1370
44 392 0.1361
44 857 0.1361
44 788 0.1355
44 974 0.1347
44 640 0.1342
44 456 0.1334
44 465 0.1334
44 1384 0.1333
44 261 0.1325
44 1249 0.1321
44 574 0.1320
44 1516 0.1318
44 936 0.1311
44 157 0.1306
44 331 0.1303
44 1229 0.1297
44 1458 0.1292
44 1246 0.1280
44 1179 0.1277
44 529 0.1275
44 128 0.1275
44 869 0.1271
44 715 0.1265
44 438 0.1257
44 1372 0.1257
44 1308 0.1254
44 761 0.1253
44 394 0.1252
44 178 0.1249
44 187 0.1247
44 1219 0.1245
44 217 0.1234
44 921 0.1233
44 152 0.1231
44 654 0.1231
44 1406 0.1225
44 1238 0.1222
44 1193 0.1218
44 328 0.1217
44 1245 0.1217
44 78 0.1214
44 503 0.1210
44 371 0.1208
44 39 0.1202
44 195 0.1191
44 1416 0.1191
44 108 0.1188
44 1408 0.1188
44 805 0.1184
44 888 0.1184
44 1443 0.1184
44 563 0.1182
44 380 0.1174
44 1314 0.1163
44 151 0.1161
44 911 0.1155
44 1354 0.1152
44 784 0.1150
44 999 0.1146
44 1131 0.1143
44 255 0.1138
44 1036 0.1122
44 476 0.1122
44 547 0.1118
44 271 0.1117
44 273 0.1111
44 518 0.1107
44 1386 0.1100
44 27 0.1091
44 209 0.1089
44 1343 0.1089
44 18 0.1081
44 634 0.1081
44 946 0.1081
44 54 0.1078
44 370 0.1078
44 1549 0.1078
44 1168 0.1072
44 8 0.1068
44 710 0.1068
44 856 0.1068
44 1195 0.1065
44 954 0.1063
44 1341 0.1063
44 832 0.1062
44 1061 0.1056
44 40 0.1054
44 421 0.1054
44 33 0.1048
44 121 0.1048
44 278 0.1048
44 1289 0.1043
44 992 0.1038
44 117 0.1037
44 1273 0.1035
44 861 0.1033
44 1023 0.1029
44 1082 0.1027
44 664 0.1021
44 1257 0.1021
44 444 0.1014
44 7 0.1005
44 928 0.1005
44 1512 0.1002
44 1544 0.1001
44 1418 0.0998
44 205 0.0995
44 207 0.0994
44 282 0.0994
44 330 0.0990
44 712 0.0990
44 544 0.0978
44 638 0.0978
44 1091 0.0978
44 1522 0.0978
44 734 0.0972
44 318 0.0969
44 1420 0.0967
44 236 0.0962
44 1293 0.0962
44 1296 0.0962
44 1576 0.0962
44 625 0.0959
44 819 0.0948
44 1474 0.0937
44 1329 0.0934
44 653 0.0925
44 516 0.0920
44 1428 0.0920
44 350 0.0913
44 1075 0.0910
44 49 0.0907
44 842 0.0907
44 1309 0.0902
44 268 0.0896
44 305 0.0896
44 977 0.0891
44 699 0.0886
44 25 0.0883
44 754 0.0881
44 1058 0.0881
44 125 0.0874
44 972 0.0872
44 1241 0.0872
44 494 0.0870
44 1405 0.0870
44 817 0.0868
44 997 0.0861
44 1108 0.0861
44 1212 0.0861
44 611 0.0859
44 473 0.0857
44 265 0.0854
44 69 0.0851
44 822 0.0850
44 1248 0.0850
44 216 0.0848
44 1383 0.0848
44 1014 0.0843
44 20 0.0842
44 727 0.0840
44 462 0.0838
44 815 0.0833
44 1270 0.0830
44 1356 0.0828
44 1377 0.0826
44 73 0.0825
44 737 0.0821
44 154 0.0819
44 670 0.0818
44 1115 0.0816
44 967 0.0812
44 402 0.0811
44 1391 0.0811
44 623 0.0808
44 1068 0.0808
44 19 0.0805
44 988 0.0805
44 878 0.0803
44 1126 0.0803
44 171 0.0801
44 880 0.0797
44 868 0.0795
44 272 0.0794
44 47 0.0793
44 129 0.0791
44 852 0.0787
44 677 0.0786
44 1573 0.0786
44 760 0.0784
44 509 0.0782
44 620 0.0778
44 359 0.0778
44 345 0.0775
44 1096 0.0775
44 519 0.0774
44 1358 0.0774
44 482 0.0772
44 1355 0.0772
44 695 0.0763
44 862 0.0755
44 633 0.0755
44 329 0.0751
44 576 0.0749
44 213 0.0748
44 828 0.0747
44 11 0.0746
44 533 0.0745
44 1345 0.0742
44 920 0.0741
44 958 0.0741
44 924 0.0740
44 542 0.0736
44 720 0.0734
44 99 0.0727
44 1373 0.0725
44 1429 0.0725
44 176 0.0721
44 280 0.0721
44 493 0.0721
44 1079 0.0721
44 1367 0.0721
44 1431 0.0721
44 1221 0.0715
44 239 0.0713
44 467 0.0710
44 374 0.0709
44 512 0.0709
44 531 0.0709
44 906 0.0709
44 1162 0.0703
44 60 0.0698
44 1548 0.0698
44 161 0.0697
44 1557 0.0694
44 1181 0.0693
44 24 0.0691
44 440 0.0691
44 337 0.0680
44 866 0.0680
44 978 0.0680
44 985 0.0680
44 1541 0.0680
44 160 0.0675
44 1399 0.0675
44 310 0.0670
44 527 0.0670
44 848 0.0670
44 1583 0.0670
44 651 0.0667
44 1571 0.0665
44 291 0.0664
44 1342 0.0663
44 619 0.0660
44 704 0.0660
44 934 0.0660
44 1037 0.0660
44 1291 0.0660
44 590 0.0658
44 242 0.0655
44 1026 0.0655
44 1325 0.0655
44 1581 0.0655
44 1459 0.0654
44 150 0.0651
44 344 0.0646
44 966 0.0646
44 1146 0.0646
44 9 0.0642
44 86 0.0642
44 1057 0.0633
44 1472 0.0630
44 1226 0.0624
44 1425 0.0623
44 1374 0.0621
44 184 0.0620
44 984 0.0619
44 1422 0.0616
44 165 0.0612
44 327 0.0612
44 44 0.0610
44 338 0.0610
44 1207 0.0609
44 149 0.0605
44 1050 0.0605
44 459 0.0597
44 612 0.0597
44 188 0.0594
44 606 0.0594
44 523 0.0589
44 736 0.0584
44 802 0.0584
44 179 0.0582
44 81 0.0580
44 90 0.0580
44 238 0.0580
44 454 0.0580
44 1214 0.0580
44 289 0.0579
44 790 0.0579
44 1140 0.0577
44 222 0.0577
44 1543 0.0577
44 225 0.0574
44 1216 0.0573
44 1440 0.0571
44 600 0.0571
44 230 0.0570
44 31 0.0568
44 83 0.0568
44 644 0.0568
44 721 0.0568
44 709 0.0563
44 293 0.0561
44 243 0.0561
44 1054 0.0559
44 311 0.0556
44 387 0.0556
44 969 0.0556
44 455 0.0553
44 744 0.0553
44 550 0.0553
44 1534 0.0553
44 1113 0.0552
44 724 0.0550
44 1120 0.0550
44 1330 0.0550
44 1479 0.0550
44 706 0.0547
44 415 0.0544
44 632 0.0544
44 687 0.0544
44 322 0.0542
44 820 0.0542
44 900 0.0542
44 930 0.0542
44 12 0.0536
44 475 0.0536
44 131 0.0534
44 560 0.0534
44 1335 0.0533
44 669 0.0529
44 726 0.0526
44 1129 0.0526
44 767 0.0525
44 74 0.0524
44 177 0.0524
44 251 0.0524
44 346 0.0524
44 872 0.0524
44 1063 0.0524
44 1569 0.0524
44 1572 0.0524
44 922 0.0521
44 994 0.0520
44 26 0.0519
44 113 0.0518
44 21 0.0517
44 887 0.0517
44 894 0.0515
44 1086 0.0515
44 355 0.0514
44 656 0.0514
44 674 0.0512
44 1395 0.0512
44 384 0.0510
44 645 0.0510
44 912 0.0510
44 975 0.0510
44 1268 0.0510
44 628 0.0508
44 1159 0.0506
44 771 0.0506
44 700 0.0503
44 504 0.0502
44 1477 0.0501
44 973 0.0499
44 837 0.0497
44 860 0.0497
44 412 0.0493
44 589 0.0493
44 283 0.0491
44 406 0.0491
44 629 0.0491
44 1517 0.0491
44 13 0.0489
44 597 0.0489
44 772 0.0489
44 849 0.0489
44 565 0.0488
44 1352 0.0488
44 1447 0.0488
44 1535 0.0488
44 1326 0.0487
44 883 0.0486
44 896 0.0486
44 252 0.0483
44 1022 0.0483
44 1030 0.0483
44 363 0.0481
44 449 0.0481
44 701 0.0481
44 959 0.0476
44 233 0.0474
44 294 0.0474
44 1125 0.0474
44 1419 0.0472
44 497 0.0467
44 1280 0.0466
44 795 0.0463
44 1370 0.0463
44 253 0.0463
44 1204 0.0462
44 498 0.0458
44 490 0.0457
44 1351 0.0456
44 43 0.0454
44 50 0.0454
44 399 0.0454
44 94 0.0452
44 3 0.0448
44 218 0.0447
44 685 0.0442
44 1144 0.0439
44 1156 0.0439
44 82 0.0437
44 635 0.0436
44 334 0.0433
44 124 0.0430
44 1524 0.0428
44 77 0.0426
44 477 0.0425
44 1128 0.0420
44 511 0.0420
44 528 0.0420
44 538 0.0420
44 578 0.0420
44 583 0.0420
44 1310 0.0420
44 1461 0.0419
44 806 0.0417
44 1072 0.0415
44 204 0.0415
44 1439 0.0411
44 1371 0.0410
44 89 0.0410
44 223 0.0410
44 259 0.0410
44 445 0.0410
44 1392 0.0410
44 1554 0.0410
44 1574 0.0410
44 729 0.0407
44 732 0.0406
44 1252 0.0405
44 254 0.0404
44 142 0.0401
44 791 0.0401
44 803 0.0401
44 885 0.0400
44 264 0.0397
44 408 0.0397
44 1112 0.0397
44 1198 0.0397
44 333 0.0396
44 626 0.0395
44 14 0.0393
44 97 0.0393
44 288 0.0393
44 525 0.0391
44 657 0.0390
44 368 0.0389
44 439 0.0389
44 719 0.0389
44 1298 0.0389
44 1382 0.0389
44 592 0.0388
44 1278 0.0385
44 1376 0.0385
44 1432 0.0385
44 1564 0.0385
44 764 0.0382
44 491 0.0381
44 1185 0.0381
44 1340 0.0381
44 1441 0.0378
44 588 0.0377
44 1160 0.0377
44 164 0.0377
44 397 0.0376
44 1380 0.0376
44 1294 0.0375
44 302 0.0370
44 522 0.0370
44 696 0.0370
44 1236 0.0370
44 250 0.0367
44 622 0.0367
44 1287 0.0367
44 1387 0.0365
44 1029 0.0364
44 1333 0.0364
44 1421 0.0364
44 68 0.0362
44 423 0.0361
44 1208 0.0361
44 137 0.0358
44 747 0.0358
44 22 0.0357
44 180 0.0357
44 411 0.0357
44 215 0.0356
44 1153 0.0355
44 663 0.0355
44 290 0.0354
44 1531 0.0353
44 141 0.0351
44 901 0.0351
44 723 0.0349
44 1055 0.0348
44 1496 0.0348
44 768 0.0346
44 1136 0.0346
44 1397 0.0346
44 686 0.0346
44 763 0.0346
44 1197 0.0346
44 609 0.0343
44 660 0.0343
44 1121 0.0343
44 939 0.0340
44 1206 0.0340
44 221 0.0338
44 766 0.0338
44 1176 0.0337
44 982 0.0336
44 29 0.0335
44 713 0.0335
44 941 0.0335
44 106 0.0333
44 559 0.0333
44 1336 0.0331
44 1101 0.0331
44 262 0.0330
44 377 0.0330
44 683 0.0330
44 1175 0.0330
44 122 0.0328
44 672 0.0328
44 1526 0.0325
44 1070 0.0325
44 1239 0.0324
44 300 0.0323
44 1107 0.0323
44 1262 0.0323
44 1267 0.0323
44 162 0.0321
44 580 0.0321
44 793 0.0319
44 916 0.0319
44 196 0.0316
44 1260 0.0315
44 296 0.0314
44 636 0.0314
44 1562 0.0312
44 126 0.0310
44 479 0.0310
44 905 0.0308
44 1000 0.0307
44 441 0.0306
44 740 0.0306
44 774 0.0306
44 1515 0.0306
44 34 0.0304
44 991 0.0302
44 1446 0.0302
44 28 0.0301
44 733 0.0301
44 1407 0.0301
44 163 0.0297
44 244 0.0297
44 1481 0.0297
44 446 0.0295
44 705 0.0295
44 1066 0.0295
44 1135 0.0295
44 231 0.0295
44 540 0.0293
44 553 0.0293
44 714 0.0292
44 208 0.0290
44 537 0.0290
44 1464 0.0290
44 63 0.0288
44 120 0.0288
44 835 0.0288
44 1466 0.0288
44 339 0.0287
44 468 0.0287
44 1378 0.0287
44 541 0.0285
44 910 0.0285
44 510 0.0284
44 1365 0.0284
44 907 0.0283
44 229 0.0282
44 1305 0.0282
44 1290 0.0281
44 1040 0.0279
44 613 0.0279
44 267 0.0278
44 487 0.0278
44 342 0.0276
44 1122 0.0276
44 1338 0.0276
44 1480 0.0274
44 995 0.0274
44 1473 0.0274
44 1499 0.0272
44 87 0.0269
44 418 0.0269
44 1178 0.0268
44 738 0.0268
44 257 0.0267
44 1171 0.0264
44 917 0.0263
44 1451 0.0262
44 436 0.0262
44 867 0.0262
44 1172 0.0262
44 1328 0.0261
44 1457 0.0261
44 508 0.0259
44 595 0.0259
44 4 0.0258
44 349 0.0257
44 144 0.0255
44 430 0.0255
44 650 0.0255
44 870 0.0255
44 269 0.0254
44 422 0.0254
44 666 0.0253
44 986 0.0253
44 112 0.0252
44 201 0.0252
44 1032 0.0252
44 1264 0.0252
44 1368 0.0252
44 391 0.0251
44 575 0.0251
44 1069 0.0251
44 1164 0.0251
44 17 0.0249
44 348 0.0249
44 435 0.0249
44 98 0.0248
44 798 0.0248
44 48 0.0247
44 1263 0.0247
44 935 0.0243
44 1141 0.0241
44 918 0.0240
44 1196 0.0240
44 1536 0.0240
44 52 0.0239
44 1227 0.0239
44 1339 0.0239
44 813 0.0238
44 1538 0.0238
44 1528 0.0237
44 891 0.0236
44 1008 0.0236
44 1381 0.0235
44 1455 0.0235
44 572 0.0233
44 1090 0.0233
44 91 0.0232
44 1045 0.0232
44 947 0.0230
44 1390 0.0230
44 75 0.0228
44 450 0.0228
44 466 0.0227
44 335 0.0226
44 915 0.0226
44 1077 0.0225
44 1540 0.0224
44 1579 0.0222
44 1369 0.0221
44 1505 0.0221
44 914 0.0221
44 945 0.0221
44 1230 0.0221
44 136 0.0220
44 836 0.0219
44 46 0.0217
44 702 0.0217
44 485 0.0215
44 765 0.0214
44 1084 0.0213
44 186 0.0212
44 515 0.0212
44 1503 0.0212
44 879 0.0211
44 190 0.0209
44 249 0.0209
44 567 0.0209
44 593 0.0209
44 707 0.0209
44 962 0.0209
44 1456 0.0209
44 1202 0.0207
44 1470 0.0206
44 882 0.0203
44 1275 0.0203
44 751 0.0203
44 521 0.0201
44 573 0.0201
44 1299 0.0198
44 1510 0.0197
44 520 0.0196
44 587 0.0194
44 1449 0.0194
44 1095 0.0194
44 786 0.0193
44 1487 0.0192
44 925 0.0191
44 1410 0.0191
44 884 0.0190
44 1158 0.0186
44 308 0.0186
44 1539 0.0186
44 5 0.0182
44 863 0.0179
44 1465 0.0179
44 1317 0.0178
44 1116 0.0177
44 1415 0.0176
44 266 0.0174
44 1288 0.0172
44 783 0.0170
44 1205 0.0170
44 395 0.0169
44 909 0.0169
44 895 0.0165
44 1272 0.0165
44 549 0.0163
44 1119 0.0163
44 1501 0.0162
44 1542 0.0161
44 749 0.0156
44 240 0.0153
44 443 0.0153
44 1486 0.0149
44 1269 0.0148
44 1442 0.0145
44 1111 0.0145
44 1444 0.0136
44 1155 0.0121
44 1149 0.0115
45 947 0.3993
45 1478 0.3600
45 946 0.3504
45 479 0.3446
45 1457 0.3439
45 1523 0.3438
45 737 0.3276
45 1398 0.3200
45 510 0.3058
45 1459 0.3026
45 576 0.2992
45 963 0.2824
45 1278 0.2806
45 605 0.2768
45 342 0.2686
45 979 0.2673
45 1461 0.2617
45 286 0.2601
45 345 0.2584
45 82 0.2581
45 862 0.2564
45 1297 0.2546
45 1194 0.2496
45 1120 0.2482
45 1319 0.2430
45 1009 0.2430
45 1225 0.2422
45 19 0.2421
45 1476 0.2415
45 1508 0.2390
45 468 0.2390
45 480 0.2364
45 1280 0.2331
45 190 0.2326
45 1226 0.2312
45 430 0.2301
45 290 0.2294
45 1123 0.2291
45 986 0.2281
45 1069 0.2262
45 926 0.2253
45 1146 0.2243
45 1262 0.2243
45 715 0.2236
45 1100 0.2233
45 1441 0.2233
45 1147 0.2229
45 981 0.2229
45 1243 0.2160
45 1382 0.2160
45 271 0.2133
45 1275 0.2119
45 1195 0.2113
45 591 0.2097
45 1058 0.2097
45 189 0.2092
45 1315 0.2078
45 1077 0.2033
45 469 0.2019
45 1296 0.2004
45 1561 0.2003
45 867 0.2000
45 600 0.1981
45 1142 0.1975
45 1377 0.1966
45 1419 0.1966
45 178 0.1951
45 266 0.1936
45 309 0.1930
45 379 0.1930
45 503 0.1890
45 335 0.1883
45 994 0.1879
45 1176 0.1870
45 67 0.1861
45 742 0.1861
45 217 0.1857
45 1021 0.1853
45 1429 0.1845
45 1285 0.1834
45 661 0.1821
45 1172 0.1818
45 1331 0.1813
45 504 0.1811
45 1070 0.1804
45 1288 0.1796
45 1292 0.1796
45 811 0.1793
45 1065 0.1782
45 587 0.1755
45 896 0.1755
45 1372 0.1746
45 799 0.1745
45 1411 0.1737
45 284 0.1736
45 1270 0.1729
45 1101 0.1722
45 307 0.1716
45 484 0.1709
45 1011 0.1708
45 1020 0.1705
45 441 0.1701
45 1386 0.1697
45 1522 0.1697
45 1305 0.1695
45 1326 0.1690
45 1245 0.1690
45 945 0.1686
45 330 0.1681
45 1030 0.1677
45 590 0.1675
45 996 0.1670
45 1407 0.1670
45 702 0.1659
45 1426 0.1658
45 195 0.1654
45 1469 0.1654
45 977 0.1650
45 14 0.1637
45 1563 0.1637
45 1312 0.1631
45 1082 0.1630
45 29 0.1628
45 1474 0.1627
45 1520 0.1624
45 749 0.1623
45 776 0.1621
45 439 0.1620
45 559 0.1619
45 970 0.1613
45 1513 0.1612
45 1175 0.1604
45 756 0.1604
45 1272 0.1601
45 1180 0.1593
45 498 0.1592
45 1131 0.1588
45 1286 0.1581
45 164 0.1569
45 1028 0.1561
45 293 0.1559
45 1533 0.1553
45 837 0.1553
45 267 0.1543
45 311 0.1543
45 1300 0.1543
45 1057 0.1538
45 1420 0.1535
45 629 0.1534
45 395 0.1530
45 1530 0.1528
45 459 0.1520
45 695 0.1513
45 1343 0.1512
45 918 0.1498
45 54 0.1497
45 623 0.1497
45 731 0.1494
45 432 0.1490
45 885 0.1482
45 794 0.1476
45 1303 0.1468
45 251 0.1455
45 789 0.1455
45 816 0.1455
45 577 0.1437
45 725 0.1435
45 705 0.1435
45 393 0.1432
45 656 0.1429
45 473 0.1429
45 660 0.1429
45 1502 0.1426
45 978 0.1417
45 1257 0.1417
45 1357 0.1417
45 1240 0.1398
45 145 0.1392
45 304 0.1389
45 1379 0.1389
45 987 0.1386
45 1306 0.1385
45 1322 0.1380
45 903 0.1379
45 1365 0.1379
45 299 0.1378
45 451 0.1375
45 907 0.1374
45 191 0.1372
45 589 0.1369
45 154 0.1365
45 1581 0.1365
45 62 0.1358
45 728 0.1358
45 1388 0.1357
45 487 0.1350
45 969 0.1350
45 1184 0.1346
45 1122 0.1343
45 1358 0.1343
45 1022 0.1342
45 942 0.1339
45 256 0.1336
45 1479 0.1336
45 246 0.1336
45 925 0.1326
45 999 0.1326
45 1383 0.1324
45 1115 0.1323
45 805 0.1316
45 1488 0.1316
45 968 0.1309
45 560 0.1297
45 795 0.1287
45 1140 0.1282
45 104 0.1278
45 1113 0.1277
45 1027 0.1268
45 1043 0.1268
45 508 0.1261
45 149 0.1260
45 1050 0.1260
45 50 0.1260
45 426 0.1260
45 466 0.1260
45 985 0.1260
45 1393 0.1252
45 492 0.1244
45 982 0.1243
45 650 0.1239
45 244 0.1237
45 1408 0.1237
45 446 0.1230
45 785 0.1230
45 1066 0.1230
45 1269 0.1230
45 1279 0.1230
45 802 0.1216
45 1451 0.1215
45 592 0.1212
45 635 0.1210
45 1241 0.1210
45 107 0.1210
45 1109 0.1209
45 1464 0.1209
45 1083 0.1208
45 464 0.1202
45 1239 0.1199
45 485 0.1195
45 1108 0.1195
45 1378 0.1194
45 1517 0.1193
45 555 0.1192
45 1363 0.1182
45 939 0.1181
45 1033 0.1181
45 735 0.1181
45 1012 0.1181
45 481 0.1176
45 1014 0.1171
45 20 0.1170
45 1546 0.1165
45 1093 0.1165
45 1536 0.1165
45 804 0.1163
45 824 0.1163
45 1456 0.1160
45 1202 0.1149
45 1273 0.1149
45 1356 0.1149
45 1470 0.1143
45 89 0.1140
45 995 0.1140
45 1471 0.1140
45 948 0.1138
45 1440 0.1133
45 444 0.1127
45 467 0.1127
45 66 0.1121
45 344 0.1121
45 1042 0.1121
45 630 0.1117
45 1178 0.1117
45 8 0.1112
45 1062 0.1110
45 458 0.1103
45 496 0.1101
45 653 0.1101
45 741 0.1099
45 129 0.1098
45 917 0.1096
45 1361 0.1086
45 992 0.1081
45 719 0.1080
45 1336 0.1073
45 937 0.1071
45 1515 0.1063
45 783 0.1063
45 1340 0.1057
45 762 0.1053
45 721 0.1051
45 1560 0.1048
45 292 0.1048
45 1032 0.1048
45 391 0.1047
45 397 0.1044
45 1512 0.1044
45 39 0.1043
45 1294 0.1041
45 470 0.1037
45 98 0.1035
45 207 0.1035
45 1158 0.1033
45 1539 0.1031
45 253 0.1029
45 1260 0.1021
45 720 0.1019
45 618 0.1018
45 624 0.1018
45 691 0.1014
45 673 0.1012
45 1485 0.1012
45 1001 0.1010
45 1495 0.1010
45 81 0.1007
45 1214 0.1007
45 326 0.1002
45 989 0.1002
45 1141 0.1002
45 1208 0.1002
45 579 0.1001
45 634 0.1001
45 722 0.0998
45 949 0.0998
45 813 0.0991
45 338 0.0989
45 562 0.0987
45 1125 0.0987
45 1220 0.0987
45 546 0.0984
45 814 0.0976
45 1406 0.0972
45 790 0.0965
45 1204 0.0962
45 147 0.0950
45 536 0.0950
45 632 0.0945
45 730 0.0945
45 43 0.0945
45 287 0.0945
45 340 0.0945
45 392 0.0945
45 1205 0.0945
45 915 0.0942
45 817 0.0938
45 964 0.0938
45 1130 0.0938
45 1128 0.0934
45 212 0.0932
45 1054 0.0932
45 713 0.0930
45 1410 0.0928
45 1384 0.0926
45 88 0.0924
45 210 0.0924
45 488 0.0924
45 669 0.0918
45 1467 0.0918
45 377 0.0917
45 1396 0.0917
45 626 0.0913
45 709 0.0913
45 118 0.0910
45 122 0.0910
45 283 0.0910
45 526 0.0910
45 1217 0.0910
45 566 0.0910
45 972 0.0908
45 425 0.0905
45 1501 0.0900
45 329 0.0894
45 1355 0.0893
45 86 0.0891
45 96 0.0891
45 162 0.0891
45 980 0.0891
45 1088 0.0888
45 1253 0.0888
45 912 0.0885
45 1244 0.0885
45 461 0.0879
45 518 0.0879
45 578 0.0875
45 1559 0.0875
45 1160 0.0874
45 438 0.0873
45 636 0.0873
45 1258 0.0873
45 93 0.0872
45 1307 0.0867
45 1427 0.0867
45 1562 0.0867
45 1317 0.0867
45 348 0.0866
45 1418 0.0866
45 1132 0.0861
45 1263 0.0859
45 1366 0.0856
45 748 0.0855
45 852 0.0850
45 1183 0.0845
45 34 0.0845
45 1351 0.0845
45 1446 0.0840
45 138 0.0838
45 753 0.0838
45 1203 0.0838
45 1089 0.0835
45 1309 0.0835
45 625 0.0832
45 1016 0.0830
45 205 0.0829
45 612 0.0829
45 919 0.0829
45 1169 0.0827
45 759 0.0826
45 146 0.0825
45 227 0.0825
45 333 0.0825
45 1436 0.0825
45 1443 0.0822
45 1237 0.0820
45 155 0.0819
45 668 0.0810
45 1117 0.0810
45 572 0.0810
45 1449 0.0810
45 61 0.0810
45 1442 0.0807
45 519 0.0806
45 537 0.0806
45 1432 0.0802
45 1514 0.0801
45 373 0.0801
45 835 0.0801
45 1097 0.0801
45 1500 0.0797
45 886 0.0796
45 1216 0.0796
45 255 0.0790
45 601 0.0788
45 1179 0.0788
45 639 0.0786
45 983 0.0784
45 873 0.0779
45 213 0.0779
45 717 0.0777
45 641 0.0772
45 696 0.0772
45 844 0.0772
45 1475 0.0772
45 1534 0.0768
45 914 0.0766
45 148 0.0764
45 1575 0.0764
45 1330 0.0764
45 760 0.0762
45 847 0.0758
45 1421 0.0758
45 1005 0.0756
45 1234 0.0756
45 1484 0.0752
45 334 0.0752
45 1210 0.0752
45 463 0.0751
45 1353 0.0751
45 87 0.0748
45 1277 0.0748
45 1056 0.0745
45 1511 0.0745
45 411 0.0744
45 711 0.0744
45 580 0.0742
45 257 0.0741
45 1084 0.0740
45 906 0.0738
45 47 0.0734
45 33 0.0727
45 200 0.0727
45 1063 0.0727
45 247 0.0726
45 631 0.0726
45 1055 0.0726
45 806 0.0725
45 331 0.0724
45 509 0.0724
45 898 0.0724
45 1344 0.0724
45 336 0.0717
45 887 0.0717
45 1458 0.0717
45 1200 0.0714
45 1052 0.0714
45 281 0.0711
45 674 0.0711
45 1246 0.0711
45 1354 0.0711
45 670 0.0710
45 384 0.0709
45 764 0.0708
45 422 0.0705
45 585 0.0705
45 628 0.0705
45 366 0.0703
45 680 0.0703
45 956 0.0702
45 101 0.0699
45 169 0.0698
45 848 0.0698
45 1380 0.0696
45 106 0.0694
45 435 0.0693
45 73 0.0688
45 1037 0.0688
45 1445 0.0687
45 788 0.0684
45 1187 0.0683
45 1360 0.0683
45 406 0.0682
45 750 0.0678
45 1352 0.0678
45 935 0.0676
45 507 0.0675
45 883 0.0675
45 1454 0.0673
45 84 0.0668
45 194 0.0668
45 295 0.0668
45 449 0.0668
45 1196 0.0666
45 747 0.0663
45 1339 0.0663
45 1538 0.0660
45 196 0.0659
45 1498 0.0658
45 296 0.0655
45 1162 0.0651
45 448 0.0650
45 858 0.0646
45 1548 0.0646
45 905 0.0642
45 921 0.0642
45 1422 0.0642
45 614 0.0641
45 871 0.0641
45 407 0.0639
45 1390 0.0639
45 1428 0.0639
45 740 0.0638
45 443 0.0637
45 450 0.0632
45 923 0.0632
45 1337 0.0630
45 399 0.0630
45 842 0.0630
45 1013 0.0630
45 1412 0.0630
45 599 0.0626
45 1034 0.0626
45 414 0.0626
45 268 0.0622
45 137 0.0622
45 1308 0.0622
45 1465 0.0622
45 108 0.0619
45 502 0.0619
45 1578 0.0619
45 215 0.0618
45 1403 0.0615
45 1049 0.0613
45 380 0.0611
45 540 0.0611
45 1492 0.0609
45 1182 0.0609
45 767 0.0607
45 1192 0.0605
45 119 0.0604
45 46 0.0603
45 173 0.0602
45 846 0.0601
45 1494 0.0601
45 63 0.0601
45 739 0.0599
45 64 0.0598
45 316 0.0598
45 648 0.0598
45 1041 0.0598
45 339 0.0598
45 1302 0.0596
45 961 0.0593
45 374 0.0591
45 627 0.0590
45 822 0.0590
45 1035 0.0590
45 870 0.0589
45 909 0.0586
45 1211 0.0583
45 462 0.0582
45 845 0.0582
45 249 0.0581
45 567 0.0581
45 390 0.0580
45 486 0.0578
45 1222 0.0576
45 1190 0.0576
45 984 0.0573
45 259 0.0570
45 654 0.0570
45 854 0.0570
45 1473 0.0570
45 1554 0.0570
45 751 0.0563
45 807 0.0563
45 825 0.0563
45 1207 0.0563
45 1555 0.0563
45 1252 0.0562
45 1334 0.0560
45 573 0.0559
45 6 0.0557
45 682 0.0557
45 803 0.0557
45 878 0.0557
45 291 0.0553
45 1087 0.0553
45 272 0.0551
45 1112 0.0551
45 823 0.0551
45 1171 0.0551
45 1015 0.0548
45 1129 0.0548
45 872 0.0546
45 4 0.0538
45 1375 0.0536
45 1376 0.0535
45 1413 0.0532
45 361 0.0531
45 398 0.0529
45 465 0.0529
45 1185 0.0529
45 1282 0.0527
45 1067 0.0526
45 575 0.0522
45 1477 0.0522
45 187 0.0520
45 416 0.0519
45 476 0.0519
45 1259 0.0519
45 3 0.0519
45 658 0.0516
45 412 0.0513
45 622 0.0510
45 1145 0.0510
45 1287 0.0510
45 1284 0.0505
45 1482 0.0505
45 1529 0.0505
45 371 0.0503
45 32 0.0501
45 280 0.0501
45 1558 0.0501
45 55 0.0499
45 1255 0.0499
45 863 0.0498
45 52 0.0497
45 1568 0.0496
45 663 0.0493
45 512 0.0492
45 1402 0.0492
45 1061 0.0489
45 582 0.0488
45 60 0.0484
45 91 0.0483
45 289 0.0483
45 1045 0.0483
45 1181 0.0481
45 113 0.0480
45 117 0.0480
45 440 0.0480
45 647 0.0480
45 763 0.0480
45 1019 0.0480
45 1417 0.0480
45 784 0.0479
45 581 0.0477
45 971 0.0477
45 1023 0.0476
45 1152 0.0476
45 1580 0.0476
45 312 0.0476
45 1416 0.0472
45 773 0.0471
45 602 0.0469
45 651 0.0463
45 752 0.0462
45 1078 0.0462
45 1118 0.0461
45 1133 0.0460
45 1230 0.0460
45 174 0.0458
45 262 0.0458
45 704 0.0458
45 712 0.0458
45 1537 0.0458
45 836 0.0457
45 226 0.0455
45 936 0.0455
45 657 0.0451
45 300 0.0449
45 1267 0.0448
45 662 0.0445
45 1547 0.0445
45 1103 0.0442
45 321 0.0442
45 1104 0.0439
45 962 0.0435
45 139 0.0434
45 140 0.0434
45 184 0.0431
45 904 0.0429
45 1170 0.0429
45 1173 0.0428
45 1000 0.0426
45 165 0.0425
45 774 0.0425
45 732 0.0423
45 960 0.0423
45 214 0.0423
45 1266 0.0423
45 991 0.0420
45 1114 0.0420
45 1323 0.0418
45 733 0.0417
45 1304 0.0417
45 305 0.0415
45 1486 0.0415
45 1224 0.0415
45 163 0.0412
45 1299 0.0412
45 1481 0.0412
45 1489 0.0412
45 1092 0.0408
45 736 0.0405
45 179 0.0404
45 2 0.0403
45 90 0.0403
45 238 0.0403
45 757 0.0401
45 809 0.0398
45 31 0.0394
45 134 0.0392
45 1362 0.0392
45 1483 0.0387
45 65 0.0386
45 123 0.0386
45 273 0.0386
45 387 0.0386
45 938 0.0386
45 1389 0.0386
45 1506 0.0386
45 744 0.0384
45 204 0.0384
45 724 0.0382
45 1127 0.0380
45 1371 0.0380
45 415 0.0378
45 857 0.0378
45 322 0.0376
45 1150 0.0376
45 418 0.0374
45 548 0.0374
45 675 0.0374
45 897 0.0374
45 12 0.0372
45 171 0.0371
45 856 0.0371
45 1425 0.0371
45 890 0.0367
45 358 0.0366
45 38 0.0364
45 346 0.0364
45 436 0.0364
45 677 0.0364
45 716 0.0364
45 769 0.0364
45 1209 0.0364
45 1328 0.0363
45 525 0.0362
45 1289 0.0362
45 26 0.0360
45 1229 0.0360
45 1096 0.0359
45 1099 0.0359
45 274 0.0357
45 355 0.0357
45 874 0.0357
45 1566 0.0357
45 265 0.0356
45 1395 0.0356
45 1281 0.0354
45 1024 0.0352
45 884 0.0351
45 697 0.0351
45 913 0.0351
45 112 0.0349
45 1264 0.0349
45 103 0.0345
45 420 0.0345
45 547 0.0345
45 860 0.0345
45 1348 0.0345
45 619 0.0344
45 1283 0.0344
45 1048 0.0340
45 230 0.0339
45 474 0.0339
45 597 0.0339
45 638 0.0339
45 746 0.0339
45 772 0.0339
45 990 0.0339
45 1091 0.0339
45 1218 0.0339
45 565 0.0339
45 1029 0.0337
45 1318 0.0337
45 1373 0.0335
45 385 0.0334
45 1576 0.0334
45 1463 0.0330
45 167 0.0329
45 224 0.0329
45 294 0.0329
45 808 0.0329
45 1528 0.0329
45 891 0.0328
45 1008 0.0328
45 1313 0.0328
45 1271 0.0327
45 692 0.0327
45 1074 0.0327
45 389 0.0325
45 35 0.0324
45 95 0.0324
45 768 0.0321
45 127 0.0319
45 170 0.0319
45 516 0.0319
45 49 0.0315
45 109 0.0315
45 866 0.0315
45 243 0.0312
45 908 0.0309
45 1238 0.0309
45 78 0.0307
45 831 0.0307
45 1295 0.0307
45 136 0.0306
45 1316 0.0306
45 771 0.0301
45 1010 0.0300
45 124 0.0299
45 382 0.0299
45 679 0.0299
45 1404 0.0299
45 77 0.0296
45 1335 0.0296
45 770 0.0295
45 778 0.0295
45 216 0.0294
45 869 0.0294
45 879 0.0292
45 528 0.0292
45 394 0.0290
45 607 0.0288
45 665 0.0288
45 1072 0.0288
45 1076 0.0288
45 1265 0.0288
45 1374 0.0287
45 72 0.0285
45 1444 0.0283
45 882 0.0283
45 1332 0.0281
45 351 0.0280
45 521 0.0279
45 142 0.0279
45 264 0.0276
45 1349 0.0276
45 97 0.0273
45 523 0.0273
45 368 0.0270
45 584 0.0270
45 734 0.0270
45 875 0.0270
45 955 0.0270
45 830 0.0269
45 851 0.0269
45 786 0.0268
45 1466 0.0267
45 42 0.0265
45 59 0.0262
45 594 0.0262
45 865 0.0262
45 36 0.0261
45 953 0.0260
45 1071 0.0260
45 1550 0.0260
45 11 0.0259
45 417 0.0255
45 965 0.0255
45 557 0.0254
45 1409 0.0253
45 27 0.0253
45 99 0.0253
45 197 0.0253
45 1453 0.0251
45 1367 0.0250
45 829 0.0249
45 180 0.0248
45 954 0.0246
45 1116 0.0246
45 1341 0.0246
45 1415 0.0244
45 198 0.0244
45 889 0.0244
45 1233 0.0244
45 558 0.0243
45 161 0.0242
45 434 0.0242
45 357 0.0241
45 428 0.0240
45 686 0.0240
45 1161 0.0240
45 1197 0.0240
45 337 0.0236
45 56 0.0234
45 314 0.0234
45 766 0.0234
45 1159 0.0234
45 1311 0.0234
45 310 0.0233
45 928 0.0233
45 941 0.0233
45 1583 0.0233
45 1327 0.0231
45 1342 0.0230
45 895 0.0230
45 219 0.0229
45 388 0.0229
45 683 0.0229
45 876 0.0229
45 1527 0.0229
45 672 0.0228
45 1026 0.0228
45 676 0.0226
45 689 0.0226
45 1452 0.0226
45 1148 0.0225
45 58 0.0224
45 642 0.0224
45 1107 0.0224
45 843 0.0223
45 1046 0.0222
45 916 0.0221
45 1430 0.0221
45 951 0.0220
45 1460 0.0218
45 301 0.0217
45 933 0.0217
45 1247 0.0217
45 401 0.0214
45 1235 0.0214
45 350 0.0211
45 694 0.0210
45 1434 0.0210
45 193 0.0209
45 248 0.0209
45 427 0.0209
45 489 0.0209
45 797 0.0206
45 924 0.0206
45 172 0.0205
45 297 0.0205
45 699 0.0205
45 1450 0.0205
45 826 0.0203
45 454 0.0201
45 222 0.0200
45 1400 0.0200
45 541 0.0198
45 556 0.0198
45 827 0.0198
45 69 0.0197
45 1519 0.0197
45 755 0.0196
45 258 0.0195
45 1047 0.0195
45 652 0.0194
45 431 0.0193
45 1324 0.0193
45 1557 0.0193
45 183 0.0192
45 550 0.0192
45 1480 0.0190
45 684 0.0190
45 1509 0.0189
45 820 0.0188
45 598 0.0187
45 974 0.0187
45 1068 0.0187
45 475 0.0186
45 988 0.0186
45 362 0.0186
45 561 0.0185
45 880 0.0184
45 372 0.0181
45 349 0.0179
45 70 0.0177
45 144 0.0177
45 1268 0.0177
45 810 0.0176
45 666 0.0175
45 1006 0.0175
45 201 0.0175
45 633 0.0175
45 754 0.0175
45 1346 0.0175
45 761 0.0174
45 1164 0.0174
45 637 0.0173
45 973 0.0173
45 1031 0.0173
45 533 0.0173
45 798 0.0173
45 1414 0.0173
45 48 0.0172
45 317 0.0170
45 796 0.0170
45 1521 0.0170
45 1387 0.0169
45 143 0.0168
45 252 0.0168
45 1350 0.0168
45 701 0.0167
45 447 0.0166
45 409 0.0166
45 239 0.0165
45 1153 0.0164
45 1370 0.0161
45 1174 0.0160
45 1397 0.0160
45 1525 0.0160
45 929 0.0159
45 855 0.0158
45 1075 0.0158
45 1138 0.0157
45 94 0.0157
45 1036 0.0156
45 1579 0.0154
45 1144 0.0152
45 1156 0.0152
45 1250 0.0149
45 1053 0.0148
45 515 0.0147
45 608 0.0147
45 1085 0.0147
45 1329 0.0144
45 1392 0.0142
45 1191 0.0142
45 325 0.0142
45 402 0.0141
45 1394 0.0141
45 681 0.0140
45 1510 0.0137
45 231 0.0136
45 1298 0.0135
45 1487 0.0133
45 367 0.0132
45 1301 0.0131
45 1516 0.0131
45 1193 0.0130
45 513 0.0128
45 5 0.0126
45 114 0.0125
45 738 0.0124
45 894 0.0119
45 1347 0.0116
45 1007 0.0115
45 549 0.0113
45 1542 0.0112
45 868 0.0110
45 877 0.0110
45 1320 0.0109
45 240 0.0106
45 640 0.0104
45 437 0.0098
45 472 0.0095
46 426 0.3020
46 147 0.2786
46 955 0.2741
46 849 0.2680
46 1365 0.2667
46 55 0.2628
46 1122 0.2598
46 1374 0.2593
46 591 0.2562
46 189 0.2528
46 560 0.2509
46 532 0.2412
46 736 0.2286
46 198 0.2202
46 1388 0.2143
46 559 0.2088
46 1085 0.1992
46 1057 0.1983
46 1264 0.1971
46 466 0.1954
46 624 0.1915
46 1172 0.1846
46 1240 0.1841
46 1520 0.1832
46 1342 0.1816
46 309 0.1815
46 600 0.1788
46 1013 0.1777
46 1412 0.1777
46 212 0.1752
46 522 0.1741
46 844 0.1741
46 1070 0.1696
46 1101 0.1684
46 155 0.1664
46 814 0.1651
46 801 0.1648
46 1378 0.1646
46 727 0.1645
46 923 0.1605
46 395 0.1593
46 537 0.1591
46 414 0.1588
46 749 0.1587
46 391 0.1575
46 377 0.1551
46 1352 0.1529
46 935 0.1526
46 1382 0.1523
46 358 0.1514
46 1022 0.1513
46 951 0.1487
46 290 0.1479
46 95 0.1463
46 921 0.1448
46 1020 0.1442
46 127 0.1441
46 577 0.1441
46 965 0.1437
46 312 0.1431
46 28 0.1413
46 946 0.1412
46 912 0.1398
46 1481 0.1396
46 954 0.1388
46 785 0.1387
46 533 0.1362
46 468 0.1348
46 1321 0.1341
46 384 0.1333
46 1035 0.1332
46 462 0.1312
46 845 0.1312
46 67 0.1312
46 712 0.1293
46 1523 0.1293
46 1343 0.1279
46 381 0.1271
46 91 0.1270
46 12 0.1260
46 771 0.1246
46 868 0.1246
46 116 0.1244
46 264 0.1244
46 299 0.1244
46 1467 0.1242
46 1044 0.1235
46 177 0.1231
46 677 0.1231
46 1297 0.1231
46 1139 0.1223
46 719 0.1218
46 1298 0.1218
46 530 0.1211
46 1413 0.1200
46 361 0.1198
46 909 0.1190
46 1142 0.1188
46 1239 0.1184
46 940 0.1183
46 397 0.1178
46 1164 0.1178
46 1309 0.1177
46 1071 0.1171
46 268 0.1170
46 1254 0.1163
46 1478 0.1161
46 1433 0.1156
46 148 0.1150
46 250 0.1150
46 638 0.1149
46 1091 0.1149
46 534 0.1140
46 246 0.1131
46 363 0.1131
46 464 0.1130
46 18 0.1130
46 811 0.1124
46 566 0.1120
46 215 0.1115
46 294 0.1113
46 1167 0.1113
46 751 0.1112
46 903 0.1111
46 760 0.1106
46 258 0.1099
46 271 0.1094
46 652 0.1094
46 266 0.1092
46 413 0.1092
46 1224 0.1091
46 884 0.1090
46 357 0.1087
46 342 0.1082
46 724 0.1077
46 586 0.1066
46 175 0.1066
46 1205 0.1066
46 1206 0.1066
46 563 0.1058
46 1130 0.1058
46 235 0.1056
46 418 0.1056
46 623 0.1056
46 818 0.1051
46 1533 0.1051
46 988 0.1050
46 1056 0.1050
46 7 0.1050
46 1315 0.1042
46 25 0.1038
46 1441 0.1037
46 219 0.1034
46 1037 0.1034
46 1256 0.1034
46 709 0.1030
46 242 0.1027
46 1217 0.1027
46 1325 0.1027
46 695 0.1024
46 230 0.1021
46 922 0.1021
46 513 0.1013
46 124 0.1011
46 263 0.1011
46 679 0.1011
46 1108 0.1011
46 942 0.1007
46 96 0.1005
46 281 0.1003
46 430 0.0998
46 650 0.0998
46 99 0.0997
46 186 0.0996
46 1503 0.0996
46 422 0.0994
46 1024 0.0994
46 1123 0.0994
46 199 0.0990
46 1310 0.0987
46 296 0.0985
46 301 0.0978
46 792 0.0978
46 637 0.0977
46 1083 0.0973
46 1356 0.0973
46 126 0.0972
46 1132 0.0972
46 259 0.0964
46 670 0.0962
46 1517 0.0961
46 107 0.0955
46 1387 0.0953
46 149 0.0948
46 1446 0.0948
46 252 0.0946
46 1288 0.0946
46 504 0.0943
46 1018 0.0943
46 1126 0.0943
46 1089 0.0942
46 733 0.0942
46 722 0.0939
46 1196 0.0939
46 828 0.0936
46 1163 0.0935
46 408 0.0933
46 780 0.0930
46 1488 0.0928
46 924 0.0928
46 1237 0.0925
46 1450 0.0925
46 826 0.0914
46 1319 0.0914
46 1095 0.0911
46 60 0.0911
46 238 0.0909
46 1109 0.0909
46 1331 0.0909
46 1513 0.0909
46 817 0.0907
46 757 0.0904
46 516 0.0901
46 398 0.0896
46 474 0.0893
46 367 0.0893
46 69 0.0889
46 594 0.0887
46 639 0.0887
46 1301 0.0887
46 347 0.0884
46 481 0.0884
46 1028 0.0881
46 476 0.0879
46 1259 0.0879
46 982 0.0876
46 123 0.0870
46 285 0.0870
46 641 0.0870
46 920 0.0870
46 1379 0.0870
46 605 0.0868
46 720 0.0862
46 1145 0.0862
46 1320 0.0862
46 256 0.0861
46 1144 0.0859
46 1001 0.0855
46 1482 0.0855
46 415 0.0853
46 687 0.0853
46 963 0.0850
46 1150 0.0849
46 334 0.0848
46 463 0.0847
46 1353 0.0847
46 675 0.0844
46 731 0.0843
46 970 0.0840
46 1168 0.0840
46 1524 0.0838
46 131 0.0836
46 1335 0.0835
46 531 0.0833
46 47 0.0828
46 1182 0.0824
46 1573 0.0821
46 394 0.0818
46 1289 0.0817
46 1076 0.0813
46 113 0.0812
46 428 0.0812
46 1197 0.0812
46 4 0.0809
46 217 0.0806
46 864 0.0806
46 937 0.0806
46 1375 0.0806
46 1033 0.0800
46 1257 0.0800
46 1244 0.0799
46 314 0.0793
46 913 0.0792
46 1006 0.0792
46 661 0.0790
46 201 0.0788
46 892 0.0787
46 61 0.0783
46 106 0.0783
46 187 0.0782
46 821 0.0781
46 205 0.0780
46 571 0.0778
46 876 0.0776
46 1283 0.0775
46 118 0.0770
46 506 0.0770
46 1026 0.0770
46 796 0.0769
46 597 0.0766
46 728 0.0766
46 1386 0.0766
46 535 0.0760
46 315 0.0759
46 966 0.0759
46 1334 0.0758
46 1358 0.0758
46 1030 0.0757
46 194 0.0754
46 295 0.0754
46 996 0.0754
46 1208 0.0754
46 949 0.0751
46 793 0.0749
46 999 0.0748
46 612 0.0748
46 1104 0.0744
46 888 0.0742
46 1125 0.0742
46 1151 0.0742
46 636 0.0739
46 968 0.0739
46 1372 0.0739
46 576 0.0734
46 1225 0.0729
46 1110 0.0726
46 696 0.0725
46 1173 0.0724
46 1397 0.0723
46 947 0.0721
46 165 0.0720
46 1351 0.0715
46 5 0.0712
46 43 0.0711
46 49 0.0711
46 399 0.0711
46 991 0.0711
46 1337 0.0711
46 114 0.0708
46 489 0.0706
46 1407 0.0706
46 1176 0.0703
46 1308 0.0701
46 1054 0.0701
46 1317 0.0698
46 977 0.0698
46 1436 0.0698
46 1579 0.0696
46 172 0.0694
46 1135 0.0694
46 914 0.0692
46 945 0.0692
46 1336 0.0692
46 1316 0.0689
46 836 0.0687
46 558 0.0687
46 1117 0.0686
46 1406 0.0685
46 208 0.0682
46 454 0.0682
46 63 0.0678
46 1400 0.0678
46 382 0.0674
46 1267 0.0674
46 1404 0.0674
46 1508 0.0674
46 961 0.0669
46 1084 0.0668
46 83 0.0667
46 374 0.0667
46 778 0.0666
46 1364 0.0660
46 442 0.0658
46 499 0.0658
46 511 0.0658
46 1211 0.0658
46 1559 0.0658
46 862 0.0657
46 567 0.0656
46 273 0.0653
46 284 0.0653
46 1324 0.0653
46 1072 0.0650
46 1219 0.0650
46 204 0.0649
46 1273 0.0648
46 984 0.0647
46 514 0.0646
46 89 0.0643
46 654 0.0643
46 1509 0.0640
46 820 0.0636
46 105 0.0636
46 185 0.0636
46 402 0.0636
46 444 0.0636
46 807 0.0636
46 960 0.0636
46 598 0.0633
46 1068 0.0633
46 1549 0.0633
46 682 0.0629
46 1073 0.0629
46 1021 0.0627
46 321 0.0623
46 1198 0.0622
46 1065 0.0619
46 130 0.0615
46 436 0.0615
46 789 0.0615
46 425 0.0613
46 776 0.0609
46 359 0.0609
46 584 0.0609
46 896 0.0609
46 592 0.0608
46 830 0.0608
46 376 0.0604
46 656 0.0604
46 569 0.0603
46 1564 0.0603
46 492 0.0602
46 128 0.0599
46 840 0.0599
46 1410 0.0599
46 465 0.0597
46 379 0.0594
46 1067 0.0594
46 111 0.0591
46 588 0.0591
46 1160 0.0591
46 1368 0.0591
46 1380 0.0589
46 1512 0.0589
46 1014 0.0587
46 213 0.0586
46 353 0.0586
46 416 0.0586
46 1280 0.0584
46 98 0.0584
46 798 0.0584
46 302 0.0580
46 311 0.0580
46 1236 0.0580
46 1521 0.0577
46 1421 0.0570
46 1529 0.0570
46 1029 0.0570
46 371 0.0568
46 1453 0.0567
46 979 0.0565
46 280 0.0565
46 579 0.0565
46 625 0.0563
46 22 0.0560
46 232 0.0560
46 1100 0.0560
46 546 0.0555
46 40 0.0550
46 181 0.0550
46 582 0.0550
46 767 0.0548
46 1451 0.0548
46 247 0.0546
46 1055 0.0546
46 1514 0.0543
46 686 0.0542
46 1390 0.0541
46 498 0.0539
46 611 0.0538
46 1023 0.0537
46 929 0.0537
46 75 0.0535
46 855 0.0535
46 1075 0.0535
46 287 0.0533
46 340 0.0533
46 850 0.0533
46 978 0.0533
46 870 0.0532
46 160 0.0529
46 766 0.0529
46 964 0.0529
46 310 0.0525
46 742 0.0525
46 848 0.0525
46 928 0.0525
46 1215 0.0525
46 486 0.0522
46 210 0.0521
46 1327 0.0521
46 136 0.0517
46 704 0.0517
46 154 0.0513
46 936 0.0513
46 952 0.0513
46 1119 0.0510
46 1286 0.0510
46 1447 0.0510
46 1210 0.0509
46 1494 0.0509
46 739 0.0507
46 66 0.0506
46 344 0.0506
46 642 0.0506
46 1042 0.0506
46 1262 0.0506
46 662 0.0503
46 1253 0.0501
46 1103 0.0499
46 608 0.0498
46 879 0.0495
46 1143 0.0492
46 190 0.0492
46 806 0.0491
46 962 0.0491
46 994 0.0489
46 1485 0.0489
46 139 0.0489
46 140 0.0489
46 270 0.0489
46 1247 0.0489
46 1437 0.0489
46 184 0.0486
46 345 0.0486
46 479 0.0486
46 655 0.0486
46 1422 0.0483
46 703 0.0480
46 732 0.0477
46 1183 0.0477
46 34 0.0477
46 1195 0.0477
46 1050 0.0474
46 1203 0.0473
46 599 0.0471
46 3 0.0468
46 899 0.0465
46 1015 0.0464
46 705 0.0462
46 1066 0.0462
46 1279 0.0462
46 380 0.0460
46 734 0.0457
46 1449 0.0457
46 851 0.0456
46 1442 0.0455
46 519 0.0455
46 225 0.0449
46 1216 0.0449
46 827 0.0447
46 31 0.0445
46 191 0.0442
46 20 0.0440
46 293 0.0440
46 1483 0.0436
46 253 0.0435
46 276 0.0435
46 387 0.0435
46 1389 0.0435
46 1506 0.0435
46 1557 0.0435
46 1292 0.0434
46 183 0.0433
46 1120 0.0431
46 995 0.0429
46 1127 0.0429
46 1186 0.0429
46 1473 0.0429
46 45 0.0426
46 632 0.0426
46 730 0.0426
46 857 0.0426
46 1499 0.0426
46 676 0.0425
46 423 0.0425
46 322 0.0424
46 1484 0.0424
46 54 0.0422
46 87 0.0422
46 254 0.0422
46 137 0.0421
46 1465 0.0421
46 432 0.0420
46 1493 0.0420
46 171 0.0418
46 718 0.0418
46 838 0.0416
46 653 0.0414
46 1171 0.0414
46 1303 0.0414
46 726 0.0412
46 33 0.0410
46 251 0.0410
46 278 0.0410
46 495 0.0410
46 867 0.0410
46 1209 0.0410
46 1572 0.0410
46 331 0.0408
46 525 0.0408
46 610 0.0408
46 1344 0.0408
46 1457 0.0408
46 657 0.0407
46 21 0.0405
46 336 0.0405
46 725 0.0405
46 1458 0.0405
46 971 0.0404
46 274 0.0403
46 482 0.0403
46 874 0.0403
46 1566 0.0403
46 1246 0.0401
46 1395 0.0401
46 1490 0.0401
46 70 0.0399
46 144 0.0399
46 1180 0.0399
46 585 0.0398
46 628 0.0398
46 697 0.0396
46 956 0.0396
46 1128 0.0395
46 1546 0.0394
46 101 0.0394
46 292 0.0394
46 799 0.0394
46 145 0.0393
46 1477 0.0393
46 435 0.0391
46 88 0.0391
46 103 0.0389
46 1039 0.0389
46 1322 0.0389
46 1345 0.0388
46 1272 0.0387
46 412 0.0386
46 788 0.0386
46 1556 0.0386
46 1048 0.0384
46 62 0.0383
46 383 0.0383
46 746 0.0383
46 990 0.0383
46 1218 0.0383
46 549 0.0382
46 691 0.0381
46 1501 0.0381
46 1155 0.0381
46 68 0.0378
46 138 0.0378
46 1373 0.0378
46 385 0.0377
46 989 0.0377
46 1576 0.0377
46 1255 0.0375
46 224 0.0371
46 808 0.0371
46 1443 0.0371
46 1313 0.0370
46 1419 0.0370
46 1074 0.0368
46 389 0.0367
46 743 0.0364
46 790 0.0363
46 1370 0.0363
46 614 0.0362
46 871 0.0362
46 1136 0.0362
46 104 0.0360
46 170 0.0360
46 715 0.0360
46 1428 0.0360
46 490 0.0358
46 450 0.0357
46 842 0.0355
46 866 0.0355
46 1138 0.0355
46 1434 0.0355
46 741 0.0354
46 773 0.0354
46 1077 0.0353
46 873 0.0352
46 1540 0.0352
46 218 0.0350
46 304 0.0348
46 908 0.0348
46 1243 0.0348
46 1403 0.0347
46 1133 0.0346
46 1295 0.0346
46 1491 0.0346
46 330 0.0345
46 82 0.0342
46 972 0.0341
46 1192 0.0341
46 846 0.0339
46 779 0.0337
46 1053 0.0334
46 822 0.0333
46 1012 0.0333
46 216 0.0332
46 583 0.0329
46 1260 0.0329
46 1456 0.0327
46 1226 0.0326
46 607 0.0325
46 665 0.0325
46 1094 0.0325
46 1265 0.0325
46 1270 0.0325
46 72 0.0321
46 352 0.0321
46 403 0.0321
46 616 0.0321
46 748 0.0321
46 882 0.0319
46 1275 0.0319
46 467 0.0318
46 825 0.0318
46 1207 0.0318
46 1504 0.0318
46 1252 0.0317
46 1332 0.0317
46 521 0.0315
46 573 0.0315
46 303 0.0314
46 1147 0.0314
46 53 0.0313
46 404 0.0312
46 459 0.0312
46 92 0.0311
46 1169 0.0311
46 1577 0.0311
46 354 0.0308
46 166 0.0305
46 332 0.0305
46 368 0.0305
46 507 0.0305
46 603 0.0305
46 883 0.0305
46 179 0.0304
46 756 0.0302
46 1278 0.0302
46 1432 0.0302
46 42 0.0299
46 1038 0.0299
46 307 0.0298
46 1282 0.0297
46 59 0.0296
46 1560 0.0296
46 134 0.0295
46 36 0.0294
46 365 0.0294
46 1550 0.0293
46 658 0.0291
46 1475 0.0290
46 1398 0.0289
46 1113 0.0288
46 417 0.0287
46 1575 0.0287
46 1476 0.0287
46 557 0.0286
46 926 0.0282
46 1079 0.0282
46 1367 0.0282
46 1558 0.0282
46 829 0.0281
46 863 0.0281
46 57 0.0280
46 180 0.0280
46 411 0.0280
46 1221 0.0280
46 1190 0.0279
46 1341 0.0278
46 1415 0.0276
46 889 0.0275
46 901 0.0275
46 1233 0.0275
46 1009 0.0274
46 1507 0.0273
46 173 0.0272
46 440 0.0271
46 647 0.0271
46 763 0.0271
46 1417 0.0271
46 473 0.0269
46 1152 0.0269
46 337 0.0267
46 939 0.0267
46 621 0.0264
46 680 0.0264
46 1159 0.0264
46 29 0.0262
46 169 0.0262
46 713 0.0262
46 1078 0.0260
46 1571 0.0260
46 895 0.0259
46 388 0.0259
46 433 0.0259
46 451 0.0259
46 683 0.0259
46 1175 0.0259
46 1291 0.0259
46 1581 0.0257
46 1440 0.0256
46 471 0.0255
46 689 0.0255
46 750 0.0255
46 1060 0.0255
46 1452 0.0255
46 1107 0.0253
46 1454 0.0253
46 162 0.0251
46 843 0.0251
46 1547 0.0251
46 916 0.0250
46 1430 0.0250
46 129 0.0248
46 196 0.0248
46 461 0.0248
46 834 0.0248
46 438 0.0246
46 1258 0.0246
46 1271 0.0246
46 448 0.0245
46 401 0.0241
46 1000 0.0240
46 740 0.0240
46 774 0.0240
46 694 0.0237
46 1114 0.0237
46 248 0.0235
46 1304 0.0235
46 1223 0.0234
46 244 0.0233
46 502 0.0233
46 797 0.0233
46 812 0.0233
46 1489 0.0233
46 1578 0.0233
46 297 0.0231
46 446 0.0231
46 699 0.0231
46 540 0.0230
46 1154 0.0230
46 617 0.0229
46 494 0.0227
46 1214 0.0227
46 120 0.0226
46 373 0.0226
46 1097 0.0226
46 1561 0.0226
46 339 0.0225
46 809 0.0225
46 556 0.0223
46 510 0.0223
46 480 0.0222
46 1179 0.0222
46 1519 0.0222
46 229 0.0221
46 1274 0.0221
46 1362 0.0221
46 1047 0.0220
46 168 0.0219
46 613 0.0218
46 487 0.0218
46 815 0.0218
46 969 0.0218
46 1300 0.0218
46 1534 0.0216
46 1479 0.0215
46 536 0.0214
46 684 0.0214
46 1471 0.0214
46 79 0.0212
46 967 0.0212
46 351 0.0211
46 475 0.0210
46 630 0.0210
46 1178 0.0210
46 1511 0.0210
46 561 0.0209
46 291 0.0208
46 1087 0.0208
46 469 0.0207
46 496 0.0207
46 823 0.0207
46 74 0.0205
46 288 0.0205
46 1563 0.0205
46 698 0.0204
46 898 0.0204
46 1423 0.0204
46 992 0.0203
46 861 0.0202
46 355 0.0201
46 1355 0.0201
46 674 0.0201
46 1354 0.0201
46 645 0.0200
46 764 0.0200
46 810 0.0199
46 1340 0.0199
46 666 0.0198
46 762 0.0198
46 633 0.0197
46 1058 0.0197
46 575 0.0196
46 1069 0.0196
46 348 0.0195
46 973 0.0195
46 987 0.0195
46 1031 0.0195
46 1418 0.0195
46 547 0.0195
46 860 0.0195
46 1414 0.0195
46 1445 0.0194
46 589 0.0193
46 1424 0.0193
46 629 0.0192
46 1522 0.0191
46 1318 0.0190
46 1495 0.0190
46 753 0.0189
46 449 0.0188
46 447 0.0188
46 1194 0.0188
46 409 0.0187
46 919 0.0187
46 239 0.0186
46 813 0.0186
46 233 0.0186
46 805 0.0186
46 998 0.0186
46 1153 0.0186
46 1528 0.0186
46 1162 0.0183
46 572 0.0183
46 452 0.0181
46 768 0.0181
46 1174 0.0181
46 1181 0.0181
46 1525 0.0180
46 393 0.0180
46 581 0.0180
46 1149 0.0180
46 392 0.0178
46 1357 0.0178
46 94 0.0177
46 915 0.0177
46 243 0.0176
46 1532 0.0175
46 651 0.0174
46 1118 0.0174
46 1369 0.0174
46 1505 0.0174
46 78 0.0173
46 590 0.0172
46 1156 0.0172
46 1492 0.0172
46 46 0.0170
46 1010 0.0169
46 485 0.0169
46 765 0.0168
46 77 0.0167
46 1088 0.0167
46 515 0.0166
46 1383 0.0166
46 1461 0.0164
46 707 0.0164
46 673 0.0163
46 1105 0.0163
46 1329 0.0163
46 904 0.0161
46 1170 0.0161
46 1392 0.0161
46 1191 0.0160
46 325 0.0160
46 1064 0.0159
46 1394 0.0159
46 803 0.0157
46 1544 0.0157
46 1299 0.0155
46 97 0.0154
46 520 0.0154
46 587 0.0152
46 1466 0.0150
46 925 0.0150
46 164 0.0147
46 1516 0.0147
46 1158 0.0146
46 1333 0.0142
46 738 0.0140
46 1425 0.0139
46 1061 0.0138
46 1328 0.0136
46 894 0.0135
46 265 0.0134
46 783 0.0133
46 1347 0.0131
46 565 0.0127
46 1184 0.0127
46 1542 0.0126
46 877 0.0124
46 1312 0.0123
46 240 0.0120
46 443 0.0120
46 1323 0.0118
46 640 0.0117
46 759 0.0116
46 668 0.0114
46 907 0.0111
46 437 0.0110
46 472 0.0107
46 362 0.0105
46 1302 0.0096
47 189 0.4108
47 1297 0.3704
47 946 0.3569
47 591 0.3380
47 1184 0.3312
47 979 0.3232
47 1478 0.3143
47 1269 0.3131
47 479 0.3070
47 923 0.3058
47 290 0.3004
47 1502 0.2905
47 147 0.2901
47 1275 0.2877
47 1278 0.2858
47 605 0.2819
47 1461 0.2813
47 1101 0.2806
47 1523 0.2801
47 963 0.2780
47 1459 0.2774
47 728 0.2765
47 1388 0.2763
47 1520 0.2756
47 1398 0.2737
47 1426 0.2674
47 286 0.2649
47 345 0.2632
47 67 0.2606
47 426 0.2566
47 1300 0.2553
47 1009 0.2474
47 1225 0.2466
47 1020 0.2459
47 577 0.2440
47 715 0.2440
47 947 0.2440
47 468 0.2434
47 907 0.2398
47 1280 0.2374
47 1407 0.2338
47 737 0.2321
47 309 0.2294
47 1042 0.2284
47 1146 0.2284
47 1262 0.2284
47 104 0.2277
47 1254 0.2274
47 1441 0.2274
47 862 0.2255
47 255 0.2253
47 576 0.2252
47 1065 0.2234
47 1022 0.2220
47 1055 0.2218
47 1382 0.2199
47 271 0.2172
47 1419 0.2169
47 338 0.2158
47 1120 0.2138
47 730 0.2117
47 1315 0.2116
47 451 0.2100
47 266 0.2094
47 587 0.2062
47 994 0.2060
47 1533 0.2057
47 1429 0.2049
47 783 0.2045
47 1296 0.2041
47 464 0.2040
47 1172 0.2037
47 1457 0.2028
47 1057 0.2013
47 1142 0.2011
47 510 0.2009
47 1372 0.2000
47 814 0.1988
47 1294 0.1987
47 1147 0.1986
47 731 0.1978
47 1069 0.1949
47 1083 0.1933
47 567 0.1925
47 1427 0.1913
47 742 0.1895
47 935 0.1893
47 307 0.1882
47 488 0.1881
47 776 0.1870
47 469 0.1869
47 496 0.1869
47 330 0.1867
47 709 0.1859
47 1305 0.1859
47 981 0.1857
47 661 0.1854
47 867 0.1852
47 504 0.1844
47 1070 0.1837
47 1288 0.1829
47 1108 0.1826
47 1508 0.1826
47 580 0.1814
47 1476 0.1812
47 91 0.1802
47 896 0.1787
47 462 0.1777
47 970 0.1769
47 1411 0.1769
47 1226 0.1766
47 1122 0.1759
47 1176 0.1746
47 484 0.1741
47 1182 0.1736
47 406 0.1735
47 441 0.1732
47 1522 0.1728
47 1195 0.1721
47 590 0.1706
47 942 0.1704
47 473 0.1697
47 1113 0.1691
47 702 0.1690
47 459 0.1689
47 1257 0.1684
47 1377 0.1669
47 14 0.1667
47 1312 0.1661
47 1082 0.1660
47 725 0.1644
47 756 0.1633
47 1272 0.1631
47 1354 0.1629
47 999 0.1621
47 498 0.1621
47 379 0.1608
47 480 0.1605
47 66 0.1599
47 145 0.1594
47 304 0.1571
47 311 0.1571
47 487 0.1571
47 1379 0.1571
47 1292 0.1568
47 629 0.1562
47 1530 0.1556
47 1386 0.1555
47 695 0.1541
47 559 0.1531
47 722 0.1525
47 1100 0.1516
47 1021 0.1510
47 155 0.1502
47 1383 0.1498
47 503 0.1497
47 1474 0.1491
47 251 0.1481
47 190 0.1480
47 1016 0.1479
47 887 0.1461
47 660 0.1455
47 395 0.1438
47 1024 0.1436
47 986 0.1429
47 1054 0.1424
47 1058 0.1423
47 811 0.1420
47 397 0.1417
47 600 0.1412
47 210 0.1411
47 1306 0.1411
47 1322 0.1405
47 914 0.1405
47 1365 0.1405
47 589 0.1394
47 82 0.1391
47 20 0.1389
47 624 0.1383
47 1469 0.1378
47 267 0.1375
47 969 0.1375
47 1239 0.1374
47 1030 0.1366
47 256 0.1361
47 1406 0.1361
47 989 0.1361
47 995 0.1354
47 1473 0.1354
47 1115 0.1347
47 224 0.1340
47 1488 0.1340
47 639 0.1334
47 134 0.1331
47 1028 0.1325
47 448 0.1325
47 1071 0.1322
47 560 0.1321
47 880 0.1315
47 1475 0.1309
47 217 0.1309
47 1303 0.1308
47 1204 0.1306
47 148 0.1297
47 393 0.1297
47 1245 0.1291
47 450 0.1287
47 466 0.1283
47 1050 0.1283
47 355 0.1273
47 411 0.1263
47 759 0.1262
47 840 0.1262
47 1180 0.1262
47 244 0.1260
47 977 0.1260
47 446 0.1252
47 1279 0.1252
47 1450 0.1252
47 668 0.1238
47 826 0.1238
47 1451 0.1237
47 348 0.1235
47 161 0.1232
47 537 0.1231
47 1331 0.1231
47 1464 0.1231
47 46 0.1229
47 1445 0.1225
47 835 0.1224
47 485 0.1217
47 1267 0.1217
47 1378 0.1216
47 329 0.1213
47 939 0.1203
47 978 0.1203
47 735 0.1202
47 1012 0.1202
47 191 0.1197
47 1130 0.1194
47 1141 0.1191
47 1240 0.1187
47 1546 0.1187
47 625 0.1186
47 918 0.1186
47 1194 0.1186
47 1196 0.1186
47 29 0.1184
47 713 0.1184
47 1539 0.1181
47 1456 0.1181
47 284 0.1179
47 805 0.1173
47 1420 0.1172
47 1007 0.1171
47 1202 0.1171
47 1273 0.1171
47 1175 0.1167
47 724 0.1166
47 89 0.1161
47 536 0.1161
47 1234 0.1155
47 1440 0.1154
47 444 0.1148
47 623 0.1143
47 344 0.1142
47 784 0.1139
47 1056 0.1138
47 86 0.1134
47 885 0.1132
47 291 0.1127
47 458 0.1123
47 1357 0.1123
47 741 0.1119
47 915 0.1119
47 816 0.1111
47 968 0.1111
47 982 0.1107
47 1361 0.1106
47 1319 0.1100
47 1358 0.1094
47 945 0.1093
47 1336 0.1093
47 1355 0.1091
47 961 0.1087
47 465 0.1078
47 1340 0.1077
47 697 0.1072
47 762 0.1072
47 721 0.1070
47 594 0.1068
47 1560 0.1068
47 292 0.1068
47 799 0.1066
47 1512 0.1063
47 1309 0.1063
47 987 0.1059
47 765 0.1058
47 470 0.1056
47 207 0.1054
47 1263 0.1050
47 253 0.1048
47 1433 0.1044
47 720 0.1038
47 618 0.1037
47 990 0.1037
47 1117 0.1032
47 1485 0.1030
47 1001 0.1029
47 1513 0.1026
47 326 0.1021
47 1089 0.1021
47 63 0.1020
47 1561 0.1020
47 949 0.1017
47 809 0.1014
47 566 0.1011
47 711 0.1011
47 562 0.1005
47 1125 0.1005
47 546 0.1002
47 794 0.1002
47 1203 0.0996
47 1011 0.0994
47 293 0.0992
47 95 0.0990
47 107 0.0986
47 357 0.0982
47 1479 0.0972
47 1052 0.0970
47 49 0.0962
47 287 0.0962
47 340 0.0962
47 384 0.0962
47 632 0.0962
47 734 0.0962
47 1449 0.0962
47 870 0.0960
47 592 0.0960
47 773 0.0959
47 964 0.0955
47 54 0.0953
47 675 0.0953
47 1277 0.0953
47 243 0.0952
47 1128 0.0951
47 432 0.0948
47 925 0.0946
47 257 0.0944
47 88 0.0940
47 653 0.0935
47 1467 0.0935
47 712 0.0934
47 436 0.0926
47 1442 0.0925
47 474 0.0922
47 425 0.0922
47 750 0.0920
47 334 0.0919
47 846 0.0919
47 508 0.0917
47 336 0.0913
47 555 0.0910
47 281 0.0905
47 492 0.0905
47 1088 0.0904
47 1253 0.0904
47 822 0.0902
47 430 0.0901
47 650 0.0901
47 912 0.0901
47 1123 0.0897
47 461 0.0895
47 1006 0.0893
47 578 0.0891
47 1211 0.0891
47 1160 0.0890
47 636 0.0889
47 1258 0.0889
47 93 0.0888
47 178 0.0883
47 1307 0.0883
47 435 0.0882
47 1418 0.0882
47 1222 0.0880
47 1270 0.0880
47 837 0.0878
47 1356 0.0878
47 1132 0.0877
47 984 0.0875
47 259 0.0870
47 670 0.0868
47 1515 0.0866
47 729 0.0863
47 1027 0.0861
47 1351 0.0861
47 1434 0.0855
47 1446 0.0855
47 138 0.0854
47 753 0.0854
47 803 0.0851
47 1536 0.0847
47 205 0.0844
47 747 0.0844
47 1205 0.0842
47 108 0.0840
47 572 0.0825
47 719 0.0825
47 519 0.0821
47 1045 0.0819
47 452 0.0816
47 373 0.0816
47 1410 0.0810
47 1075 0.0805
47 374 0.0803
47 601 0.0803
47 1285 0.0801
47 335 0.0799
47 164 0.0799
47 213 0.0793
47 824 0.0790
47 658 0.0787
47 641 0.0786
47 696 0.0786
47 844 0.0786
47 622 0.0778
47 760 0.0776
47 1127 0.0774
47 847 0.0772
47 1421 0.0772
47 1529 0.0772
47 1005 0.0770
47 1484 0.0766
47 32 0.0765
47 1034 0.0765
47 630 0.0759
47 1084 0.0754
47 663 0.0753
47 906 0.0752
47 47 0.0748
47 1171 0.0748
47 901 0.0745
47 1129 0.0744
47 558 0.0744
47 789 0.0741
47 872 0.0741
47 247 0.0739
47 806 0.0738
47 331 0.0737
47 898 0.0737
47 673 0.0736
47 992 0.0734
47 607 0.0734
47 117 0.0733
47 440 0.0733
47 647 0.0733
47 1458 0.0731
47 611 0.0729
47 10 0.0727
47 1200 0.0727
47 1246 0.0724
47 1395 0.0724
47 422 0.0718
47 628 0.0718
47 751 0.0717
47 366 0.0716
47 1252 0.0715
47 956 0.0715
47 101 0.0712
47 848 0.0711
47 1477 0.0709
47 61 0.0707
47 98 0.0703
47 1037 0.0700
47 1396 0.0700
47 788 0.0697
47 886 0.0695
47 936 0.0695
47 1187 0.0695
47 1517 0.0694
47 1521 0.0694
47 471 0.0690
47 1060 0.0690
47 1286 0.0690
47 1352 0.0690
47 691 0.0689
47 1501 0.0688
47 1298 0.0687
47 318 0.0685
47 1373 0.0683
47 817 0.0682
47 162 0.0680
47 662 0.0680
47 246 0.0680
47 295 0.0680
47 385 0.0680
47 449 0.0680
47 1208 0.0680
47 1413 0.0677
47 1103 0.0676
47 1339 0.0675
47 813 0.0673
47 196 0.0671
47 1008 0.0668
47 296 0.0667
47 438 0.0667
47 1320 0.0667
47 790 0.0655
47 921 0.0654
47 1422 0.0654
47 1181 0.0653
47 1514 0.0653
47 407 0.0651
47 1390 0.0651
47 165 0.0650
47 774 0.0650
47 1062 0.0646
47 149 0.0642
47 399 0.0642
47 842 0.0642
47 985 0.0642
47 991 0.0642
47 1013 0.0642
47 39 0.0638
47 599 0.0638
47 1393 0.0638
47 268 0.0634
47 137 0.0633
47 1465 0.0633
47 1317 0.0630
47 797 0.0630
47 800 0.0630
47 1118 0.0626
47 1403 0.0626
47 705 0.0626
47 1092 0.0623
47 1144 0.0620
47 802 0.0619
47 767 0.0619
47 852 0.0619
47 1192 0.0616
47 1328 0.0616
47 119 0.0615
47 1097 0.0612
47 1543 0.0612
47 64 0.0609
47 316 0.0609
47 1041 0.0609
47 556 0.0605
47 980 0.0605
47 477 0.0601
47 627 0.0601
47 778 0.0601
47 481 0.0599
47 511 0.0594
47 528 0.0594
47 1260 0.0594
47 391 0.0592
47 1506 0.0589
47 106 0.0589
47 204 0.0586
47 1470 0.0582
47 616 0.0580
47 654 0.0580
47 1471 0.0580
47 230 0.0576
47 565 0.0575
47 381 0.0574
47 732 0.0574
47 1207 0.0574
47 1555 0.0574
47 1332 0.0572
47 418 0.0572
47 1334 0.0570
47 573 0.0569
47 1178 0.0569
47 6 0.0568
47 878 0.0568
47 1087 0.0563
47 299 0.0561
47 568 0.0561
47 1112 0.0561
47 1349 0.0561
47 669 0.0561
47 823 0.0561
47 333 0.0560
47 1481 0.0560
47 1015 0.0558
47 626 0.0558
47 1563 0.0556
47 509 0.0553
47 922 0.0553
47 1289 0.0553
47 1344 0.0553
47 749 0.0551
47 439 0.0550
47 875 0.0550
47 179 0.0548
47 4 0.0548
47 376 0.0546
47 1376 0.0544
47 361 0.0541
47 645 0.0541
47 1244 0.0541
47 398 0.0539
47 884 0.0537
47 1067 0.0536
47 1363 0.0535
47 1032 0.0534
47 1014 0.0530
47 187 0.0529
47 1031 0.0529
47 416 0.0529
47 476 0.0529
47 860 0.0527
47 1158 0.0526
47 1483 0.0525
47 412 0.0523
47 1145 0.0519
47 1287 0.0519
47 99 0.0514
47 343 0.0514
47 1029 0.0514
47 1482 0.0514
47 423 0.0511
47 926 0.0510
47 1558 0.0510
47 1093 0.0508
47 1255 0.0508
47 863 0.0508
47 1308 0.0506
47 232 0.0505
47 1443 0.0503
47 1381 0.0499
47 1061 0.0498
47 582 0.0497
47 60 0.0493
47 743 0.0493
47 631 0.0493
47 289 0.0491
47 1370 0.0491
47 1140 0.0490
47 113 0.0489
47 763 0.0489
47 1019 0.0489
47 581 0.0486
47 75 0.0483
47 664 0.0481
47 414 0.0478
47 602 0.0477
47 680 0.0477
47 909 0.0477
47 310 0.0474
47 362 0.0473
47 1243 0.0471
47 486 0.0471
47 752 0.0470
47 1369 0.0470
47 73 0.0467
47 174 0.0467
47 377 0.0467
47 683 0.0467
47 704 0.0467
47 1537 0.0467
47 836 0.0465
47 118 0.0463
47 154 0.0463
47 283 0.0463
47 948 0.0463
47 1581 0.0463
47 1535 0.0460
47 657 0.0459
47 1148 0.0458
47 843 0.0454
47 1335 0.0452
47 1035 0.0451
47 321 0.0450
47 129 0.0447
47 518 0.0447
47 1460 0.0444
47 962 0.0443
47 140 0.0442
47 1562 0.0442
47 1173 0.0436
47 1302 0.0433
47 443 0.0432
47 214 0.0430
47 467 0.0430
47 960 0.0430
47 1266 0.0430
47 517 0.0428
47 1114 0.0428
47 193 0.0425
47 248 0.0425
47 427 0.0425
47 733 0.0425
47 3 0.0422
47 1486 0.0422
47 1224 0.0422
47 163 0.0420
47 188 0.0420
47 1578 0.0420
47 699 0.0417
47 1066 0.0417
47 97 0.0417
47 380 0.0415
47 540 0.0415
47 1154 0.0415
47 617 0.0413
47 736 0.0413
47 2 0.0410
47 90 0.0410
47 1109 0.0410
47 222 0.0408
47 757 0.0408
47 910 0.0403
47 1282 0.0402
47 31 0.0401
47 903 0.0401
47 1179 0.0401
47 1519 0.0401
47 983 0.0399
47 804 0.0395
47 65 0.0393
47 123 0.0393
47 273 0.0393
47 285 0.0393
47 387 0.0393
47 815 0.0393
47 938 0.0393
47 1389 0.0393
47 1557 0.0393
47 342 0.0391
47 1330 0.0389
47 857 0.0385
47 1150 0.0383
47 87 0.0381
47 351 0.0381
47 12 0.0379
47 19 0.0379
47 988 0.0379
47 1511 0.0379
47 171 0.0377
47 710 0.0377
47 1425 0.0377
47 890 0.0374
47 358 0.0373
47 38 0.0370
47 346 0.0370
47 495 0.0370
47 677 0.0370
47 716 0.0370
47 26 0.0367
47 1229 0.0367
47 274 0.0364
47 656 0.0364
47 874 0.0364
47 937 0.0364
47 1566 0.0364
47 674 0.0362
47 70 0.0360
47 764 0.0360
47 1281 0.0360
47 585 0.0359
47 666 0.0357
47 1264 0.0356
47 1164 0.0354
47 1380 0.0354
47 103 0.0351
47 282 0.0351
47 420 0.0351
47 1039 0.0351
47 1342 0.0351
47 1283 0.0350
47 796 0.0347
47 597 0.0346
47 638 0.0346
47 746 0.0346
47 772 0.0346
47 1091 0.0346
47 1218 0.0346
47 1326 0.0344
47 1495 0.0343
47 252 0.0342
47 1350 0.0342
47 701 0.0340
47 996 0.0340
47 1576 0.0340
47 52 0.0338
47 167 0.0335
47 294 0.0335
47 808 0.0335
47 1153 0.0335
47 1498 0.0335
47 1528 0.0335
47 1271 0.0333
47 692 0.0333
47 389 0.0331
47 976 0.0331
47 35 0.0330
47 858 0.0329
47 614 0.0326
47 768 0.0326
47 127 0.0325
47 170 0.0325
47 516 0.0325
47 1000 0.0325
47 312 0.0323
47 43 0.0321
47 109 0.0321
47 392 0.0321
47 539 0.0321
47 1412 0.0321
47 1304 0.0318
47 1540 0.0317
47 212 0.0316
47 651 0.0314
47 908 0.0314
47 78 0.0312
47 206 0.0312
47 831 0.0312
47 1049 0.0312
47 1230 0.0312
47 1295 0.0312
47 136 0.0311
47 1156 0.0310
47 1492 0.0310
47 972 0.0308
47 1210 0.0306
47 1494 0.0306
47 739 0.0305
47 1010 0.0305
47 124 0.0304
47 153 0.0304
47 382 0.0304
47 679 0.0304
47 1404 0.0304
47 216 0.0300
47 1199 0.0299
47 781 0.0298
47 499 0.0297
47 394 0.0295
47 593 0.0295
47 665 0.0293
47 1072 0.0293
47 1265 0.0293
47 1374 0.0293
47 72 0.0290
47 223 0.0290
47 748 0.0290
47 1191 0.0289
47 882 0.0288
47 1064 0.0288
47 41 0.0287
47 825 0.0287
47 1183 0.0287
47 1189 0.0287
47 142 0.0284
47 1462 0.0284
47 1169 0.0281
47 1299 0.0280
47 523 0.0278
47 859 0.0278
47 1261 0.0278
47 368 0.0275
47 584 0.0275
47 955 0.0275
47 830 0.0274
47 851 0.0274
47 1432 0.0272
47 1216 0.0270
47 42 0.0269
47 833 0.0269
47 1131 0.0269
47 59 0.0267
47 1301 0.0267
47 364 0.0264
47 953 0.0264
47 1188 0.0264
47 1550 0.0264
47 11 0.0264
47 717 0.0264
47 375 0.0262
47 417 0.0259
47 965 0.0259
47 1575 0.0259
47 557 0.0258
47 197 0.0257
47 615 0.0257
47 1284 0.0257
47 1333 0.0257
47 1453 0.0256
47 114 0.0255
47 280 0.0255
47 463 0.0255
47 579 0.0255
47 634 0.0255
47 1353 0.0255
47 1367 0.0255
47 829 0.0254
47 22 0.0253
47 215 0.0252
47 1190 0.0251
47 954 0.0251
47 1116 0.0251
47 1341 0.0251
47 1415 0.0249
47 40 0.0248
47 198 0.0248
47 889 0.0248
47 1233 0.0248
47 434 0.0246
47 173 0.0245
47 428 0.0244
47 686 0.0244
47 1161 0.0244
47 1197 0.0244
47 265 0.0242
47 337 0.0241
47 1033 0.0241
47 1416 0.0241
47 314 0.0239
47 766 0.0239
47 1159 0.0239
47 169 0.0237
47 928 0.0237
47 941 0.0237
47 1583 0.0237
47 1327 0.0235
47 895 0.0234
47 135 0.0233
47 219 0.0233
47 388 0.0233
47 619 0.0233
47 242 0.0232
47 506 0.0232
47 526 0.0232
47 672 0.0232
47 952 0.0232
47 1026 0.0232
47 1360 0.0232
47 676 0.0230
47 1452 0.0230
47 58 0.0228
47 300 0.0228
47 315 0.0228
47 642 0.0228
47 1454 0.0228
47 1542 0.0227
47 1293 0.0227
47 1046 0.0226
47 1430 0.0225
47 951 0.0224
47 301 0.0221
47 933 0.0221
47 1247 0.0221
47 401 0.0218
47 1235 0.0218
47 740 0.0217
47 240 0.0216
47 350 0.0215
47 694 0.0214
47 1337 0.0214
47 1323 0.0213
47 28 0.0213
47 489 0.0213
47 828 0.0211
47 502 0.0210
47 1408 0.0210
47 1436 0.0210
47 172 0.0209
47 297 0.0209
47 1135 0.0209
47 208 0.0205
47 454 0.0205
47 1214 0.0205
47 771 0.0205
47 356 0.0204
47 1400 0.0204
47 1466 0.0204
47 339 0.0203
47 1553 0.0203
47 541 0.0202
47 69 0.0201
47 83 0.0201
47 755 0.0200
47 1177 0.0200
47 258 0.0198
47 1047 0.0198
47 1290 0.0198
47 652 0.0197
47 845 0.0197
47 431 0.0196
47 1324 0.0196
47 183 0.0195
47 550 0.0195
47 1534 0.0195
47 684 0.0193
47 1371 0.0193
47 1509 0.0192
47 79 0.0191
47 820 0.0191
47 900 0.0191
47 254 0.0191
47 548 0.0191
47 598 0.0191
47 1068 0.0191
47 475 0.0190
47 405 0.0189
47 561 0.0189
47 718 0.0189
47 372 0.0184
47 1423 0.0184
47 1096 0.0183
47 349 0.0182
47 1375 0.0182
47 810 0.0179
47 201 0.0178
47 633 0.0178
47 700 0.0178
47 1346 0.0178
47 575 0.0177
47 761 0.0177
47 637 0.0176
47 973 0.0176
47 533 0.0176
47 798 0.0176
47 1348 0.0176
47 1414 0.0176
47 48 0.0175
47 317 0.0174
47 1387 0.0172
47 1155 0.0172
47 535 0.0171
47 371 0.0171
47 55 0.0169
47 447 0.0169
47 409 0.0169
47 612 0.0169
47 919 0.0169
47 239 0.0168
47 233 0.0168
47 998 0.0168
47 1385 0.0167
47 1402 0.0167
47 1531 0.0166
47 1314 0.0164
47 871 0.0163
47 1174 0.0163
47 1397 0.0163
47 1525 0.0163
47 929 0.0162
47 855 0.0161
47 1138 0.0160
47 94 0.0160
47 1077 0.0159
47 1134 0.0159
47 873 0.0159
47 1036 0.0159
47 1579 0.0157
47 1505 0.0157
47 1133 0.0156
47 125 0.0155
47 1524 0.0151
47 77 0.0151
47 1053 0.0151
47 515 0.0150
47 608 0.0150
47 1085 0.0150
47 879 0.0149
47 1076 0.0147
47 1329 0.0147
47 904 0.0145
47 1170 0.0145
47 1392 0.0145
47 325 0.0144
47 402 0.0143
47 1394 0.0143
47 521 0.0142
47 681 0.0142
47 404 0.0141
47 1163 0.0141
47 1510 0.0140
47 659 0.0139
47 507 0.0137
47 1095 0.0137
47 367 0.0134
47 1516 0.0133
47 36 0.0133
47 1193 0.0132
47 744 0.0130
47 738 0.0126
47 1099 0.0122
47 894 0.0121
47 971 0.0121
47 693 0.0119
47 1347 0.0118
47 1048 0.0115
47 549 0.0115
47 245 0.0114
47 877 0.0112
47 640 0.0105
47 924 0.0105
47 437 0.0100
47 1480 0.0097
47 472 0.0096
47 1444 0.0096
48 1458 0.4974
48 1549 0.4854
48 205 0.4697
48 761 0.4668
48 953 0.4179
48 561 0.4144
48 888 0.4119
48 1372 0.4099
48 973 0.4029
48 640 0.3890
48 1516 0.3858
48 775 0.3767
48 394 0.3760
48 1129 0.3758
48 920 0.3680
48 1319 0.3622
48 1405 0.3604
48 1022 0.3600
48 914 0.3565
48 907 0.3510
48 734 0.3501
48 1210 0.3496
48 1212 0.3474
48 1314 0.3466
48 1318 0.3463
48 1299 0.3443
48 1136 0.3441
48 831 0.3428
48 63 0.3404
48 1245 0.3402
48 860 0.3395
48 1162 0.3346
48 564 0.3340
48 1495 0.3313
48 810 0.3310
48 1341 0.3301
48 472 0.3300
48 1360 0.3256
48 677 0.3253
48 769 0.3253
48 255 0.3251
48 878 0.3240
48 1344 0.3238
48 529 0.3168
48 1178 0.3164
48 563 0.3145
48 919 0.3113
48 273 0.3105
48 1219 0.3093
48 942 0.3093
48 655 0.3082
48 157 0.3063
48 412 0.3061
48 1474 0.3055
48 861 0.3048
48 687 0.3043
48 827 0.3012
48 422 0.2995
48 39 0.2987
48 801 0.2987
48 1121 0.2981
48 1274 0.2980
48 832 0.2969
48 1518 0.2969
48 1430 0.2968
48 999 0.2966
48 1512 0.2957
48 1000 0.2952
48 1010 0.2949
48 1040 0.2948
48 410 0.2940
48 1460 0.2928
48 1249 0.2916
48 1367 0.2911
48 486 0.2896
48 1548 0.2888
48 839 0.2885
48 208 0.2883
48 574 0.2870
48 934 0.2870
48 1376 0.2869
48 460 0.2867
48 1144 0.2860
48 672 0.2849
48 465 0.2840
48 491 0.2840
48 1227 0.2817
48 1328 0.2813
48 940 0.2813
48 213 0.2786
48 1083 0.2777
48 1101 0.2772
48 1023 0.2768
48 1209 0.2765
48 1503 0.2763
48 1384 0.2760
48 331 0.2752
48 720 0.2735
48 1145 0.2735
48 768 0.2724
48 1204 0.2724
48 408 0.2712
48 928 0.2705
48 1281 0.2691
48 370 0.2678
48 1068 0.2678
48 1357 0.2676
48 1175 0.2665
48 1537 0.2665
48 711 0.2663
48 1044 0.2658
48 1317 0.2658
48 8 0.2652
48 505 0.2652
48 1540 0.2649
48 1533 0.2640
48 1012 0.2640
48 1035 0.2640
48 1252 0.2638
48 786 0.2636
48 637 0.2634
48 911 0.2630
48 38 0.2602
48 121 0.2602
48 652 0.2601
48 367 0.2597
48 372 0.2590
48 173 0.2586
48 1105 0.2585
48 887 0.2567
48 1096 0.2567
48 483 0.2556
48 1259 0.2554
48 371 0.2550
48 1429 0.2550
48 1425 0.2541
48 1524 0.2523
48 1484 0.2523
48 81 0.2523
48 269 0.2522
48 402 0.2520
48 956 0.2511
48 254 0.2510
48 1097 0.2508
48 622 0.2507
48 101 0.2500
48 1511 0.2498
48 941 0.2497
48 575 0.2490
48 651 0.2484
48 1198 0.2466
48 378 0.2463
48 1254 0.2459
48 1156 0.2452
48 614 0.2437
48 990 0.2429
48 993 0.2429
48 1447 0.2424
48 938 0.2415
48 513 0.2410
48 318 0.2407
48 1108 0.2405
48 1546 0.2397
48 426 0.2395
48 1564 0.2390
48 1051 0.2383
48 1335 0.2383
48 706 0.2378
48 822 0.2376
48 1203 0.2374
48 357 0.2371
48 1343 0.2366
48 1340 0.2364
48 588 0.2344
48 1058 0.2344
48 438 0.2342
48 1133 0.2331
48 776 0.2319
48 1273 0.2313
48 743 0.2311
48 910 0.2304
48 47 0.2298
48 1174 0.2294
48 152 0.2293
48 223 0.2293
48 259 0.2293
48 654 0.2293
48 310 0.2289
48 1091 0.2277
48 107 0.2272
48 1078 0.2272
48 214 0.2268
48 329 0.2265
48 1342 0.2263
48 1138 0.2254
48 1253 0.2251
48 573 0.2249
48 489 0.2240
48 733 0.2240
48 1026 0.2238
48 722 0.2232
48 818 0.2223
48 514 0.2220
48 912 0.2216
48 233 0.2207
48 805 0.2207
48 954 0.2201
48 354 0.2196
48 859 0.2196
48 25 0.2194
48 261 0.2194
48 1293 0.2191
48 1160 0.2188
48 1368 0.2188
48 1182 0.2178
48 736 0.2175
48 1439 0.2172
48 1241 0.2165
48 1496 0.2164
48 151 0.2162
48 795 0.2158
48 557 0.2155
48 532 0.2151
48 1143 0.2147
48 653 0.2134
48 927 0.2130
48 1152 0.2130
48 746 0.2125
48 681 0.2124
48 1075 0.2120
48 15 0.2115
48 1308 0.2113
48 337 0.2113
48 1206 0.2113
48 1416 0.2113
48 1541 0.2113
48 335 0.2106
48 252 0.2100
48 1399 0.2097
48 293 0.2092
48 1141 0.2092
48 1550 0.2090
48 1280 0.2085
48 1240 0.2085
48 668 0.2084
48 1583 0.2081
48 267 0.2070
48 369 0.2070
48 1475 0.2070
48 991 0.2066
48 1151 0.2060
48 193 0.2053
48 599 0.2053
48 1393 0.2053
48 1256 0.2050
48 1095 0.2047
48 1272 0.2046
48 1455 0.2044
48 1223 0.2041
48 615 0.2033
48 745 0.2033
48 900 0.2018
48 235 0.2008
48 598 0.2008
48 783 0.2007
48 1140 0.2007
48 351 0.2006
48 870 0.2003
48 1221 0.1998
48 303 0.1994
48 714 0.1993
48 710 0.1989
48 787 0.1989
48 1544 0.1988
48 164 0.1988
48 1464 0.1982
48 638 0.1973
48 299 0.1972
48 1349 0.1972
48 399 0.1972
48 669 0.1970
48 11 0.1969
48 741 0.1965
48 129 0.1965
48 1104 0.1965
48 33 0.1952
48 867 0.1952
48 1258 0.1952
48 138 0.1950
48 1054 0.1945
48 178 0.1939
48 1570 0.1939
48 1076 0.1933
48 24 0.1932
48 117 0.1932
48 359 0.1932
48 603 0.1932
48 875 0.1932
48 1374 0.1928
48 1230 0.1919
48 1295 0.1919
48 609 0.1917
48 937 0.1917
48 1375 0.1917
48 1566 0.1917
48 1487 0.1908
48 1492 0.1907
48 1413 0.1903
48 384 0.1902
48 664 0.1902
48 975 0.1900
48 1268 0.1900
48 431 0.1898
48 695 0.1895
48 666 0.1883
48 1446 0.1878
48 931 0.1875
48 679 0.1871
48 536 0.1869
48 821 0.1859
48 459 0.1854
48 282 0.1852
48 1466 0.1848
48 735 0.1848
48 1248 0.1848
48 1545 0.1848
48 1527 0.1845
48 108 0.1844
48 606 0.1844
48 797 0.1844
48 974 0.1841
48 1277 0.1841
48 1065 0.1839
48 437 0.1838
48 788 0.1836
48 172 0.1833
48 705 0.1833
48 952 0.1831
48 1325 0.1831
48 511 0.1826
48 727 0.1826
48 915 0.1825
48 1218 0.1822
48 750 0.1818
48 1526 0.1818
48 1086 0.1814
48 1427 0.1810
48 1171 0.1806
48 1303 0.1806
48 1454 0.1805
48 665 0.1804
48 857 0.1803
48 726 0.1797
48 917 0.1797
48 662 0.1793
48 1208 0.1793
48 1296 0.1793
48 32 0.1791
48 463 0.1791
48 217 0.1789
48 605 0.1788
48 447 0.1786
48 1536 0.1786
48 748 0.1784
48 294 0.1765
48 950 0.1765
48 1125 0.1765
48 1498 0.1765
48 381 0.1764
48 467 0.1764
48 531 0.1760
48 1402 0.1759
48 482 0.1757
48 347 0.1753
48 1074 0.1752
48 674 0.1749
48 582 0.1746
48 889 0.1746
48 1364 0.1743
48 1507 0.1731
48 884 0.1728
48 1067 0.1726
48 65 0.1725
48 284 0.1725
48 815 0.1725
48 1324 0.1725
48 1506 0.1725
48 1557 0.1725
48 696 0.1725
48 1338 0.1716
48 1534 0.1716
48 516 0.1714
48 1164 0.1712
48 1418 0.1704
48 660 0.1704
48 1334 0.1702
48 777 0.1699
48 583 0.1695
48 209 0.1690
48 415 0.1690
48 730 0.1690
48 896 0.1690
48 1005 0.1690
48 1115 0.1690
48 324 0.1690
48 586 0.1690
48 963 0.1684
48 28 0.1680
48 1309 0.1680
48 602 0.1677
48 1517 0.1677
48 54 0.1674
48 418 0.1674
48 1036 0.1673
48 828 0.1670
48 19 0.1666
48 988 0.1666
48 1493 0.1666
48 29 0.1665
48 856 0.1657
48 1021 0.1657
48 1185 0.1657
48 1579 0.1656
48 210 0.1652
48 1571 0.1652
48 570 0.1647
48 685 0.1645
48 44 0.1642
48 1275 0.1642
48 496 0.1642
48 433 0.1640
48 451 0.1640
48 732 0.1638
48 949 0.1637
48 1305 0.1633
48 552 0.1631
48 576 0.1629
48 936 0.1628
48 476 0.1625
48 959 0.1625
48 1463 0.1625
48 932 0.1624
48 992 0.1612
48 958 0.1610
48 1553 0.1604
48 9 0.1594
48 1395 0.1590
48 60 0.1589
48 723 0.1589
48 83 0.1586
48 903 0.1586
48 362 0.1580
48 869 0.1579
48 452 0.1577
48 1525 0.1571
48 781 0.1570
48 604 0.1569
48 18 0.1567
48 946 0.1567
48 1079 0.1567
48 1431 0.1567
48 1128 0.1566
48 453 0.1565
48 824 0.1561
48 1168 0.1554
48 286 0.1551
48 842 0.1549
48 215 0.1547
48 115 0.1547
48 1072 0.1547
48 420 0.1543
48 1348 0.1543
48 1077 0.1539
48 1170 0.1533
48 905 0.1531
48 524 0.1529
48 181 0.1528
48 814 0.1528
48 901 0.1528
48 1020 0.1525
48 327 0.1521
48 1406 0.1521
48 1297 0.1518
48 338 0.1516
48 820 0.1514
48 967 0.1514
48 228 0.1512
48 328 0.1512
48 1155 0.1509
48 1019 0.1503
48 1050 0.1502
48 326 0.1494
48 363 0.1494
48 1576 0.1494
48 82 0.1493
48 171 0.1492
48 116 0.1479
48 1469 0.1479
48 850 0.1479
48 1257 0.1479
48 1467 0.1478
48 1538 0.1477
48 819 0.1471
48 1443 0.1471
48 1488 0.1471
48 924 0.1471
48 314 0.1468
48 699 0.1467
48 1385 0.1466
48 523 0.1464
48 1154 0.1458
48 1289 0.1457
48 848 0.1456
48 657 0.1452
48 1298 0.1449
48 1480 0.1448
48 216 0.1447
48 515 0.1447
48 1383 0.1447
48 4 0.1444
48 21 0.1444
48 238 0.1441
48 790 0.1439
48 879 0.1439
48 349 0.1437
48 355 0.1437
48 1355 0.1437
48 1260 0.1435
48 871 0.1434
48 1400 0.1433
48 1543 0.1433
48 1246 0.1431
48 715 0.1429
48 1390 0.1429
48 1456 0.1426
48 225 0.1425
48 128 0.1425
48 154 0.1424
48 506 0.1424
48 948 0.1424
48 1270 0.1418
48 600 0.1418
48 230 0.1417
48 1352 0.1414
48 374 0.1410
48 49 0.1409
48 59 0.1406
48 66 0.1404
48 300 0.1404
48 1146 0.1404
48 191 0.1402
48 229 0.1402
48 902 0.1399
48 1134 0.1399
48 1251 0.1399
48 1014 0.1396
48 1028 0.1396
48 187 0.1395
48 435 0.1395
48 843 0.1394
48 243 0.1394
48 717 0.1390
48 271 0.1387
48 462 0.1387
48 613 0.1386
48 1345 0.1383
48 375 0.1380
48 1236 0.1380
48 265 0.1379
48 1424 0.1377
48 518 0.1375
48 1057 0.1375
48 1521 0.1372
48 1336 0.1371
48 691 0.1361
48 1426 0.1360
48 125 0.1358
48 27 0.1355
48 534 0.1355
48 535 0.1355
48 1029 0.1355
48 1421 0.1355
48 972 0.1353
48 1192 0.1353
48 449 0.1345
48 231 0.1342
48 625 0.1339
48 1093 0.1339
48 1007 0.1337
48 124 0.1336
48 997 0.1336
48 22 0.1332
48 57 0.1332
48 232 0.1332
48 1100 0.1332
48 740 0.1331
48 813 0.1329
48 507 0.1328
48 131 0.1326
48 456 0.1326
48 1084 0.1324
48 350 0.1323
48 1043 0.1323
48 906 0.1320
48 291 0.1320
48 880 0.1320
48 1008 0.1319
48 1085 0.1316
48 503 0.1315
48 1531 0.1314
48 1199 0.1312
48 40 0.1309
48 421 0.1309
48 177 0.1301
48 278 0.1301
48 190 0.1300
48 268 0.1299
48 305 0.1299
48 390 0.1296
48 922 0.1295
48 1423 0.1295
48 1457 0.1295
48 244 0.1291
48 620 0.1289
48 1229 0.1289
48 501 0.1289
48 686 0.1288
48 763 0.1288
48 784 0.1286
48 1202 0.1285
48 868 0.1284
48 864 0.1278
48 312 0.1277
48 380 0.1276
48 737 0.1274
48 617 0.1269
48 392 0.1268
48 866 0.1268
48 939 0.1268
48 395 0.1263
48 185 0.1260
48 766 0.1258
48 771 0.1258
48 1113 0.1256
48 1176 0.1255
48 671 0.1253
48 862 0.1251
48 1346 0.1250
48 527 0.1248
48 799 0.1248
48 791 0.1246
48 1359 0.1246
48 1462 0.1246
48 1347 0.1244
48 1333 0.1242
48 110 0.1240
48 17 0.1240
48 1403 0.1238
48 103 0.1234
48 207 0.1234
48 837 0.1234
48 443 0.1234
48 330 0.1230
48 619 0.1230
48 683 0.1230
48 704 0.1230
48 1037 0.1230
48 1177 0.1227
48 1362 0.1227
48 829 0.1226
48 242 0.1221
48 258 0.1220
48 796 0.1219
48 62 0.1214
48 1522 0.1214
48 1060 0.1212
48 1520 0.1210
48 1494 0.1210
48 587 0.1207
48 719 0.1207
48 883 0.1207
48 1382 0.1207
48 315 0.1204
48 344 0.1204
48 1267 0.1203
48 342 0.1201
48 1358 0.1201
48 1350 0.1200
48 558 0.1198
48 86 0.1195
48 1547 0.1195
48 989 0.1195
48 1330 0.1195
48 1432 0.1195
48 1371 0.1189
48 1471 0.1189
48 916 0.1187
48 322 0.1177
48 224 0.1177
48 808 0.1177
48 998 0.1177
48 1099 0.1176
48 567 0.1170
48 1461 0.1170
48 1271 0.1169
48 806 0.1167
48 630 0.1166
48 1056 0.1166
48 140 0.1163
48 308 0.1153
48 1539 0.1153
48 522 0.1150
48 823 0.1149
48 1173 0.1148
48 854 0.1147
48 744 0.1145
48 407 0.1143
48 667 0.1143
48 1428 0.1143
48 393 0.1139
48 490 0.1135
48 929 0.1135
48 751 0.1134
48 960 0.1134
48 1409 0.1132
48 450 0.1131
48 661 0.1128
48 43 0.1127
48 50 0.1127
48 149 0.1127
48 694 0.1127
48 985 0.1127
48 1114 0.1127
48 423 0.1122
48 427 0.1120
48 1407 0.1120
48 280 0.1119
48 493 0.1119
48 1034 0.1119
48 1354 0.1113
48 565 0.1111
48 1119 0.1111
48 738 0.1110
48 361 0.1108
48 163 0.1107
48 188 0.1107
48 977 0.1107
48 1489 0.1107
48 1238 0.1104
48 663 0.1103
48 1369 0.1100
48 546 0.1100
48 1279 0.1100
48 199 0.1099
48 762 0.1099
48 945 0.1097
48 1491 0.1097
48 201 0.1094
48 633 0.1094
48 754 0.1094
48 1032 0.1094
48 1502 0.1094
48 136 0.1093
48 836 0.1090
48 145 0.1089
48 1069 0.1089
48 1449 0.1087
48 321 0.1086
48 348 0.1085
48 1031 0.1085
48 635 0.1083
48 1055 0.1082
48 2 0.1081
48 1017 0.1081
48 1111 0.1081
48 1214 0.1081
48 1322 0.1080
48 853 0.1079
48 48 0.1076
48 120 0.1075
48 222 0.1075
48 757 0.1075
48 440 0.1073
48 647 0.1073
48 760 0.1072
48 589 0.1071
48 64 0.1069
48 132 0.1069
48 811 0.1069
48 1410 0.1068
48 406 0.1067
48 542 0.1067
48 182 0.1065
48 1321 0.1063
48 1386 0.1063
48 1401 0.1063
48 69 0.1057
48 770 0.1056
48 1159 0.1048
48 1311 0.1048
48 1047 0.1046
48 528 0.1043
48 538 0.1043
48 1483 0.1038
48 285 0.1035
48 387 0.1035
48 106 0.1034
48 752 0.1033
48 1315 0.1033
48 1398 0.1030
48 1356 0.1028
48 891 0.1026
48 1313 0.1026
48 1419 0.1026
48 219 0.1025
48 724 0.1024
48 1476 0.1023
48 89 0.1019
48 323 0.1019
48 403 0.1019
48 1554 0.1019
48 526 0.1017
48 1581 0.1017
48 759 0.1016
48 632 0.1014
48 1468 0.1014
48 1509 0.1014
48 471 0.1010
48 1535 0.1010
48 930 0.1009
48 444 0.1008
48 1391 0.1008
48 1394 0.1008
48 289 0.1007
48 1370 0.1007
48 623 0.1004
48 93 0.1003
48 1262 0.1003
48 521 0.1000
48 6 0.0997
48 803 0.0997
48 498 0.0996
48 1087 0.0990
48 793 0.0989
48 1103 0.0989
48 272 0.0986
48 782 0.0986
48 466 0.0986
48 1510 0.0981
48 14 0.0976
48 74 0.0976
48 200 0.0976
48 241 0.0976
48 251 0.0976
48 296 0.0976
48 346 0.0976
48 957 0.0976
48 1320 0.0976
48 1569 0.0976
48 933 0.0969
48 1247 0.0969
48 584 0.0966
48 179 0.0963
48 830 0.0963
48 184 0.0963
48 336 0.0963
48 725 0.0963
48 894 0.0960
48 78 0.0960
48 158 0.0958
48 656 0.0958
48 1422 0.0957
48 756 0.0956
48 774 0.0951
48 840 0.0950
48 1459 0.0947
48 42 0.0947
48 34 0.0945
48 1282 0.0942
48 379 0.0942
48 913 0.0942
48 846 0.0941
48 739 0.0938
48 341 0.0938
48 700 0.0938
48 1301 0.0938
48 485 0.0935
48 134 0.0935
48 88 0.0929
48 353 0.0929
48 416 0.0929
48 3 0.0928
48 729 0.0926
48 1039 0.0926
48 1414 0.0926
48 895 0.0924
48 629 0.0914
48 1048 0.0912
48 250 0.0912
48 965 0.0912
48 1082 0.0911
48 13 0.0911
48 597 0.0911
48 772 0.0911
48 593 0.0907
48 962 0.0907
48 80 0.0904
48 197 0.0904
48 1001 0.0904
48 1529 0.0904
48 966 0.0903
48 1329 0.0902
48 494 0.0901
48 1513 0.0901
48 1030 0.0900
48 984 0.0897
48 1166 0.0897
48 194 0.0896
48 979 0.0896
48 176 0.0896
48 634 0.0896
48 616 0.0892
48 863 0.0892
48 670 0.0889
48 180 0.0888
48 400 0.0888
48 1002 0.0888
48 1411 0.0888
48 877 0.0887
48 556 0.0886
48 1153 0.0883
48 1220 0.0883
48 1528 0.0883
48 512 0.0880
48 1377 0.0879
48 389 0.0873
48 20 0.0872
48 35 0.0870
48 156 0.0870
48 497 0.0870
48 767 0.0869
48 1225 0.0866
48 161 0.0866
48 266 0.0866
48 649 0.0863
48 969 0.0863
48 333 0.0861
48 1161 0.0859
48 550 0.0858
48 1420 0.0858
48 127 0.0857
48 170 0.0857
48 473 0.0852
48 100 0.0849
48 684 0.0849
48 457 0.0845
48 978 0.0845
48 1412 0.0845
48 592 0.0843
48 773 0.0842
48 1150 0.0841
48 519 0.0841
48 414 0.0839
48 56 0.0839
48 160 0.0839
48 909 0.0839
48 964 0.0839
48 1278 0.0837
48 218 0.0834
48 475 0.0833
48 7 0.0832
48 1532 0.0831
48 925 0.0830
48 1216 0.0830
48 1378 0.0830
48 885 0.0829
48 559 0.0828
48 1118 0.0825
48 1142 0.0824
48 85 0.0823
48 530 0.0823
48 1137 0.0823
48 1551 0.0823
48 73 0.0820
48 174 0.0820
48 262 0.0820
48 876 0.0820
48 1291 0.0820
48 590 0.0817
48 709 0.0816
48 288 0.0813
48 436 0.0813
48 872 0.0813
48 425 0.0810
48 509 0.0810
48 525 0.0810
48 702 0.0809
48 150 0.0808
48 545 0.0808
48 689 0.0808
48 26 0.0806
48 508 0.0806
48 595 0.0806
48 1239 0.0804
48 1107 0.0802
48 153 0.0802
48 648 0.0802
48 779 0.0802
48 874 0.0799
48 162 0.0797
48 765 0.0797
48 1490 0.0795
48 510 0.0794
48 477 0.0792
48 1003 0.0792
48 70 0.0792
48 186 0.0790
48 585 0.0788
48 951 0.0786
48 986 0.0785
48 1006 0.0785
48 220 0.0782
48 1211 0.0782
48 112 0.0781
48 1264 0.0781
48 1312 0.0778
48 397 0.0778
48 1226 0.0776
48 345 0.0771
48 479 0.0771
48 1283 0.0768
48 921 0.0766
48 1235 0.0766
48 1392 0.0764
48 1515 0.0761
48 240 0.0759
48 383 0.0759
48 807 0.0756
48 1189 0.0756
48 1195 0.0756
48 1373 0.0750
48 682 0.0748
48 1073 0.0748
48 1255 0.0744
48 1163 0.0742
48 52 0.0741
48 747 0.0741
48 264 0.0740
48 899 0.0738
48 659 0.0734
48 97 0.0732
48 692 0.0730
48 76 0.0730
48 553 0.0729
48 802 0.0725
48 1090 0.0722
48 90 0.0721
48 454 0.0721
48 537 0.0721
48 91 0.0719
48 835 0.0717
48 1157 0.0717
48 339 0.0713
48 468 0.0713
48 581 0.0712
48 1149 0.0712
48 398 0.0710
48 541 0.0709
48 549 0.0707
48 75 0.0707
48 31 0.0705
48 1179 0.0705
48 1365 0.0705
48 1441 0.0705
48 594 0.0703
48 881 0.0703
48 94 0.0702
48 481 0.0701
48 755 0.0701
48 1542 0.0698
48 1071 0.0697
48 1188 0.0697
48 168 0.0694
48 804 0.0694
48 1158 0.0693
48 658 0.0692
48 276 0.0690
48 487 0.0690
48 1379 0.0690
48 311 0.0690
48 641 0.0690
48 1505 0.0688
48 1122 0.0686
48 1287 0.0684
48 256 0.0683
48 1120 0.0683
48 1479 0.0683
48 147 0.0680
48 99 0.0678
48 1242 0.0678
48 16 0.0676
48 334 0.0672
48 87 0.0669
48 675 0.0669
48 643 0.0666
48 580 0.0664
48 257 0.0663
48 794 0.0660
48 141 0.0655
48 198 0.0655
48 495 0.0651
48 716 0.0651
48 789 0.0651
48 1063 0.0651
48 1572 0.0651
48 249 0.0650
48 71 0.0649
48 413 0.0649
48 698 0.0648
48 1485 0.0646
48 1417 0.0644
48 376 0.0639
48 1052 0.0639
48 1276 0.0636
48 37 0.0634
48 1205 0.0634
48 430 0.0633
48 645 0.0633
48 1244 0.0633
48 1442 0.0632
48 628 0.0630
48 221 0.0629
48 1130 0.0629
48 697 0.0628
48 1552 0.0628
48 713 0.0624
48 742 0.0624
48 504 0.0623
48 1477 0.0622
48 488 0.0620
48 1327 0.0620
48 1224 0.0618
48 377 0.0615
48 388 0.0615
48 1396 0.0615
48 1438 0.0615
48 1445 0.0615
48 1556 0.0612
48 886 0.0610
48 520 0.0610
48 1302 0.0609
48 849 0.0607
48 676 0.0607
48 1326 0.0605
48 1387 0.0605
48 1148 0.0604
48 1501 0.0604
48 68 0.0600
48 701 0.0598
48 996 0.0598
48 1194 0.0595
48 1196 0.0595
48 239 0.0591
48 307 0.0590
48 196 0.0589
48 562 0.0588
48 1363 0.0587
48 1381 0.0584
48 1193 0.0582
48 1294 0.0582
48 448 0.0582
48 1562 0.0582
48 95 0.0580
48 572 0.0580
48 126 0.0578
48 1132 0.0578
48 858 0.0578
48 1366 0.0574
48 104 0.0571
48 1351 0.0567
48 109 0.0563
48 539 0.0563
48 1013 0.0563
48 873 0.0558
48 1016 0.0557
48 137 0.0556
48 543 0.0556
48 982 0.0556
48 502 0.0553
48 304 0.0552
48 908 0.0552
48 297 0.0550
48 446 0.0550
48 1135 0.0550
48 1433 0.0550
48 206 0.0548
48 1117 0.0544
48 852 0.0543
48 373 0.0538
48 1288 0.0536
48 809 0.0535
48 1508 0.0535
48 611 0.0533
48 971 0.0533
48 980 0.0531
48 1053 0.0530
48 1519 0.0529
48 627 0.0528
48 608 0.0526
48 1290 0.0523
48 578 0.0522
48 1310 0.0522
48 1472 0.0522
48 845 0.0520
48 707 0.0519
48 1300 0.0518
48 994 0.0517
48 1094 0.0516
48 1265 0.0516
48 1565 0.0516
48 183 0.0515
48 688 0.0515
48 904 0.0511
48 1470 0.0511
48 72 0.0510
48 352 0.0510
48 445 0.0510
48 1473 0.0510
48 1574 0.0510
48 1499 0.0507
48 474 0.0506
48 1025 0.0505
48 1183 0.0504
48 1207 0.0504
48 1504 0.0504
48 1184 0.0502
48 245 0.0500
48 12 0.0500
48 432 0.0500
48 142 0.0498
48 1018 0.0498
48 1126 0.0498
48 53 0.0497
48 195 0.0493
48 1112 0.0493
48 890 0.0493
48 424 0.0491
48 1361 0.0486
48 166 0.0483
48 368 0.0483
48 439 0.0483
48 551 0.0483
48 569 0.0478
48 492 0.0477
48 102 0.0475
48 144 0.0475
48 650 0.0475
48 833 0.0473
48 1024 0.0473
48 721 0.0470
48 111 0.0469
48 319 0.0469
48 865 0.0469
48 364 0.0464
48 98 0.0463
48 533 0.0463
48 547 0.0463
48 798 0.0463
48 302 0.0460
48 1478 0.0460
48 317 0.0457
48 148 0.0456
48 417 0.0456
48 1575 0.0456
48 935 0.0454
48 579 0.0448
48 1558 0.0448
48 612 0.0445
48 1339 0.0445
48 202 0.0444
48 419 0.0444
48 1568 0.0444
48 155 0.0440
48 358 0.0436
48 631 0.0433
48 309 0.0432
48 1045 0.0432
48 428 0.0429
48 1197 0.0429
48 577 0.0429
48 893 0.0429
48 366 0.0419
48 680 0.0419
48 892 0.0416
48 1243 0.0414
48 275 0.0410
48 712 0.0410
48 118 0.0407
48 122 0.0407
48 1187 0.0407
48 46 0.0405
48 211 0.0401
48 189 0.0401
48 555 0.0400
48 96 0.0398
48 77 0.0397
48 1124 0.0393
48 1213 0.0393
48 636 0.0390
48 1530 0.0390
48 673 0.0388
48 139 0.0388
48 270 0.0388
48 758 0.0388
48 792 0.0388
48 749 0.0387
48 607 0.0387
48 401 0.0383
48 165 0.0380
48 441 0.0380
48 1582 0.0380
48 1228 0.0377
48 517 0.0376
48 1165 0.0376
48 1323 0.0374
48 248 0.0373
48 1486 0.0371
48 404 0.0371
48 566 0.0370
48 146 0.0369
48 780 0.0369
48 1436 0.0369
48 1578 0.0369
48 1066 0.0367
48 1269 0.0367
48 540 0.0365
48 1092 0.0365
48 119 0.0360
48 1109 0.0360
48 817 0.0359
48 1500 0.0356
48 480 0.0352
48 601 0.0352
48 429 0.0347
48 123 0.0345
48 253 0.0345
48 995 0.0340
48 1127 0.0340
48 203 0.0338
48 1080 0.0338
48 1234 0.0338
48 1567 0.0338
48 1444 0.0338
48 114 0.0337
48 970 0.0333
48 298 0.0331
48 1081 0.0331
48 1116 0.0330
48 1172 0.0325
48 1573 0.0325
48 944 0.0321
48 961 0.0318
48 281 0.0318
48 764 0.0317
48 360 0.0314
48 693 0.0313
48 61 0.0310
48 987 0.0310
48 646 0.0309
48 1263 0.0307
48 386 0.0304
48 618 0.0304
48 690 0.0304
48 728 0.0304
48 753 0.0300
48 236 0.0299
48 385 0.0299
48 918 0.0298
48 1059 0.0298
48 1046 0.0297
48 1232 0.0294
48 290 0.0293
48 1181 0.0287
48 1397 0.0287
48 947 0.0286
48 1497 0.0286
48 1049 0.0274
48 263 0.0267
48 316 0.0267
48 382 0.0267
48 1041 0.0267
48 1559 0.0261
48 1191 0.0254
48 882 0.0253
48 1064 0.0253
48 41 0.0252
48 1332 0.0251
48 458 0.0247
48 1169 0.0247
48 1577 0.0247
48 1481 0.0246
48 1388 0.0243
48 844 0.0230
48 455 0.0229
48 5 0.0226
48 1482 0.0226
48 1465 0.0222
48 411 0.0222
48 1061 0.0219
48 1415 0.0219
48 1011 0.0218
48 1009 0.0217
48 1451 0.0217
48 247 0.0216
48 596 0.0215
48 1580 0.0213
48 1033 0.0211
48 67 0.0208
48 391 0.0208
48 1215 0.0208
48 192 0.0207
48 135 0.0205
48 226 0.0203
48 1217 0.0203
48 1452 0.0202
48 58 0.0201
48 642 0.0201
48 1042 0.0201
48 500 0.0198
48 968 0.0195
48 301 0.0194
48 554 0.0194
48 1139 0.0194
48 703 0.0190
48 1027 0.0189
48 1106 0.0188
48 1408 0.0184
48 1237 0.0183
48 1450 0.0183
48 981 0.0181
48 396 0.0180
48 356 0.0179
48 204 0.0172
48 79 0.0168
48 560 0.0166
48 718 0.0166
48 838 0.0165
48 469 0.0164
48 626 0.0163
48 1563 0.0163
48 1180 0.0158
48 1123 0.0158
48 292 0.0156
48 591 0.0156
48 55 0.0149
48 1190 0.0147
48 976 0.0145
48 855 0.0141
48 1316 0.0137
48 1250 0.0133
48 1222 0.0129
48 1015 0.0123
48 1098 0.0123
48 851 0.0120
48 1292 0.0115
48 1453 0.0112
49 1520 0.5038
49 189 0.4888
49 591 0.4730
49 147 0.4285
49 1407 0.4238
49 923 0.4101
49 1297 0.3830
49 1057 0.3718
49 290 0.3697
49 1523 0.3620
49 426 0.3553
49 577 0.3424
49 464 0.3390
49 947 0.3243
49 741 0.3187
49 395 0.3186
49 487 0.3046
49 730 0.2985
49 309 0.2904
49 1478 0.2901
49 1365 0.2890
49 466 0.2843
49 1383 0.2822
49 970 0.2799
49 446 0.2775
49 986 0.2771
49 1388 0.2755
49 814 0.2752
49 1225 0.2732
49 1083 0.2725
49 510 0.2671
49 939 0.2665
49 978 0.2665
49 1030 0.2649
49 992 0.2643
49 576 0.2642
49 979 0.2638
49 67 0.2624
49 742 0.2624
49 1195 0.2622
49 284 0.2611
49 559 0.2610
49 1122 0.2598
49 1273 0.2593
49 1120 0.2584
49 1476 0.2581
49 217 0.2579
49 470 0.2574
49 379 0.2573
49 1070 0.2544
49 444 0.2543
49 623 0.2533
49 344 0.2530
49 1254 0.2520
49 862 0.2498
49 469 0.2485
49 935 0.2479
49 251 0.2462
49 266 0.2457
49 1361 0.2451
49 1194 0.2440
49 1382 0.2437
49 1288 0.2432
49 695 0.2390
49 1479 0.2369
49 503 0.2369
49 1560 0.2365
49 731 0.2360
49 1069 0.2355
49 1263 0.2326
49 720 0.2300
49 624 0.2298
49 728 0.2298
49 190 0.2296
49 1001 0.2279
49 537 0.2273
49 1331 0.2273
49 326 0.2261
49 946 0.2259
49 799 0.2231
49 562 0.2227
49 794 0.2221
49 1419 0.2218
49 661 0.2212
49 191 0.2211
49 462 0.2187
49 91 0.2178
49 256 0.2154
49 995 0.2143
49 287 0.2132
49 340 0.2132
49 1115 0.2132
49 335 0.2125
49 964 0.2116
49 1278 0.2111
49 1356 0.2107
49 1054 0.2103
49 29 0.2099
49 713 0.2099
49 1021 0.2091
49 307 0.2085
49 210 0.2084
49 605 0.2082
49 945 0.2075
49 1303 0.2071
49 451 0.2068
49 1028 0.2055
49 816 0.2052
49 1457 0.2042
49 63 0.2034
49 1239 0.2029
49 1262 0.2024
49 1398 0.2022
49 963 0.2018
49 1113 0.2017
49 1355 0.2015
49 1354 0.2006
49 480 0.2000
49 1012 0.1998
49 430 0.1997
49 461 0.1983
49 759 0.1980
49 578 0.1974
49 292 0.1971
49 1058 0.1971
49 968 0.1969
49 93 0.1968
49 1461 0.1968
49 348 0.1954
49 987 0.1954
49 1420 0.1948
49 837 0.1946
49 479 0.1944
49 589 0.1930
49 89 0.1928
49 484 0.1928
49 1522 0.1915
49 107 0.1911
49 214 0.1907
49 1050 0.1895
49 504 0.1886
49 1147 0.1886
49 1089 0.1884
49 1536 0.1877
49 1016 0.1872
49 805 0.1856
49 366 0.1851
49 155 0.1849
49 1082 0.1839
49 519 0.1818
49 1513 0.1818
49 373 0.1808
49 835 0.1808
49 1561 0.1808
49 811 0.1798
49 840 0.1797
49 1410 0.1796
49 465 0.1791
49 600 0.1788
49 601 0.1778
49 1441 0.1778
49 842 0.1777
49 639 0.1774
49 1285 0.1774
49 566 0.1773
49 915 0.1771
49 164 0.1770
49 942 0.1762
49 1071 0.1757
49 824 0.1750
49 1539 0.1745
49 267 0.1741
49 311 0.1741
49 641 0.1741
49 969 0.1741
49 870 0.1729
49 536 0.1714
49 82 0.1712
49 847 0.1709
49 632 0.1706
49 1234 0.1706
49 1065 0.1701
49 1558 0.1694
49 88 0.1693
49 54 0.1689
49 1267 0.1685
49 555 0.1680
49 411 0.1680
49 711 0.1680
49 257 0.1672
49 560 0.1672
49 1084 0.1670
49 906 0.1665
49 817 0.1662
49 47 0.1657
49 1406 0.1645
49 789 0.1641
49 806 0.1635
49 425 0.1634
49 898 0.1634
49 673 0.1630
49 1226 0.1630
49 1200 0.1612
49 670 0.1603
49 668 0.1600
49 985 0.1599
49 253 0.1596
49 1123 0.1590
49 1207 0.1589
49 1240 0.1578
49 848 0.1575
49 397 0.1570
49 207 0.1557
49 1465 0.1543
49 1187 0.1540
49 1459 0.1536
49 474 0.1532
49 1286 0.1529
49 66 0.1518
49 1358 0.1515
49 662 0.1508
49 246 0.1508
49 295 0.1508
49 625 0.1502
49 722 0.1502
49 949 0.1502
49 999 0.1496
49 1339 0.1496
49 196 0.1487
49 296 0.1477
49 1530 0.1477
49 1294 0.1468
49 95 0.1463
49 1132 0.1458
49 790 0.1452
49 669 0.1450
49 1292 0.1447
49 1514 0.1447
49 407 0.1441
49 1172 0.1436
49 1482 0.1425
49 1013 0.1421
49 39 0.1413
49 268 0.1404
49 1395 0.1404
49 205 0.1403
49 977 0.1396
49 628 0.1392
49 802 0.1371
49 826 0.1371
49 1117 0.1371
49 1009 0.1371
49 1192 0.1366
49 1442 0.1366
49 119 0.1364
49 64 0.1348
49 485 0.1348
49 1508 0.1348
49 329 0.1344
49 1386 0.1340
49 627 0.1332
49 1035 0.1332
49 602 0.1322
49 20 0.1319
49 293 0.1319
49 1208 0.1319
49 1211 0.1316
49 1093 0.1314
49 271 0.1312
49 169 0.1312
49 567 0.1312
49 1222 0.1301
49 1471 0.1286
49 118 0.1283
49 672 0.1283
49 751 0.1271
49 1555 0.1271
49 1501 0.1270
49 573 0.1261
49 432 0.1260
49 630 0.1260
49 878 0.1257
49 885 0.1254
49 458 0.1244
49 1467 0.1242
49 333 0.1241
49 626 0.1237
49 14 0.1231
49 872 0.1231
49 1563 0.1231
49 331 0.1225
49 508 0.1220
49 439 0.1218
49 587 0.1218
49 4 0.1214
49 336 0.1214
49 1096 0.1214
49 398 0.1194
49 1024 0.1193
49 702 0.1191
49 709 0.1177
49 187 0.1173
49 416 0.1171
49 98 0.1168
49 1158 0.1166
49 844 0.1161
49 1517 0.1153
49 148 0.1150
49 622 0.1150
49 1287 0.1150
49 691 0.1144
49 138 0.1135
49 137 0.1122
49 1100 0.1120
49 1443 0.1113
49 663 0.1113
49 374 0.1111
49 546 0.1110
49 1061 0.1103
49 1203 0.1103
49 776 0.1097
49 858 0.1093
49 247 0.1092
49 357 0.1087
49 1140 0.1085
49 113 0.1083
49 117 0.1083
49 440 0.1083
49 784 0.1081
49 393 0.1077
49 660 0.1074
49 414 0.1059
49 61 0.1044
49 106 0.1044
49 752 0.1042
49 1101 0.1036
49 174 0.1034
49 330 0.1034
49 377 0.1034
49 704 0.1034
49 1037 0.1034
49 283 0.1027
49 1352 0.1019
49 846 0.1018
49 1469 0.1018
49 316 0.1011
49 321 0.0996
49 857 0.0995
49 951 0.0991
49 636 0.0985
49 1307 0.0978
49 1562 0.0978
49 435 0.0977
49 1116 0.0971
49 1422 0.0966
49 737 0.0964
49 774 0.0959
49 1515 0.0959
49 443 0.0958
49 350 0.0953
49 1245 0.0953
49 1266 0.0953
49 1114 0.0948
49 1141 0.0942
49 611 0.0942
49 599 0.0942
49 733 0.0942
49 1309 0.0942
49 163 0.0930
49 244 0.0930
49 1481 0.0930
49 705 0.0925
49 1066 0.0925
49 692 0.0921
49 1092 0.0920
49 896 0.0914
49 179 0.0911
49 2 0.0909
49 90 0.0909
49 1109 0.0909
49 356 0.0904
49 468 0.0899
49 1378 0.0898
49 1142 0.0891
49 31 0.0889
49 644 0.0889
49 1357 0.0888
49 983 0.0884
49 804 0.0875
49 658 0.0872
49 65 0.0870
49 273 0.0870
49 387 0.0870
49 724 0.0861
49 1330 0.0861
49 760 0.0860
49 590 0.0859
49 1473 0.0857
49 99 0.0855
49 1150 0.0849
49 1494 0.0848
49 463 0.0847
49 418 0.0844
49 1000 0.0841
49 823 0.0828
49 890 0.0828
49 1171 0.0828
49 358 0.0826
49 767 0.0822
49 1451 0.0822
49 38 0.0821
49 346 0.0821
49 716 0.0821
49 867 0.0821
49 173 0.0816
49 657 0.0814
49 26 0.0813
49 1270 0.0813
49 1458 0.0809
49 274 0.0806
49 937 0.0806
49 961 0.0803
49 492 0.0802
49 1246 0.0802
49 1020 0.0801
49 1033 0.0800
49 1244 0.0799
49 941 0.0787
49 486 0.0783
49 1224 0.0780
49 420 0.0778
49 1322 0.0778
49 1283 0.0775
49 886 0.0770
49 317 0.0769
49 406 0.0769
49 629 0.0769
49 597 0.0766
49 618 0.0766
49 638 0.0766
49 772 0.0766
49 990 0.0766
49 565 0.0764
49 1029 0.0760
49 1334 0.0758
49 753 0.0757
49 1022 0.0757
49 996 0.0754
49 1576 0.0754
49 1255 0.0751
49 409 0.0748
49 813 0.0745
49 167 0.0742
49 294 0.0742
49 1125 0.0742
49 1528 0.0742
49 1008 0.0739
49 1320 0.0739
49 35 0.0731
49 60 0.0729
49 1370 0.0726
49 127 0.0721
49 667 0.0721
49 715 0.0721
49 581 0.0718
49 1062 0.0716
49 1043 0.0715
49 43 0.0711
49 49 0.0711
49 109 0.0711
49 392 0.0711
49 773 0.0708
49 243 0.0703
49 1540 0.0703
49 212 0.0701
49 982 0.0701
49 1533 0.0701
49 797 0.0698
49 800 0.0698
49 908 0.0696
49 1049 0.0692
49 1154 0.0690
49 136 0.0689
49 836 0.0687
49 1492 0.0687
49 972 0.0683
49 454 0.0682
49 676 0.0680
49 739 0.0676
49 124 0.0674
49 382 0.0674
49 1335 0.0668
49 528 0.0658
49 1456 0.0654
49 1485 0.0652
49 607 0.0650
49 1534 0.0649
49 1202 0.0648
49 984 0.0647
49 72 0.0643
49 259 0.0643
49 654 0.0643
49 820 0.0636
49 1252 0.0634
49 1178 0.0630
49 142 0.0629
49 299 0.0622
49 1112 0.0622
49 1169 0.0622
49 1349 0.0622
49 1129 0.0618
49 97 0.0615
49 523 0.0615
49 368 0.0609
49 584 0.0609
49 719 0.0609
49 955 0.0609
49 592 0.0608
49 912 0.0599
49 42 0.0597
49 721 0.0593
49 594 0.0591
49 1380 0.0589
49 1193 0.0587
49 213 0.0586
49 953 0.0586
49 11 0.0584
49 717 0.0584
49 696 0.0580
49 965 0.0575
49 1387 0.0572
49 1421 0.0570
49 1529 0.0570
49 535 0.0570
49 371 0.0568
49 1353 0.0565
49 1411 0.0560
49 1415 0.0552
49 889 0.0550
49 1233 0.0550
49 1182 0.0549
49 161 0.0546
49 434 0.0546
49 631 0.0546
49 428 0.0542
49 763 0.0542
49 1161 0.0542
49 473 0.0537
49 1052 0.0537
49 384 0.0533
49 1205 0.0533
49 94 0.0531
49 314 0.0529
49 680 0.0529
49 1159 0.0529
49 1036 0.0528
49 1128 0.0527
49 310 0.0525
49 1583 0.0525
49 219 0.0517
49 388 0.0517
49 574 0.0517
49 619 0.0517
49 683 0.0517
49 1175 0.0517
49 1396 0.0517
49 936 0.0513
49 948 0.0513
49 1360 0.0513
49 1581 0.0513
49 230 0.0511
49 750 0.0510
49 1452 0.0510
49 1526 0.0510
49 334 0.0509
49 1210 0.0509
49 1148 0.0508
49 58 0.0506
49 642 0.0506
49 162 0.0503
49 580 0.0503
49 1046 0.0500
49 1103 0.0499
49 518 0.0496
49 438 0.0492
49 1460 0.0492
49 994 0.0489
49 178 0.0489
49 448 0.0489
49 933 0.0489
49 1247 0.0489
49 749 0.0488
49 345 0.0486
49 1235 0.0483
49 732 0.0477
49 1351 0.0477
49 694 0.0474
49 991 0.0474
49 803 0.0472
49 193 0.0471
49 248 0.0471
49 427 0.0471
49 489 0.0471
49 1223 0.0468
49 108 0.0465
49 502 0.0465
49 1489 0.0465
49 1279 0.0462
49 380 0.0460
49 736 0.0457
49 981 0.0457
49 157 0.0455
49 222 0.0452
49 1097 0.0452
49 1157 0.0452
49 1400 0.0452
49 339 0.0449
49 1216 0.0449
49 541 0.0447
49 556 0.0447
49 83 0.0445
49 1179 0.0445
49 755 0.0442
49 36 0.0441
49 1047 0.0440
49 1364 0.0440
49 845 0.0437
49 431 0.0435
49 649 0.0435
49 938 0.0435
49 1506 0.0435
49 342 0.0433
49 706 0.0429
49 1127 0.0429
49 1509 0.0426
49 1567 0.0426
49 1484 0.0424
49 87 0.0422
49 675 0.0422
49 1511 0.0420
49 8 0.0418
49 880 0.0416
49 1087 0.0416
49 436 0.0410
49 372 0.0408
49 509 0.0408
49 1289 0.0408
49 1344 0.0408
49 861 0.0405
49 349 0.0403
49 656 0.0403
49 1375 0.0403
49 674 0.0401
49 361 0.0399
49 650 0.0399
49 764 0.0399
49 422 0.0398
49 909 0.0397
49 666 0.0396
49 1032 0.0394
49 1346 0.0394
49 761 0.0393
49 1477 0.0393
49 1512 0.0393
49 1031 0.0391
49 1418 0.0391
49 533 0.0389
49 798 0.0389
49 1445 0.0388
49 796 0.0384
49 1521 0.0384
49 1350 0.0378
49 1373 0.0378
49 449 0.0377
49 701 0.0377
49 447 0.0375
49 918 0.0375
49 52 0.0374
49 1402 0.0370
49 1531 0.0368
49 572 0.0366
49 1045 0.0363
49 614 0.0362
49 768 0.0362
49 1397 0.0362
49 516 0.0360
49 1428 0.0360
49 929 0.0358
49 255 0.0357
49 1075 0.0357
49 304 0.0348
49 1238 0.0348
49 1379 0.0348
49 1118 0.0347
49 25 0.0346
49 78 0.0346
49 261 0.0346
49 1491 0.0346
49 46 0.0340
49 679 0.0337
49 1088 0.0334
49 1253 0.0334
49 778 0.0333
49 216 0.0332
49 515 0.0332
49 869 0.0332
49 1260 0.0329
49 962 0.0327
49 1219 0.0325
49 1329 0.0325
49 1374 0.0324
49 1166 0.0323
49 904 0.0322
49 325 0.0320
49 467 0.0318
49 807 0.0318
49 1394 0.0318
49 1332 0.0317
49 351 0.0316
49 681 0.0315
49 1018 0.0314
49 404 0.0312
49 1510 0.0309
49 734 0.0305
49 1298 0.0305
49 1466 0.0301
49 925 0.0299
49 1282 0.0297
49 920 0.0290
49 744 0.0289
49 1453 0.0284
49 114 0.0283
49 863 0.0281
49 839 0.0280
49 1221 0.0280
49 531 0.0278
49 582 0.0275
49 558 0.0275
49 1328 0.0273
49 24 0.0271
49 647 0.0271
49 1019 0.0271
49 1197 0.0271
49 1099 0.0270
49 894 0.0269
49 971 0.0269
49 1023 0.0269
49 337 0.0267
49 783 0.0267
49 56 0.0264
49 766 0.0264
49 1546 0.0263
49 391 0.0262
49 1215 0.0262
49 1306 0.0260
49 1007 0.0259
49 1342 0.0259
49 73 0.0259
49 433 0.0259
49 1048 0.0256
49 1042 0.0253
49 1542 0.0252
49 1271 0.0246
49 401 0.0241
49 905 0.0241
49 1173 0.0241
49 740 0.0240
49 240 0.0239
49 801 0.0235
49 3 0.0234
49 297 0.0231
49 208 0.0227
49 771 0.0227
49 225 0.0225
49 910 0.0223
49 481 0.0221
49 1177 0.0221
49 437 0.0221
49 652 0.0219
49 183 0.0216
49 472 0.0213
49 1444 0.0213
49 900 0.0212
49 548 0.0211
49 405 0.0209
49 653 0.0207
49 922 0.0204
49 1229 0.0203
49 1340 0.0199
49 1006 0.0198
49 700 0.0197
49 1160 0.0197
49 1401 0.0191
49 1059 0.0188
49 1227 0.0187
49 1488 0.0186
49 1455 0.0184
49 723 0.0182
49 1090 0.0182
49 1548 0.0182
49 871 0.0181
49 1136 0.0181
49 1181 0.0181
49 450 0.0178
49 1243 0.0174
49 831 0.0173
49 914 0.0173
49 1105 0.0163
49 1427 0.0163
49 338 0.0159
49 1275 0.0159
49 53 0.0157
49 1544 0.0157
49 424 0.0155
49 659 0.0154
49 830 0.0152
49 786 0.0151
49 829 0.0141
49 1425 0.0139
49 1302 0.0096
50 147 0.4523
50 657 0.4057
50 189 0.3953
50 1520 0.3939
50 923 0.3763
50 426 0.3750
50 591 0.3698
50 525 0.3352
50 1137 0.3244
50 1541 0.3125
50 1174 0.2969
50 466 0.2917
50 1057 0.2906
50 659 0.2894
50 1254 0.2727
50 624 0.2694
50 1464 0.2665
50 1183 0.2609
50 814 0.2582
50 309 0.2554
50 1122 0.2538
50 577 0.2535
50 623 0.2475
50 1356 0.2281
50 1297 0.2245
50 935 0.2236
50 305 0.2195
50 566 0.2188
50 290 0.2168
50 1388 0.2154
50 157 0.2132
50 91 0.2128
50 464 0.2120
50 639 0.2080
50 873 0.2062
50 1071 0.2060
50 720 0.2023
50 515 0.1946
50 1260 0.1929
50 241 0.1925
50 620 0.1907
50 1161 0.1905
50 1288 0.1901
50 395 0.1868
50 1311 0.1861
50 1128 0.1853
50 67 0.1846
50 559 0.1836
50 1523 0.1819
50 1283 0.1818
50 13 0.1796
50 728 0.1796
50 295 0.1768
50 1089 0.1768
50 722 0.1761
50 1151 0.1741
50 95 0.1715
50 497 0.1715
50 1013 0.1667
50 1407 0.1656
50 818 0.1644
50 1054 0.1644
50 970 0.1641
50 826 0.1608
50 537 0.1599
50 1267 0.1581
50 1508 0.1581
50 600 0.1572
50 961 0.1569
50 477 0.1562
50 1273 0.1521
50 670 0.1503
50 474 0.1497
50 1046 0.1466
50 425 0.1437
50 851 0.1425
50 1376 0.1414
50 1432 0.1414
50 840 0.1405
50 398 0.1400
50 1024 0.1399
50 435 0.1375
50 1083 0.1369
50 311 0.1361
50 148 0.1348
50 1001 0.1336
50 1482 0.1336
50 1030 0.1331
50 1221 0.1313
50 155 0.1301
50 1225 0.1282
50 266 0.1280
50 357 0.1275
50 113 0.1270
50 287 0.1250
50 340 0.1250
50 939 0.1250
50 964 0.1240
50 742 0.1231
50 752 0.1222
50 1101 0.1215
50 1272 0.1210
50 672 0.1204
50 1352 0.1195
50 662 0.1179
50 1035 0.1171
50 968 0.1155
50 1132 0.1140
50 217 0.1134
50 1066 0.1085
50 1117 0.1072
50 1331 0.1066
50 63 0.1060
50 1378 0.1053
50 910 0.1048
50 31 0.1043
50 1365 0.1043
50 576 0.1033
50 462 0.1026
50 273 0.1021
50 1292 0.1018
50 1473 0.1005
50 730 0.1000
50 1087 0.0976
50 1303 0.0971
50 358 0.0968
50 1406 0.0964
50 251 0.0962
50 278 0.0962
50 716 0.0962
50 867 0.0962
50 1172 0.0962
50 1573 0.0962
50 508 0.0953
50 4 0.0949
50 1458 0.0949
50 611 0.0947
50 274 0.0945
50 397 0.0921
50 61 0.0918
50 1322 0.0913
50 320 0.0898
50 638 0.0898
50 990 0.0898
50 1387 0.0894
50 535 0.0891
50 1029 0.0891
50 1334 0.0889
50 1022 0.0887
50 979 0.0884
50 1576 0.0884
50 998 0.0870
50 1320 0.0866
50 715 0.0845
50 50 0.0833
50 392 0.0833
50 842 0.0833
50 741 0.0830
50 651 0.0816
50 908 0.0816
50 924 0.0816
50 1010 0.0793
50 124 0.0791
50 580 0.0786
50 1310 0.0772
50 1485 0.0765
50 501 0.0762
50 984 0.0758
50 72 0.0754
50 654 0.0754
50 1020 0.0752
50 1462 0.0737
50 272 0.0729
50 1169 0.0729
50 97 0.0722
50 368 0.0714
50 955 0.0714
50 592 0.0712
50 999 0.0702
50 42 0.0700
50 465 0.0700
50 1185 0.0700
50 1142 0.0697
50 594 0.0693
50 1560 0.0693
50 164 0.0692
50 416 0.0687
50 375 0.0680
50 1478 0.0680
50 1398 0.0677
50 99 0.0668
50 841 0.0668
50 1421 0.0668
50 1529 0.0668
50 857 0.0667
50 176 0.0662
50 1079 0.0662
50 1353 0.0662
50 1558 0.0662
50 411 0.0657
50 794 0.0651
50 889 0.0645
50 1182 0.0644
50 1451 0.0643
50 107 0.0640
50 161 0.0640
50 1052 0.0630
50 384 0.0625
50 366 0.0620
50 680 0.0620
50 1159 0.0620
50 1240 0.0617
50 169 0.0615
50 799 0.0615
50 88 0.0611
50 388 0.0606
50 451 0.0606
50 683 0.0606
50 704 0.0606
50 1037 0.0606
50 1452 0.0598
50 344 0.0593
50 321 0.0584
50 461 0.0581
50 438 0.0577
50 749 0.0573
50 776 0.0572
50 774 0.0563
50 1027 0.0559
50 1351 0.0559
50 517 0.0556
50 694 0.0556
50 1050 0.0556
50 1114 0.0556
50 599 0.0552
50 1154 0.0539
50 119 0.0533
50 454 0.0533
50 494 0.0533
50 1400 0.0530
50 339 0.0527
50 811 0.0527
50 556 0.0524
50 191 0.0518
50 271 0.0513
50 845 0.0513
50 284 0.0510
50 487 0.0510
50 649 0.0510
50 183 0.0508
50 1479 0.0505
50 1509 0.0500
50 820 0.0498
50 1484 0.0498
50 675 0.0495
50 897 0.0495
50 432 0.0493
50 560 0.0490
50 1467 0.0486
50 789 0.0481
50 336 0.0475
50 482 0.0472
50 674 0.0470
50 1354 0.0470
50 1395 0.0470
50 1123 0.0466
50 666 0.0464
50 1380 0.0460
50 1477 0.0460
50 1512 0.0460
50 1031 0.0458
50 1445 0.0455
50 1556 0.0453
50 629 0.0451
50 796 0.0451
50 1521 0.0451
50 371 0.0444
50 753 0.0444
50 625 0.0440
50 1194 0.0440
50 52 0.0439
50 1339 0.0439
50 813 0.0437
50 60 0.0427
50 1370 0.0426
50 1514 0.0424
50 784 0.0423
50 947 0.0423
50 450 0.0418
50 1075 0.0418
50 94 0.0415
50 335 0.0415
50 915 0.0415
50 414 0.0414
50 243 0.0412
50 330 0.0404
50 836 0.0403
50 1459 0.0400
50 334 0.0398
50 1070 0.0398
50 1494 0.0398
50 739 0.0397
50 1239 0.0397
50 1053 0.0392
50 1335 0.0392
50 1383 0.0389
50 567 0.0385
50 806 0.0383
50 1456 0.0383
50 994 0.0382
50 1329 0.0381
50 904 0.0378
50 325 0.0375
50 1064 0.0374
50 1394 0.0373
50 1252 0.0372
50 1332 0.0372
50 661 0.0371
50 803 0.0369
50 1015 0.0363
50 587 0.0357
50 1298 0.0357
50 1358 0.0355
50 786 0.0354
50 1278 0.0354
50 1216 0.0351
50 1410 0.0351
50 1028 0.0344
50 658 0.0341
50 1539 0.0341
50 696 0.0340
50 1009 0.0321
50 1328 0.0320
50 894 0.0316
50 783 0.0312
50 1205 0.0312
50 909 0.0310
50 862 0.0308
50 1546 0.0308
50 1342 0.0304
50 1048 0.0300
50 230 0.0299
50 942 0.0295
50 240 0.0281
50 443 0.0281
50 759 0.0273
50 1442 0.0267
50 771 0.0266
50 510 0.0261
50 351 0.0247
50 1155 0.0223
50 676 0.0199
51 1174 0.5089
51 1541 0.4375
51 1464 0.4264
51 1281 0.4215
51 717 0.4111
51 657 0.4057
51 1402 0.3902
51 525 0.3831
51 1280 0.3769
51 775 0.3714
51 1047 0.3610
51 1376 0.3536
51 818 0.3288
51 659 0.3256
51 831 0.3244
51 1137 0.3244
51 157 0.3198
51 1210 0.3182
51 1212 0.3162
51 1141 0.3094
51 1260 0.3086
51 919 0.3070
51 672 0.3010
51 1183 0.2981
51 1549 0.2970
51 614 0.2969
51 1299 0.2910
51 677 0.2887
51 769 0.2887
51 1460 0.2887
51 1319 0.2857
51 1458 0.2847
51 810 0.2798
51 801 0.2761
51 1145 0.2697
51 1318 0.2673
51 1296 0.2652
51 910 0.2621
51 888 0.2611
51 907 0.2596
51 1274 0.2592
51 1162 0.2582
51 1040 0.2565
51 1328 0.2561
51 460 0.2545
51 768 0.2545
51 1136 0.2545
51 483 0.2520
51 1121 0.2520
51 1357 0.2500
51 914 0.2433
51 1360 0.2408
51 372 0.2395
51 1344 0.2395
51 980 0.2357
51 1012 0.2343
51 1430 0.2341
51 1518 0.2311
51 761 0.2301
51 1317 0.2293
51 973 0.2292
51 990 0.2245
51 214 0.2236
51 1495 0.2227
51 1022 0.2218
51 878 0.2212
51 305 0.2195
51 566 0.2188
51 1051 0.2169
51 859 0.2165
51 734 0.2143
51 743 0.2136
51 208 0.2132
51 925 0.2106
51 491 0.2100
51 873 0.2062
51 1540 0.2062
51 1259 0.2060
51 1144 0.2015
51 687 0.2000
51 630 0.1971
51 711 0.1970
51 1221 0.1970
51 505 0.1961
51 515 0.1946
51 1503 0.1946
51 47 0.1943
51 378 0.1943
51 823 0.1943
51 241 0.1925
51 1209 0.1925
51 1569 0.1925
51 620 0.1907
51 1076 0.1906
51 1161 0.1905
51 924 0.1904
51 1566 0.1890
51 1206 0.1875
51 764 0.1873
51 269 0.1865
51 402 0.1863
51 563 0.1861
51 1311 0.1861
51 956 0.1857
51 1128 0.1853
51 1546 0.1850
51 1368 0.1849
51 575 0.1841
51 435 0.1833
51 752 0.1833
51 821 0.1833
51 860 0.1826
51 1101 0.1822
51 1527 0.1819
51 1537 0.1819
51 629 0.1803
51 13 0.1796
51 1447 0.1793
51 1454 0.1780
51 918 0.1761
51 1538 0.1747
51 1142 0.1742
51 998 0.1741
51 1151 0.1741
51 1143 0.1732
51 497 0.1715
51 1539 0.1705
51 513 0.1697
51 1245 0.1677
51 324 0.1667
51 586 0.1667
51 694 0.1667
51 489 0.1656
51 1393 0.1656
51 787 0.1634
51 25 0.1622
51 1295 0.1622
51 1154 0.1617
51 714 0.1608
51 972 0.1601
51 702 0.1596
51 1010 0.1586
51 1508 0.1581
51 1553 0.1581
51 477 0.1562
51 1035 0.1562
51 1545 0.1562
51 347 0.1555
51 453 0.1543
51 1105 0.1529
51 1219 0.1525
51 748 0.1508
51 549 0.1494
51 1484 0.1493
51 381 0.1491
51 254 0.1485
51 351 0.1483
51 1046 0.1466
51 1087 0.1464
51 1198 0.1459
51 1129 0.1450
51 523 0.1443
51 867 0.1443
51 603 0.1429
51 851 0.1425
51 887 0.1424
51 532 0.1414
51 911 0.1414
51 1432 0.1414
51 1564 0.1414
51 1413 0.1407
51 422 0.1399
51 588 0.1387
51 637 0.1375
51 476 0.1374
51 953 0.1374
51 1254 0.1364
51 1283 0.1364
51 920 0.1361
51 622 0.1348
51 691 0.1342
51 1155 0.1339
51 534 0.1336
51 745 0.1336
51 252 0.1331
51 32 0.1325
51 1079 0.1325
51 612 0.1316
51 1463 0.1311
51 1425 0.1307
51 233 0.1306
51 1385 0.1301
51 1074 0.1296
51 1474 0.1291
51 1011 0.1291
51 1182 0.1288
51 1548 0.1282
51 1507 0.1280
51 871 0.1272
51 1140 0.1272
51 1204 0.1272
51 1019 0.1270
51 715 0.1268
51 473 0.1260
51 609 0.1260
51 660 0.1260
51 1023 0.1260
51 1152 0.1260
51 961 0.1255
51 255 0.1254
51 783 0.1250
51 850 0.1250
51 1138 0.1250
51 963 0.1245
51 1077 0.1241
51 1134 0.1241
51 1251 0.1241
51 602 0.1240
51 651 0.1225
51 934 0.1213
51 1256 0.1213
51 1272 0.1210
51 1156 0.1209
51 662 0.1179
51 843 0.1179
51 1547 0.1179
51 580 0.1179
51 1253 0.1175
51 1085 0.1168
51 1199 0.1164
51 1258 0.1155
51 394 0.1150
51 1427 0.1147
51 1570 0.1147
51 1173 0.1132
51 1392 0.1131
51 228 0.1118
51 1252 0.1115
51 671 0.1112
51 991 0.1111
51 28 0.1104
51 828 0.1098
51 205 0.1097
51 1066 0.1085
51 1279 0.1085
51 81 0.1066
51 63 0.1060
51 110 0.1048
51 1305 0.1035
51 845 0.1026
51 815 0.1021
51 777 0.1005
51 1371 0.1005
51 1471 0.1005
51 1005 0.1000
51 1468 0.1000
51 1277 0.0990
51 496 0.0971
51 917 0.0967
51 278 0.0962
51 716 0.0962
51 1573 0.0962
51 508 0.0953
51 4 0.0949
51 158 0.0945
51 975 0.0937
51 1340 0.0933
51 604 0.0928
51 666 0.0928
51 913 0.0928
51 1067 0.0928
51 1058 0.0925
51 1164 0.0921
51 1512 0.0921
51 987 0.0917
51 1007 0.0913
51 420 0.0913
51 412 0.0905
51 1556 0.0905
51 1517 0.0902
51 1048 0.0900
51 62 0.0898
51 320 0.0898
51 597 0.0898
51 746 0.0898
51 993 0.0898
51 1218 0.0898
51 1119 0.0896
51 1326 0.0894
51 1387 0.0894
51 535 0.0891
51 1429 0.0887
51 326 0.0884
51 1339 0.0877
51 877 0.0875
51 1220 0.0870
51 795 0.0851
51 929 0.0839
51 50 0.0833
51 457 0.0833
51 1176 0.0825
51 1384 0.0816
51 1118 0.0814
51 685 0.0811
51 1336 0.0811
51 695 0.0801
51 853 0.0798
51 846 0.0796
51 739 0.0793
51 410 0.0791
51 648 0.0791
51 1524 0.0786
51 1053 0.0783
51 1335 0.0783
51 529 0.0781
51 822 0.0781
51 1003 0.0781
51 511 0.0772
51 727 0.0772
51 1211 0.0772
51 1310 0.0772
51 501 0.0762
51 524 0.0754
51 670 0.0752
51 472 0.0751
51 1391 0.0745
51 1203 0.0739
51 791 0.0737
51 1073 0.0737
51 1359 0.0737
51 1462 0.0737
51 272 0.0729
51 408 0.0729
51 782 0.0729
51 1349 0.0729
51 1098 0.0725
51 1520 0.0716
51 719 0.0714
51 883 0.0714
51 786 0.0709
51 999 0.0702
51 1378 0.0702
51 1185 0.0700
51 341 0.0693
51 594 0.0693
51 1014 0.0688
51 213 0.0687
51 308 0.0682
51 1483 0.0682
51 375 0.0680
51 696 0.0680
51 841 0.0668
51 1421 0.0668
51 1529 0.0668
51 176 0.0662
51 1034 0.0662
51 1431 0.0662
51 738 0.0657
51 839 0.0657
51 794 0.0651
51 814 0.0645
51 889 0.0645
51 1451 0.0643
51 71 0.0640
51 161 0.0640
51 413 0.0640
51 631 0.0640
51 763 0.0635
51 182 0.0630
51 1052 0.0630
51 337 0.0625
51 384 0.0625
51 939 0.0625
51 1257 0.0625
51 366 0.0620
51 1159 0.0620
51 527 0.0615
51 742 0.0615
51 928 0.0615
51 1571 0.0611
51 704 0.0606
51 876 0.0606
51 1175 0.0606
51 886 0.0602
51 952 0.0602
51 1325 0.0602
51 471 0.0598
51 1060 0.0598
51 344 0.0593
51 1262 0.0593
51 461 0.0581
51 951 0.0581
51 438 0.0577
51 1372 0.0577
51 1235 0.0566
51 1027 0.0559
51 1195 0.0559
51 517 0.0556
51 1446 0.0556
51 470 0.0549
51 1223 0.0549
51 502 0.0546
51 1489 0.0546
51 1433 0.0542
51 1502 0.0539
51 617 0.0536
51 736 0.0536
51 802 0.0536
51 119 0.0533
51 494 0.0533
51 1214 0.0533
51 811 0.0527
51 827 0.0524
51 903 0.0521
51 652 0.0513
51 824 0.0513
51 613 0.0512
51 649 0.0510
51 1324 0.0510
51 1557 0.0510
51 183 0.0508
51 1338 0.0508
51 514 0.0505
51 100 0.0503
51 536 0.0503
51 706 0.0503
51 820 0.0498
51 967 0.0498
51 235 0.0495
51 598 0.0495
51 897 0.0495
51 1511 0.0493
51 291 0.0488
51 1467 0.0486
51 726 0.0483
51 922 0.0479
51 1361 0.0479
51 1229 0.0477
51 336 0.0475
51 482 0.0472
51 656 0.0472
51 1355 0.0472
51 674 0.0470
51 1276 0.0470
51 1123 0.0466
51 379 0.0464
51 1006 0.0464
51 112 0.0462
51 145 0.0460
51 1069 0.0460
51 1477 0.0460
51 1083 0.0456
51 1414 0.0456
51 1521 0.0451
51 383 0.0449
51 1373 0.0444
51 625 0.0440
51 1194 0.0440
51 1255 0.0440
51 1536 0.0440
51 52 0.0439
51 959 0.0437
51 723 0.0427
51 1090 0.0427
51 289 0.0426
51 452 0.0424
51 784 0.0423
51 893 0.0423
51 1525 0.0423
51 450 0.0418
51 392 0.0417
51 866 0.0417
51 335 0.0415
51 741 0.0415
51 773 0.0415
51 915 0.0415
51 243 0.0412
51 982 0.0411
51 1369 0.0407
51 1505 0.0407
51 1459 0.0400
51 485 0.0395
51 567 0.0385
51 806 0.0383
51 1456 0.0383
51 673 0.0382
51 1329 0.0381
51 984 0.0379
51 217 0.0378
51 1020 0.0376
51 1064 0.0374
51 521 0.0370
51 504 0.0369
51 53 0.0368
51 1163 0.0366
51 1224 0.0366
51 1426 0.0366
51 424 0.0363
51 1015 0.0363
51 97 0.0361
51 896 0.0357
51 1298 0.0357
51 1449 0.0357
51 179 0.0356
51 830 0.0356
51 1278 0.0354
51 1301 0.0347
51 164 0.0346
51 576 0.0344
51 658 0.0341
51 829 0.0330
51 863 0.0330
51 970 0.0328
51 1099 0.0316
51 894 0.0316
51 693 0.0308
51 862 0.0308
51 1240 0.0308
51 799 0.0308
51 565 0.0299
51 942 0.0295
51 1486 0.0274
51 510 0.0261
51 1444 0.0250
51 1302 0.0225
52 1459 0.6794
52 721 0.4915
52 1181 0.4798
52 468 0.4472
52 1441 0.4423
52 484 0.4264
52 86 0.4167
52 304 0.4041
52 345 0.4029
52 479 0.4029
52 1280 0.3876
52 1202 0.3763
52 946 0.3746
52 715 0.3586
52 1278 0.3500
52 713 0.3482
52 362 0.3479
52 187 0.3241
52 737 0.3198
52 441 0.3182
52 504 0.3128
52 1196 0.3113
52 1377 0.3066
52 981 0.3032
52 1225 0.3021
52 20 0.2917
52 1398 0.2873
52 1411 0.2785
52 885 0.2774
52 994 0.2704
52 1226 0.2704
52 101 0.2615
52 1306 0.2592
52 459 0.2585
52 1272 0.2568
52 788 0.2561
52 406 0.2550
52 629 0.2550
52 1142 0.2463
52 1533 0.2325
52 685 0.2294
52 330 0.2287
52 1297 0.2268
52 1464 0.2261
52 1210 0.2250
52 1253 0.2215
52 862 0.2180
52 271 0.2176
52 1461 0.2176
52 670 0.2126
52 1440 0.2120
52 467 0.2108
52 405 0.2080
52 1457 0.2032
52 776 0.2021
52 587 0.2020
52 896 0.2020
52 700 0.1961
52 145 0.1953
52 576 0.1947
52 435 0.1945
52 547 0.1936
52 1478 0.1925
52 1326 0.1897
52 1373 0.1882
52 918 0.1868
52 1011 0.1826
52 1204 0.1799
52 473 0.1782
52 963 0.1761
52 366 0.1754
52 651 0.1732
52 895 0.1718
52 1523 0.1715
52 590 0.1709
52 702 0.1693
52 1262 0.1678
52 1372 0.1633
52 1530 0.1633
52 792 0.1622
52 905 0.1601
52 1027 0.1581
52 1323 0.1564
52 244 0.1543
52 1065 0.1539
52 1082 0.1525
52 925 0.1489
52 999 0.1489
52 541 0.1482
52 510 0.1476
52 1305 0.1464
52 630 0.1393
52 988 0.1393
52 560 0.1387
52 1021 0.1387
52 1451 0.1364
52 1172 0.1361
52 1344 0.1355
52 1288 0.1344
52 1180 0.1325
52 913 0.1313
52 1058 0.1307
52 320 0.1270
52 618 0.1270
52 728 0.1270
52 1386 0.1270
52 1522 0.1270
52 979 0.1250
52 989 0.1250
52 1296 0.1250
52 1443 0.1231
52 947 0.1195
52 1390 0.1195
52 399 0.1179
52 1357 0.1179
52 414 0.1170
52 334 0.1125
52 189 0.1118
52 485 0.1118
52 1508 0.1118
52 980 0.1111
52 1088 0.1108
52 1456 0.1085
52 1265 0.1078
52 1470 0.1069
52 1020 0.1063
52 6 0.1043
52 1147 0.1043
52 1015 0.1026
52 1475 0.0962
52 1453 0.0941
52 1317 0.0926
52 794 0.0921
52 906 0.0921
52 582 0.0913
52 1019 0.0898
52 384 0.0884
52 1342 0.0861
52 73 0.0857
52 1175 0.0857
52 1396 0.0857
52 1146 0.0839
52 636 0.0816
52 448 0.0811
52 1307 0.0811
52 165 0.0796
52 1195 0.0791
52 248 0.0781
52 470 0.0776
52 297 0.0767
52 446 0.0767
52 1279 0.0767
52 938 0.0722
52 1420 0.0718
52 1115 0.0707
52 12 0.0697
52 19 0.0697
52 1178 0.0697
52 669 0.0687
52 1171 0.0687
52 1303 0.0687
52 1467 0.0687
52 1129 0.0684
52 288 0.0680
52 1361 0.0677
52 657 0.0675
52 492 0.0665
52 674 0.0665
52 1281 0.0662
52 1264 0.0654
52 1477 0.0651
52 1083 0.0645
52 412 0.0640
52 753 0.0627
52 1141 0.0625
52 722 0.0623
52 1190 0.0616
52 805 0.0615
52 290 0.0613
52 1419 0.0613
52 1435 0.0611
52 1370 0.0602
52 1062 0.0593
52 1134 0.0585
52 982 0.0581
52 1379 0.0577
52 1118 0.0575
52 1369 0.0575
52 1403 0.0575
52 1230 0.0574
52 82 0.0568
52 695 0.0566
52 1070 0.0563
52 1239 0.0561
52 249 0.0544
52 806 0.0542
52 1270 0.0539
52 1329 0.0539
52 882 0.0529
52 732 0.0527
52 1252 0.0526
52 661 0.0524
52 803 0.0521
52 205 0.0517
52 830 0.0504
52 1358 0.0503
52 1282 0.0493
52 1028 0.0487
52 308 0.0482
52 1292 0.0480
52 99 0.0472
52 1099 0.0447
52 909 0.0439
52 693 0.0436
52 391 0.0435
52 88 0.0432
52 1119 0.0423
52 942 0.0417
52 1304 0.0390
52 676 0.0282
53 1381 0.2963
53 736 0.2942
53 697 0.2548
53 955 0.2450
53 367 0.1916
53 1212 0.1898
53 369 0.1867
53 1130 0.1702
53 1384 0.1680
53 1026 0.1652
53 951 0.1595
53 499 0.1588
53 1222 0.1569
53 214 0.1534
53 769 0.1485
53 368 0.1470
53 1342 0.1461
53 1176 0.1414
53 953 0.1413
53 330 0.1386
53 1234 0.1372
53 370 0.1358
53 1171 0.1333
53 879 0.1327
53 943 0.1320
53 864 0.1296
53 37 0.1286
53 1264 0.1268
53 1175 0.1248
53 55 0.1208
53 1488 0.1194
53 156 0.1176
53 443 0.1156
53 74 0.1155
53 1035 0.1071
53 342 0.1045
53 1166 0.1040
53 1476 0.1038
53 630 0.1014
53 8 0.1009
53 116 0.1001
53 776 0.0980
53 158 0.0972
53 361 0.0964
53 465 0.0961
53 1363 0.0954
53 844 0.0934
53 1529 0.0917
53 954 0.0893
53 198 0.0886
53 743 0.0879
53 161 0.0878
53 596 0.0871
53 708 0.0871
53 609 0.0864
53 384 0.0857
53 457 0.0857
53 88 0.0838
53 685 0.0835
53 275 0.0832
53 377 0.0832
53 934 0.0832
53 1037 0.0832
53 1272 0.0830
53 1028 0.0826
53 118 0.0826
53 952 0.0826
53 372 0.0821
53 676 0.0821
53 565 0.0820
53 992 0.0818
53 648 0.0813
53 1053 0.0806
53 770 0.0804
53 1430 0.0803
53 781 0.0796
53 666 0.0796
53 1006 0.0796
53 655 0.0782
53 1448 0.0777
53 165 0.0772
53 521 0.0761
53 264 0.0750
53 959 0.0749
53 188 0.0748
53 1433 0.0744
53 795 0.0730
53 225 0.0723
53 600 0.0719
53 1044 0.0710
53 476 0.0707
53 717 0.0705
53 652 0.0704
53 845 0.0704
53 387 0.0700
53 1127 0.0689
53 687 0.0686
53 1201 0.0686
53 1343 0.0686
53 32 0.0681
53 1465 0.0677
53 12 0.0676
53 378 0.0666
53 867 0.0660
53 1361 0.0657
53 1170 0.0648
53 664 0.0643
53 360 0.0637
53 604 0.0637
53 848 0.0633
53 420 0.0626
53 73 0.0624
53 48 0.0624
53 589 0.0621
53 386 0.0616
53 690 0.0616
53 728 0.0616
53 1091 0.0616
53 1218 0.0616
53 1526 0.0615
53 1022 0.0609
53 23 0.0606
53 989 0.0606
53 1141 0.0606
53 1296 0.0606
53 1213 0.0598
53 1167 0.0597
53 389 0.0590
53 170 0.0580
53 34 0.0575
53 586 0.0572
53 427 0.0568
53 218 0.0564
53 1379 0.0560
53 25 0.0556
53 279 0.0556
53 1295 0.0556
53 972 0.0549
53 373 0.0545
53 316 0.0542
53 1108 0.0542
53 556 0.0539
53 980 0.0539
53 477 0.0536
53 778 0.0536
53 755 0.0534
53 727 0.0529
53 1211 0.0529
53 593 0.0526
53 486 0.0525
53 1219 0.0523
53 1202 0.0522
53 152 0.0517
53 654 0.0517
53 402 0.0511
53 988 0.0507
53 1511 0.0507
53 682 0.0506
53 1018 0.0506
53 1073 0.0506
53 205 0.0502
53 299 0.0500
53 408 0.0500
53 568 0.0500
53 782 0.0500
53 896 0.0490
53 102 0.0482
53 645 0.0482
53 1180 0.0482
53 1038 0.0480
53 1131 0.0480
53 379 0.0478
53 588 0.0476
53 1193 0.0472
53 213 0.0471
53 1158 0.0469
53 1236 0.0467
53 1478 0.0467
53 1556 0.0466
53 80 0.0458
53 615 0.0458
53 1001 0.0458
53 753 0.0457
53 18 0.0454
53 926 0.0454
53 1079 0.0454
53 409 0.0451
53 891 0.0446
53 40 0.0443
53 421 0.0443
53 582 0.0443
53 889 0.0443
53 923 0.0430
53 337 0.0429
53 866 0.0429
53 1102 0.0429
53 1541 0.0429
53 964 0.0425
53 1159 0.0425
53 67 0.0422
53 169 0.0422
53 799 0.0422
53 941 0.0422
53 1583 0.0422
53 210 0.0419
53 821 0.0419
53 1315 0.0419
53 1007 0.0417
53 1101 0.0417
53 135 0.0416
53 712 0.0416
53 1256 0.0416
53 1156 0.0415
53 122 0.0413
53 1581 0.0413
53 66 0.0407
53 642 0.0407
53 966 0.0407
53 843 0.0404
53 1524 0.0404
53 321 0.0401
53 1057 0.0399
53 438 0.0396
53 301 0.0393
53 1562 0.0393
53 184 0.0391
53 345 0.0391
53 479 0.0391
53 1366 0.0388
53 1351 0.0383
53 1504 0.0383
53 1114 0.0381
53 1323 0.0379
53 28 0.0379
53 733 0.0379
53 1223 0.0376
53 1224 0.0376
53 1489 0.0374
53 1190 0.0374
53 785 0.0372
53 1237 0.0372
53 1279 0.0372
53 1154 0.0370
53 1388 0.0369
53 826 0.0368
53 981 0.0368
53 81 0.0366
53 208 0.0366
53 1464 0.0366
53 464 0.0364
53 1466 0.0363
53 468 0.0362
53 110 0.0360
53 374 0.0358
53 903 0.0358
53 271 0.0352
53 273 0.0350
53 1300 0.0350
53 1557 0.0350
53 253 0.0350
53 1398 0.0348
53 688 0.0348
53 1338 0.0348
53 1534 0.0348
53 256 0.0346
53 1479 0.0346
53 1480 0.0346
53 147 0.0345
53 706 0.0345
53 777 0.0345
53 1186 0.0345
53 79 0.0341
53 900 0.0341
53 930 0.0341
53 548 0.0340
53 897 0.0340
53 432 0.0338
53 475 0.0338
53 1178 0.0338
53 718 0.0336
53 1021 0.0336
53 47 0.0333
53 1467 0.0333
53 436 0.0330
53 1573 0.0330
53 425 0.0329
53 1289 0.0329
53 26 0.0327
53 725 0.0326
53 861 0.0326
53 1096 0.0326
53 894 0.0325
53 10 0.0324
53 355 0.0324
53 961 0.0323
53 70 0.0321
53 1024 0.0320
53 1067 0.0318
53 201 0.0317
53 1160 0.0317
53 17 0.0314
53 533 0.0313
53 547 0.0313
53 860 0.0313
53 1083 0.0313
53 1254 0.0312
53 1263 0.0312
53 1517 0.0309
53 383 0.0308
53 1386 0.0308
53 1148 0.0306
53 252 0.0304
53 363 0.0303
53 701 0.0303
53 979 0.0303
53 1089 0.0303
53 612 0.0301
53 919 0.0301
53 239 0.0300
53 1463 0.0300
53 1528 0.0299
53 1474 0.0295
53 1225 0.0293
53 289 0.0292
53 790 0.0292
53 1174 0.0291
53 1181 0.0291
53 1204 0.0291
53 1514 0.0291
53 1149 0.0289
53 1062 0.0288
53 109 0.0286
53 842 0.0286
53 1357 0.0286
53 94 0.0285
53 915 0.0285
53 1134 0.0284
53 1036 0.0283
53 1316 0.0277
53 125 0.0276
53 695 0.0275
53 846 0.0273
53 765 0.0269
53 1253 0.0269
53 1335 0.0269
53 216 0.0267
53 608 0.0267
53 1085 0.0267
53 190 0.0264
53 613 0.0264
53 394 0.0263
53 806 0.0263
53 994 0.0262
53 1105 0.0262
53 1226 0.0262
53 1427 0.0262
53 607 0.0262
53 1072 0.0262
53 1076 0.0262
53 1392 0.0259
53 44 0.0256
53 732 0.0256
53 751 0.0256
53 825 0.0256
53 960 0.0256
53 1207 0.0256
53 1391 0.0256
53 1252 0.0255
53 1544 0.0252
53 404 0.0251
53 459 0.0251
53 1163 0.0251
53 272 0.0250
53 1481 0.0249
53 424 0.0249
53 1098 0.0249
53 659 0.0248
53 97 0.0248
53 231 0.0248
53 1520 0.0246
53 1298 0.0245
53 1382 0.0245
53 519 0.0244
53 786 0.0243
53 1278 0.0243
53 594 0.0238
53 1301 0.0238
53 134 0.0237
53 1516 0.0237
53 365 0.0236
53 576 0.0236
53 1014 0.0236
53 364 0.0236
53 308 0.0234
53 1483 0.0234
53 522 0.0233
53 1113 0.0232
53 857 0.0229
53 114 0.0228
53 579 0.0227
53 829 0.0226
53 566 0.0225
53 711 0.0225
53 1411 0.0225
53 1233 0.0221
53 1406 0.0220
53 266 0.0220
53 173 0.0219
53 357 0.0219
53 1288 0.0217
53 611 0.0216
53 1086 0.0216
53 870 0.0214
53 909 0.0213
53 1128 0.0212
53 862 0.0212
53 391 0.0211
53 106 0.0210
53 1306 0.0210
53 895 0.0208
53 1048 0.0206
53 230 0.0205
53 750 0.0205
53 1119 0.0205
53 162 0.0202
53 1547 0.0202
53 916 0.0201
53 868 0.0200
53 1460 0.0198
53 126 0.0195
53 149 0.0191
53 244 0.0187
53 1578 0.0187
53 924 0.0187
53 380 0.0185
53 553 0.0185
53 1082 0.0185
53 1502 0.0185
53 1400 0.0182
53 1519 0.0179
53 1047 0.0177
53 1324 0.0175
53 724 0.0173
53 598 0.0170
53 351 0.0170
53 726 0.0166
53 1129 0.0166
53 331 0.0164
53 887 0.0163
53 269 0.0160
53 884 0.0159
53 754 0.0159
53 412 0.0155
53 1326 0.0153
53 1029 0.0153
53 1429 0.0152
53 1227 0.0150
53 1538 0.0150
53 233 0.0149
53 998 0.0149
53 1419 0.0149
53 723 0.0147
53 460 0.0145
53 871 0.0145
53 1136 0.0145
53 1140 0.0145
53 1251 0.0142
53 1532 0.0140
53 853 0.0137
53 189 0.0136
53 1084 0.0134
53 1199 0.0133
53 583 0.0132
53 1191 0.0129
53 587 0.0122
53 734 0.0122
53 883 0.0122
53 1410 0.0120
53 1282 0.0119
53 164 0.0119
53 1280 0.0118
53 5 0.0115
53 61 0.0105
53 1111 0.0091
54 1264 0.5067
54 1166 0.4298
54 1128 0.4203
54 1577 0.4135
54 854 0.4131
54 665 0.4035
54 447 0.3993
54 1551 0.3985
54 1345 0.3951
54 1466 0.3932
54 349 0.3929
54 438 0.3928
54 1350 0.3857
54 245 0.3799
54 1347 0.3708
54 297 0.3690
54 454 0.3626
54 1313 0.3605
54 1374 0.3592
54 250 0.3568
54 95 0.3565
54 1519 0.3546
54 1493 0.3538
54 535 0.3536
54 1133 0.3526
54 170 0.3514
54 1028 0.3513
54 423 0.3512
54 431 0.3472
54 933 0.3468
54 1534 0.3454
54 103 0.3450
54 437 0.3425
54 944 0.3408
54 1567 0.3402
54 991 0.3360
54 1492 0.3350
54 427 0.3339
54 733 0.3339
54 1469 0.3308
54 679 0.3287
54 909 0.3282
54 1423 0.3258
54 908 0.3240
54 839 0.3226
54 1375 0.3214
54 215 0.3212
54 593 0.3189
54 889 0.3172
54 1536 0.3161
54 1364 0.3119
54 649 0.3086
54 1311 0.3047
54 1301 0.3014
54 942 0.3012
54 585 0.2996
54 401 0.2996
54 1000 0.2981
54 329 0.2979
54 1221 0.2978
54 954 0.2952
54 817 0.2947
54 1352 0.2936
54 1526 0.2936
54 1290 0.2924
54 156 0.2917
54 436 0.2910
54 428 0.2880
54 705 0.2870
54 11 0.2849
54 426 0.2835
54 381 0.2817
54 1207 0.2817
54 1346 0.2795
54 879 0.2779
54 945 0.2759
54 1349 0.2757
54 1424 0.2738
54 672 0.2730
54 293 0.2729
54 1136 0.2725
54 1271 0.2723
54 658 0.2707
54 1494 0.2706
54 300 0.2691
54 1564 0.2673
54 243 0.2650
54 833 0.2646
54 422 0.2643
54 294 0.2632
54 1310 0.2624
54 1164 0.2610
54 1056 0.2607
54 1230 0.2606
54 230 0.2602
54 811 0.2590
54 1480 0.2571
54 614 0.2565
54 310 0.2559
54 127 0.2556
54 1177 0.2548
54 1289 0.2534
54 1342 0.2530
54 80 0.2525
54 573 0.2515
54 4 0.2511
54 193 0.2504
54 261 0.2453
54 1491 0.2453
54 1160 0.2446
54 875 0.2430
54 1031 0.2425
54 616 0.2422
54 1348 0.2415
54 334 0.2406
54 1409 0.2404
54 132 0.2390
54 1052 0.2381
54 1321 0.2377
54 265 0.2372
54 884 0.2371
54 1102 0.2362
54 366 0.2344
54 258 0.2339
54 676 0.2336
54 824 0.2327
54 1583 0.2326
54 375 0.2315
54 674 0.2311
54 1078 0.2309
54 1327 0.2309
54 574 0.2292
54 1531 0.2286
54 1127 0.2279
54 786 0.2277
54 1187 0.2275
54 60 0.2260
54 328 0.2254
54 960 0.2254
54 897 0.2245
54 1283 0.2233
54 1193 0.2212
54 1400 0.2204
54 915 0.2197
54 129 0.2197
54 1510 0.2194
54 781 0.2194
54 1134 0.2190
54 121 0.2182
54 716 0.2182
54 816 0.2182
54 1372 0.2182
54 190 0.2181
54 1272 0.2173
54 448 0.2168
54 912 0.2124
54 1340 0.2115
54 319 0.2097
54 459 0.2073
54 920 0.2057
54 1178 0.2048
54 952 0.2048
54 796 0.2045
54 335 0.2040
54 750 0.2033
54 1001 0.2020
54 1029 0.2020
54 669 0.2019
54 119 0.2015
54 1513 0.2015
54 1293 0.2004
54 63 0.2003
54 1365 0.1970
54 1362 0.1960
54 1074 0.1959
54 1490 0.1956
54 497 0.1945
54 804 0.1939
54 1225 0.1938
54 123 0.1929
54 1161 0.1920
54 424 0.1919
54 348 0.1906
54 927 0.1905
54 536 0.1899
54 1083 0.1898
54 1080 0.1890
54 49 0.1890
54 664 0.1890
54 94 0.1883
54 741 0.1883
54 994 0.1879
54 39 0.1878
54 680 0.1875
54 964 0.1875
54 1401 0.1867
54 640 0.1864
54 892 0.1861
54 362 0.1860
54 257 0.1853
54 651 0.1852
54 88 0.1847
54 446 0.1845
54 1282 0.1843
54 44 0.1836
54 164 0.1830
54 617 0.1823
54 526 0.1820
54 1026 0.1820
54 251 0.1818
54 53 0.1806
54 508 0.1802
54 641 0.1800
54 153 0.1793
54 485 0.1793
54 1108 0.1793
54 864 0.1786
54 9 0.1782
54 1246 0.1778
54 477 0.1771
54 70 0.1770
54 102 0.1770
54 870 0.1768
54 516 0.1757
54 507 0.1755
54 636 0.1746
54 115 0.1729
54 1565 0.1729
54 798 0.1725
54 1341 0.1722
54 902 0.1720
54 256 0.1718
54 904 0.1714
54 223 0.1709
54 484 0.1709
54 542 0.1704
54 327 0.1701
54 730 0.1701
54 1275 0.1695
54 41 0.1690
54 173 0.1687
54 1068 0.1684
54 1446 0.1680
54 753 0.1677
54 1462 0.1672
54 1016 0.1659
54 205 0.1658
54 1476 0.1653
54 163 0.1650
54 888 0.1645
54 1488 0.1645
54 1528 0.1645
54 1159 0.1641
54 785 0.1640
54 1063 0.1637
54 1455 0.1633
54 29 0.1628
54 736 0.1621
54 719 0.1620
54 858 0.1615
54 451 0.1604
54 1175 0.1604
54 1396 0.1604
54 1140 0.1603
54 356 0.1603
54 1097 0.1603
54 948 0.1593
54 1179 0.1576
54 1363 0.1576
54 642 0.1570
54 1516 0.1569
54 229 0.1568
54 1334 0.1567
54 1188 0.1558
54 1532 0.1548
54 267 0.1543
54 1579 0.1543
54 661 0.1541
54 684 0.1519
54 1421 0.1515
54 776 0.1512
54 799 0.1512
54 1132 0.1508
54 820 0.1504
54 32 0.1502
54 280 0.1502
54 1010 0.1499
54 675 0.1497
54 555 0.1489
54 703 0.1488
54 456 0.1482
54 1021 0.1482
54 510 0.1480
54 735 0.1476
54 291 0.1475
54 1171 0.1468
54 599 0.1461
54 38 0.1455
54 241 0.1455
54 1573 0.1455
54 249 0.1454
54 1314 0.1453
54 1223 0.1452
54 107 0.1452
54 434 0.1452
54 357 0.1446
54 797 0.1443
54 657 0.1443
54 595 0.1441
54 1222 0.1441
54 117 0.1440
54 577 0.1437
54 1458 0.1435
54 576 0.1431
54 355 0.1429
54 376 0.1429
54 1580 0.1429
54 1154 0.1426
54 259 0.1425
54 37 0.1417
54 1189 0.1409
54 1552 0.1404
54 873 0.1403
54 1032 0.1398
54 397 0.1392
54 106 0.1388
54 637 0.1386
54 210 0.1385
54 752 0.1385
54 1322 0.1380
54 83 0.1379
54 299 0.1378
54 433 0.1375
54 683 0.1375
54 13 0.1358
54 993 0.1358
54 938 0.1350
54 66 0.1346
54 211 0.1346
54 326 0.1336
54 449 0.1336
54 996 0.1336
54 147 0.1330
54 1103 0.1327
54 42 0.1323
54 307 0.1320
54 1104 0.1318
54 1150 0.1316
54 562 0.1316
54 808 0.1316
54 1008 0.1311
54 968 0.1309
54 760 0.1307
54 19 0.1303
54 213 0.1298
54 572 0.1296
54 838 0.1291
54 1366 0.1284
54 452 0.1282
54 148 0.1274
54 1287 0.1274
54 1575 0.1274
54 581 0.1273
54 338 0.1271
54 490 0.1269
54 1245 0.1268
54 331 0.1267
54 450 0.1264
54 1333 0.1263
54 517 0.1260
54 694 0.1260
54 1165 0.1260
54 43 0.1260
54 109 0.1260
54 399 0.1260
54 539 0.1260
54 1013 0.1260
54 1096 0.1256
54 93 0.1246
54 305 0.1245
54 30 0.1243
54 361 0.1239
54 244 0.1237
54 780 0.1237
54 812 0.1237
54 1436 0.1237
54 663 0.1233
54 85 0.1226
54 1095 0.1212
54 1111 0.1209
54 24 0.1200
54 763 0.1200
54 1019 0.1200
54 382 0.1195
54 481 0.1176
54 528 0.1166
54 1240 0.1165
54 169 0.1163
54 1227 0.1160
54 1265 0.1153
54 183 0.1151
54 342 0.1151
54 1273 0.1149
54 712 0.1146
54 1120 0.1145
54 1330 0.1145
54 524 0.1140
54 154 0.1138
54 474 0.1131
54 689 0.1129
54 114 0.1129
54 1025 0.1128
54 715 0.1118
54 1390 0.1118
54 432 0.1117
54 988 0.1117
54 1511 0.1117
54 162 0.1114
54 8 0.1112
54 171 0.1112
54 561 0.1112
54 312 0.1110
54 832 0.1107
54 1302 0.1106
54 195 0.1103
54 1303 0.1101
54 333 0.1100
54 1129 0.1096
54 558 0.1096
54 14 0.1091
54 354 0.1091
54 1569 0.1091
54 1247 0.1084
54 603 0.1080
54 277 0.1071
54 532 0.1069
54 281 0.1067
54 774 0.1063
54 82 0.1063
54 925 0.1061
54 465 0.1059
54 810 0.1057
54 1123 0.1057
54 379 0.1053
54 775 0.1053
54 111 0.1048
54 865 0.1048
54 145 0.1044
54 953 0.1038
54 1550 0.1038
54 533 0.1035
54 1483 0.1031
54 1489 0.1031
54 958 0.1029
54 351 0.1028
54 412 0.1027
54 172 0.1025
54 1398 0.1024
54 720 0.1019
54 1249 0.1019
54 383 0.1018
54 394 0.1015
54 1318 0.1010
54 138 0.1006
54 371 0.1006
54 1542 0.1004
54 363 0.1002
54 1141 0.1002
54 1208 0.1002
54 463 0.1001
54 493 0.1001
54 1367 0.1001
54 747 0.0994
54 1568 0.0993
54 600 0.0991
54 827 0.0991
54 233 0.0987
54 794 0.0984
54 1419 0.0983
54 389 0.0976
54 40 0.0976
54 1297 0.0970
54 91 0.0965
54 1324 0.0964
54 686 0.0960
54 1197 0.0960
54 240 0.0955
54 1149 0.0955
54 473 0.0952
54 255 0.0948
54 783 0.0945
54 179 0.0943
54 592 0.0943
54 519 0.0940
54 563 0.0938
54 1130 0.0938
54 1399 0.0938
54 1278 0.0935
54 1533 0.0932
54 928 0.0930
54 759 0.0929
54 885 0.0927
54 1379 0.0926
54 192 0.0924
54 118 0.0910
54 695 0.0908
54 1192 0.0908
54 1447 0.0904
54 1452 0.0904
54 648 0.0896
54 662 0.0891
54 216 0.0883
54 1057 0.0879
54 1530 0.0873
54 1069 0.0870
54 962 0.0870
54 140 0.0867
54 270 0.0867
54 1570 0.0867
54 973 0.0866
54 655 0.0861
54 1470 0.0857
54 403 0.0855
54 740 0.0850
54 1582 0.0850
54 570 0.0850
54 638 0.0849
54 1064 0.0848
54 444 0.0845
54 732 0.0845
54 1394 0.0845
54 1351 0.0845
54 1332 0.0843
54 149 0.0840
54 1050 0.0840
54 1114 0.0840
54 1288 0.0838
54 1203 0.0838
54 1073 0.0836
54 979 0.0835
54 248 0.0835
54 625 0.0832
54 722 0.0832
54 1093 0.0832
54 961 0.0830
54 564 0.0830
54 264 0.0827
54 146 0.0825
54 606 0.0825
54 977 0.0825
54 699 0.0820
54 231 0.0818
54 1381 0.0816
54 1162 0.0813
54 587 0.0810
54 486 0.0810
54 81 0.0806
54 90 0.0806
54 1109 0.0806
54 790 0.0804
54 795 0.0804
54 222 0.0801
54 835 0.0801
54 393 0.0796
54 367 0.0792
54 549 0.0791
54 15 0.0788
54 374 0.0788
54 478 0.0788
54 59 0.0786
54 773 0.0785
54 191 0.0784
54 20 0.0780
54 1540 0.0779
54 1054 0.0777
54 429 0.0776
54 652 0.0776
54 613 0.0775
54 308 0.0773
54 284 0.0772
54 306 0.0772
54 744 0.0768
54 836 0.0761
54 706 0.0760
54 125 0.0759
54 1529 0.0758
54 203 0.0756
54 1468 0.0756
54 1070 0.0752
54 54 0.0748
54 254 0.0748
54 370 0.0748
54 1277 0.0748
54 1100 0.0744
54 580 0.0742
54 298 0.0741
54 856 0.0741
54 531 0.0738
54 1087 0.0738
54 469 0.0734
54 653 0.0734
54 198 0.0732
54 200 0.0727
54 346 0.0727
54 677 0.0727
54 1456 0.0725
54 425 0.0724
54 1457 0.0724
54 1417 0.0720
54 887 0.0717
54 656 0.0714
54 1170 0.0714
54 384 0.0709
54 764 0.0708
54 975 0.0708
54 395 0.0706
54 1024 0.0705
54 221 0.0703
54 697 0.0702
54 1006 0.0702
54 591 0.0699
54 848 0.0698
54 941 0.0698
54 1512 0.0696
54 61 0.0694
54 435 0.0693
54 1418 0.0693
54 404 0.0691
54 1037 0.0688
54 1438 0.0688
54 242 0.0683
54 1217 0.0683
54 406 0.0682
54 629 0.0682
54 320 0.0679
54 386 0.0679
54 597 0.0679
54 618 0.0679
54 746 0.0679
54 772 0.0679
54 1387 0.0676
54 1501 0.0675
54 1495 0.0673
54 318 0.0673
54 68 0.0671
54 1022 0.0671
54 1030 0.0671
54 86 0.0668
54 843 0.0668
54 246 0.0668
54 55 0.0666
54 793 0.0664
54 518 0.0659
54 224 0.0658
54 1125 0.0658
54 1232 0.0658
54 1498 0.0658
54 296 0.0655
54 692 0.0653
54 301 0.0650
54 345 0.0646
54 289 0.0643
54 1181 0.0641
54 455 0.0640
54 1113 0.0639
54 929 0.0634
54 557 0.0634
54 1043 0.0634
54 75 0.0632
54 50 0.0630
54 985 0.0630
54 1357 0.0630
54 1309 0.0626
54 1034 0.0626
54 1176 0.0623
54 212 0.0621
54 502 0.0619
54 1578 0.0619
54 304 0.0617
54 605 0.0615
54 685 0.0613
54 1049 0.0613
54 136 0.0611
54 1117 0.0608
54 972 0.0605
54 702 0.0603
54 846 0.0601
54 64 0.0598
54 124 0.0598
54 263 0.0598
54 410 0.0598
54 1041 0.0598
54 1508 0.0598
54 903 0.0591
54 627 0.0590
54 822 0.0590
54 1012 0.0590
54 186 0.0588
54 511 0.0583
54 538 0.0583
54 578 0.0583
54 390 0.0580
54 707 0.0580
54 1427 0.0578
54 1072 0.0576
54 204 0.0576
54 1356 0.0575
54 895 0.0574
54 217 0.0571
54 152 0.0570
54 445 0.0570
54 654 0.0570
54 1554 0.0570
54 322 0.0564
54 1484 0.0564
54 185 0.0563
54 751 0.0563
54 1148 0.0563
54 803 0.0557
54 1426 0.0553
54 321 0.0552
54 116 0.0551
54 458 0.0551
54 1481 0.0550
54 1319 0.0540
54 1382 0.0540
54 830 0.0539
54 1355 0.0536
54 1395 0.0533
54 443 0.0531
54 1378 0.0531
54 1185 0.0529
54 1142 0.0527
54 588 0.0524
54 1058 0.0524
54 1380 0.0522
54 36 0.0522
54 987 0.0520
54 353 0.0519
54 416 0.0519
54 476 0.0519
54 1254 0.0515
54 844 0.0514
54 1478 0.0514
54 417 0.0510
54 841 0.0505
54 1242 0.0505
54 1482 0.0505
54 1373 0.0503
54 1353 0.0501
54 949 0.0499
54 1308 0.0497
54 22 0.0496
54 180 0.0496
54 202 0.0496
54 566 0.0496
54 1168 0.0496
54 805 0.0493
54 906 0.0492
54 181 0.0488
54 1451 0.0486
54 1548 0.0484
54 247 0.0484
54 1055 0.0484
54 1496 0.0484
54 309 0.0483
54 1370 0.0483
54 768 0.0481
54 784 0.0479
54 609 0.0476
54 466 0.0472
54 1044 0.0469
54 602 0.0469
54 766 0.0469
54 713 0.0465
54 742 0.0465
54 1315 0.0462
54 1571 0.0462
54 1101 0.0459
54 135 0.0458
54 174 0.0458
54 262 0.0458
54 377 0.0458
54 704 0.0458
54 876 0.0458
54 1291 0.0458
54 506 0.0455
54 1360 0.0455
54 1581 0.0455
54 150 0.0452
54 565 0.0452
54 1535 0.0452
54 315 0.0449
54 344 0.0449
54 1524 0.0445
54 916 0.0442
54 196 0.0439
54 567 0.0436
54 139 0.0434
54 554 0.0434
54 1270 0.0432
54 184 0.0431
54 1020 0.0426
54 1106 0.0420
54 28 0.0417
54 489 0.0417
54 1407 0.0417
54 268 0.0415
54 1224 0.0415
54 227 0.0412
54 237 0.0412
54 380 0.0408
54 1502 0.0408
54 1388 0.0407
54 981 0.0405
54 896 0.0405
54 1442 0.0403
54 468 0.0398
54 999 0.0398
54 556 0.0396
54 69 0.0394
54 1274 0.0392
54 365 0.0390
54 168 0.0388
54 462 0.0388
54 273 0.0386
54 487 0.0386
54 815 0.0386
54 969 0.0386
54 550 0.0384
54 724 0.0382
54 1371 0.0380
54 632 0.0378
54 1499 0.0378
54 1444 0.0377
54 1549 0.0374
54 475 0.0372
54 630 0.0372
54 738 0.0372
54 970 0.0372
54 405 0.0371
54 1425 0.0371
54 47 0.0367
54 496 0.0367
54 1467 0.0367
54 1182 0.0365
54 74 0.0364
54 288 0.0364
54 769 0.0364
54 1572 0.0364
54 509 0.0362
54 922 0.0362
54 26 0.0360
54 482 0.0357
54 1566 0.0357
54 1354 0.0356
54 1205 0.0354
54 128 0.0354
54 144 0.0354
54 650 0.0354
54 1180 0.0354
54 1244 0.0354
54 1281 0.0354
54 1067 0.0351
54 693 0.0350
54 101 0.0349
54 201 0.0349
54 292 0.0349
54 633 0.0349
54 700 0.0349
54 754 0.0349
54 559 0.0347
54 98 0.0345
54 282 0.0345
54 1039 0.0345
54 1414 0.0345
54 48 0.0344
54 589 0.0342
54 1517 0.0341
54 1218 0.0339
54 1386 0.0339
54 84 0.0334
54 194 0.0334
54 52 0.0331
54 1339 0.0331
54 1538 0.0330
54 1153 0.0329
54 1402 0.0328
54 723 0.0323
54 871 0.0321
54 1514 0.0321
54 855 0.0316
54 1075 0.0316
54 842 0.0315
54 414 0.0313
54 1077 0.0313
54 982 0.0311
54 1238 0.0309
54 1403 0.0308
54 914 0.0307
54 1336 0.0307
54 330 0.0306
54 1144 0.0305
54 1156 0.0305
54 46 0.0302
54 853 0.0302
54 1210 0.0301
54 1239 0.0300
54 189 0.0299
54 1267 0.0299
54 980 0.0297
54 1053 0.0296
54 1253 0.0296
54 770 0.0295
54 1035 0.0295
54 1248 0.0295
54 608 0.0294
54 1085 0.0294
54 1503 0.0294
54 1199 0.0293
54 727 0.0292
54 1211 0.0292
54 1260 0.0292
54 806 0.0290
54 1105 0.0289
54 1226 0.0289
54 1094 0.0288
54 984 0.0287
54 1439 0.0286
54 72 0.0285
54 89 0.0285
54 402 0.0282
54 467 0.0282
54 521 0.0279
54 681 0.0279
54 303 0.0279
54 272 0.0276
54 1065 0.0274
54 1298 0.0270
54 1432 0.0267
54 1487 0.0267
54 1216 0.0265
54 134 0.0261
54 709 0.0261
54 1280 0.0259
54 253 0.0257
54 311 0.0257
54 1292 0.0257
54 965 0.0255
54 99 0.0253
54 847 0.0253
54 1284 0.0253
54 1453 0.0251
54 1558 0.0250
54 863 0.0249
54 137 0.0249
54 411 0.0248
54 1411 0.0248
54 1317 0.0248
54 787 0.0247
54 1116 0.0246
54 852 0.0243
54 631 0.0242
54 1507 0.0242
54 708 0.0240
54 611 0.0239
54 337 0.0236
54 1257 0.0236
54 1416 0.0236
54 862 0.0233
54 391 0.0233
54 1215 0.0233
54 488 0.0231
54 73 0.0229
54 1537 0.0229
54 1048 0.0227
54 1258 0.0218
54 1460 0.0218
54 178 0.0217
54 479 0.0215
54 921 0.0214
54 441 0.0213
54 503 0.0210
54 1323 0.0209
54 801 0.0209
54 3 0.0207
54 108 0.0206
54 924 0.0206
54 1051 0.0205
54 1066 0.0205
54 1279 0.0205
54 1082 0.0204
54 668 0.0203
54 537 0.0201
54 1543 0.0200
54 480 0.0197
54 907 0.0196
54 983 0.0196
54 688 0.0192
54 1122 0.0192
54 1509 0.0189
54 963 0.0188
54 235 0.0187
54 548 0.0187
54 598 0.0187
54 880 0.0184
54 789 0.0182
54 372 0.0181
54 1344 0.0181
54 620 0.0180
54 1229 0.0180
54 21 0.0179
54 725 0.0179
54 874 0.0179
54 492 0.0178
54 840 0.0177
54 762 0.0175
54 1518 0.0175
54 17 0.0173
54 547 0.0173
54 788 0.0171
54 691 0.0169
54 918 0.0166
54 813 0.0165
54 959 0.0165
54 155 0.0164
54 1377 0.0164
54 976 0.0163
54 743 0.0161
54 866 0.0157
54 1251 0.0156
54 1036 0.0156
54 1369 0.0154
54 1505 0.0154
54 78 0.0153
54 583 0.0146
54 1461 0.0145
54 737 0.0142
54 670 0.0142
54 1504 0.0141
54 671 0.0140
54 1163 0.0138
54 1098 0.0137
54 97 0.0136
54 1358 0.0134
54 1441 0.0131
54 1014 0.0130
54 696 0.0129
54 5 0.0126
54 829 0.0125
54 1465 0.0124
54 1009 0.0121
54 1007 0.0115
54 1440 0.0113
54 1046 0.0111
54 868 0.0110
54 771 0.0100
54 1190 0.0082
55 617 0.3508
55 1132 0.2193
55 1332 0.2003
55 1394 0.1865
55 1453 0.1664
55 245 0.1479
55 422 0.1436
55 1577 0.1404
55 1564 0.1361
55 491 0.1347
55 991 0.1283
55 944 0.1279
55 297 0.1252
55 454 0.1231
55 1404 0.1217
55 1102 0.1203
55 1290 0.1191
55 1310 0.1188
55 593 0.1181
55 566 0.1179
55 1485 0.1177
55 665 0.1174
55 524 0.1161
55 858 0.1151
55 423 0.1150
55 41 0.1148
55 328 0.1148
55 381 0.1148
55 897 0.1143
55 424 0.1117
55 1134 0.1115
55 436 0.1111
55 816 0.1111
55 1261 0.1111
55 945 0.1093
55 401 0.1090
55 70 0.1081
55 1165 0.1069
55 1264 0.1068
55 302 0.1048
55 230 0.1037
55 1374 0.1024
55 1166 0.1021
55 1196 0.1017
55 670 0.1013
55 1221 0.1011
55 215 0.1006
55 95 0.0990
55 156 0.0990
55 428 0.0978
55 265 0.0966
55 366 0.0955
55 1128 0.0951
55 362 0.0947
55 1193 0.0927
55 1344 0.0922
55 334 0.0919
55 1494 0.0919
55 679 0.0913
55 349 0.0909
55 281 0.0905
55 538 0.0891
55 636 0.0889
55 1437 0.0883
55 798 0.0878
55 1348 0.0878
55 484 0.0870
55 854 0.0870
55 1000 0.0867
55 53 0.0849
55 447 0.0847
55 785 0.0835
55 507 0.0825
55 1321 0.0807
55 94 0.0799
55 335 0.0799
55 1177 0.0798
55 658 0.0787
55 696 0.0786
55 1127 0.0774
55 1471 0.0774
55 1567 0.0770
55 1353 0.0765
55 1010 0.0763
55 485 0.0761
55 298 0.0755
55 1053 0.0754
55 378 0.0748
55 40 0.0745
55 781 0.0745
55 716 0.0741
55 1573 0.0741
55 434 0.0739
55 595 0.0734
55 1222 0.0734
55 904 0.0727
55 102 0.0721
55 585 0.0718
55 680 0.0716
55 892 0.0711
55 88 0.0705
55 192 0.0705
55 103 0.0703
55 1345 0.0700
55 672 0.0695
55 1187 0.0695
55 13 0.0691
55 66 0.0685
55 1536 0.0678
55 1313 0.0668
55 438 0.0667
55 1074 0.0665
55 1435 0.0665
55 933 0.0662
55 497 0.0660
55 572 0.0660
55 795 0.0655
55 1448 0.0654
55 170 0.0651
55 516 0.0651
55 577 0.0651
55 327 0.0650
55 581 0.0648
55 49 0.0642
55 586 0.0642
55 902 0.0637
55 30 0.0633
55 908 0.0629
55 446 0.0626
55 1491 0.0624
55 695 0.0616
55 1192 0.0616
55 119 0.0615
55 846 0.0612
55 1210 0.0612
55 1469 0.0612
55 1179 0.0602
55 1365 0.0602
55 477 0.0601
55 229 0.0599
55 437 0.0598
55 258 0.0595
55 727 0.0594
55 1260 0.0594
55 824 0.0592
55 249 0.0592
55 707 0.0590
55 649 0.0589
55 938 0.0589
55 1534 0.0586
55 1202 0.0585
55 1371 0.0580
55 474 0.0576
55 257 0.0566
55 47 0.0561
55 288 0.0556
55 1063 0.0556
55 760 0.0555
55 525 0.0553
55 851 0.0548
55 786 0.0546
55 817 0.0546
55 376 0.0546
55 1490 0.0543
55 1466 0.0543
55 721 0.0535
55 319 0.0534
55 341 0.0534
55 588 0.0534
55 700 0.0534
55 1160 0.0534
55 1346 0.0534
55 375 0.0524
55 148 0.0519
55 250 0.0519
55 535 0.0514
55 753 0.0512
55 1350 0.0512
55 32 0.0510
55 280 0.0510
55 839 0.0505
55 1225 0.0493
55 452 0.0490
55 1181 0.0490
55 1514 0.0490
55 1019 0.0489
55 1052 0.0485
55 1580 0.0485
55 1130 0.0477
55 243 0.0476
55 1546 0.0475
55 169 0.0474
55 752 0.0470
55 1327 0.0470
55 574 0.0467
55 1175 0.0467
55 122 0.0463
55 526 0.0463
55 948 0.0463
55 1581 0.0463
55 676 0.0460
55 739 0.0458
55 211 0.0457
55 300 0.0457
55 329 0.0455
55 461 0.0447
55 448 0.0442
55 921 0.0436
55 1173 0.0436
55 1582 0.0433
55 228 0.0430
55 661 0.0428
55 193 0.0425
55 427 0.0425
55 1304 0.0424
55 305 0.0422
55 812 0.0420
55 1436 0.0420
55 1578 0.0420
55 705 0.0417
55 63 0.0408
55 356 0.0408
55 15 0.0401
55 69 0.0401
55 478 0.0401
55 903 0.0401
55 123 0.0393
55 183 0.0391
55 1476 0.0388
55 730 0.0385
55 1005 0.0385
55 1080 0.0385
55 1499 0.0385
55 1509 0.0385
55 1150 0.0383
55 351 0.0381
55 653 0.0374
55 1171 0.0374
55 251 0.0370
55 331 0.0369
55 425 0.0369
55 508 0.0367
55 1458 0.0365
55 864 0.0364
55 870 0.0360
55 1123 0.0359
55 1340 0.0359
55 909 0.0358
55 1552 0.0357
55 1164 0.0354
55 589 0.0348
55 317 0.0347
55 320 0.0346
55 246 0.0340
55 449 0.0340
55 52 0.0338
55 1227 0.0338
55 947 0.0325
55 312 0.0323
55 50 0.0321
55 426 0.0321
55 741 0.0320
55 1077 0.0319
55 873 0.0317
55 261 0.0312
55 1133 0.0312
55 1230 0.0312
55 932 0.0308
55 1459 0.0308
55 1070 0.0306
55 648 0.0304
55 1041 0.0304
55 555 0.0303
55 1084 0.0301
55 735 0.0301
55 453 0.0297
55 578 0.0297
55 1565 0.0293
55 445 0.0290
55 1554 0.0290
55 960 0.0287
55 1189 0.0287
55 1207 0.0287
55 1073 0.0284
55 1147 0.0284
55 1163 0.0281
55 92 0.0281
55 299 0.0281
55 782 0.0281
55 1349 0.0281
55 1098 0.0279
55 603 0.0275
55 179 0.0274
55 532 0.0272
55 833 0.0269
55 1301 0.0267
55 365 0.0265
55 1188 0.0264
55 1280 0.0264
55 1483 0.0262
55 841 0.0257
55 1333 0.0257
55 1421 0.0257
55 493 0.0255
55 93 0.0254
55 1568 0.0253
55 1116 0.0251
55 1341 0.0251
55 357 0.0245
55 24 0.0244
55 1023 0.0242
55 1159 0.0239
55 391 0.0237
55 799 0.0237
55 848 0.0237
55 1347 0.0236
55 210 0.0235
55 1078 0.0235
55 1342 0.0234
55 262 0.0233
55 712 0.0233
55 1291 0.0233
55 1360 0.0232
55 1440 0.0231
55 1452 0.0230
55 1526 0.0230
55 642 0.0228
55 1334 0.0228
55 942 0.0227
55 162 0.0227
55 793 0.0225
55 877 0.0224
55 1057 0.0224
55 1271 0.0222
55 1247 0.0221
55 703 0.0217
55 740 0.0217
55 774 0.0217
55 517 0.0214
55 1446 0.0214
55 489 0.0213
55 599 0.0213
55 1016 0.0211
55 1223 0.0211
55 502 0.0210
55 780 0.0210
55 1433 0.0209
55 380 0.0208
55 1082 0.0208
55 1111 0.0205
55 1513 0.0205
55 600 0.0202
55 510 0.0201
55 1362 0.0200
55 1047 0.0198
55 1364 0.0198
55 462 0.0197
55 804 0.0197
55 431 0.0196
55 342 0.0195
55 1120 0.0194
55 684 0.0193
55 291 0.0188
55 838 0.0188
55 469 0.0187
55 496 0.0187
55 867 0.0185
55 1172 0.0185
55 1289 0.0184
55 1423 0.0184
55 26 0.0183
55 1096 0.0183
55 1354 0.0181
55 361 0.0180
55 645 0.0180
55 810 0.0179
55 591 0.0178
55 754 0.0178
55 1032 0.0178
55 397 0.0177
55 1069 0.0177
55 1512 0.0177
55 637 0.0176
55 1031 0.0176
55 533 0.0176
55 1083 0.0176
55 542 0.0174
55 796 0.0174
55 383 0.0173
55 638 0.0173
55 1401 0.0173
55 1326 0.0172
55 979 0.0170
55 625 0.0169
55 813 0.0168
55 233 0.0168
55 1008 0.0167
55 1419 0.0167
55 1531 0.0166
55 289 0.0164
55 309 0.0164
55 1370 0.0164
55 871 0.0163
55 929 0.0162
55 985 0.0160
55 915 0.0160
55 1384 0.0157
55 1336 0.0156
55 330 0.0156
55 836 0.0155
55 189 0.0152
55 186 0.0150
55 190 0.0148
55 806 0.0148
55 994 0.0147
55 1427 0.0147
55 1392 0.0145
55 1020 0.0145
55 325 0.0144
55 1064 0.0144
55 467 0.0143
55 404 0.0141
55 459 0.0141
55 1224 0.0141
55 333 0.0140
55 896 0.0137
55 592 0.0137
55 925 0.0135
55 1378 0.0135
55 1363 0.0134
55 576 0.0132
55 1028 0.0132
55 308 0.0131
55 114 0.0128
55 863 0.0127
55 787 0.0126
55 1240 0.0119
55 486 0.0118
55 1272 0.0116
55 549 0.0115
55 1148 0.0115
55 1046 0.0113
55 759 0.0105
55 613 0.0099
55 729 0.0096
55 1302 0.0087
56 955 0.3833
56 844 0.3043
56 1176 0.2951
56 951 0.2599
56 697 0.2491
56 1264 0.2481
56 297 0.2425
56 1175 0.2169
56 593 0.2058
56 1342 0.2041
56 845 0.1835
56 1384 0.1826
56 342 0.1816
56 438 0.1807
56 383 0.1807
56 846 0.1779
56 897 0.1771
56 1568 0.1762
56 198 0.1732
56 781 0.1730
56 278 0.1721
56 245 0.1719
56 1166 0.1695
56 1130 0.1664
56 1128 0.1658
56 1476 0.1655
56 1577 0.1631
56 377 0.1627
56 162 0.1581
56 8 0.1535
56 156 0.1534
56 47 0.1520
56 1171 0.1520
56 676 0.1516
56 170 0.1512
56 1582 0.1509
56 1466 0.1498
56 944 0.1486
56 1578 0.1464
56 422 0.1460
56 785 0.1455
56 736 0.1438
56 454 0.1430
56 1212 0.1414
56 15 0.1399
56 1363 0.1399
56 1102 0.1398
56 477 0.1397
56 1035 0.1397
56 1193 0.1385
56 1290 0.1384
56 499 0.1380
56 88 0.1366
56 665 0.1364
56 484 0.1348
56 423 0.1336
56 328 0.1333
56 381 0.1333
56 630 0.1322
56 1467 0.1303
56 94 0.1300
56 436 0.1291
56 816 0.1291
56 776 0.1278
56 368 0.1278
56 401 0.1266
56 1564 0.1265
56 70 0.1257
56 465 0.1252
56 991 0.1242
56 798 0.1225
56 658 0.1220
56 1424 0.1215
56 617 0.1199
56 1529 0.1195
56 1374 0.1190
56 280 0.1185
56 1221 0.1174
56 215 0.1169
56 954 0.1164
56 1364 0.1153
56 95 0.1150
56 743 0.1146
56 161 0.1145
56 428 0.1136
56 1534 0.1135
56 609 0.1127
56 1134 0.1110
56 362 0.1100
56 261 0.1088
56 1230 0.1088
56 275 0.1085
56 574 0.1085
56 1028 0.1078
56 1581 0.1077
56 1241 0.1074
56 230 0.1071
56 642 0.1061
56 679 0.1061
56 349 0.1056
56 281 0.1052
56 1053 0.1051
56 770 0.1048
56 1310 0.1035
56 1160 0.1034
56 636 0.1033
56 301 0.1026
56 345 0.1019
56 1132 0.1019
56 1448 0.1013
56 854 0.1011
56 1000 0.1008
56 1018 0.0989
56 1073 0.0989
56 427 0.0988
56 53 0.0986
56 55 0.0984
56 447 0.0984
56 265 0.0982
56 239 0.0977
56 188 0.0976
56 424 0.0973
56 1237 0.0970
56 1433 0.0970
56 380 0.0964
56 1225 0.0955
56 786 0.0951
56 600 0.0938
56 1321 0.0938
56 1177 0.0927
56 652 0.0918
56 387 0.0913
56 945 0.0907
56 1127 0.0899
56 687 0.0894
56 1201 0.0894
56 1234 0.0894
56 1343 0.0894
56 1567 0.0894
56 930 0.0890
56 485 0.0884
56 1465 0.0883
56 566 0.0881
56 33 0.0861
56 716 0.0861
56 867 0.0861
56 434 0.0859
56 331 0.0857
56 425 0.0857
56 1361 0.0857
56 508 0.0853
56 904 0.0845
56 158 0.0845
56 102 0.0838
56 585 0.0834
56 1394 0.0833
56 366 0.0832
56 680 0.0832
56 1159 0.0832
56 799 0.0826
56 892 0.0826
56 103 0.0816
56 712 0.0813
56 1291 0.0813
56 1345 0.0813
56 672 0.0808
56 1187 0.0808
56 13 0.0803
56 386 0.0803
56 1091 0.0803
56 1218 0.0803
56 1022 0.0794
56 1536 0.0787
56 819 0.0778
56 1167 0.0778
56 1313 0.0776
56 1074 0.0773
56 933 0.0769
56 497 0.0767
56 572 0.0767
56 516 0.0756
56 312 0.0751
56 1062 0.0751
56 49 0.0745
56 842 0.0745
56 1165 0.0745
56 1407 0.0741
56 902 0.0740
56 30 0.0735
56 446 0.0728
56 25 0.0725
56 85 0.0725
56 1491 0.0725
56 932 0.0716
56 119 0.0715
56 334 0.0712
56 1469 0.0712
56 1494 0.0712
56 1108 0.0707
56 980 0.0703
56 1365 0.0699
56 778 0.0698
56 229 0.0696
56 437 0.0695
56 258 0.0692
56 727 0.0690
56 1211 0.0690
56 824 0.0688
56 649 0.0685
56 938 0.0685
56 1222 0.0682
56 1170 0.0676
56 259 0.0674
56 654 0.0674
56 748 0.0674
56 1119 0.0668
56 41 0.0667
56 1332 0.0665
56 351 0.0663
56 682 0.0659
56 257 0.0658
56 1021 0.0658
56 116 0.0652
56 782 0.0652
56 1063 0.0645
56 760 0.0644
56 507 0.0639
56 896 0.0639
56 817 0.0634
56 874 0.0634
56 1490 0.0631
56 1038 0.0626
56 319 0.0620
56 341 0.0620
56 1301 0.0620
56 476 0.0614
56 375 0.0609
56 958 0.0609
56 148 0.0603
56 250 0.0603
56 1386 0.0602
56 615 0.0598
56 1001 0.0598
56 535 0.0598
56 753 0.0595
56 1350 0.0595
56 114 0.0594
56 449 0.0593
56 18 0.0592
56 32 0.0592
56 787 0.0585
56 40 0.0577
56 889 0.0577
56 558 0.0576
56 452 0.0569
56 708 0.0568
56 577 0.0567
56 1052 0.0563
56 1580 0.0563
56 337 0.0559
56 384 0.0559
56 335 0.0557
56 915 0.0557
56 964 0.0555
56 243 0.0553
56 1036 0.0553
56 169 0.0550
56 941 0.0550
56 1583 0.0550
56 908 0.0548
56 1379 0.0548
56 192 0.0546
56 210 0.0546
56 752 0.0546
56 821 0.0546
56 1078 0.0546
56 1327 0.0546
56 895 0.0543
56 1101 0.0543
56 135 0.0542
56 526 0.0538
56 695 0.0537
56 565 0.0535
56 1010 0.0532
56 211 0.0531
56 300 0.0531
56 315 0.0531
56 966 0.0531
56 329 0.0529
56 843 0.0527
56 196 0.0520
56 1460 0.0516
56 190 0.0516
56 249 0.0516
56 806 0.0514
56 448 0.0513
56 994 0.0513
56 1307 0.0513
56 1562 0.0513
56 184 0.0510
56 737 0.0506
56 165 0.0503
56 327 0.0503
56 703 0.0503
56 1231 0.0500
56 1446 0.0497
56 28 0.0494
56 193 0.0494
56 733 0.0494
56 305 0.0491
56 404 0.0491
56 459 0.0491
56 780 0.0488
56 812 0.0488
56 1489 0.0488
56 705 0.0485
56 231 0.0484
56 1154 0.0482
56 1388 0.0482
56 208 0.0477
56 356 0.0474
56 1561 0.0474
56 225 0.0471
56 468 0.0471
56 556 0.0469
56 478 0.0466
56 365 0.0462
56 308 0.0457
56 1483 0.0457
56 123 0.0456
56 183 0.0454
56 688 0.0454
56 256 0.0452
56 1480 0.0451
56 730 0.0447
56 1080 0.0447
56 857 0.0447
56 79 0.0445
56 1150 0.0445
56 432 0.0441
56 988 0.0441
56 298 0.0439
56 710 0.0439
56 718 0.0439
56 838 0.0436
56 251 0.0430
56 1573 0.0430
56 357 0.0428
56 595 0.0426
56 725 0.0424
56 861 0.0424
56 355 0.0423
56 376 0.0423
56 864 0.0423
56 361 0.0419
56 650 0.0419
56 764 0.0419
56 840 0.0419
56 912 0.0419
56 1180 0.0419
56 870 0.0418
56 810 0.0417
56 1340 0.0417
56 909 0.0416
56 666 0.0415
56 1552 0.0415
56 201 0.0413
56 1346 0.0413
56 1164 0.0412
56 486 0.0411
56 547 0.0408
56 1348 0.0408
56 1254 0.0407
56 589 0.0405
56 317 0.0403
56 1302 0.0403
56 320 0.0402
56 638 0.0402
56 1401 0.0402
56 474 0.0402
56 246 0.0395
56 1089 0.0395
56 612 0.0392
56 919 0.0392
56 959 0.0391
56 1463 0.0391
56 1190 0.0390
56 1528 0.0389
56 891 0.0388
56 1381 0.0386
56 1181 0.0379
56 1204 0.0379
56 1514 0.0379
56 784 0.0378
56 581 0.0377
56 923 0.0374
56 1075 0.0374
56 50 0.0373
56 426 0.0373
56 866 0.0373
56 1357 0.0373
56 741 0.0371
56 873 0.0369
56 1133 0.0363
56 1316 0.0362
56 1156 0.0360
56 125 0.0359
56 1070 0.0356
56 1210 0.0356
56 648 0.0354
56 731 0.0354
56 1041 0.0354
56 1508 0.0354
56 555 0.0352
56 1253 0.0350
56 1335 0.0350
56 510 0.0350
56 186 0.0348
56 608 0.0348
56 1085 0.0348
56 879 0.0346
56 578 0.0345
56 1461 0.0344
56 1427 0.0342
56 607 0.0341
56 1565 0.0341
56 1202 0.0340
56 445 0.0337
56 524 0.0337
56 44 0.0334
56 732 0.0333
56 960 0.0333
56 1189 0.0333
56 1207 0.0333
56 1252 0.0332
56 504 0.0330
56 299 0.0326
56 1349 0.0326
56 1098 0.0324
56 659 0.0324
56 97 0.0323
56 166 0.0319
56 603 0.0319
56 1298 0.0319
56 179 0.0319
56 532 0.0316
56 1278 0.0316
56 1216 0.0314
56 833 0.0313
56 367 0.0312
56 1441 0.0311
56 134 0.0309
56 1516 0.0309
56 1539 0.0305
56 253 0.0304
56 1113 0.0302
56 841 0.0299
56 1421 0.0299
56 493 0.0296
56 93 0.0295
56 829 0.0295
56 839 0.0294
56 1061 0.0289
56 1406 0.0287
56 266 0.0286
56 1507 0.0286
56 24 0.0284
56 440 0.0284
56 894 0.0282
56 664 0.0280
56 67 0.0275
56 391 0.0275
56 848 0.0275
56 1347 0.0274
56 61 0.0274
56 262 0.0271
56 1272 0.0271
56 154 0.0269
56 948 0.0269
56 1360 0.0269
56 1048 0.0268
56 689 0.0267
56 1452 0.0267
56 1526 0.0267
56 1148 0.0266
56 66 0.0265
56 942 0.0264
56 793 0.0262
56 877 0.0261
56 518 0.0260
56 1057 0.0260
56 1247 0.0256
56 479 0.0255
56 655 0.0255
56 740 0.0252
56 774 0.0252
56 240 0.0251
56 1027 0.0250
56 517 0.0248
56 489 0.0247
56 599 0.0247
56 1016 0.0245
56 1223 0.0245
56 502 0.0244
56 800 0.0244
56 1436 0.0244
56 981 0.0240
56 1111 0.0238
56 1331 0.0238
56 1513 0.0238
56 63 0.0237
56 222 0.0237
56 1362 0.0232
56 20 0.0231
56 804 0.0229
56 613 0.0229
56 431 0.0228
56 1389 0.0228
56 1506 0.0228
56 1120 0.0226
56 684 0.0225
56 1186 0.0225
56 1371 0.0225
56 1115 0.0224
56 418 0.0221
56 1511 0.0220
56 405 0.0219
56 291 0.0218
56 832 0.0218
56 1087 0.0218
56 469 0.0217
56 496 0.0217
56 288 0.0215
56 1423 0.0214
56 26 0.0213
56 336 0.0212
56 1096 0.0212
56 1354 0.0210
56 591 0.0207
56 1032 0.0207
56 397 0.0206
56 1069 0.0206
56 637 0.0205
56 1031 0.0205
56 98 0.0204
56 533 0.0204
56 837 0.0204
56 1083 0.0204
56 406 0.0202
56 542 0.0202
56 796 0.0202
56 1522 0.0201
56 979 0.0198
56 625 0.0197
56 233 0.0195
56 1008 0.0194
56 1377 0.0194
56 1419 0.0194
56 1435 0.0193
56 1455 0.0193
56 1531 0.0193
56 858 0.0191
56 795 0.0190
56 1370 0.0190
56 614 0.0190
56 1397 0.0190
56 1428 0.0189
56 490 0.0188
56 929 0.0188
56 1532 0.0183
56 330 0.0181
56 836 0.0180
56 189 0.0177
56 1088 0.0175
56 1260 0.0173
56 707 0.0171
56 1226 0.0171
56 217 0.0169
56 1020 0.0168
56 1064 0.0167
56 1224 0.0164
56 333 0.0163
56 1065 0.0162
56 1510 0.0162
56 734 0.0160
56 592 0.0159
56 1358 0.0159
56 1378 0.0157
56 709 0.0154
56 576 0.0154
56 717 0.0153
56 1280 0.0153
56 1333 0.0149
56 1297 0.0143
56 971 0.0141
56 1240 0.0138
56 549 0.0134
56 1271 0.0129
56 1312 0.0129
56 759 0.0122
56 1444 0.0112
56 729 0.0111
56 963 0.0111
56 657 0.0107
57 1466 0.6225
57 1347 0.5050
57 1230 0.4931
57 11 0.4434
57 431 0.4203
57 294 0.4097
57 1056 0.4058
57 1492 0.3951
57 4 0.3909
57 427 0.3898
57 733 0.3898
57 1583 0.3862
57 1480 0.3853
57 1350 0.3829
57 879 0.3794
57 132 0.3721
57 1166 0.3717
57 535 0.3669
57 310 0.3621
57 1534 0.3584
57 1313 0.3571
57 1031 0.3416
57 121 0.3397
57 1423 0.3381
57 933 0.3374
57 349 0.3336
57 1271 0.3278
57 1346 0.3264
57 649 0.3203
57 920 0.3203
57 60 0.3184
57 261 0.3181
57 1375 0.3150
57 1029 0.3145
57 80 0.3145
57 1001 0.3145
57 1400 0.3118
57 447 0.3108
57 616 0.3104
57 1531 0.3050
57 573 0.3044
57 889 0.3038
57 293 0.3034
57 1128 0.3029
57 459 0.3012
57 884 0.3008
57 614 0.2994
57 1136 0.2994
57 127 0.2983
57 223 0.2957
57 964 0.2919
57 1311 0.2919
57 1493 0.2899
57 1551 0.2863
57 669 0.2857
57 952 0.2833
57 1289 0.2818
57 1526 0.2813
57 1469 0.2808
57 300 0.2793
57 153 0.2791
57 1108 0.2791
57 9 0.2774
57 674 0.2767
57 437 0.2742
57 129 0.2736
57 1372 0.2717
57 348 0.2697
57 37 0.2697
57 115 0.2692
57 909 0.2676
57 1345 0.2674
57 641 0.2669
57 1275 0.2639
57 1396 0.2616
57 1462 0.2602
57 39 0.2599
57 1536 0.2590
57 163 0.2568
57 1488 0.2560
57 85 0.2545
57 875 0.2521
57 1513 0.2509
57 640 0.2472
57 1282 0.2460
57 1179 0.2454
57 1582 0.2427
57 996 0.2427
57 243 0.2426
57 1188 0.2424
57 804 0.2415
57 1532 0.2410
57 651 0.2402
57 1579 0.2402
57 744 0.2391
57 1342 0.2387
57 574 0.2378
57 256 0.2377
57 1032 0.2357
57 1314 0.2346
57 750 0.2344
57 820 0.2342
57 329 0.2318
57 1568 0.2318
57 162 0.2311
57 456 0.2308
57 954 0.2298
57 383 0.2290
57 781 0.2276
57 241 0.2265
57 438 0.2265
57 117 0.2242
57 1161 0.2242
57 1333 0.2228
57 1052 0.2224
57 355 0.2224
57 664 0.2206
57 912 0.2204
57 942 0.2200
57 44 0.2199
57 1340 0.2195
57 342 0.2190
57 1330 0.2179
57 858 0.2178
57 1516 0.2171
57 106 0.2160
57 1078 0.2156
57 103 0.2148
57 1322 0.2148
57 146 0.2140
57 1283 0.2139
57 1510 0.2134
57 1424 0.2131
57 1178 0.2126
57 672 0.2125
57 1026 0.2125
57 542 0.2122
57 796 0.2122
57 528 0.2118
57 993 0.2113
57 1401 0.2113
57 689 0.2110
57 1352 0.2110
57 326 0.2080
57 1293 0.2080
57 436 0.2076
57 562 0.2048
57 888 0.2048
57 164 0.2035
57 1455 0.2033
57 334 0.2028
57 1028 0.2025
57 448 0.2025
57 95 0.2018
57 173 0.2001
57 1366 0.1999
57 170 0.1989
57 14 0.1981
57 490 0.1975
57 1409 0.1970
57 450 0.1968
57 657 0.1966
57 43 0.1961
57 109 0.1961
57 426 0.1961
57 539 0.1961
57 694 0.1961
57 1013 0.1961
57 1080 0.1961
57 1106 0.1961
57 423 0.1953
57 1068 0.1942
57 1273 0.1938
57 1016 0.1937
57 1489 0.1926
57 908 0.1922
57 663 0.1919
57 705 0.1914
57 1491 0.1909
57 736 0.1892
57 676 0.1877
57 1162 0.1857
57 864 0.1853
57 1542 0.1852
57 83 0.1840
57 735 0.1838
57 186 0.1832
57 481 0.1830
57 267 0.1801
57 1570 0.1800
57 1565 0.1794
57 1374 0.1789
57 307 0.1781
57 147 0.1774
57 536 0.1774
57 338 0.1759
57 1025 0.1756
57 675 0.1748
57 661 0.1744
57 1334 0.1743
57 19 0.1739
57 927 0.1730
57 291 0.1723
57 205 0.1721
57 195 0.1716
57 297 0.1702
57 354 0.1698
57 1154 0.1692
57 719 0.1681
57 1095 0.1677
57 1458 0.1675
57 1272 0.1662
57 1246 0.1660
57 1390 0.1657
57 925 0.1652
57 42 0.1648
57 111 0.1632
57 319 0.1632
57 865 0.1632
57 1264 0.1632
57 1301 0.1632
57 315 0.1629
57 397 0.1625
57 576 0.1620
57 1364 0.1618
57 843 0.1618
57 213 0.1616
57 953 0.1616
57 1348 0.1611
57 1103 0.1607
57 375 0.1601
57 958 0.1601
57 945 0.1591
57 250 0.1587
57 720 0.1587
57 684 0.1577
57 1318 0.1572
57 1192 0.1570
57 1141 0.1560
57 747 0.1548
57 1221 0.1545
57 240 0.1542
57 794 0.1532
57 1341 0.1532
57 1008 0.1530
57 248 0.1516
57 91 0.1503
57 1363 0.1499
57 428 0.1494
57 686 0.1494
57 1019 0.1494
57 473 0.1482
57 255 0.1476
57 783 0.1471
57 741 0.1466
57 119 0.1463
57 422 0.1463
57 366 0.1460
57 563 0.1460
57 1159 0.1460
57 1399 0.1460
57 29 0.1448
57 1379 0.1441
57 973 0.1438
57 1327 0.1438
57 114 0.1432
57 1349 0.1430
57 377 0.1427
57 433 0.1427
57 451 0.1427
57 412 0.1420
57 82 0.1418
57 118 0.1417
57 948 0.1417
57 1187 0.1417
57 230 0.1409
57 429 0.1408
57 1447 0.1406
57 245 0.1392
57 555 0.1391
57 786 0.1390
57 558 0.1390
57 1104 0.1368
57 1277 0.1359
57 1530 0.1359
57 190 0.1358
57 593 0.1354
57 389 0.1350
57 270 0.1350
57 655 0.1341
57 47 0.1333
57 510 0.1331
57 1140 0.1331
57 327 0.1324
57 570 0.1323
57 732 0.1316
57 960 0.1316
57 1245 0.1316
57 1351 0.1316
57 508 0.1309
57 399 0.1307
57 517 0.1307
57 991 0.1307
57 1446 0.1307
57 193 0.1299
57 280 0.1299
57 564 0.1292
57 1223 0.1292
57 1490 0.1291
57 212 0.1290
57 361 0.1286
57 244 0.1284
57 606 0.1284
57 797 0.1284
57 333 0.1284
57 1249 0.1269
57 617 0.1262
57 17 0.1258
57 519 0.1254
57 81 0.1254
57 1109 0.1254
57 63 0.1247
57 222 0.1247
57 835 0.1247
57 1097 0.1247
57 811 0.1240
57 1365 0.1227
57 20 0.1214
57 824 0.1207
57 613 0.1206
57 692 0.1186
57 706 0.1183
57 1581 0.1180
57 203 0.1177
57 1567 0.1177
57 185 0.1169
57 289 0.1169
57 54 0.1165
57 254 0.1165
57 370 0.1165
57 93 0.1164
57 432 0.1159
57 988 0.1159
57 8 0.1154
57 171 0.1154
57 257 0.1154
57 561 0.1154
57 856 0.1154
57 832 0.1148
57 1087 0.1148
57 75 0.1148
57 299 0.1144
57 985 0.1144
57 653 0.1143
57 196 0.1140
57 951 0.1140
57 1129 0.1138
57 38 0.1132
57 200 0.1132
57 251 0.1132
57 346 0.1132
57 716 0.1132
57 1569 0.1132
57 1573 0.1132
57 595 0.1122
57 603 0.1121
57 592 0.1118
57 887 0.1117
57 944 0.1117
57 376 0.1112
57 656 0.1112
57 125 0.1103
57 764 0.1102
57 975 0.1102
57 585 0.1097
57 1006 0.1093
57 1552 0.1093
57 1240 0.1088
57 145 0.1083
57 1512 0.1083
57 1418 0.1079
57 353 0.1078
57 533 0.1074
57 658 0.1070
57 1578 0.1070
57 446 0.1064
57 406 0.1061
57 629 0.1061
57 380 0.1057
57 386 0.1057
57 597 0.1057
57 618 0.1057
57 772 0.1057
57 1387 0.1052
57 1421 0.1048
57 68 0.1044
57 371 0.1044
57 1022 0.1044
57 363 0.1040
57 449 0.1040
57 1093 0.1036
57 233 0.1024
57 808 0.1024
57 1074 0.1017
57 803 0.1012
57 156 0.1009
57 497 0.1009
57 1225 0.1005
57 790 0.1002
57 183 0.0996
57 715 0.0994
57 581 0.0991
57 1149 0.0991
57 312 0.0987
57 49 0.0981
57 830 0.0978
57 335 0.0977
57 773 0.0977
57 1150 0.0976
57 873 0.0971
57 1176 0.0971
57 1540 0.0971
57 1533 0.0967
57 475 0.0966
57 304 0.0961
57 685 0.0954
57 1049 0.0954
57 1467 0.0952
57 972 0.0942
57 702 0.0939
57 263 0.0930
57 382 0.0930
57 679 0.0930
57 482 0.0927
57 580 0.0925
57 477 0.0919
57 216 0.0916
57 511 0.0908
57 538 0.0908
57 296 0.0906
57 249 0.0905
57 390 0.0902
57 707 0.0902
57 1427 0.0900
57 301 0.0900
57 665 0.0897
57 1072 0.0897
57 1265 0.0897
57 1556 0.0888
57 152 0.0887
57 403 0.0887
57 524 0.0887
57 1554 0.0887
57 774 0.0883
57 1064 0.0880
57 41 0.0877
57 381 0.0877
57 444 0.0877
57 1189 0.0877
57 1207 0.0877
57 1394 0.0877
57 1050 0.0872
57 138 0.0870
57 625 0.0863
57 1426 0.0860
57 116 0.0858
57 264 0.0858
57 458 0.0858
57 1577 0.0858
57 959 0.0857
57 1481 0.0856
57 723 0.0838
57 532 0.0832
57 1278 0.0832
57 1564 0.0832
57 833 0.0824
57 367 0.0822
57 1142 0.0820
57 588 0.0816
57 229 0.0813
57 476 0.0808
57 652 0.0805
57 308 0.0803
57 1483 0.0803
57 844 0.0801
57 1398 0.0797
57 1287 0.0793
57 1575 0.0793
57 724 0.0792
57 1482 0.0786
57 415 0.0784
57 1494 0.0780
57 32 0.0779
57 493 0.0779
57 1034 0.0779
57 22 0.0773
57 180 0.0773
57 202 0.0773
57 839 0.0773
57 1168 0.0773
57 215 0.0769
57 531 0.0766
57 906 0.0766
57 838 0.0766
57 181 0.0760
57 1451 0.0756
57 33 0.0755
57 177 0.0755
57 278 0.0755
57 769 0.0755
57 1055 0.0753
57 1496 0.0753
57 24 0.0747
57 763 0.0747
57 1197 0.0747
57 1417 0.0747
57 1288 0.0746
57 1170 0.0741
57 158 0.0741
57 609 0.0741
57 1580 0.0741
57 265 0.0738
57 102 0.0735
57 602 0.0730
57 101 0.0725
57 713 0.0724
57 1069 0.0722
57 187 0.0719
57 435 0.0719
57 210 0.0719
57 752 0.0719
57 1571 0.0719
57 1101 0.0715
57 135 0.0713
57 683 0.0713
57 704 0.0713
57 876 0.0713
57 154 0.0708
57 242 0.0708
57 526 0.0708
57 1217 0.0708
57 150 0.0703
57 549 0.0703
57 565 0.0703
57 1452 0.0703
57 1148 0.0701
57 1501 0.0701
57 66 0.0698
57 211 0.0698
57 344 0.0698
57 642 0.0698
57 1030 0.0696
57 1576 0.0693
57 55 0.0691
57 500 0.0689
57 916 0.0689
57 1444 0.0686
57 518 0.0684
57 139 0.0675
57 554 0.0675
57 1247 0.0675
57 401 0.0666
57 784 0.0663
57 1113 0.0663
57 703 0.0662
57 842 0.0654
57 1357 0.0654
57 1114 0.0654
57 915 0.0651
57 28 0.0650
57 1134 0.0649
57 268 0.0646
57 305 0.0646
57 977 0.0642
57 1436 0.0642
57 172 0.0638
57 699 0.0638
57 1502 0.0634
57 981 0.0631
57 932 0.0628
57 1111 0.0627
57 846 0.0624
57 133 0.0620
57 410 0.0620
57 468 0.0620
57 600 0.0617
57 1321 0.0617
57 69 0.0613
57 374 0.0613
57 903 0.0613
57 627 0.0613
57 770 0.0613
57 1177 0.0610
57 1274 0.0610
57 258 0.0607
57 1290 0.0607
57 462 0.0604
57 1456 0.0602
57 487 0.0600
57 815 0.0600
57 61 0.0600
57 88 0.0599
57 550 0.0597
57 1127 0.0591
57 352 0.0591
57 1574 0.0591
57 886 0.0590
57 1499 0.0588
57 630 0.0580
57 885 0.0577
57 1021 0.0577
57 568 0.0572
57 1303 0.0571
57 74 0.0566
57 922 0.0564
57 1457 0.0564
57 70 0.0551
57 128 0.0551
57 144 0.0551
57 650 0.0551
57 1281 0.0551
57 810 0.0549
57 379 0.0546
57 666 0.0546
57 1067 0.0546
57 341 0.0544
57 639 0.0544
57 700 0.0544
57 754 0.0544
57 931 0.0544
57 1058 0.0544
57 1164 0.0542
57 637 0.0539
57 98 0.0537
57 1083 0.0537
57 1414 0.0537
57 48 0.0535
57 260 0.0529
57 638 0.0528
57 1495 0.0524
57 1529 0.0524
57 252 0.0522
57 722 0.0518
57 52 0.0516
57 1339 0.0516
57 805 0.0512
57 1528 0.0512
57 266 0.0502
57 795 0.0501
57 452 0.0499
57 516 0.0497
57 393 0.0495
57 870 0.0489
57 94 0.0489
57 902 0.0487
57 848 0.0483
57 486 0.0480
57 530 0.0477
57 914 0.0477
57 1133 0.0477
57 1291 0.0476
57 695 0.0471
57 46 0.0470
57 485 0.0465
57 980 0.0462
57 1524 0.0462
57 1503 0.0458
57 1199 0.0457
57 1260 0.0454
57 1320 0.0453
57 962 0.0451
57 1105 0.0450
57 1222 0.0449
57 1439 0.0445
57 1470 0.0445
57 854 0.0443
57 751 0.0439
57 1332 0.0437
57 681 0.0435
57 566 0.0429
57 759 0.0429
57 227 0.0428
57 424 0.0427
57 520 0.0425
57 553 0.0423
57 507 0.0420
57 883 0.0420
57 1298 0.0420
57 179 0.0419
57 1442 0.0419
57 2 0.0418
57 1017 0.0418
57 817 0.0417
57 1157 0.0416
57 1561 0.0416
57 1487 0.0415
57 15 0.0409
57 1519 0.0409
57 594 0.0408
57 347 0.0407
57 709 0.0406
57 1193 0.0405
57 1280 0.0403
57 845 0.0402
57 1292 0.0399
57 1476 0.0396
57 557 0.0395
57 1234 0.0392
57 1468 0.0392
57 87 0.0388
57 418 0.0388
57 137 0.0387
57 970 0.0386
57 1317 0.0385
57 1116 0.0383
57 698 0.0376
57 961 0.0369
57 1354 0.0369
57 1205 0.0368
57 645 0.0367
57 840 0.0367
57 693 0.0363
57 1039 0.0358
57 895 0.0357
57 1048 0.0353
57 1089 0.0347
57 950 0.0341
57 891 0.0340
57 776 0.0336
57 1514 0.0333
57 104 0.0331
57 30 0.0322
57 982 0.0322
57 1243 0.0320
57 1384 0.0320
57 78 0.0318
57 668 0.0315
57 731 0.0310
57 1253 0.0307
57 822 0.0306
57 1248 0.0306
57 220 0.0303
57 748 0.0296
57 670 0.0295
57 351 0.0291
57 303 0.0289
57 678 0.0286
57 1098 0.0285
57 1319 0.0280
57 1285 0.0272
57 1014 0.0270
57 302 0.0267
57 1475 0.0267
57 1302 0.0265
57 1145 0.0264
57 857 0.0261
57 18 0.0260
57 1558 0.0260
57 1465 0.0258
57 40 0.0253
57 901 0.0253
57 852 0.0252
57 434 0.0251
57 357 0.0250
57 894 0.0248
57 160 0.0243
57 221 0.0243
57 391 0.0241
57 388 0.0238
57 712 0.0238
57 122 0.0236
57 474 0.0235
57 1119 0.0234
57 1107 0.0233
57 793 0.0230
57 1213 0.0228
57 1258 0.0226
57 1460 0.0226
57 760 0.0226
57 345 0.0223
57 905 0.0222
57 443 0.0220
57 1266 0.0219
57 1304 0.0216
57 1237 0.0213
57 1433 0.0213
57 826 0.0210
57 454 0.0209
57 464 0.0208
57 1047 0.0202
57 271 0.0201
57 204 0.0199
57 995 0.0197
57 1473 0.0197
57 632 0.0196
57 79 0.0195
57 1511 0.0193
57 1081 0.0192
57 1063 0.0189
57 1172 0.0189
57 331 0.0188
57 336 0.0186
57 1096 0.0186
57 281 0.0184
57 492 0.0184
57 1180 0.0184
57 628 0.0183
57 292 0.0181
57 633 0.0181
57 1445 0.0178
57 1522 0.0176
57 935 0.0175
57 979 0.0173
57 949 0.0173
57 1227 0.0172
57 239 0.0171
57 813 0.0171
57 1370 0.0167
57 1075 0.0164
57 1156 0.0158
57 189 0.0155
57 583 0.0151
57 1544 0.0144
57 1015 0.0142
57 231 0.0142
57 1449 0.0140
57 999 0.0138
57 1410 0.0138
57 717 0.0134
57 1539 0.0134
57 1328 0.0126
57 862 0.0121
57 619 0.0119
57 1440 0.0118
57 877 0.0114
57 472 0.0098
57 729 0.0098
58 345 0.3560
58 1125 0.3434
58 1319 0.3288
58 394 0.3026
58 541 0.2930
58 1210 0.2877
58 1012 0.2824
58 441 0.2774
58 711 0.2590
58 810 0.2453
58 775 0.2442
58 254 0.2442
58 1549 0.2442
58 1357 0.2329
58 9 0.2325
58 1460 0.2278
58 505 0.2257
58 1145 0.2217
58 677 0.2215
58 1344 0.2205
58 539 0.2192
58 1299 0.2152
58 831 0.2134
58 421 0.2122
58 1162 0.2122
58 734 0.2114
58 768 0.2092
58 296 0.2088
58 1143 0.2088
58 47 0.2076
58 483 0.2071
58 769 0.2057
58 529 0.2054
58 907 0.2048
58 1540 0.2034
58 1040 0.2024
58 919 0.2019
58 888 0.2003
58 801 0.1997
58 1360 0.1979
58 1518 0.1976
58 695 0.1974
58 402 0.1961
58 825 0.1961
58 878 0.1939
58 1317 0.1939
58 862 0.1926
58 205 0.1924
58 378 0.1916
58 1280 0.1915
58 1061 0.1914
58 1318 0.1904
58 859 0.1898
58 1022 0.1896
58 1328 0.1894
58 301 0.1886
58 1458 0.1872
58 519 0.1869
58 914 0.1867
58 1121 0.1864
58 1278 0.1860
58 1392 0.1859
58 1074 0.1846
58 942 0.1844
58 214 0.1838
58 460 0.1813
58 1259 0.1807
58 963 0.1802
58 547 0.1801
58 837 0.1801
58 1523 0.1794
58 920 0.1790
58 412 0.1786
58 154 0.1781
58 622 0.1773
58 993 0.1772
58 1495 0.1757
58 1262 0.1756
58 468 0.1733
58 372 0.1732
58 1430 0.1732
58 1144 0.1722
58 233 0.1717
58 1341 0.1712
58 1274 0.1705
58 504 0.1697
58 422 0.1686
58 479 0.1686
58 1524 0.1679
58 986 0.1679
58 1136 0.1673
58 1174 0.1673
58 1035 0.1669
58 947 0.1667
58 761 0.1665
58 1069 0.1665
58 973 0.1658
58 1245 0.1654
58 995 0.1652
58 190 0.1644
58 384 0.1644
58 896 0.1644
58 991 0.1644
58 1095 0.1640
58 563 0.1631
58 510 0.1630
58 1076 0.1630
58 691 0.1617
58 1279 0.1605
58 1441 0.1600
58 1209 0.1582
58 1464 0.1577
58 1478 0.1566
58 887 0.1560
58 382 0.1560
58 1212 0.1560
58 1398 0.1559
58 822 0.1540
58 1281 0.1540
58 269 0.1533
58 587 0.1527
58 379 0.1526
58 946 0.1524
58 1058 0.1520
58 824 0.1518
58 637 0.1507
58 115 0.1504
58 1219 0.1504
58 688 0.1502
58 420 0.1501
58 1120 0.1495
58 990 0.1476
58 1391 0.1470
58 326 0.1453
58 1141 0.1453
58 1459 0.1448
58 1536 0.1447
58 1198 0.1439
58 846 0.1439
58 1206 0.1438
58 1476 0.1438
58 1528 0.1431
58 602 0.1427
58 1130 0.1427
58 446 0.1427
58 1051 0.1427
58 1402 0.1426
58 1419 0.1426
58 980 0.1421
58 1457 0.1417
58 742 0.1417
58 1503 0.1408
58 821 0.1406
58 743 0.1405
58 81 0.1402
58 208 0.1402
58 1376 0.1395
58 492 0.1392
58 1395 0.1392
58 806 0.1387
58 912 0.1386
58 672 0.1385
58 999 0.1385
58 393 0.1384
58 491 0.1381
58 628 0.1380
58 1286 0.1375
58 1297 0.1371
58 737 0.1363
58 576 0.1358
58 953 0.1355
58 818 0.1351
58 860 0.1351
58 1083 0.1351
58 48 0.1345
58 1263 0.1345
58 267 0.1342
58 969 0.1342
58 1522 0.1329
58 760 0.1327
58 459 0.1322
58 536 0.1322
58 1240 0.1318
58 1546 0.1318
58 687 0.1315
58 1115 0.1315
58 1234 0.1315
58 702 0.1312
58 1070 0.1308
58 883 0.1292
58 787 0.1290
58 830 0.1288
58 805 0.1288
58 1084 0.1288
58 1253 0.1288
58 1545 0.1284
58 1114 0.1279
58 469 0.1277
58 1129 0.1271
58 489 0.1271
58 599 0.1271
58 511 0.1268
58 583 0.1268
58 1225 0.1264
58 413 0.1263
58 1361 0.1260
58 1204 0.1255
58 10 0.1243
58 473 0.1243
58 660 0.1243
58 1052 0.1243
58 1355 0.1243
58 1566 0.1243
58 484 0.1239
58 748 0.1239
58 717 0.1239
58 714 0.1234
58 1138 0.1233
58 1205 0.1233
58 1541 0.1233
58 741 0.1229
58 1340 0.1226
58 381 0.1225
58 444 0.1225
58 956 0.1221
58 1533 0.1216
58 591 0.1216
58 754 0.1216
58 1368 0.1216
58 575 0.1211
58 1164 0.1211
58 1512 0.1211
58 987 0.1206
58 945 0.1200
58 480 0.1200
58 1101 0.1198
58 934 0.1196
58 1175 0.1196
58 1527 0.1196
58 1537 0.1196
58 590 0.1192
58 1156 0.1192
58 523 0.1186
58 1517 0.1186
58 690 0.1181
58 1218 0.1181
58 1447 0.1179
58 284 0.1175
58 487 0.1175
58 603 0.1174
58 1382 0.1174
58 1239 0.1173
58 344 0.1171
58 1454 0.1171
58 189 0.1170
58 1358 0.1168
58 979 0.1162
58 1471 0.1157
58 632 0.1151
58 730 0.1151
58 1463 0.1149
58 307 0.1148
58 951 0.1147
58 1142 0.1145
58 1442 0.1141
58 290 0.1140
58 1385 0.1140
58 54 0.1139
58 636 0.1139
58 567 0.1138
58 1461 0.1138
58 1455 0.1136
58 1531 0.1136
58 630 0.1134
58 1178 0.1134
58 362 0.1133
58 1105 0.1131
58 1427 0.1131
58 870 0.1128
58 1539 0.1121
58 844 0.1119
58 1173 0.1117
58 1235 0.1117
58 513 0.1116
58 417 0.1108
58 751 0.1103
58 1195 0.1103
58 1252 0.1100
58 661 0.1097
58 324 0.1096
58 503 0.1096
58 586 0.1096
58 1393 0.1089
58 1407 0.1089
58 32 0.1089
58 1367 0.1089
58 470 0.1083
58 1223 0.1083
58 400 0.1079
58 1065 0.1073
58 51 0.1073
58 1123 0.1073
58 1118 0.1070
58 666 0.1068
58 25 0.1067
58 1295 0.1067
58 292 0.1064
58 1082 0.1064
58 1502 0.1064
58 330 0.1063
58 814 0.1061
58 1520 0.1060
58 1117 0.1058
58 348 0.1055
58 1192 0.1053
58 2 0.1051
58 98 0.1051
58 207 0.1051
58 63 0.1046
58 464 0.1046
58 1271 0.1042
58 1508 0.1040
58 811 0.1040
58 1553 0.1040
58 1152 0.1036
58 910 0.1034
58 383 0.1033
58 978 0.1027
58 1085 0.1024
58 347 0.1023
58 252 0.1021
58 1373 0.1021
58 1305 0.1021
58 453 0.1015
58 1211 0.1015
58 625 0.1013
58 1194 0.1013
58 845 0.1012
58 29 0.1012
58 962 0.1009
58 1456 0.1009
58 273 0.1007
58 253 0.1007
58 673 0.1006
58 994 0.1006
58 88 0.1004
58 752 0.1004
58 665 0.1003
58 1270 0.1003
58 1420 0.1002
58 1377 0.0998
58 451 0.0997
58 724 0.0996
58 1272 0.0995
58 217 0.0994
58 99 0.0989
58 1020 0.0989
58 203 0.0986
58 1468 0.0986
58 882 0.0983
58 471 0.0982
58 750 0.0982
58 1484 0.0981
58 467 0.0980
58 1555 0.0980
58 871 0.0976
58 1107 0.0976
58 351 0.0975
58 1390 0.0973
58 1203 0.0972
58 1493 0.0972
58 1073 0.0970
58 1147 0.0970
58 885 0.0967
58 1021 0.0967
58 1425 0.0967
58 1103 0.0962
58 1163 0.0962
58 458 0.0959
58 782 0.0959
58 496 0.0958
58 823 0.0958
58 1481 0.0957
58 773 0.0956
58 915 0.0956
58 518 0.0956
58 1182 0.0953
58 414 0.0952
58 1134 0.0952
58 38 0.0949
58 346 0.0949
58 1530 0.0949
58 1572 0.0949
58 1384 0.0940
58 1366 0.0931
58 532 0.0930
58 911 0.0930
58 1564 0.0930
58 1246 0.0928
58 1413 0.0925
58 783 0.0925
58 430 0.0924
58 1410 0.0923
58 884 0.0917
58 604 0.0916
58 1050 0.0913
58 588 0.0912
58 1285 0.0912
58 799 0.0911
58 485 0.0910
58 731 0.0910
58 145 0.0908
58 28 0.0908
58 39 0.0908
58 1028 0.0905
58 476 0.0903
58 268 0.0902
58 828 0.0902
58 1039 0.0900
58 1158 0.0899
58 658 0.0897
58 1483 0.0897
58 244 0.0897
58 977 0.0897
58 1578 0.0897
58 1254 0.0897
58 1383 0.0896
58 641 0.0895
58 589 0.0893
58 705 0.0892
58 629 0.0889
58 1260 0.0888
58 62 0.0886
58 746 0.0886
58 1386 0.0886
58 981 0.0881
58 1226 0.0880
58 197 0.0879
58 534 0.0879
58 745 0.0879
58 1222 0.0877
58 1513 0.0876
58 1030 0.0875
58 996 0.0872
58 835 0.0871
58 949 0.0868
58 1255 0.0868
58 1411 0.0863
58 1064 0.0860
58 562 0.0859
58 1220 0.0859
58 794 0.0856
58 1116 0.0856
58 191 0.0852
58 1474 0.0849
58 803 0.0848
58 20 0.0848
58 1047 0.0848
58 1548 0.0843
58 247 0.0842
58 1507 0.0842
58 1324 0.0839
58 763 0.0835
58 1019 0.0835
58 715 0.0834
58 256 0.0830
58 182 0.0828
58 609 0.0828
58 1023 0.0828
58 929 0.0828
58 100 0.0826
58 265 0.0825
58 255 0.0825
58 850 0.0822
58 939 0.0822
58 1077 0.0816
58 1251 0.0816
58 817 0.0816
58 221 0.0816
58 314 0.0816
58 366 0.0816
58 1159 0.0816
58 235 0.0814
58 598 0.0814
58 212 0.0811
58 310 0.0809
58 713 0.0809
58 848 0.0809
58 925 0.0808
58 1378 0.0808
58 1155 0.0807
58 257 0.0806
58 210 0.0803
58 605 0.0803
58 1505 0.0803
58 78 0.0800
58 1336 0.0800
58 669 0.0798
58 1171 0.0798
58 174 0.0797
58 377 0.0797
58 1037 0.0797
58 1256 0.0797
58 164 0.0796
58 626 0.0795
58 709 0.0794
58 668 0.0793
58 82 0.0792
58 886 0.0792
58 952 0.0792
58 872 0.0791
58 898 0.0787
58 853 0.0787
58 676 0.0787
58 620 0.0784
58 1010 0.0782
58 66 0.0780
58 1113 0.0778
58 555 0.0777
58 162 0.0775
58 843 0.0775
58 1547 0.0775
58 1354 0.0773
58 627 0.0770
58 361 0.0770
58 650 0.0770
58 515 0.0768
58 1199 0.0766
58 196 0.0764
58 461 0.0764
58 423 0.0764
58 1067 0.0763
58 528 0.0761
58 578 0.0761
58 1258 0.0759
58 1372 0.0759
58 93 0.0759
58 738 0.0756
58 970 0.0756
58 554 0.0754
58 1570 0.0754
58 187 0.0754
58 435 0.0754
58 1031 0.0754
58 663 0.0751
58 1422 0.0745
58 788 0.0744
58 89 0.0744
58 542 0.0741
58 228 0.0735
58 1027 0.0735
58 1228 0.0733
58 671 0.0731
58 1288 0.0729
58 6 0.0727
58 1359 0.0727
58 918 0.0724
58 1016 0.0722
58 566 0.0720
58 1349 0.0719
58 759 0.0719
58 395 0.0716
58 424 0.0716
58 1098 0.0716
58 924 0.0715
58 1128 0.0711
58 552 0.0705
58 736 0.0705
58 802 0.0705
58 332 0.0705
58 439 0.0705
58 719 0.0705
58 119 0.0701
58 157 0.0701
58 1109 0.0701
58 1405 0.0701
58 1007 0.0700
58 120 0.0697
58 373 0.0697
58 577 0.0695
58 1428 0.0695
58 225 0.0693
58 581 0.0692
58 1048 0.0690
58 110 0.0689
58 15 0.0686
58 601 0.0686
58 1365 0.0686
58 1501 0.0685
58 392 0.0685
58 1560 0.0684
58 335 0.0683
58 293 0.0678
58 213 0.0677
58 234 0.0677
58 982 0.0676
58 462 0.0675
58 804 0.0675
58 815 0.0671
58 938 0.0671
58 304 0.0671
58 651 0.0671
58 958 0.0671
58 1579 0.0671
58 720 0.0665
58 1479 0.0664
58 1492 0.0662
58 706 0.0661
58 777 0.0661
58 1371 0.0661
58 847 0.0659
58 1421 0.0659
58 1529 0.0659
58 776 0.0658
58 1005 0.0658
58 79 0.0654
58 1079 0.0653
58 1277 0.0651
58 475 0.0648
58 1511 0.0648
58 329 0.0648
58 419 0.0648
58 643 0.0648
58 1100 0.0648
58 1221 0.0648
58 1081 0.0645
58 1335 0.0644
58 546 0.0642
58 906 0.0642
58 1303 0.0639
58 1467 0.0639
58 889 0.0637
58 917 0.0636
58 1451 0.0634
58 251 0.0633
58 436 0.0633
58 789 0.0633
58 816 0.0633
58 867 0.0633
58 1573 0.0633
58 107 0.0631
58 610 0.0630
58 440 0.0626
58 1202 0.0625
58 4 0.0624
58 336 0.0624
58 158 0.0621
58 656 0.0621
58 1200 0.0621
58 674 0.0619
58 337 0.0616
58 144 0.0616
58 975 0.0616
58 585 0.0613
58 913 0.0611
58 681 0.0608
58 67 0.0607
58 391 0.0607
58 892 0.0607
58 928 0.0607
58 397 0.0605
58 1477 0.0605
58 53 0.0604
58 486 0.0604
58 559 0.0604
58 1306 0.0603
58 1571 0.0603
58 533 0.0600
58 1396 0.0598
58 118 0.0594
58 1187 0.0594
58 520 0.0593
58 618 0.0591
58 728 0.0591
58 565 0.0589
58 1119 0.0589
58 179 0.0586
58 1429 0.0584
58 786 0.0583
58 246 0.0581
58 447 0.0579
58 1339 0.0577
58 472 0.0576
58 877 0.0575
58 959 0.0575
58 1057 0.0573
58 167 0.0572
58 998 0.0572
58 1153 0.0572
58 1232 0.0572
58 1443 0.0572
58 1488 0.0572
58 721 0.0571
58 968 0.0569
58 1014 0.0566
58 1294 0.0566
58 139 0.0566
58 1307 0.0566
58 1562 0.0566
58 289 0.0560
58 790 0.0560
58 795 0.0560
58 696 0.0559
58 452 0.0558
58 407 0.0556
58 1515 0.0555
58 350 0.0551
58 1266 0.0551
58 923 0.0550
58 43 0.0548
58 149 0.0548
58 426 0.0548
58 457 0.0548
58 694 0.0548
58 985 0.0548
58 1446 0.0548
58 733 0.0545
58 1309 0.0545
58 1034 0.0544
58 137 0.0541
58 1465 0.0541
58 30 0.0541
58 159 0.0541
58 1054 0.0541
58 1532 0.0539
58 108 0.0538
58 163 0.0538
58 1403 0.0535
58 172 0.0535
58 685 0.0533
58 1230 0.0533
58 1092 0.0532
58 836 0.0530
58 558 0.0529
58 1009 0.0528
58 266 0.0526
58 1214 0.0526
58 1331 0.0526
58 173 0.0524
58 1469 0.0523
58 1561 0.0523
58 739 0.0522
58 64 0.0520
58 133 0.0520
58 153 0.0520
58 410 0.0520
58 648 0.0520
58 679 0.0520
58 997 0.0520
58 1302 0.0518
58 580 0.0517
58 83 0.0514
58 374 0.0514
58 1003 0.0513
58 216 0.0512
58 258 0.0509
58 1290 0.0509
58 499 0.0507
58 727 0.0507
58 168 0.0506
58 271 0.0506
58 652 0.0506
58 65 0.0503
58 61 0.0503
58 1004 0.0501
58 1265 0.0501
58 342 0.0501
58 1534 0.0501
58 1273 0.0500
58 514 0.0498
58 1330 0.0498
58 1470 0.0497
58 259 0.0496
58 524 0.0496
58 1127 0.0496
58 1473 0.0496
58 1440 0.0493
58 900 0.0491
58 1150 0.0491
58 1207 0.0490
58 521 0.0486
58 573 0.0486
58 19 0.0486
58 432 0.0486
58 682 0.0485
58 791 0.0485
58 1087 0.0481
58 1224 0.0481
58 1426 0.0481
58 299 0.0480
58 408 0.0480
58 333 0.0478
58 14 0.0475
58 231 0.0475
58 354 0.0475
58 1172 0.0475
58 1563 0.0475
58 331 0.0472
58 922 0.0472
58 508 0.0470
58 992 0.0470
58 584 0.0470
58 1449 0.0470
58 756 0.0465
58 465 0.0460
58 1024 0.0460
58 341 0.0456
58 594 0.0456
58 1301 0.0456
58 1418 0.0452
58 11 0.0451
58 798 0.0450
58 308 0.0448
58 1475 0.0447
58 1424 0.0447
58 1287 0.0443
58 841 0.0439
58 1001 0.0439
58 138 0.0438
58 1089 0.0436
58 463 0.0436
58 1431 0.0436
58 1093 0.0434
58 57 0.0432
58 411 0.0432
58 839 0.0432
58 155 0.0428
58 437 0.0426
58 181 0.0424
58 901 0.0424
58 1011 0.0424
58 1406 0.0423
58 613 0.0421
58 71 0.0421
58 434 0.0421
58 631 0.0421
58 309 0.0420
58 614 0.0418
58 1140 0.0418
58 1181 0.0418
58 1514 0.0418
58 117 0.0418
58 596 0.0418
58 1197 0.0418
58 784 0.0417
58 1525 0.0417
58 927 0.0414
58 1062 0.0414
58 287 0.0411
58 340 0.0411
58 1257 0.0411
58 766 0.0408
58 964 0.0408
58 1176 0.0407
58 7 0.0405
58 527 0.0405
58 1215 0.0405
58 1583 0.0405
58 106 0.0402
58 1315 0.0402
58 1049 0.0400
58 1133 0.0400
58 73 0.0399
58 136 0.0399
58 704 0.0399
58 712 0.0399
58 876 0.0399
58 125 0.0396
58 242 0.0396
58 283 0.0396
58 936 0.0396
58 1325 0.0396
58 1060 0.0393
58 334 0.0392
58 1148 0.0392
58 1250 0.0389
58 86 0.0387
58 77 0.0386
58 1053 0.0386
58 1088 0.0386
58 916 0.0385
58 1124 0.0382
58 1213 0.0382
58 390 0.0378
58 140 0.0377
58 448 0.0377
58 758 0.0377
58 933 0.0377
58 1374 0.0375
58 126 0.0375
58 1166 0.0374
58 904 0.0373
58 670 0.0371
58 1000 0.0371
58 1582 0.0370
58 570 0.0370
58 44 0.0369
58 732 0.0368
58 1183 0.0368
58 517 0.0365
58 606 0.0359
58 797 0.0359
58 1408 0.0359
58 1489 0.0359
58 659 0.0357
58 1066 0.0357
58 1433 0.0357
58 1249 0.0355
58 617 0.0353
58 90 0.0350
58 238 0.0350
58 537 0.0350
58 771 0.0350
58 222 0.0349
58 1157 0.0349
58 1400 0.0349
58 600 0.0345
58 827 0.0345
58 367 0.0344
58 69 0.0343
58 903 0.0343
58 983 0.0341
58 1177 0.0341
58 429 0.0337
58 123 0.0336
58 276 0.0336
58 285 0.0336
58 387 0.0336
58 649 0.0336
58 1557 0.0336
58 1292 0.0335
58 183 0.0334
58 204 0.0334
58 1338 0.0334
58 557 0.0331
58 147 0.0330
58 5 0.0330
58 16 0.0329
58 45 0.0329
58 857 0.0329
58 1453 0.0328
58 820 0.0327
58 967 0.0327
58 87 0.0326
58 418 0.0326
58 897 0.0326
58 974 0.0326
58 863 0.0325
58 1308 0.0324
58 1056 0.0324
58 131 0.0322
58 171 0.0322
58 560 0.0322
58 718 0.0322
58 291 0.0321
58 832 0.0321
58 890 0.0319
58 1415 0.0319
58 726 0.0318
58 767 0.0317
58 121 0.0316
58 241 0.0316
58 495 0.0316
58 716 0.0316
58 1569 0.0316
58 525 0.0315
58 1289 0.0315
58 1423 0.0315
58 657 0.0314
58 26 0.0313
58 1229 0.0313
58 725 0.0312
58 1099 0.0312
58 937 0.0311
58 1276 0.0309
58 102 0.0308
58 1180 0.0308
58 1244 0.0308
58 360 0.0305
58 697 0.0305
58 1006 0.0305
58 101 0.0304
58 112 0.0304
58 633 0.0304
58 700 0.0304
58 1160 0.0304
58 103 0.0300
58 282 0.0300
58 1414 0.0300
58 619 0.0299
58 1556 0.0298
58 406 0.0296
58 1521 0.0296
58 230 0.0295
58 386 0.0295
58 597 0.0295
58 624 0.0295
58 772 0.0295
58 371 0.0292
58 753 0.0292
58 194 0.0291
58 449 0.0291
58 989 0.0291
58 1296 0.0291
58 722 0.0289
58 1196 0.0289
58 612 0.0288
58 1227 0.0288
58 813 0.0287
58 1538 0.0287
58 224 0.0286
58 808 0.0286
58 819 0.0286
58 950 0.0286
58 1151 0.0286
58 891 0.0285
58 1008 0.0285
58 692 0.0284
58 389 0.0283
58 35 0.0282
58 95 0.0282
58 156 0.0282
58 723 0.0281
58 858 0.0281
58 1090 0.0281
58 127 0.0278
58 170 0.0278
58 667 0.0278
58 893 0.0278
58 443 0.0277
58 49 0.0274
58 109 0.0274
58 399 0.0274
58 466 0.0274
58 842 0.0274
58 866 0.0274
58 1323 0.0273
58 1044 0.0272
58 1304 0.0272
58 243 0.0271
58 873 0.0271
58 1238 0.0268
58 1379 0.0268
58 1369 0.0268
58 635 0.0263
58 972 0.0263
58 46 0.0262
58 1494 0.0262
58 263 0.0260
58 316 0.0260
58 477 0.0257
58 770 0.0257
58 1248 0.0257
58 869 0.0256
58 607 0.0251
58 1072 0.0251
58 1329 0.0251
58 984 0.0249
58 616 0.0248
58 654 0.0248
58 1191 0.0247
58 1275 0.0246
58 328 0.0245
58 960 0.0245
58 1394 0.0245
58 142 0.0242
58 303 0.0242
58 264 0.0240
58 272 0.0240
58 1112 0.0240
58 1015 0.0239
58 1261 0.0237
58 1388 0.0236
58 166 0.0235
58 359 0.0235
58 875 0.0235
58 1298 0.0235
58 592 0.0234
58 569 0.0232
58 1466 0.0232
58 398 0.0230
58 833 0.0230
58 1131 0.0230
58 1282 0.0229
58 1363 0.0229
58 59 0.0228
58 639 0.0228
58 1516 0.0227
58 1193 0.0226
58 416 0.0226
58 1188 0.0226
58 1550 0.0226
58 311 0.0224
58 369 0.0224
58 1236 0.0224
58 965 0.0222
58 1575 0.0222
58 1242 0.0220
58 1284 0.0220
58 114 0.0218
58 18 0.0218
58 280 0.0218
58 493 0.0218
58 1558 0.0218
58 829 0.0217
58 180 0.0216
58 1002 0.0216
58 1168 0.0216
58 215 0.0215
58 954 0.0214
58 40 0.0212
58 141 0.0212
58 198 0.0212
58 582 0.0212
58 1233 0.0212
58 161 0.0210
58 428 0.0209
58 647 0.0209
58 1161 0.0209
58 1417 0.0209
58 894 0.0208
58 1580 0.0207
58 961 0.0206
58 37 0.0205
58 1033 0.0205
58 1416 0.0205
58 56 0.0204
58 160 0.0204
58 621 0.0204
58 941 0.0202
58 1327 0.0201
58 895 0.0200
58 219 0.0199
58 433 0.0199
58 574 0.0199
58 948 0.0198
58 1026 0.0198
58 1217 0.0198
58 1581 0.0198
58 549 0.0196
58 689 0.0196
58 1352 0.0196
58 1452 0.0196
58 1526 0.0196
58 58 0.0195
58 315 0.0195
58 642 0.0195
58 1146 0.0195
58 662 0.0194
58 1046 0.0193
58 321 0.0192
58 868 0.0192
58 438 0.0190
58 178 0.0189
58 1247 0.0189
58 749 0.0188
58 184 0.0187
58 1132 0.0187
58 401 0.0186
58 921 0.0186
58 165 0.0185
58 740 0.0185
58 774 0.0185
58 193 0.0182
58 248 0.0182
58 427 0.0182
58 3 0.0180
58 305 0.0180
58 502 0.0179
58 1436 0.0179
58 297 0.0178
58 699 0.0178
58 1237 0.0178
58 1450 0.0178
58 380 0.0177
58 494 0.0175
58 1111 0.0175
58 1097 0.0174
58 809 0.0173
58 1500 0.0173
58 556 0.0172
58 1321 0.0172
58 1179 0.0171
58 755 0.0170
58 431 0.0168
58 1506 0.0168
58 1122 0.0167
58 684 0.0165
58 1499 0.0164
58 1509 0.0164
58 930 0.0164
58 1025 0.0164
58 370 0.0163
58 548 0.0163
58 623 0.0163
58 675 0.0163
58 1068 0.0163
58 12 0.0162
58 988 0.0162
58 8 0.0161
58 561 0.0161
58 880 0.0160
58 653 0.0160
58 74 0.0158
58 425 0.0157
58 509 0.0157
58 21 0.0156
58 1096 0.0156
58 349 0.0155
58 482 0.0155
58 1375 0.0155
58 1490 0.0155
58 70 0.0154
58 128 0.0154
58 764 0.0154
58 199 0.0153
58 201 0.0152
58 1032 0.0152
58 1264 0.0152
58 1346 0.0152
58 1283 0.0149
58 1445 0.0149
58 317 0.0148
58 544 0.0148
58 1091 0.0148
58 1401 0.0148
58 1326 0.0147
58 1387 0.0147
58 143 0.0146
58 1029 0.0146
58 68 0.0146
58 1350 0.0146
58 701 0.0145
58 1208 0.0145
58 55 0.0145
58 52 0.0144
58 239 0.0144
58 1313 0.0143
58 572 0.0141
58 60 0.0140
58 1314 0.0140
58 91 0.0140
58 1045 0.0140
58 1370 0.0140
58 1397 0.0139
58 516 0.0139
58 490 0.0138
58 75 0.0137
58 855 0.0137
58 902 0.0136
58 1036 0.0136
58 1267 0.0130
58 765 0.0129
58 608 0.0128
58 1485 0.0126
58 1356 0.0125
58 1170 0.0124
58 1332 0.0122
58 404 0.0120
58 1510 0.0119
58 97 0.0119
58 851 0.0117
58 1216 0.0115
58 36 0.0113
58 744 0.0111
58 1333 0.0110
58 357 0.0105
58 971 0.0104
58 909 0.0102
58 693 0.0101
58 1347 0.0101
58 966 0.0098
58 1334 0.0097
58 245 0.0097
58 1542 0.0097
58 1312 0.0095
58 240 0.0092
58 640 0.0090
58 1480 0.0083
58 1444 0.0082
58 729 0.0082
58 1190 0.0072
59 1320 0.3945
59 1487 0.3879
59 225 0.3865
59 1439 0.3780
59 652 0.3762
59 1122 0.3554
59 418 0.3466
59 757 0.3357
59 1268 0.3278
59 1496 0.3201
59 522 0.3175
59 647 0.3175
59 1202 0.3168
59 408 0.3160
59 1520 0.3103
59 285 0.3062
59 771 0.3012
59 415 0.3000
59 874 0.2992
59 807 0.2981
59 1071 0.2976
59 1525 0.2958
59 1236 0.2948
59 56 0.2894
59 1035 0.2863
59 219 0.2830
59 1105 0.2804
59 1550 0.2747
59 425 0.2714
59 1137 0.2704
59 1132 0.2659
59 322 0.2653
59 199 0.2631
59 611 0.2630
59 971 0.2630
59 1002 0.2626
59 902 0.2621
59 512 0.2604
59 1455 0.2592
59 495 0.2566
59 1557 0.2552
59 899 0.2546
59 686 0.2540
59 1099 0.2530
59 1086 0.2525
59 900 0.2488
59 1189 0.2485
59 235 0.2475
59 965 0.2472
59 905 0.2453
59 530 0.2433
59 116 0.2431
59 593 0.2429
59 659 0.2412
59 545 0.2390
59 779 0.2372
59 765 0.2357
59 1084 0.2350
59 147 0.2345
59 912 0.2341
59 220 0.2315
59 1472 0.2315
59 749 0.2290
59 184 0.2279
59 221 0.2274
59 896 0.2262
59 1298 0.2262
59 592 0.2256
59 1091 0.2245
59 273 0.2211
59 1093 0.2201
59 57 0.2188
59 1014 0.2180
59 2 0.2132
59 151 0.2132
59 1157 0.2120
59 124 0.2108
59 59 0.2080
59 698 0.2075
59 1375 0.2047
59 388 0.2021
59 557 0.2013
59 1223 0.2012
59 654 0.2010
59 777 0.2010
59 506 0.2006
59 16 0.2000
59 467 0.1988
59 452 0.1979
59 798 0.1978
59 577 0.1972
59 1524 0.1964
59 96 0.1964
59 131 0.1961
59 1057 0.1937
59 879 0.1935
59 957 0.1925
59 1373 0.1923
59 266 0.1921
59 818 0.1918
59 1139 0.1912
59 359 0.1905
59 1166 0.1895
59 891 0.1879
59 1413 0.1876
59 740 0.1875
59 585 0.1865
59 1494 0.1856
59 516 0.1831
59 1175 0.1819
59 1154 0.1797
59 728 0.1796
59 993 0.1796
59 1476 0.1794
59 1409 0.1786
59 653 0.1781
59 66 0.1780
59 1374 0.1774
59 908 0.1769
59 194 0.1768
59 1423 0.1756
59 1213 0.1744
59 21 0.1740
59 229 0.1728
59 901 0.1721
59 1359 0.1720
59 156 0.1715
59 189 0.1713
59 1225 0.1709
59 387 0.1701
59 1335 0.1697
59 201 0.1695
59 183 0.1692
59 34 0.1677
59 209 0.1667
59 426 0.1667
59 1033 0.1667
59 817 0.1654
59 314 0.1654
59 543 0.1644
59 1185 0.1634
59 535 0.1633
59 914 0.1622
59 1303 0.1619
59 275 0.1617
59 1129 0.1611
59 617 0.1608
59 716 0.1604
59 867 0.1604
59 1192 0.1601
59 157 0.1599
59 454 0.1599
59 290 0.1590
59 26 0.1589
59 472 0.1585
59 827 0.1572
59 1321 0.1572
59 529 0.1562
59 770 0.1562
59 289 0.1561
59 1067 0.1547
59 1310 0.1543
59 1160 0.1541
59 1100 0.1532
59 1342 0.1521
59 1410 0.1521
59 259 0.1508
59 323 0.1508
59 352 0.1508
59 706 0.1508
59 1473 0.1508
59 1054 0.1507
59 889 0.1506
59 542 0.1503
59 13 0.1497
59 624 0.1497
59 746 0.1497
59 1193 0.1492
59 675 0.1485
59 440 0.1482
59 1334 0.1481
59 1126 0.1474
59 1577 0.1459
59 890 0.1457
59 188 0.1455
59 780 0.1455
59 1489 0.1455
59 917 0.1450
59 172 0.1446
59 155 0.1445
59 354 0.1443
59 1074 0.1440
59 1388 0.1436
59 95 0.1429
59 551 0.1429
59 1382 0.1429
59 137 0.1426
59 1078 0.1425
59 725 0.1424
59 569 0.1414
59 1204 0.1414
59 339 0.1405
59 1325 0.1405
59 398 0.1400
59 1060 0.1394
59 923 0.1394
59 1148 0.1389
59 1013 0.1389
59 591 0.1387
59 315 0.1385
59 1044 0.1379
59 353 0.1374
59 533 0.1369
59 824 0.1368
59 1445 0.1364
59 1398 0.1355
59 1295 0.1352
59 1491 0.1352
59 1258 0.1347
59 935 0.1342
59 1224 0.1341
59 615 0.1336
59 687 0.1333
59 1343 0.1333
59 1010 0.1322
59 1059 0.1321
59 419 0.1313
59 566 0.1313
59 1221 0.1313
59 1411 0.1313
59 1081 0.1307
59 215 0.1307
59 1095 0.1306
59 1008 0.1301
59 991 0.1296
59 389 0.1291
59 198 0.1291
59 814 0.1291
59 511 0.1286
59 1184 0.1286
59 241 0.1283
59 288 0.1283
59 245 0.1281
59 1055 0.1280
59 607 0.1271
59 428 0.1270
59 868 0.1266
59 1149 0.1263
59 182 0.1260
59 609 0.1260
59 864 0.1260
59 1490 0.1254
59 337 0.1250
59 466 0.1250
59 850 0.1250
59 335 0.1246
59 1552 0.1238
59 120 0.1237
59 373 0.1237
59 67 0.1231
59 391 0.1231
59 809 0.1230
59 860 0.1217
59 423 0.1217
59 78 0.1217
59 1336 0.1217
59 299 0.1216
59 895 0.1215
59 73 0.1213
59 174 0.1213
59 262 0.1213
59 481 0.1210
59 1026 0.1204
59 1187 0.1204
59 1290 0.1203
59 1387 0.1193
59 649 0.1191
59 584 0.1190
59 68 0.1183
59 662 0.1179
59 1089 0.1179
59 55 0.1174
59 1124 0.1162
59 1167 0.1161
59 588 0.1156
59 623 0.1155
59 897 0.1155
59 12 0.1150
59 1485 0.1147
59 140 0.1147
59 286 0.1147
59 448 0.1147
59 1205 0.1146
59 395 0.1141
59 655 0.1140
59 311 0.1134
59 1171 0.1133
59 1397 0.1131
59 854 0.1131
59 670 0.1127
59 436 0.1123
59 49 0.1111
59 944 0.1107
59 915 0.1107
59 39 0.1104
59 801 0.1104
59 1134 0.1103
59 268 0.1098
59 828 0.1098
59 474 0.1098
59 30 0.1096
59 128 0.1093
59 797 0.1091
59 297 0.1085
59 785 0.1085
59 25 0.1081
59 553 0.1078
59 1164 0.1074
59 1117 0.1072
59 830 0.1069
59 1331 0.1066
59 786 0.1063
59 1254 0.1061
59 1543 0.1060
59 1556 0.1056
59 1288 0.1056
59 679 0.1054
59 811 0.1054
59 1108 0.1054
59 1500 0.1054
59 1378 0.1053
59 329 0.1051
59 600 0.1048
59 910 0.1048
59 601 0.1043
59 1102 0.1042
59 735 0.1041
59 753 0.1035
59 449 0.1031
59 1128 0.1030
59 722 0.1027
59 892 0.1026
59 928 0.1026
59 1215 0.1026
59 806 0.1023
59 253 0.1021
59 994 0.1020
59 959 0.1019
59 665 0.1017
59 704 0.1011
59 1381 0.1008
59 100 0.1005
59 152 0.1005
59 445 0.1005
59 484 0.1005
59 524 0.1005
59 1080 0.1000
59 1509 0.1000
59 185 0.0994
59 328 0.0994
59 381 0.0994
59 1207 0.0994
59 1504 0.0994
59 300 0.0989
59 791 0.0983
59 505 0.0981
59 53 0.0980
59 75 0.0976
59 500 0.0975
59 404 0.0975
59 264 0.0972
59 94 0.0969
59 741 0.0969
59 834 0.0969
59 726 0.0967
59 414 0.0966
59 130 0.0962
59 636 0.0962
59 816 0.0962
59 1172 0.0962
59 1573 0.0962
59 1533 0.0959
59 922 0.0958
59 173 0.0956
59 776 0.0953
59 368 0.0952
59 719 0.0952
59 126 0.0950
59 345 0.0950
59 945 0.0946
59 355 0.0945
59 401 0.0944
59 1564 0.0943
59 265 0.0941
59 70 0.0937
59 465 0.0934
59 269 0.0933
59 422 0.0933
59 628 0.0933
59 1245 0.0932
59 697 0.0928
59 1446 0.0926
59 1240 0.0925
59 1264 0.0925
59 1267 0.0922
59 489 0.0920
59 559 0.0918
59 88 0.0916
59 1188 0.0916
59 1259 0.0916
59 11 0.0914
59 646 0.0913
59 837 0.0913
59 515 0.0908
59 1478 0.0907
59 781 0.0903
59 148 0.0899
59 250 0.0899
59 260 0.0899
59 62 0.0898
59 320 0.0898
59 638 0.0898
59 1001 0.0891
59 1318 0.0891
59 208 0.0888
59 252 0.0887
59 1022 0.0887
59 236 0.0884
59 979 0.0884
59 18 0.0883
59 1196 0.0880
59 1227 0.0877
59 1191 0.0877
59 411 0.0875
59 711 0.0875
59 813 0.0874
59 556 0.0874
59 224 0.0870
59 1151 0.0870
59 751 0.0870
59 903 0.0869
59 1365 0.0869
59 35 0.0857
59 91 0.0851
59 309 0.0851
59 1045 0.0851
59 938 0.0851
59 1389 0.0851
59 1534 0.0846
59 170 0.0845
59 1497 0.0845
59 1152 0.0840
59 312 0.0839
59 450 0.0836
59 855 0.0836
59 1541 0.0833
59 563 0.0827
59 680 0.0827
59 766 0.0827
59 254 0.0825
59 873 0.0825
59 212 0.0822
59 218 0.0822
59 169 0.0821
59 362 0.0820
59 257 0.0817
59 560 0.0817
59 651 0.0816
59 821 0.0814
59 1306 0.0814
59 1315 0.0814
59 605 0.0814
59 206 0.0811
59 685 0.0811
59 1133 0.0811
59 1101 0.0810
59 683 0.0808
59 712 0.0808
59 1037 0.0808
59 1316 0.0808
59 1537 0.0808
59 1272 0.0807
59 1028 0.0803
59 118 0.0803
59 242 0.0803
59 952 0.0803
59 1217 0.0803
59 230 0.0798
59 549 0.0797
59 565 0.0797
59 658 0.0796
59 696 0.0794
59 1107 0.0791
59 263 0.0791
59 648 0.0791
59 997 0.0791
59 349 0.0787
59 162 0.0786
59 281 0.0784
59 1053 0.0783
59 477 0.0781
59 793 0.0780
59 99 0.0780
59 608 0.0778
59 666 0.0774
59 438 0.0770
59 397 0.0767
59 970 0.0766
59 139 0.0765
59 792 0.0765
59 115 0.0762
59 501 0.0762
59 1356 0.0760
59 1283 0.0758
59 1345 0.0758
59 904 0.0756
59 1470 0.0756
59 788 0.0754
59 748 0.0754
59 1392 0.0754
59 796 0.0751
59 1000 0.0751
59 165 0.0750
59 1297 0.0748
59 990 0.0748
59 1043 0.0745
59 357 0.0744
59 1252 0.0743
59 1050 0.0741
59 1114 0.0741
59 1462 0.0737
59 599 0.0736
59 447 0.0734
59 1255 0.0734
59 1536 0.0734
59 1163 0.0731
59 676 0.0731
59 612 0.0731
59 870 0.0728
59 1408 0.0727
59 424 0.0725
59 998 0.0725
59 1488 0.0725
59 909 0.0724
59 1066 0.0723
59 1135 0.0723
59 1433 0.0723
59 1313 0.0723
59 693 0.0719
59 799 0.0718
59 826 0.0715
59 572 0.0715
59 332 0.0714
59 1109 0.0711
59 911 0.0707
59 460 0.0707
59 63 0.0707
59 464 0.0707
59 69 0.0695
59 639 0.0693
59 773 0.0692
59 1177 0.0691
59 258 0.0688
59 1364 0.0688
59 1176 0.0687
59 213 0.0687
59 364 0.0687
59 123 0.0680
59 815 0.0680
59 844 0.0680
59 920 0.0680
59 1243 0.0680
59 1384 0.0680
59 455 0.0677
59 417 0.0674
59 622 0.0674
59 720 0.0674
59 1127 0.0670
59 1371 0.0670
59 1471 0.0670
59 197 0.0668
59 841 0.0668
59 1421 0.0668
59 1529 0.0668
59 45 0.0667
59 632 0.0667
59 730 0.0667
59 1567 0.0667
59 853 0.0665
59 334 0.0663
59 280 0.0662
59 579 0.0662
59 946 0.0662
59 1353 0.0662
59 1558 0.0662
59 87 0.0660
59 351 0.0659
59 485 0.0659
59 432 0.0657
59 180 0.0657
59 240 0.0655
59 718 0.0654
59 531 0.0651
59 906 0.0651
59 1383 0.0649
59 823 0.0648
59 1467 0.0648
59 1415 0.0647
59 181 0.0645
59 1011 0.0645
59 626 0.0644
59 177 0.0642
59 251 0.0642
59 567 0.0641
59 434 0.0640
59 1457 0.0639
59 657 0.0636
59 1076 0.0635
59 113 0.0635
59 596 0.0635
59 1161 0.0635
59 1023 0.0630
59 10 0.0630
59 376 0.0630
59 492 0.0627
59 287 0.0625
59 384 0.0625
59 1257 0.0625
59 102 0.0624
59 366 0.0620
59 602 0.0620
59 964 0.0620
59 1159 0.0620
59 1311 0.0620
59 29 0.0615
59 1347 0.0613
59 106 0.0612
59 486 0.0612
59 17 0.0611
59 210 0.0611
59 1327 0.0611
59 103 0.0609
59 1083 0.0609
59 1348 0.0609
59 574 0.0606
59 1438 0.0606
59 1523 0.0606
59 412 0.0604
59 226 0.0602
59 672 0.0602
59 231 0.0601
59 597 0.0599
59 618 0.0599
59 1401 0.0599
59 150 0.0598
59 1352 0.0598
59 507 0.0595
59 1029 0.0594
59 942 0.0590
59 1293 0.0589
59 246 0.0589
59 295 0.0589
59 1208 0.0589
59 1046 0.0586
59 1430 0.0585
59 1104 0.0581
59 888 0.0580
59 1232 0.0580
59 1363 0.0579
59 1385 0.0578
59 760 0.0576
59 933 0.0574
59 497 0.0572
59 1158 0.0570
59 723 0.0570
59 790 0.0568
59 1110 0.0568
59 127 0.0563
59 893 0.0563
59 1113 0.0563
59 1027 0.0559
59 457 0.0556
59 1165 0.0556
59 1337 0.0556
59 1412 0.0556
59 1434 0.0556
59 1453 0.0554
59 114 0.0553
59 28 0.0552
59 427 0.0552
59 1407 0.0552
59 1465 0.0548
59 759 0.0546
59 787 0.0545
59 924 0.0544
59 446 0.0542
59 1237 0.0542
59 85 0.0541
59 836 0.0537
59 552 0.0536
59 1009 0.0536
59 1406 0.0536
59 119 0.0533
59 537 0.0533
59 1070 0.0530
59 1469 0.0530
59 739 0.0529
59 410 0.0527
59 468 0.0527
59 1212 0.0527
59 77 0.0522
59 83 0.0521
59 1155 0.0521
59 869 0.0519
59 437 0.0518
59 1199 0.0517
59 20 0.0516
59 442 0.0514
59 727 0.0514
59 1559 0.0514
59 845 0.0513
59 487 0.0510
59 1222 0.0508
59 1338 0.0508
59 1273 0.0507
59 724 0.0505
59 1020 0.0501
59 1064 0.0498
59 729 0.0498
59 1484 0.0498
59 41 0.0497
59 402 0.0497
59 825 0.0497
59 960 0.0497
59 1394 0.0497
59 1555 0.0497
59 966 0.0494
59 661 0.0494
59 671 0.0494
59 630 0.0493
59 1056 0.0493
59 1493 0.0493
59 6 0.0491
59 8 0.0490
59 1021 0.0490
59 291 0.0488
59 205 0.0488
59 1198 0.0486
59 74 0.0481
59 1063 0.0481
59 1209 0.0481
59 331 0.0479
59 372 0.0479
59 610 0.0479
59 587 0.0476
59 179 0.0475
59 4 0.0475
59 1096 0.0475
59 1466 0.0470
59 650 0.0468
59 840 0.0468
59 1038 0.0467
59 1024 0.0466
59 1340 0.0466
59 319 0.0462
59 1285 0.0462
59 112 0.0462
59 754 0.0462
59 1032 0.0462
59 1058 0.0462
59 1518 0.0462
59 134 0.0461
59 145 0.0460
59 1069 0.0460
59 1380 0.0460
59 709 0.0460
59 365 0.0459
59 187 0.0458
59 1418 0.0458
59 416 0.0458
59 476 0.0458
59 547 0.0456
59 375 0.0454
59 958 0.0454
59 317 0.0451
59 1287 0.0449
59 1482 0.0445
59 1111 0.0444
59 371 0.0444
59 1030 0.0444
59 1350 0.0444
59 32 0.0442
59 493 0.0442
59 949 0.0440
59 93 0.0440
59 1339 0.0439
59 22 0.0438
59 1168 0.0438
59 239 0.0437
59 1538 0.0437
59 805 0.0435
59 546 0.0434
59 1116 0.0434
59 976 0.0430
59 40 0.0430
59 743 0.0427
59 161 0.0427
59 1370 0.0426
59 1181 0.0424
59 784 0.0423
59 1390 0.0423
59 498 0.0421
59 1052 0.0420
59 1121 0.0420
59 1580 0.0420
59 490 0.0420
59 340 0.0417
59 392 0.0417
59 783 0.0417
59 842 0.0417
59 866 0.0417
59 1251 0.0414
59 1130 0.0413
59 243 0.0412
59 848 0.0410
59 1583 0.0410
59 1379 0.0408
59 1579 0.0408
59 61 0.0408
59 192 0.0407
59 752 0.0407
59 1369 0.0407
59 330 0.0404
59 934 0.0404
59 1396 0.0404
59 1156 0.0403
59 125 0.0402
59 526 0.0401
59 695 0.0400
59 1286 0.0398
59 1447 0.0398
59 1452 0.0398
59 846 0.0398
59 1210 0.0398
59 211 0.0396
59 344 0.0396
59 642 0.0396
59 1042 0.0396
59 1262 0.0396
59 321 0.0389
59 186 0.0389
59 1085 0.0389
59 877 0.0389
59 968 0.0385
59 1143 0.0385
59 190 0.0385
59 249 0.0385
59 270 0.0382
59 984 0.0379
59 1448 0.0377
59 327 0.0375
59 703 0.0375
59 774 0.0375
59 1515 0.0375
59 570 0.0375
59 732 0.0373
59 1203 0.0370
59 193 0.0368
59 305 0.0366
59 1426 0.0366
59 502 0.0364
59 812 0.0364
59 1481 0.0364
59 699 0.0362
59 705 0.0362
59 520 0.0361
59 380 0.0359
59 1082 0.0359
59 1092 0.0359
59 736 0.0357
59 1449 0.0357
59 238 0.0355
59 519 0.0355
59 356 0.0353
59 999 0.0351
59 1142 0.0348
59 15 0.0348
59 31 0.0348
59 478 0.0348
59 1301 0.0347
59 164 0.0346
59 191 0.0346
59 1362 0.0346
59 576 0.0344
59 271 0.0342
59 462 0.0342
59 1040 0.0342
59 1483 0.0341
59 276 0.0340
59 1324 0.0340
59 1292 0.0339
59 1120 0.0337
59 857 0.0333
59 1201 0.0333
59 1234 0.0333
59 1468 0.0333
59 1499 0.0333
59 79 0.0332
59 930 0.0332
59 1150 0.0332
59 598 0.0330
59 1068 0.0330
59 1549 0.0330
59 863 0.0330
59 988 0.0328
59 1511 0.0328
59 298 0.0327
59 1425 0.0327
59 838 0.0325
59 880 0.0325
59 47 0.0324
59 496 0.0324
59 358 0.0323
59 558 0.0322
59 852 0.0321
59 278 0.0321
59 769 0.0321
59 789 0.0321
59 1328 0.0320
59 1361 0.0319
59 508 0.0318
59 595 0.0318
59 861 0.0316
59 1458 0.0316
59 894 0.0316
59 158 0.0315
59 274 0.0315
59 1566 0.0315
59 961 0.0314
59 674 0.0314
59 1354 0.0314
59 1395 0.0314
59 361 0.0312
59 430 0.0312
59 1244 0.0312
59 884 0.0310
59 913 0.0309
59 956 0.0309
59 1346 0.0308
59 1368 0.0308
59 575 0.0307
59 1512 0.0307
59 435 0.0306
59 1031 0.0306
59 1039 0.0304
59 1322 0.0304
59 1414 0.0304
59 1048 0.0300
59 386 0.0299
59 849 0.0299
59 1218 0.0299
59 1386 0.0299
59 691 0.0298
59 1501 0.0298
59 1495 0.0297
59 363 0.0295
59 989 0.0295
59 1296 0.0295
59 1576 0.0295
59 625 0.0293
59 1194 0.0293
59 233 0.0290
59 294 0.0290
59 1443 0.0290
59 1498 0.0290
59 1162 0.0287
59 1136 0.0283
59 1514 0.0283
59 104 0.0282
59 667 0.0282
59 715 0.0282
59 581 0.0281
59 50 0.0278
59 539 0.0278
59 586 0.0278
59 1540 0.0275
59 261 0.0270
59 136 0.0269
59 1492 0.0269
59 972 0.0267
59 1239 0.0264
59 153 0.0264
59 1041 0.0264
59 1404 0.0264
59 555 0.0263
59 980 0.0262
59 510 0.0261
59 778 0.0260
59 1003 0.0260
59 499 0.0257
59 578 0.0257
59 583 0.0257
59 1211 0.0257
59 1270 0.0254
59 1565 0.0254
59 217 0.0252
59 1170 0.0252
59 72 0.0251
59 89 0.0251
59 1275 0.0249
59 1332 0.0248
59 303 0.0246
59 1018 0.0246
59 1073 0.0246
59 459 0.0244
59 1 0.0243
59 782 0.0243
59 1169 0.0243
59 1349 0.0243
59 1015 0.0242
59 97 0.0241
59 859 0.0241
59 1261 0.0241
59 439 0.0238
59 603 0.0238
59 955 0.0238
59 1319 0.0238
59 532 0.0236
59 756 0.0236
59 42 0.0233
59 833 0.0233
59 1441 0.0232
59 594 0.0231
59 1560 0.0231
59 1305 0.0230
59 308 0.0227
59 1539 0.0227
59 369 0.0227
59 1475 0.0227
59 1302 0.0225
59 5 0.0223
59 1284 0.0223
59 1333 0.0223
59 176 0.0221
59 463 0.0221
59 839 0.0219
59 1233 0.0215
59 1182 0.0215
59 1451 0.0214
59 107 0.0213
59 247 0.0213
59 413 0.0213
59 1507 0.0213
59 24 0.0212
59 708 0.0212
59 1019 0.0212
59 483 0.0210
59 664 0.0208
59 939 0.0208
59 621 0.0207
59 742 0.0205
59 941 0.0205
59 135 0.0202
59 433 0.0202
59 451 0.0202
59 876 0.0202
59 1291 0.0202
59 154 0.0201
59 283 0.0201
59 948 0.0201
59 1360 0.0201
59 689 0.0199
59 1526 0.0199
59 843 0.0196
59 916 0.0195
59 1103 0.0195
59 461 0.0194
59 951 0.0194
59 1372 0.0192
59 301 0.0191
59 1247 0.0191
59 1562 0.0191
59 921 0.0189
59 1351 0.0186
59 517 0.0185
59 694 0.0185
59 733 0.0184
59 1393 0.0184
59 1016 0.0183
59 244 0.0182
59 1436 0.0182
59 1450 0.0181
59 802 0.0179
59 494 0.0178
59 1464 0.0178
59 1513 0.0178
59 1400 0.0177
59 541 0.0175
59 374 0.0174
59 1519 0.0174
59 907 0.0173
59 755 0.0173
59 1274 0.0173
59 1047 0.0172
59 168 0.0171
59 804 0.0171
59 284 0.0170
59 431 0.0170
59 550 0.0169
59 688 0.0169
59 1420 0.0169
59 256 0.0168
59 514 0.0168
59 1479 0.0168
59 1480 0.0168
59 684 0.0168
59 967 0.0166
59 54 0.0165
59 548 0.0165
59 171 0.0163
59 1087 0.0163
59 469 0.0162
59 898 0.0160
59 1289 0.0160
59 992 0.0159
59 336 0.0158
59 1355 0.0157
59 810 0.0155
59 762 0.0155
59 1006 0.0155
59 292 0.0154
59 637 0.0153
59 48 0.0152
59 589 0.0151
59 1424 0.0151
59 629 0.0150
59 1517 0.0150
59 1521 0.0150
59 383 0.0150
59 1141 0.0147
59 52 0.0146
59 919 0.0146
59 1463 0.0146
59 1190 0.0145
59 1528 0.0145
59 1419 0.0145
59 1531 0.0144
59 60 0.0142
59 858 0.0142
59 1548 0.0142
59 795 0.0142
59 871 0.0141
59 947 0.0141
59 1428 0.0141
59 929 0.0140
59 1062 0.0140
59 1075 0.0139
59 1138 0.0139
59 1357 0.0139
59 1077 0.0138
59 1036 0.0137
59 1532 0.0137
59 1238 0.0136
59 1118 0.0136
59 1403 0.0136
59 1505 0.0136
59 82 0.0134
59 1250 0.0131
59 216 0.0130
59 707 0.0128
59 962 0.0128
59 1456 0.0128
59 1427 0.0127
59 1329 0.0127
59 325 0.0125
59 44 0.0125
59 882 0.0125
59 1183 0.0124
59 521 0.0123
59 504 0.0123
59 803 0.0123
59 1544 0.0123
59 333 0.0121
59 1065 0.0121
59 1098 0.0121
59 76 0.0120
59 734 0.0119
59 1358 0.0118
59 1278 0.0118
59 925 0.0117
59 1216 0.0117
59 307 0.0116
59 1516 0.0115
59 513 0.0113
59 744 0.0113
59 829 0.0110
59 738 0.0109
59 1546 0.0103
59 1007 0.0101
59 1119 0.0100
59 1271 0.0096
59 443 0.0094
59 1323 0.0092
59 1304 0.0092
59 3 0.0091
59 668 0.0089
59 1442 0.0089
60 1476 0.4366
60 1419 0.3675
60 986 0.3443
60 468 0.3351
60 978 0.3311
60 1370 0.3270
60 210 0.3236
60 1522 0.3212
60 1361 0.3172
60 862 0.3022
60 1278 0.2997
60 947 0.2911
60 1297 0.2889
60 630 0.2871
60 510 0.2835
60 835 0.2808
60 946 0.2807
60 987 0.2793
60 1192 0.2757
60 504 0.2734
60 446 0.2730
60 1009 0.2725
60 479 0.2717
60 1120 0.2676
60 344 0.2672
60 1339 0.2672
60 1195 0.2666
60 695 0.2651
60 1382 0.2649
60 632 0.2649
60 465 0.2597
60 487 0.2569
60 444 0.2567
60 668 0.2556
60 190 0.2547
60 1513 0.2542
60 1478 0.2523
60 1292 0.2518
60 1115 0.2517
60 503 0.2502
60 54 0.2492
60 1363 0.2486
60 1406 0.2469
60 576 0.2462
60 1459 0.2439
60 1069 0.2439
60 1420 0.2421
60 1457 0.2410
60 1523 0.2409
60 256 0.2408
60 589 0.2398
60 1234 0.2384
60 1355 0.2378
60 161 0.2374
60 1383 0.2372
60 1262 0.2358
60 1461 0.2343
60 641 0.2343
60 1407 0.2340
60 1194 0.2332
60 1070 0.2318
60 759 0.2316
60 469 0.2316
60 824 0.2310
60 1065 0.2306
60 805 0.2306
60 217 0.2303
60 1082 0.2285
60 1384 0.2271
60 995 0.2263
60 1386 0.2260
60 1175 0.2249
60 82 0.2234
60 430 0.2233
60 1481 0.2216
60 379 0.2214
60 697 0.2214
60 601 0.2209
60 1365 0.2209
60 1441 0.2209
60 731 0.2199
60 39 0.2194
60 1467 0.2187
60 470 0.2181
60 1358 0.2165
60 969 0.2163
60 844 0.2163
60 331 0.2157
60 461 0.2156
60 1066 0.2155
60 939 0.2152
60 1113 0.2148
60 1287 0.2143
60 336 0.2137
60 806 0.2133
60 29 0.2120
60 713 0.2120
60 742 0.2120
60 326 0.2107
60 628 0.2100
60 915 0.2090
60 562 0.2075
60 794 0.2069
60 1012 0.2069
60 661 0.2062
60 837 0.2056
60 1263 0.2047
60 578 0.2044
60 945 0.2041
60 307 0.2035
60 284 0.2028
60 106 0.2027
60 1285 0.2020
60 407 0.2015
60 1273 0.2014
60 1096 0.2012
60 1028 0.2006
60 473 0.2003
60 970 0.2000
60 89 0.1997
60 979 0.1990
60 985 0.1987
60 730 0.1987
60 918 0.1983
60 1536 0.1983
60 741 0.1980
60 1176 0.1966
60 1058 0.1959
60 799 0.1956
60 1147 0.1953
60 1021 0.1948
60 348 0.1943
60 605 0.1940
60 207 0.1935
60 1465 0.1917
60 790 0.1917
60 963 0.1913
60 711 0.1913
60 1517 0.1911
60 271 0.1903
60 737 0.1897
60 906 0.1897
60 387 0.1893
60 587 0.1892
60 1398 0.1884
60 1030 0.1881
60 1240 0.1879
60 1330 0.1873
60 1479 0.1873
60 1354 0.1869
60 625 0.1866
60 949 0.1866
60 536 0.1864
60 1244 0.1861
60 1054 0.1851
60 1533 0.1851
60 1443 0.1845
60 1211 0.1839
60 292 0.1837
60 968 0.1835
60 93 0.1834
60 776 0.1817
60 896 0.1798
60 480 0.1795
60 848 0.1793
60 519 0.1788
60 191 0.1786
60 251 0.1784
60 462 0.1767
60 267 0.1757
60 1016 0.1745
60 492 0.1744
60 205 0.1743
60 977 0.1734
60 1528 0.1729
60 663 0.1728
60 290 0.1723
60 1226 0.1722
60 1539 0.1716
60 253 0.1712
60 8 0.1688
60 257 0.1688
60 373 0.1685
60 438 0.1682
60 1530 0.1682
60 1239 0.1681
60 64 0.1675
60 1212 0.1675
60 669 0.1672
60 1303 0.1672
60 609 0.1669
60 1084 0.1660
60 867 0.1657
60 392 0.1656
60 842 0.1656
60 627 0.1655
60 1560 0.1653
60 1422 0.1650
60 1448 0.1650
60 164 0.1649
60 942 0.1642
60 992 0.1642
60 1243 0.1622
60 1050 0.1619
60 1125 0.1614
60 1520 0.1612
60 266 0.1611
60 984 0.1607
60 451 0.1606
60 268 0.1599
60 484 0.1597
60 1471 0.1597
60 847 0.1593
60 1001 0.1593
60 108 0.1590
60 1410 0.1580
60 187 0.1578
60 485 0.1571
60 555 0.1566
60 878 0.1562
60 802 0.1562
60 581 0.1562
60 1294 0.1550
60 47 0.1544
60 196 0.1540
60 626 0.1537
60 816 0.1529
60 1036 0.1529
60 296 0.1529
60 760 0.1527
60 898 0.1522
60 673 0.1519
60 1307 0.1519
60 1562 0.1519
60 304 0.1514
60 117 0.1514
60 763 0.1514
60 20 0.1503
60 293 0.1503
60 937 0.1502
60 1200 0.1502
60 870 0.1487
60 65 0.1487
60 1442 0.1485
60 1123 0.1482
60 366 0.1479
60 964 0.1479
60 591 0.1469
60 189 0.1466
60 1041 0.1466
60 1508 0.1466
60 1309 0.1463
60 709 0.1462
60 329 0.1461
60 1140 0.1460
60 486 0.1459
60 784 0.1455
60 1053 0.1452
60 333 0.1445
60 1062 0.1445
60 107 0.1442
60 1187 0.1435
60 335 0.1430
60 1286 0.1425
60 1171 0.1415
60 66 0.1415
60 857 0.1413
60 90 0.1412
60 138 0.1410
60 817 0.1408
60 246 0.1405
60 872 0.1402
60 395 0.1402
60 654 0.1398
60 811 0.1396
60 670 0.1394
60 330 0.1392
60 566 0.1391
60 1100 0.1391
60 751 0.1382
60 1372 0.1376
60 702 0.1374
60 345 0.1359
60 1514 0.1348
60 565 0.1346
60 869 0.1340
60 14 0.1338
60 368 0.1325
60 439 0.1325
60 567 0.1325
60 897 0.1311
60 1202 0.1309
60 432 0.1305
60 941 0.1304
60 999 0.1301
60 244 0.1301
60 88 0.1295
60 704 0.1285
60 1037 0.1285
60 1093 0.1283
60 590 0.1281
60 38 0.1275
60 573 0.1273
60 119 0.1271
60 1331 0.1271
60 846 0.1264
60 464 0.1264
60 1561 0.1264
60 508 0.1263
60 1501 0.1262
60 4 0.1257
60 622 0.1250
60 615 0.1239
60 1057 0.1232
60 636 0.1224
60 137 0.1220
60 559 0.1216
60 1357 0.1214
60 1222 0.1212
60 1270 0.1212
60 98 0.1209
60 1083 0.1209
60 1216 0.1209
60 721 0.1197
60 629 0.1194
60 1532 0.1194
60 618 0.1189
60 1207 0.1185
60 1555 0.1185
60 440 0.1178
60 1158 0.1177
60 362 0.1173
60 248 0.1170
60 599 0.1170
60 885 0.1169
60 660 0.1168
60 458 0.1159
60 337 0.1159
60 188 0.1156
60 705 0.1149
60 523 0.1147
60 789 0.1147
60 1563 0.1147
60 67 0.1141
60 537 0.1130
60 377 0.1124
60 1543 0.1123
60 242 0.1116
60 936 0.1116
60 994 0.1114
60 1061 0.1114
60 600 0.1111
60 1451 0.1107
60 83 0.1105
60 49 0.1104
60 213 0.1092
60 1288 0.1091
60 982 0.1089
60 1252 0.1083
60 1506 0.1081
60 1534 0.1076
60 406 0.1075
60 724 0.1070
60 691 0.1066
60 459 0.1065
60 178 0.1064
60 301 0.1064
60 1529 0.1062
60 972 0.1060
60 687 0.1060
60 18 0.1053
60 1178 0.1044
60 411 0.1044
60 1411 0.1044
60 1515 0.1043
60 1266 0.1037
60 546 0.1035
60 832 0.1034
60 880 0.1034
60 1119 0.1029
60 781 0.1025
60 1129 0.1024
60 767 0.1022
60 346 0.1020
60 943 0.1020
60 743 0.1018
60 247 0.1018
60 425 0.1015
60 163 0.1012
60 657 0.1011
60 1516 0.1008
60 577 0.1007
60 1279 0.1006
60 393 0.1004
60 676 0.1003
60 259 0.0998
60 923 0.0997
60 1246 0.0997
60 1395 0.0997
60 472 0.0995
60 981 0.0994
60 287 0.0993
60 340 0.0993
60 1180 0.0992
60 602 0.0986
60 63 0.0983
60 681 0.0979
60 142 0.0976
60 761 0.0975
60 435 0.0971
60 752 0.0971
60 1306 0.0971
60 374 0.0967
60 299 0.0966
60 174 0.0964
60 275 0.0964
60 1272 0.0962
60 118 0.0957
60 283 0.0957
60 597 0.0952
60 728 0.0952
60 772 0.0952
60 845 0.0951
60 1116 0.0948
60 1469 0.0948
60 719 0.0946
60 642 0.0943
60 753 0.0940
60 1547 0.0937
60 1141 0.0937
60 1035 0.0931
60 173 0.0929
60 1142 0.0923
60 950 0.0922
60 418 0.0918
60 961 0.0914
60 953 0.0910
60 35 0.0909
60 1356 0.0906
60 1225 0.0905
60 823 0.0901
60 1204 0.0899
60 1000 0.0896
60 441 0.0894
60 720 0.0893
60 436 0.0892
60 214 0.0889
60 350 0.0889
60 1245 0.0889
60 1421 0.0885
60 26 0.0884
60 619 0.0883
60 43 0.0883
60 1203 0.0881
60 861 0.0880
60 427 0.0878
60 1431 0.0877
60 414 0.0877
60 243 0.0874
60 564 0.0872
60 531 0.0862
60 25 0.0859
60 1049 0.0859
60 380 0.0857
60 1092 0.0857
60 1388 0.0856
60 582 0.0855
60 1418 0.0850
60 179 0.0849
60 2 0.0847
60 1109 0.0847
60 428 0.0841
60 1023 0.0834
60 638 0.0833
60 1091 0.0833
60 980 0.0833
60 1253 0.0830
60 15 0.0829
60 477 0.0827
60 1248 0.0827
60 983 0.0824
60 528 0.0818
60 11 0.0817
60 804 0.0815
60 310 0.0815
60 1583 0.0815
60 813 0.0810
60 1265 0.0808
60 1008 0.0804
60 1377 0.0804
60 152 0.0799
60 1581 0.0797
60 1201 0.0795
60 44 0.0792
60 1150 0.0791
60 105 0.0790
60 467 0.0790
60 623 0.0787
60 58 0.0786
60 966 0.0786
60 1146 0.0786
60 715 0.0784
60 131 0.0779
60 560 0.0779
60 561 0.0779
60 1112 0.0773
60 890 0.0772
60 773 0.0770
60 518 0.0770
60 951 0.0770
60 97 0.0765
60 716 0.0765
60 1172 0.0765
60 1460 0.0765
60 509 0.0761
60 1247 0.0760
60 734 0.0757
60 971 0.0752
60 158 0.0751
60 355 0.0751
60 136 0.0750
60 165 0.0745
60 125 0.0745
60 443 0.0744
60 1038 0.0742
60 517 0.0736
60 101 0.0735
60 931 0.0735
60 940 0.0735
60 397 0.0732
60 575 0.0732
60 1477 0.0732
60 733 0.0731
60 1193 0.0729
60 1335 0.0726
60 1280 0.0726
60 420 0.0725
60 658 0.0723
60 216 0.0722
60 1475 0.0721
60 788 0.0720
60 699 0.0718
60 1433 0.0718
60 886 0.0718
60 386 0.0714
60 1218 0.0714
60 593 0.0711
60 736 0.0710
60 1117 0.0710
60 1148 0.0710
60 27 0.0708
60 1329 0.0707
60 371 0.0705
60 989 0.0702
60 996 0.0702
60 1296 0.0702
60 222 0.0702
60 1558 0.0702
60 55 0.0700
60 722 0.0700
60 1255 0.0700
60 225 0.0698
60 239 0.0694
60 167 0.0692
60 1151 0.0692
60 1167 0.0692
60 155 0.0689
60 692 0.0687
60 156 0.0681
60 572 0.0681
60 858 0.0679
60 309 0.0677
60 938 0.0676
60 127 0.0672
60 170 0.0672
60 514 0.0669
60 1052 0.0668
60 109 0.0662
60 866 0.0662
60 1033 0.0662
60 1412 0.0662
60 820 0.0659
60 930 0.0659
60 370 0.0656
60 974 0.0656
60 212 0.0653
60 640 0.0653
60 925 0.0651
60 367 0.0648
60 1007 0.0645
60 261 0.0645
60 1295 0.0645
60 574 0.0642
60 1396 0.0642
60 1492 0.0640
60 672 0.0638
60 948 0.0638
60 932 0.0636
60 717 0.0635
60 1423 0.0634
60 1526 0.0633
60 739 0.0630
60 316 0.0628
60 382 0.0628
60 1267 0.0628
60 744 0.0628
60 656 0.0626
60 162 0.0624
60 674 0.0623
60 1046 0.0621
60 529 0.0621
60 770 0.0621
60 778 0.0621
60 822 0.0621
60 70 0.0620
60 361 0.0620
60 912 0.0620
60 1103 0.0620
60 114 0.0615
60 499 0.0613
60 1032 0.0612
60 829 0.0611
60 1308 0.0610
60 394 0.0610
60 1456 0.0610
60 448 0.0608
60 607 0.0606
60 1219 0.0606
60 1374 0.0604
60 184 0.0604
60 1170 0.0601
60 1235 0.0600
60 774 0.0596
60 328 0.0592
60 732 0.0592
60 991 0.0589
60 1114 0.0589
60 1350 0.0588
60 6 0.0586
60 303 0.0586
60 449 0.0585
60 701 0.0585
60 782 0.0580
60 1349 0.0580
60 959 0.0579
60 1128 0.0573
60 1381 0.0572
60 391 0.0571
60 1474 0.0570
60 552 0.0568
60 584 0.0568
60 1314 0.0566
60 151 0.0565
60 208 0.0565
60 1405 0.0565
60 1464 0.0565
60 1045 0.0564
60 541 0.0555
60 255 0.0554
60 1519 0.0552
60 94 0.0550
60 1305 0.0548
60 1047 0.0546
60 416 0.0546
60 476 0.0546
60 273 0.0541
60 311 0.0541
60 696 0.0541
60 1238 0.0541
60 342 0.0538
60 1122 0.0538
60 965 0.0536
60 1480 0.0534
60 1343 0.0530
60 1210 0.0527
60 463 0.0526
60 634 0.0526
60 87 0.0525
60 1549 0.0525
60 19 0.0522
60 232 0.0522
60 738 0.0522
60 1168 0.0522
60 710 0.0520
60 856 0.0520
60 1425 0.0520
60 1088 0.0519
60 954 0.0517
60 1341 0.0517
60 1415 0.0514
60 40 0.0513
60 181 0.0513
60 421 0.0513
60 814 0.0513
60 889 0.0513
60 1233 0.0513
60 33 0.0510
60 121 0.0510
60 278 0.0510
60 434 0.0509
60 631 0.0509
60 1289 0.0507
60 1229 0.0505
60 708 0.0505
60 1161 0.0505
60 894 0.0502
60 349 0.0501
60 1375 0.0501
60 664 0.0497
60 128 0.0496
60 650 0.0496
60 422 0.0494
60 160 0.0493
60 314 0.0493
60 1130 0.0493
60 1159 0.0493
60 1332 0.0492
60 666 0.0492
60 201 0.0490
60 700 0.0490
60 7 0.0489
60 928 0.0489
60 1512 0.0488
60 61 0.0486
60 488 0.0485
60 821 0.0485
60 282 0.0484
60 798 0.0484
60 135 0.0482
60 219 0.0482
60 412 0.0480
60 952 0.0478
60 1360 0.0478
60 1048 0.0477
60 750 0.0475
60 1298 0.0473
60 318 0.0472
60 68 0.0470
60 86 0.0468
60 662 0.0468
60 1208 0.0468
60 1576 0.0468
60 1466 0.0467
60 52 0.0465
60 612 0.0465
60 321 0.0464
60 868 0.0464
60 1463 0.0463
60 1104 0.0462
60 1190 0.0462
60 1282 0.0461
60 819 0.0461
60 998 0.0461
60 1271 0.0458
60 933 0.0456
60 655 0.0453
60 1132 0.0453
60 91 0.0451
60 795 0.0451
60 1173 0.0450
60 516 0.0448
60 667 0.0448
60 1390 0.0448
60 1428 0.0448
60 1075 0.0443
60 399 0.0442
60 466 0.0442
60 539 0.0442
60 193 0.0439
60 489 0.0439
60 1044 0.0438
60 3 0.0436
60 305 0.0436
60 502 0.0434
60 797 0.0434
60 1436 0.0434
60 1489 0.0434
60 1379 0.0433
60 1118 0.0431
60 1249 0.0428
60 836 0.0427
60 1241 0.0424
60 157 0.0424
60 46 0.0423
60 334 0.0421
60 1097 0.0421
60 679 0.0419
60 997 0.0419
60 1099 0.0419
60 1108 0.0419
60 556 0.0417
60 265 0.0416
60 1179 0.0414
60 1205 0.0414
60 755 0.0412
60 909 0.0411
60 727 0.0409
60 652 0.0408
60 390 0.0406
60 962 0.0406
60 431 0.0406
60 688 0.0403
60 147 0.0399
60 1127 0.0399
60 1440 0.0397
60 230 0.0396
60 549 0.0396
60 79 0.0395
60 967 0.0395
60 598 0.0393
60 1068 0.0393
60 988 0.0392
60 1511 0.0392
60 803 0.0391
60 171 0.0390
60 718 0.0390
60 1544 0.0390
60 1087 0.0388
60 272 0.0386
60 1510 0.0384
60 130 0.0382
60 372 0.0381
60 1344 0.0381
60 620 0.0379
60 359 0.0378
60 725 0.0377
60 1458 0.0377
60 786 0.0376
60 482 0.0375
60 911 0.0375
60 764 0.0372
60 633 0.0367
60 1160 0.0367
60 1346 0.0367
60 145 0.0366
60 365 0.0365
60 533 0.0363
60 547 0.0363
60 308 0.0361
60 1254 0.0361
60 1283 0.0361
60 369 0.0360
60 920 0.0360
60 958 0.0360
60 317 0.0358
60 557 0.0356
60 1326 0.0355
60 1387 0.0355
60 99 0.0354
60 252 0.0353
60 1373 0.0353
60 1429 0.0353
60 1089 0.0351
60 176 0.0351
60 280 0.0351
60 493 0.0351
60 1079 0.0351
60 1367 0.0351
60 447 0.0350
60 1196 0.0350
60 863 0.0349
60 919 0.0349
60 1221 0.0348
60 1402 0.0345
60 1011 0.0342
60 60 0.0339
60 614 0.0337
60 768 0.0337
60 1397 0.0337
60 24 0.0336
60 312 0.0333
60 426 0.0331
60 1416 0.0331
60 1541 0.0331
60 563 0.0329
60 1399 0.0329
60 651 0.0324
60 1571 0.0324
60 1342 0.0322
60 78 0.0322
60 895 0.0322
60 73 0.0321
60 934 0.0321
60 1291 0.0321
60 1316 0.0321
60 1026 0.0319
60 1494 0.0316
60 1010 0.0315
60 1542 0.0313
60 9 0.0312
60 580 0.0312
60 879 0.0307
60 1260 0.0307
60 1427 0.0304
60 1166 0.0301
60 1470 0.0300
60 327 0.0298
60 338 0.0297
60 882 0.0297
60 1027 0.0296
60 1446 0.0294
60 1224 0.0291
60 606 0.0289
60 1299 0.0289
60 1578 0.0289
60 424 0.0288
60 1098 0.0288
60 659 0.0288
60 172 0.0287
60 231 0.0287
60 851 0.0283
60 81 0.0282
60 238 0.0282
60 454 0.0282
60 494 0.0282
60 1017 0.0282
60 120 0.0281
60 31 0.0276
60 69 0.0276
60 1301 0.0276
60 134 0.0275
60 437 0.0274
60 36 0.0274
60 1364 0.0273
60 1483 0.0271
60 285 0.0270
60 550 0.0269
60 706 0.0266
60 1333 0.0265
60 209 0.0265
60 415 0.0265
60 1444 0.0265
60 1453 0.0264
60 729 0.0264
60 900 0.0264
60 12 0.0261
60 475 0.0261
60 456 0.0260
60 215 0.0260
60 653 0.0257
60 726 0.0256
60 558 0.0256
60 74 0.0255
60 177 0.0255
60 1063 0.0255
60 1569 0.0255
60 1572 0.0255
60 357 0.0253
60 595 0.0253
60 21 0.0251
60 887 0.0251
60 611 0.0251
60 864 0.0250
60 645 0.0248
60 975 0.0248
60 1268 0.0248
60 604 0.0246
60 754 0.0245
60 1264 0.0245
60 1368 0.0245
60 17 0.0243
60 973 0.0243
60 860 0.0242
60 1348 0.0242
60 1424 0.0240
60 542 0.0239
60 13 0.0238
60 690 0.0238
60 849 0.0238
60 1022 0.0235
60 363 0.0234
60 233 0.0231
60 294 0.0231
60 888 0.0231
60 891 0.0230
60 497 0.0227
60 1548 0.0226
60 1181 0.0225
60 490 0.0222
60 75 0.0222
60 50 0.0221
60 873 0.0218
60 218 0.0218
60 818 0.0218
60 924 0.0216
60 685 0.0215
60 831 0.0215
60 914 0.0215
60 1230 0.0215
60 1144 0.0213
60 1156 0.0213
60 635 0.0212
60 124 0.0209
60 1524 0.0208
60 1085 0.0206
60 220 0.0204
60 511 0.0204
60 538 0.0204
60 583 0.0204
60 1310 0.0204
60 115 0.0202
60 1072 0.0202
60 1439 0.0200
60 223 0.0200
60 445 0.0200
60 1392 0.0200
60 1554 0.0200
60 1574 0.0200
60 1020 0.0199
60 41 0.0197
60 402 0.0197
60 960 0.0197
60 351 0.0196
60 791 0.0195
60 1126 0.0195
60 92 0.0193
60 195 0.0193
60 264 0.0193
60 408 0.0193
60 1198 0.0193
60 1015 0.0192
60 166 0.0189
60 1319 0.0189
60 592 0.0189
60 532 0.0187
60 1376 0.0187
60 1432 0.0187
60 1564 0.0187
60 491 0.0185
60 1185 0.0185
60 588 0.0184
60 234 0.0182
60 302 0.0180
60 522 0.0180
60 1236 0.0180
60 1302 0.0179
60 148 0.0179
60 250 0.0179
60 423 0.0176
60 22 0.0174
60 180 0.0174
60 141 0.0171
60 901 0.0171
60 1182 0.0171
60 852 0.0170
60 1055 0.0170
60 1496 0.0170
60 113 0.0168
60 1019 0.0168
60 1086 0.0167
60 927 0.0167
60 1121 0.0167
60 1580 0.0167
60 37 0.0166
60 384 0.0166
60 221 0.0164
60 527 0.0163
60 1315 0.0162
60 1101 0.0161
60 262 0.0161
60 433 0.0161
60 683 0.0161
60 1256 0.0161
60 1537 0.0161
60 122 0.0159
60 154 0.0159
60 506 0.0159
60 526 0.0159
60 1325 0.0159
60 150 0.0158
60 300 0.0157
60 1107 0.0157
60 843 0.0156
60 793 0.0155
60 916 0.0155
60 129 0.0154
60 554 0.0152
60 126 0.0151
60 905 0.0150
60 921 0.0150
60 740 0.0149
60 34 0.0148
60 149 0.0147
60 28 0.0146
60 801 0.0146
60 780 0.0145
60 812 0.0145
60 785 0.0144
60 1135 0.0144
60 1237 0.0144
60 540 0.0143
60 553 0.0143
60 714 0.0142
60 1214 0.0141
60 771 0.0141
60 339 0.0140
60 1553 0.0140
60 910 0.0139
60 644 0.0138
60 907 0.0138
60 229 0.0137
60 258 0.0137
60 1290 0.0137
60 1040 0.0136
60 613 0.0136
60 815 0.0135
60 1557 0.0135
60 1338 0.0134
60 1371 0.0133
60 1473 0.0133
60 1499 0.0132
60 1509 0.0132
60 322 0.0132
60 1277 0.0131
60 1056 0.0131
60 405 0.0130
60 291 0.0129
60 917 0.0128
60 288 0.0127
60 922 0.0127
60 1276 0.0125
60 144 0.0124
60 269 0.0124
60 585 0.0124
60 112 0.0122
60 1164 0.0122
60 48 0.0120
60 383 0.0119
60 1401 0.0119
60 935 0.0118
60 143 0.0118
60 1227 0.0116
60 1538 0.0116
60 1153 0.0115
60 1455 0.0114
60 1090 0.0113
60 289 0.0113
60 1174 0.0112
60 498 0.0112
60 450 0.0111
60 1077 0.0110
60 1540 0.0109
60 1579 0.0108
60 1369 0.0108
60 1403 0.0108
60 1505 0.0108
60 1336 0.0107
60 765 0.0104
60 77 0.0104
60 186 0.0103
60 515 0.0103
60 1503 0.0103
60 249 0.0102
60 707 0.0102
60 616 0.0100
60 1275 0.0099
60 521 0.0098
60 53 0.0097
60 520 0.0096
60 883 0.0095
60 830 0.0094
60 1095 0.0094
60 1487 0.0093
60 5 0.0088
60 1317 0.0087
60 1328 0.0085
60 783 0.0083
60 877 0.0077
60 1312 0.0076
60 749 0.0076
60 240 0.0074
60 1323 0.0073
60 1304 0.0073
60 1486 0.0073
60 1111 0.0071
60 1155 0.0059
61 1520 0.4330
61 147 0.3982
61 189 0.3956
61 923 0.3313
61 591 0.3277
61 1122 0.3176
61 426 0.3128
61 728 0.2996
61 290 0.2712
61 935 0.2611
61 1172 0.2608
61 1071 0.2578
61 1297 0.2541
61 1254 0.2464
61 466 0.2433
61 1057 0.2424
61 814 0.2423
61 624 0.2247
61 309 0.2130
61 647 0.2119
61 577 0.2115
61 623 0.2065
61 1523 0.2023
61 1288 0.1982
61 1225 0.1960
61 715 0.1938
61 1320 0.1926
61 1356 0.1902
61 1020 0.1881
61 1089 0.1843
61 722 0.1836
61 765 0.1802
61 67 0.1797
61 1388 0.1796
61 91 0.1775
61 464 0.1768
61 1202 0.1744
61 639 0.1735
61 1044 0.1726
61 311 0.1703
61 395 0.1688
61 720 0.1687
61 1473 0.1677
61 1132 0.1663
61 900 0.1660
61 124 0.1648
61 1411 0.1643
61 155 0.1627
61 1487 0.1618
61 901 0.1615
61 1182 0.1612
61 1439 0.1576
61 1154 0.1574
61 826 0.1565
61 840 0.1562
61 807 0.1554
61 809 0.1539
61 559 0.1531
61 1083 0.1523
61 652 0.1498
61 1060 0.1495
61 273 0.1490
61 896 0.1489
61 1298 0.1489
61 1267 0.1484
61 295 0.1474
61 266 0.1468
61 398 0.1460
61 224 0.1452
61 771 0.1441
61 95 0.1430
61 345 0.1426
61 1478 0.1419
61 1303 0.1418
61 1398 0.1412
61 425 0.1398
61 1101 0.1393
61 1013 0.1390
61 1407 0.1382
61 946 0.1381
61 1054 0.1371
61 970 0.1369
61 1268 0.1367
61 592 0.1337
61 1496 0.1335
61 537 0.1334
61 611 0.1316
61 600 0.1311
61 1142 0.1308
61 1035 0.1303
61 285 0.1277
61 1273 0.1268
61 388 0.1264
61 704 0.1264
61 654 0.1257
61 474 0.1248
61 418 0.1239
61 1525 0.1234
61 1426 0.1220
61 408 0.1217
61 479 0.1188
61 1515 0.1173
61 999 0.1171
61 1459 0.1169
61 1024 0.1167
61 134 0.1154
61 145 0.1152
61 1014 0.1148
61 1550 0.1146
61 1236 0.1135
61 1450 0.1131
61 148 0.1125
61 1461 0.1123
61 994 0.1116
61 1105 0.1116
61 1485 0.1116
61 1001 0.1115
61 1482 0.1115
61 1334 0.1112
61 1030 0.1110
61 979 0.1106
61 225 0.1099
61 1002 0.1095
61 512 0.1086
61 1455 0.1081
61 776 0.1073
61 1300 0.1064
61 357 0.1064
61 1204 0.1061
61 113 0.1059
61 686 0.1059
61 104 0.1057
61 1099 0.1055
61 971 0.1053
61 1086 0.1053
61 287 0.1043
61 340 0.1043
61 384 0.1043
61 322 0.1037
61 56 0.1035
61 964 0.1035
61 87 0.1032
61 1533 0.1028
61 1378 0.1024
61 61 0.1021
61 530 0.1015
61 1137 0.1015
61 219 0.1011
61 330 0.1011
61 1272 0.1010
61 506 0.1004
61 1280 0.1000
61 545 0.0997
61 1352 0.0997
61 1292 0.0991
61 315 0.0990
61 779 0.0989
61 874 0.0985
61 1354 0.0981
61 1084 0.0980
61 1335 0.0980
61 557 0.0980
61 793 0.0976
61 220 0.0965
61 968 0.0963
61 905 0.0944
61 737 0.0943
61 441 0.0938
61 1091 0.0936
61 729 0.0935
61 1328 0.0934
61 467 0.0933
61 991 0.0927
61 1434 0.0927
61 1022 0.0925
61 1093 0.0918
61 1198 0.0912
61 959 0.0911
61 899 0.0910
61 1433 0.0905
61 891 0.0904
61 1377 0.0904
61 617 0.0894
61 981 0.0894
61 1117 0.0894
61 2 0.0889
61 151 0.0889
61 1331 0.0889
61 1464 0.0889
61 1278 0.0885
61 63 0.0884
61 757 0.0884
61 1157 0.0884
61 468 0.0879
61 1410 0.0878
61 31 0.0870
61 1365 0.0870
61 59 0.0867
61 576 0.0861
61 364 0.0859
61 271 0.0856
61 462 0.0856
61 304 0.0851
61 522 0.0851
61 1557 0.0851
61 1369 0.0848
61 777 0.0838
61 1529 0.0836
61 749 0.0836
61 16 0.0834
61 415 0.0834
61 730 0.0834
61 1484 0.0830
61 579 0.0829
61 57 0.0821
61 411 0.0821
61 419 0.0821
61 240 0.0820
61 131 0.0818
61 358 0.0808
61 889 0.0808
61 1011 0.0808
61 917 0.0806
61 1129 0.0806
61 1406 0.0804
61 33 0.0803
61 251 0.0803
61 495 0.0803
61 957 0.0803
61 698 0.0799
61 1457 0.0799
61 1458 0.0792
61 274 0.0788
61 1375 0.0788
61 670 0.0784
61 912 0.0781
61 199 0.0774
61 666 0.0774
61 1067 0.0774
61 1552 0.0774
61 397 0.0768
61 1078 0.0764
61 1306 0.0764
61 459 0.0762
61 1322 0.0761
61 73 0.0759
61 683 0.0759
61 1445 0.0758
61 629 0.0752
61 1521 0.0752
61 638 0.0749
61 990 0.0749
61 993 0.0749
61 587 0.0745
61 1029 0.0743
61 1146 0.0742
61 1373 0.0740
61 194 0.0737
61 1576 0.0737
61 813 0.0729
61 196 0.0727
61 721 0.0725
61 1372 0.0722
61 184 0.0713
61 947 0.0705
61 740 0.0704
61 34 0.0699
61 1027 0.0699
61 1409 0.0698
61 1075 0.0697
61 694 0.0695
61 842 0.0695
61 1050 0.0695
61 1114 0.0695
61 741 0.0693
61 902 0.0690
61 1223 0.0687
61 543 0.0686
61 818 0.0686
61 908 0.0681
61 85 0.0677
61 914 0.0677
61 932 0.0668
61 1192 0.0668
61 107 0.0667
61 157 0.0667
61 334 0.0664
61 339 0.0659
61 556 0.0656
61 827 0.0656
61 1524 0.0655
61 1205 0.0652
61 529 0.0651
61 515 0.0649
61 1199 0.0647
61 1472 0.0643
61 88 0.0637
61 607 0.0636
61 1342 0.0634
61 217 0.0630
61 72 0.0629
61 152 0.0629
61 259 0.0629
61 323 0.0629
61 352 0.0629
61 484 0.0629
61 706 0.0629
61 1440 0.0625
61 1189 0.0622
61 1504 0.0622
61 1252 0.0620
61 235 0.0619
61 803 0.0615
61 1359 0.0615
61 560 0.0613
61 1081 0.0613
61 116 0.0608
61 1169 0.0608
61 653 0.0608
61 890 0.0608
61 354 0.0602
61 74 0.0602
61 789 0.0602
61 359 0.0596
61 368 0.0596
61 551 0.0596
61 955 0.0596
61 1382 0.0596
61 21 0.0594
61 492 0.0588
61 1281 0.0586
61 42 0.0584
61 465 0.0584
61 1441 0.0580
61 341 0.0578
61 594 0.0578
61 1560 0.0578
61 101 0.0578
61 1058 0.0578
61 1418 0.0573
61 353 0.0573
61 416 0.0573
61 860 0.0571
61 1283 0.0569
61 696 0.0568
61 788 0.0566
61 542 0.0564
61 965 0.0562
61 99 0.0557
61 197 0.0557
61 857 0.0556
61 753 0.0555
61 1208 0.0553
61 1034 0.0552
61 1079 0.0552
61 1353 0.0552
61 1558 0.0552
61 918 0.0551
61 1196 0.0551
61 1100 0.0548
61 906 0.0543
61 389 0.0538
61 558 0.0537
61 743 0.0534
61 1055 0.0534
61 452 0.0531
61 440 0.0530
61 1149 0.0527
61 182 0.0525
61 473 0.0525
61 312 0.0525
61 939 0.0521
61 94 0.0519
61 915 0.0519
61 314 0.0517
61 680 0.0517
61 1159 0.0517
61 862 0.0514
61 1240 0.0514
61 1546 0.0514
61 169 0.0513
61 742 0.0513
61 799 0.0513
61 892 0.0513
61 78 0.0507
61 174 0.0506
61 275 0.0506
61 451 0.0506
61 1037 0.0506
61 1291 0.0506
61 1438 0.0506
61 590 0.0504
61 1026 0.0502
61 1325 0.0502
61 702 0.0499
61 549 0.0498
61 1452 0.0498
61 1070 0.0498
61 1239 0.0496
61 66 0.0495
61 1184 0.0495
61 1262 0.0495
61 485 0.0495
61 942 0.0492
61 86 0.0491
61 96 0.0491
61 321 0.0487
61 1383 0.0487
61 1124 0.0485
61 1213 0.0485
61 1530 0.0482
61 1456 0.0480
61 140 0.0478
61 286 0.0478
61 165 0.0469
61 774 0.0469
61 402 0.0466
61 1351 0.0466
61 1394 0.0466
61 661 0.0464
61 504 0.0461
61 39 0.0461
61 599 0.0461
61 1224 0.0457
61 188 0.0455
61 244 0.0455
61 780 0.0455
61 797 0.0455
61 1489 0.0455
61 1015 0.0454
61 659 0.0453
61 172 0.0452
61 1237 0.0452
61 553 0.0450
61 1082 0.0450
61 830 0.0446
61 454 0.0445
61 120 0.0442
61 373 0.0442
61 1400 0.0442
61 1543 0.0442
61 1561 0.0442
61 811 0.0440
61 1500 0.0440
61 925 0.0439
61 910 0.0437
61 601 0.0435
61 191 0.0432
61 229 0.0432
61 1028 0.0431
61 1047 0.0430
61 267 0.0426
61 284 0.0426
61 387 0.0426
61 487 0.0426
61 1389 0.0426
61 183 0.0423
61 1338 0.0423
61 1479 0.0421
61 100 0.0419
61 1371 0.0419
61 472 0.0418
61 209 0.0417
61 687 0.0417
61 1201 0.0417
61 1343 0.0417
61 1509 0.0417
61 675 0.0413
61 432 0.0411
61 505 0.0409
61 885 0.0409
61 1021 0.0409
61 626 0.0403
61 1451 0.0402
61 288 0.0401
61 716 0.0401
61 867 0.0401
61 922 0.0399
61 1423 0.0399
61 725 0.0396
61 894 0.0395
61 864 0.0394
61 1395 0.0392
61 783 0.0391
61 128 0.0391
61 1180 0.0391
61 269 0.0389
61 909 0.0388
61 913 0.0387
61 201 0.0386
61 1160 0.0386
61 1518 0.0386
61 391 0.0385
61 1380 0.0384
61 1512 0.0384
61 187 0.0382
61 1031 0.0382
61 646 0.0381
61 837 0.0381
61 412 0.0378
61 796 0.0376
61 13 0.0375
61 62 0.0375
61 618 0.0375
61 746 0.0375
61 1386 0.0375
61 1401 0.0375
61 1522 0.0375
61 1387 0.0373
61 535 0.0372
61 68 0.0370
61 371 0.0370
61 236 0.0369
61 989 0.0369
61 1296 0.0369
61 1059 0.0367
61 1227 0.0366
61 1463 0.0364
61 1151 0.0363
61 1498 0.0363
61 1385 0.0362
61 1381 0.0360
61 1162 0.0359
61 35 0.0358
61 156 0.0358
61 60 0.0356
61 1370 0.0355
61 1181 0.0354
61 1397 0.0354
61 1514 0.0354
61 516 0.0352
61 1390 0.0352
61 1497 0.0352
61 75 0.0349
61 450 0.0349
61 109 0.0348
61 392 0.0348
61 399 0.0348
61 586 0.0348
61 1357 0.0348
61 335 0.0346
61 414 0.0345
61 218 0.0343
61 651 0.0341
61 1243 0.0341
61 605 0.0339
61 206 0.0338
61 1295 0.0338
61 1491 0.0338
61 836 0.0336
61 82 0.0335
61 1494 0.0332
61 1010 0.0331
61 731 0.0330
61 997 0.0330
61 1108 0.0330
61 1212 0.0330
61 1508 0.0330
61 980 0.0328
61 1088 0.0327
61 1253 0.0327
61 510 0.0327
61 735 0.0326
61 770 0.0326
61 608 0.0325
61 781 0.0323
61 511 0.0322
61 593 0.0320
61 806 0.0320
61 1226 0.0319
61 115 0.0318
61 501 0.0318
61 1270 0.0318
61 984 0.0316
61 904 0.0315
61 1470 0.0315
61 524 0.0314
61 748 0.0314
61 1392 0.0314
61 1191 0.0313
61 325 0.0313
61 882 0.0312
61 185 0.0311
61 1332 0.0310
61 6 0.0307
61 1147 0.0307
61 1462 0.0307
61 205 0.0305
61 404 0.0305
61 299 0.0304
61 458 0.0304
61 782 0.0304
61 424 0.0303
61 1065 0.0303
61 97 0.0301
61 1261 0.0301
61 584 0.0298
61 603 0.0298
61 1449 0.0298
61 1095 0.0297
61 1358 0.0296
61 532 0.0295
61 569 0.0295
61 911 0.0295
61 1432 0.0295
61 1413 0.0293
61 1216 0.0293
61 1185 0.0292
61 588 0.0289
61 164 0.0288
61 1305 0.0288
61 1259 0.0286
61 658 0.0284
61 302 0.0284
61 1475 0.0284
61 455 0.0282
61 1113 0.0282
61 417 0.0281
61 622 0.0281
61 1476 0.0281
61 615 0.0279
61 1333 0.0279
61 18 0.0276
61 1465 0.0274
61 180 0.0274
61 643 0.0274
61 711 0.0274
61 1221 0.0274
61 531 0.0271
61 1415 0.0270
61 198 0.0269
61 582 0.0269
61 1009 0.0268
61 631 0.0267
61 173 0.0266
61 1019 0.0265
61 1161 0.0265
61 1023 0.0263
61 1152 0.0263
61 1580 0.0263
61 961 0.0262
61 337 0.0261
61 850 0.0261
61 1033 0.0261
61 1257 0.0261
61 1541 0.0261
61 221 0.0259
61 602 0.0259
61 766 0.0259
61 1311 0.0259
61 1128 0.0258
61 693 0.0257
61 29 0.0257
61 310 0.0257
61 928 0.0257
61 1215 0.0257
61 895 0.0253
61 262 0.0253
61 1175 0.0253
61 1396 0.0253
61 226 0.0251
61 242 0.0251
61 230 0.0250
61 150 0.0249
61 471 0.0249
61 565 0.0249
61 1119 0.0249
61 1148 0.0248
61 1501 0.0248
61 300 0.0247
61 1107 0.0247
61 662 0.0246
61 1293 0.0246
61 1046 0.0244
61 500 0.0244
61 1430 0.0244
61 636 0.0241
61 1258 0.0241
61 448 0.0239
61 1139 0.0239
61 1307 0.0239
61 126 0.0238
61 655 0.0238
61 443 0.0234
61 1195 0.0233
61 1245 0.0233
61 1446 0.0232
61 489 0.0230
61 801 0.0230
61 268 0.0229
61 828 0.0229
61 759 0.0228
61 800 0.0228
61 977 0.0228
61 1408 0.0228
61 1135 0.0226
61 1279 0.0226
61 1092 0.0225
61 1502 0.0225
61 552 0.0224
61 1442 0.0223
61 208 0.0222
61 494 0.0222
61 1553 0.0220
61 1321 0.0219
61 69 0.0217
61 1519 0.0217
61 1040 0.0214
61 815 0.0213
61 938 0.0213
61 1420 0.0212
61 1534 0.0212
61 724 0.0211
61 1186 0.0210
61 1471 0.0210
61 632 0.0209
61 1115 0.0209
61 963 0.0208
61 254 0.0206
61 351 0.0206
61 12 0.0205
61 19 0.0205
61 475 0.0205
61 1178 0.0205
61 1493 0.0205
61 47 0.0203
61 823 0.0203
61 1171 0.0203
61 1467 0.0203
61 726 0.0202
61 1063 0.0201
61 1209 0.0201
61 372 0.0200
61 26 0.0199
61 355 0.0197
61 376 0.0197
61 1246 0.0196
61 1276 0.0196
61 1490 0.0196
61 422 0.0194
61 884 0.0194
61 754 0.0193
61 1264 0.0193
61 1477 0.0192
61 17 0.0191
61 435 0.0191
61 207 0.0190
61 533 0.0190
61 798 0.0190
61 1263 0.0190
61 1556 0.0189
61 317 0.0188
61 1326 0.0187
61 1155 0.0186
61 1318 0.0186
61 252 0.0185
61 1141 0.0184
61 1255 0.0184
61 612 0.0183
61 566 0.0183
61 1538 0.0182
61 233 0.0181
61 805 0.0181
61 998 0.0181
61 1419 0.0181
61 692 0.0180
61 976 0.0179
61 723 0.0178
61 289 0.0177
61 790 0.0177
61 795 0.0177
61 460 0.0177
61 768 0.0177
61 1062 0.0175
61 255 0.0174
61 866 0.0174
61 1251 0.0173
61 1176 0.0172
61 1379 0.0170
61 1384 0.0170
61 1118 0.0170
61 1403 0.0170
61 1049 0.0169
61 1230 0.0169
61 1316 0.0169
61 1156 0.0168
61 1492 0.0168
61 695 0.0167
61 853 0.0166
61 676 0.0166
61 329 0.0164
61 77 0.0163
61 186 0.0162
61 879 0.0161
61 190 0.0160
61 1329 0.0159
61 854 0.0157
61 570 0.0156
61 1275 0.0156
61 732 0.0155
61 671 0.0155
61 573 0.0154
61 231 0.0150
61 520 0.0150
61 817 0.0148
61 1466 0.0147
61 1282 0.0145
61 365 0.0144
61 1158 0.0143
61 744 0.0141
61 1317 0.0137
61 215 0.0136
61 1425 0.0136
61 852 0.0134
61 265 0.0131
61 486 0.0128
61 619 0.0126
61 868 0.0122
61 877 0.0122
61 1304 0.0115
61 362 0.0103
61 657 0.0100
61 1302 0.0094
61 1190 0.0091
62 1343 0.2558
62 955 0.2437
62 697 0.2375
62 881 0.2365
62 157 0.2273
62 743 0.2186
62 630 0.2101
62 1137 0.2075
62 867 0.2052
62 1035 0.1998
62 1170 0.1934
62 305 0.1872
62 736 0.1829
62 755 0.1769
62 1176 0.1758
62 1384 0.1741
62 1475 0.1741
62 514 0.1723
62 241 0.1641
62 1161 0.1625
62 482 0.1612
62 1311 0.1587
62 1342 0.1557
62 1414 0.1557
62 1175 0.1551
62 1278 0.1508
62 951 0.1487
62 1151 0.1485
62 776 0.1463
62 1448 0.1448
62 1174 0.1447
62 1476 0.1434
62 954 0.1388
62 231 0.1385
62 846 0.1357
62 1212 0.1348
62 1053 0.1336
62 515 0.1328
62 499 0.1316
62 652 0.1312
62 1072 0.1301
62 1338 0.1299
62 1101 0.1295
62 1272 0.1290
62 1555 0.1271
62 1252 0.1268
62 682 0.1257
62 8 0.1254
62 1163 0.1247
62 1171 0.1242
62 1467 0.1242
62 425 0.1225
62 525 0.1225
62 1361 0.1225
62 368 0.1218
62 465 0.1194
62 1363 0.1185
62 1264 0.1183
62 435 0.1173
62 547 0.1168
62 1283 0.1163
62 369 0.1161
62 844 0.1161
62 1091 0.1149
62 99 0.1140
62 1529 0.1140
62 18 0.1130
62 280 0.1130
62 57 0.1120
62 180 0.1120
62 1221 0.1120
62 1411 0.1120
62 998 0.1113
62 1528 0.1113
62 198 0.1101
62 161 0.1092
62 609 0.1074
62 961 0.1070
62 883 0.1066
62 1541 0.1066
62 1130 0.1058
62 1546 0.1052
62 928 0.1050
62 941 0.1050
62 1379 0.1044
62 821 0.1042
62 275 0.1034
62 1438 0.1034
62 526 0.1027
62 676 0.1020
62 1060 0.1019
62 739 0.1014
62 1042 0.1012
62 662 0.1005
62 1180 0.0998
62 1057 0.0991
62 781 0.0990
62 438 0.0985
62 1485 0.0978
62 792 0.0978
62 1562 0.0978
62 184 0.0972
62 479 0.0972
62 152 0.0964
62 403 0.0964
62 1407 0.0942
62 188 0.0930
62 606 0.0930
62 1237 0.0925
62 1433 0.0925
62 1082 0.0920
62 734 0.0914
62 1017 0.0909
62 1405 0.0909
62 1464 0.0909
62 786 0.0907
62 1131 0.0896
62 600 0.0894
62 910 0.0894
62 347 0.0884
62 1028 0.0881
62 271 0.0875
62 804 0.0875
62 845 0.0875
62 285 0.0870
62 387 0.0870
62 342 0.0866
62 1113 0.0864
62 415 0.0853
62 687 0.0853
62 1201 0.0853
62 1234 0.0853
62 897 0.0844
62 1335 0.0835
62 794 0.0833
62 838 0.0832
62 177 0.0821
62 1569 0.0821
62 1573 0.0821
62 331 0.0817
62 1344 0.0817
62 173 0.0816
62 357 0.0816
62 657 0.0814
62 1229 0.0813
62 4 0.0809
62 725 0.0809
62 887 0.0809
62 158 0.0806
62 874 0.0806
62 70 0.0799
62 102 0.0799
62 430 0.0799
62 650 0.0799
62 422 0.0795
62 1340 0.0795
62 913 0.0792
62 956 0.0792
62 693 0.0789
62 201 0.0788
62 1346 0.0788
62 799 0.0787
62 575 0.0785
62 973 0.0782
62 282 0.0778
62 412 0.0772
62 1556 0.0772
62 796 0.0769
62 386 0.0766
62 638 0.0766
62 1218 0.0766
62 230 0.0766
62 565 0.0764
62 1022 0.0757
62 236 0.0754
62 363 0.0754
62 55 0.0751
62 1536 0.0751
62 919 0.0748
62 224 0.0742
62 1125 0.0742
62 1153 0.0742
62 1167 0.0742
62 1232 0.0742
62 1377 0.0739
62 156 0.0731
62 60 0.0729
62 1314 0.0729
62 871 0.0723
62 170 0.0721
62 784 0.0721
62 1390 0.0721
62 255 0.0713
62 392 0.0711
62 1357 0.0711
62 517 0.0711
62 1337 0.0711
62 863 0.0703
62 924 0.0696
62 25 0.0692
62 635 0.0683
62 702 0.0681
62 1469 0.0678
62 1010 0.0676
62 1099 0.0674
62 679 0.0674
62 1108 0.0674
62 980 0.0670
62 477 0.0666
62 770 0.0666
62 778 0.0666
62 727 0.0658
62 1211 0.0658
62 1310 0.0658
62 593 0.0654
62 501 0.0650
62 1190 0.0650
62 1473 0.0643
62 89 0.0643
62 654 0.0643
62 1574 0.0643
62 670 0.0641
62 882 0.0637
62 185 0.0636
62 19 0.0630
62 791 0.0629
62 878 0.0629
62 1018 0.0629
62 1073 0.0629
62 1462 0.0629
62 116 0.0622
62 272 0.0622
62 782 0.0622
62 1065 0.0619
62 698 0.0613
62 507 0.0609
62 584 0.0609
62 896 0.0609
62 1298 0.0609
62 851 0.0608
62 1376 0.0603
62 1432 0.0603
62 491 0.0597
62 1038 0.0597
62 1185 0.0597
62 367 0.0596
62 341 0.0591
62 1285 0.0591
62 1560 0.0591
62 709 0.0588
62 1305 0.0588
62 476 0.0586
62 953 0.0586
62 1259 0.0586
62 311 0.0580
62 696 0.0580
62 920 0.0580
62 958 0.0580
62 148 0.0575
62 965 0.0575
62 615 0.0570
62 1001 0.0570
62 1242 0.0570
62 1421 0.0570
62 176 0.0565
62 926 0.0565
62 1079 0.0565
62 1465 0.0561
62 52 0.0561
62 546 0.0555
62 40 0.0550
62 889 0.0550
62 901 0.0550
62 1011 0.0550
62 852 0.0548
62 1451 0.0548
62 413 0.0546
62 596 0.0542
62 708 0.0542
62 498 0.0539
62 894 0.0538
62 483 0.0537
62 1052 0.0537
62 337 0.0533
62 384 0.0533
62 939 0.0533
62 1102 0.0533
62 1416 0.0533
62 366 0.0529
62 964 0.0529
62 1159 0.0529
62 1128 0.0527
62 742 0.0525
62 1583 0.0525
62 192 0.0521
62 752 0.0521
62 1078 0.0521
62 1007 0.0519
62 135 0.0517
62 712 0.0517
62 1396 0.0517
62 226 0.0513
62 1026 0.0513
62 1581 0.0513
62 1048 0.0511
62 150 0.0510
62 471 0.0510
62 1119 0.0510
62 1352 0.0510
62 1447 0.0510
62 1526 0.0510
62 344 0.0506
62 642 0.0506
62 966 0.0506
62 1454 0.0506
62 942 0.0503
62 162 0.0503
62 1430 0.0499
62 518 0.0496
62 1213 0.0496
62 760 0.0492
62 1312 0.0491
62 178 0.0489
62 301 0.0489
62 1307 0.0489
62 345 0.0486
62 921 0.0483
62 165 0.0480
62 703 0.0480
62 350 0.0477
62 1027 0.0477
62 149 0.0474
62 503 0.0474
62 991 0.0474
62 1446 0.0474
62 28 0.0471
62 39 0.0471
62 193 0.0471
62 427 0.0471
62 733 0.0471
62 801 0.0471
62 1309 0.0471
62 1393 0.0471
62 1304 0.0470
62 108 0.0465
62 1489 0.0465
62 705 0.0462
62 785 0.0462
62 1135 0.0462
62 1269 0.0462
62 553 0.0460
62 1249 0.0460
62 714 0.0457
62 802 0.0457
62 208 0.0455
62 494 0.0455
62 1214 0.0455
62 63 0.0452
62 757 0.0452
62 1097 0.0452
62 1561 0.0452
62 225 0.0449
62 468 0.0449
62 541 0.0447
62 556 0.0447
62 1321 0.0447
62 69 0.0445
62 374 0.0445
62 907 0.0443
62 191 0.0442
62 1362 0.0442
62 1290 0.0440
62 969 0.0435
62 1324 0.0435
62 1506 0.0435
62 688 0.0433
62 1122 0.0433
62 1534 0.0433
62 256 0.0431
62 724 0.0431
62 1480 0.0430
62 100 0.0429
62 684 0.0429
62 1371 0.0429
62 472 0.0427
62 79 0.0424
62 322 0.0424
62 900 0.0424
62 930 0.0424
62 235 0.0422
62 548 0.0422
62 351 0.0422
62 432 0.0420
62 988 0.0420
62 405 0.0418
62 718 0.0418
62 1021 0.0418
62 880 0.0416
62 1087 0.0416
62 74 0.0410
62 436 0.0410
62 1172 0.0410
62 508 0.0407
62 992 0.0407
62 336 0.0405
62 861 0.0405
62 1096 0.0405
62 1458 0.0405
62 611 0.0404
62 349 0.0403
62 355 0.0403
62 1375 0.0403
62 674 0.0401
62 1490 0.0401
62 764 0.0399
62 1281 0.0399
62 269 0.0398
62 1024 0.0398
62 884 0.0396
62 666 0.0396
62 986 0.0396
62 591 0.0394
62 1058 0.0394
62 1160 0.0394
62 397 0.0393
62 761 0.0393
62 1164 0.0393
62 1380 0.0393
62 533 0.0389
62 837 0.0389
62 1348 0.0389
62 1254 0.0388
62 1345 0.0388
62 589 0.0386
62 1386 0.0383
62 1387 0.0381
62 1155 0.0381
62 252 0.0378
62 1373 0.0378
62 701 0.0377
62 1208 0.0377
62 625 0.0375
62 1059 0.0375
62 1093 0.0375
62 1194 0.0375
62 1196 0.0375
62 612 0.0374
62 1339 0.0374
62 239 0.0373
62 959 0.0373
62 1463 0.0373
62 290 0.0370
62 1402 0.0370
62 1381 0.0368
62 1455 0.0368
62 1225 0.0364
62 289 0.0363
62 795 0.0363
62 1110 0.0363
62 614 0.0362
62 1140 0.0362
62 1204 0.0362
62 1514 0.0362
62 1428 0.0360
62 490 0.0358
62 1062 0.0358
62 855 0.0357
62 923 0.0357
62 842 0.0355
62 866 0.0355
62 1138 0.0355
62 94 0.0354
62 915 0.0354
62 1134 0.0353
62 873 0.0352
62 1036 0.0352
62 982 0.0350
62 1533 0.0350
62 1532 0.0349
62 651 0.0348
62 605 0.0347
62 1118 0.0347
62 1369 0.0347
62 1403 0.0347
62 685 0.0346
62 1133 0.0346
62 330 0.0345
62 1316 0.0345
62 1144 0.0344
62 125 0.0342
62 695 0.0341
62 1459 0.0341
62 1239 0.0338
62 485 0.0337
62 329 0.0336
62 1250 0.0336
62 1084 0.0334
62 1253 0.0334
62 216 0.0332
62 608 0.0332
62 1085 0.0332
62 1383 0.0332
62 879 0.0330
62 1260 0.0329
62 190 0.0328
62 567 0.0328
62 390 0.0327
62 707 0.0327
62 806 0.0327
62 962 0.0327
62 994 0.0326
62 1226 0.0326
62 1427 0.0326
62 607 0.0325
62 1329 0.0325
62 1202 0.0324
62 1374 0.0324
62 1166 0.0323
62 44 0.0319
62 402 0.0318
62 467 0.0318
62 732 0.0318
62 751 0.0318
62 1183 0.0318
62 521 0.0315
62 504 0.0314
62 53 0.0313
62 1544 0.0313
62 205 0.0312
62 404 0.0312
62 459 0.0312
62 1481 0.0310
62 1098 0.0309
62 1510 0.0309
62 659 0.0309
62 97 0.0308
62 1388 0.0306
62 1520 0.0305
62 587 0.0305
62 1449 0.0305
62 830 0.0304
62 519 0.0303
62 817 0.0302
62 925 0.0299
62 1216 0.0299
62 1410 0.0299
62 1142 0.0297
62 1282 0.0297
62 721 0.0296
62 1441 0.0296
62 1301 0.0296
62 134 0.0295
62 1516 0.0295
62 365 0.0294
62 1193 0.0294
62 1158 0.0291
62 308 0.0291
62 1483 0.0291
62 1539 0.0291
62 253 0.0290
62 857 0.0284
62 114 0.0283
62 423 0.0283
62 93 0.0281
62 829 0.0281
62 400 0.0280
62 738 0.0280
62 1425 0.0279
62 1061 0.0276
62 1415 0.0276
62 767 0.0274
62 1406 0.0274
62 1297 0.0274
62 266 0.0273
62 783 0.0267
62 870 0.0266
62 395 0.0265
62 909 0.0264
62 391 0.0262
62 892 0.0262
62 486 0.0261
62 88 0.0260
62 895 0.0259
62 1148 0.0254
62 1542 0.0252
62 1046 0.0250
62 868 0.0249
62 1320 0.0246
62 905 0.0241
62 1323 0.0236
62 759 0.0233
62 1111 0.0227
62 613 0.0218
62 963 0.0212
62 917 0.0206
62 101 0.0197
62 987 0.0195
62 1517 0.0192
62 990 0.0191
62 566 0.0187
62 773 0.0177
62 1466 0.0150
62 1184 0.0127
63 1549 0.5149
63 157 0.5117
63 761 0.4603
63 1174 0.4580
63 775 0.4457
63 1376 0.4243
63 1151 0.4178
63 1458 0.4176
63 1210 0.4137
63 1212 0.4111
63 734 0.4000
63 1541 0.4000
63 305 0.3952
63 1299 0.3928
63 831 0.3893
63 878 0.3833
63 888 0.3830
63 1145 0.3776
63 919 0.3684
63 1219 0.3660
63 907 0.3634
63 1464 0.3624
63 910 0.3564
63 810 0.3544
63 1121 0.3528
63 1040 0.3488
63 973 0.3483
63 677 0.3464
63 769 0.3464
63 1460 0.3464
63 1319 0.3429
63 1221 0.3414
63 394 0.3375
63 1022 0.3372
63 801 0.3313
63 472 0.3304
63 914 0.3244
63 563 0.3225
63 1318 0.3207
63 687 0.3200
63 255 0.3178
63 1274 0.3111
63 860 0.3104
63 1162 0.3098
63 491 0.3081
63 1328 0.3073
63 1144 0.3062
63 460 0.3053
63 768 0.3053
63 1136 0.3053
63 483 0.3024
63 1023 0.3024
63 1317 0.3014
63 1357 0.3000
63 208 0.2985
63 1384 0.2939
63 1474 0.2926
63 1137 0.2920
63 1360 0.2889
63 372 0.2873
63 1344 0.2873
63 911 0.2828
63 924 0.2828
63 529 0.2811
63 1012 0.2811
63 1281 0.2810
63 1430 0.2809
63 1540 0.2804
63 205 0.2779
63 1518 0.2774
63 953 0.2747
63 1259 0.2747
63 920 0.2722
63 990 0.2694
63 214 0.2683
63 1101 0.2673
63 1495 0.2673
63 1079 0.2649
63 672 0.2648
63 515 0.2647
63 1503 0.2647
63 1566 0.2646
63 564 0.2634
63 514 0.2626
63 269 0.2611
63 1051 0.2603
63 956 0.2600
63 859 0.2598
63 25 0.2596
63 1368 0.2589
63 575 0.2578
63 1512 0.2578
63 714 0.2573
63 435 0.2567
63 743 0.2563
63 438 0.2540
63 1372 0.2540
63 402 0.2534
63 1129 0.2514
63 15 0.2502
63 1311 0.2481
63 887 0.2468
63 934 0.2425
63 999 0.2386
63 711 0.2364
63 668 0.2359
63 505 0.2353
63 561 0.2353
63 1253 0.2350
63 1198 0.2334
63 47 0.2331
63 378 0.2331
63 1280 0.2330
63 241 0.2309
63 1209 0.2309
63 252 0.2307
63 1533 0.2302
63 525 0.2299
63 1076 0.2287
63 1161 0.2286
63 937 0.2268
63 233 0.2263
63 1564 0.2263
63 1156 0.2256
63 1206 0.2250
63 1548 0.2221
63 1546 0.2220
63 588 0.2219
63 931 0.2219
63 940 0.2219
63 101 0.2219
63 681 0.2218
63 928 0.2216
63 1204 0.2205
63 486 0.2203
63 821 0.2199
63 822 0.2186
63 1527 0.2183
63 1537 0.2183
63 254 0.2178
63 362 0.2165
63 727 0.2160
63 622 0.2157
63 1447 0.2151
63 615 0.2138
63 1454 0.2136
63 81 0.2132
63 1429 0.2130
63 32 0.2119
63 867 0.2117
63 1425 0.2092
63 950 0.2089
63 998 0.2089
63 1402 0.2081
63 1143 0.2078
63 582 0.2066
63 422 0.2052
63 272 0.2042
63 65 0.2041
63 1506 0.2041
63 513 0.2037
63 1065 0.2031
63 609 0.2016
63 660 0.2016
63 1245 0.2012
63 324 0.2000
63 586 0.2000
63 788 0.1992
63 967 0.1990
63 28 0.1988
63 489 0.1988
63 1393 0.1988
63 1517 0.1984
63 974 0.1980
63 818 0.1973
63 640 0.1973
63 787 0.1961
63 367 0.1956
63 670 0.1954
63 1295 0.1947
63 1141 0.1945
63 574 0.1940
63 625 0.1937
63 1516 0.1937
63 1252 0.1933
63 936 0.1926
63 213 0.1923
63 932 0.1922
63 331 0.1916
63 1475 0.1905
63 1010 0.1903
63 1553 0.1897
63 351 0.1879
63 783 0.1875
63 1035 0.1874
63 1545 0.1874
63 975 0.1873
63 869 0.1868
63 347 0.1867
63 604 0.1857
63 176 0.1854
63 1431 0.1854
63 453 0.1852
63 1260 0.1852
63 1308 0.1842
63 178 0.1835
63 1105 0.1835
63 392 0.1833
63 1077 0.1821
63 412 0.1811
63 152 0.1809
63 654 0.1809
63 748 0.1809
63 1406 0.1800
63 1484 0.1791
63 328 0.1789
63 381 0.1789
63 1155 0.1785
63 598 0.1782
63 991 0.1778
63 371 0.1775
63 303 0.1769
63 39 0.1767
63 722 0.1761
63 337 0.1750
63 108 0.1746
63 805 0.1741
63 1443 0.1741
63 523 0.1732
63 657 0.1718
63 552 0.1715
63 603 0.1714
63 1571 0.1710
63 1314 0.1709
63 336 0.1708
63 151 0.1706
63 795 0.1703
63 482 0.1701
63 1355 0.1701
63 532 0.1697
63 63 0.1696
63 1272 0.1695
63 963 0.1694
63 1413 0.1689
63 344 0.1661
63 637 0.1650
63 1036 0.1650
63 476 0.1648
63 717 0.1644
63 271 0.1642
63 1254 0.1636
63 1283 0.1636
63 273 0.1633
63 815 0.1633
63 938 0.1633
63 685 0.1622
63 691 0.1610
63 1371 0.1608
63 27 0.1604
63 534 0.1604
63 745 0.1604
63 1240 0.1603
63 695 0.1601
63 857 0.1600
63 1005 0.1600
63 1343 0.1600
63 18 0.1589
63 946 0.1589
63 54 0.1584
63 370 0.1584
63 232 0.1576
63 1168 0.1576
63 1463 0.1573
63 1524 0.1571
63 8 0.1569
63 710 0.1569
63 856 0.1569
63 1335 0.1567
63 954 0.1562
63 1341 0.1562
63 832 0.1561
63 1385 0.1561
63 1074 0.1555
63 823 0.1554
63 1467 0.1554
63 40 0.1549
63 181 0.1549
63 421 0.1549
63 917 0.1547
63 1182 0.1546
63 511 0.1543
63 1310 0.1543
63 33 0.1540
63 38 0.1540
63 121 0.1540
63 278 0.1540
63 1507 0.1536
63 871 0.1527
63 992 0.1526
63 117 0.1524
63 1273 0.1521
63 4 0.1519
63 861 0.1519
63 1152 0.1512
63 961 0.1506
63 736 0.1501
63 664 0.1500
63 850 0.1500
63 866 0.1500
63 1138 0.1500
63 128 0.1499
63 494 0.1492
63 1134 0.1490
63 1251 0.1490
63 602 0.1488
63 666 0.1486
63 142 0.1474
63 791 0.1474
63 1462 0.1474
63 1164 0.1473
63 651 0.1470
63 187 0.1467
63 1418 0.1467
63 210 0.1466
63 207 0.1461
63 282 0.1461
63 408 0.1459
63 1256 0.1455
63 1291 0.1455
63 829 0.1451
63 638 0.1437
63 1091 0.1437
63 1522 0.1437
63 318 0.1424
63 662 0.1414
63 843 0.1414
63 1547 0.1414
63 989 0.1414
63 1296 0.1414
63 1576 0.1414
63 949 0.1409
63 706 0.1407
63 216 0.1401
63 1085 0.1401
63 1185 0.1400
63 1199 0.1397
63 1104 0.1395
63 900 0.1393
63 819 0.1393
63 1220 0.1393
63 1258 0.1386
63 1427 0.1376
63 1570 0.1376
63 655 0.1368
63 1087 0.1366
63 308 0.1364
63 696 0.1361
63 1173 0.1359
63 726 0.1353
63 407 0.1352
63 516 0.1352
63 667 0.1352
63 784 0.1352
63 1428 0.1352
63 228 0.1342
63 350 0.1342
63 1075 0.1338
63 671 0.1334
63 49 0.1333
63 842 0.1333
63 1309 0.1325
63 1367 0.1325
63 828 0.1317
63 674 0.1317
63 1119 0.1315
63 1238 0.1306
63 699 0.1302
63 1279 0.1302
63 261 0.1298
63 1058 0.1294
63 380 0.1294
63 1249 0.1294
63 125 0.1285
63 972 0.1281
63 1241 0.1281
63 1405 0.1279
63 173 0.1275
63 997 0.1265
63 1108 0.1265
63 894 0.1262
63 110 0.1258
63 265 0.1255
63 939 0.1250
63 1248 0.1249
63 1383 0.1246
63 1305 0.1242
63 1047 0.1238
63 462 0.1231
63 527 0.1231
63 959 0.1223
63 1356 0.1216
63 1175 0.1213
63 445 0.1206
63 737 0.1206
63 777 0.1206
63 1471 0.1206
63 242 0.1204
63 1325 0.1204
63 1115 0.1200
63 1468 0.1200
63 623 0.1188
63 1068 0.1188
63 1277 0.1188
63 1262 0.1187
63 19 0.1182
63 630 0.1182
63 988 0.1182
63 6 0.1180
63 171 0.1177
63 1544 0.1176
63 880 0.1171
63 459 0.1170
63 868 0.1168
63 299 0.1167
63 496 0.1166
63 1044 0.1159
63 1573 0.1155
63 760 0.1153
63 620 0.1144
63 359 0.1143
63 883 0.1143
63 1096 0.1139
63 1358 0.1137
63 786 0.1134
63 158 0.1134
63 1354 0.1129
63 465 0.1120
63 1340 0.1119
63 913 0.1114
63 1067 0.1114
63 1446 0.1111
63 633 0.1109
63 754 0.1109
63 709 0.1104
63 576 0.1101
63 1007 0.1095
63 1342 0.1095
63 420 0.1095
63 1539 0.1091
63 369 0.1089
63 958 0.1089
63 1556 0.1086
63 720 0.1079
63 1082 0.1078
63 62 0.1078
63 746 0.1078
63 993 0.1078
63 1218 0.1078
63 1386 0.1078
63 802 0.1072
63 1329 0.1067
63 1214 0.1066
63 326 0.1061
63 280 0.1060
63 493 0.1060
63 634 0.1060
63 217 0.1058
63 52 0.1052
63 877 0.1050
63 215 0.1046
63 69 0.1043
63 531 0.1042
63 906 0.1042
63 814 0.1033
63 613 0.1025
63 161 0.1024
63 1370 0.1022
63 1557 0.1021
63 24 0.1016
63 1338 0.1015
63 312 0.1007
63 929 0.1007
63 399 0.1000
63 457 0.1000
63 978 0.1000
63 985 0.1000
63 1298 0.1000
63 1416 0.1000
63 160 0.0992
63 1399 0.0992
63 7 0.0985
63 310 0.0985
63 848 0.0985
63 1583 0.0985
63 1118 0.0977
63 291 0.0976
63 1336 0.0973
63 330 0.0970
63 619 0.0970
63 704 0.0970
63 1037 0.0970
63 590 0.0967
63 952 0.0963
63 1026 0.0963
63 1581 0.0963
63 1459 0.0961
63 922 0.0958
63 853 0.0958
63 1060 0.0956
63 846 0.0955
63 1229 0.0953
63 739 0.0952
63 966 0.0949
63 1146 0.0949
63 410 0.0949
63 648 0.0949
63 9 0.0943
63 1053 0.0940
63 1003 0.0937
63 518 0.0930
63 1057 0.0930
63 1034 0.0927
63 1211 0.0926
63 112 0.0925
63 1069 0.0921
63 390 0.0920
63 501 0.0915
63 1270 0.0915
63 1374 0.0912
63 984 0.0910
63 1422 0.0906
63 524 0.0905
63 327 0.0900
63 44 0.0897
63 338 0.0897
63 1195 0.0894
63 467 0.0894
63 1391 0.0894
63 503 0.0889
63 1050 0.0889
63 1203 0.0887
63 1073 0.0885
63 1359 0.0885
63 1536 0.0880
63 268 0.0878
63 782 0.0875
63 1349 0.0875
63 1538 0.0874
63 188 0.0873
63 606 0.0873
63 800 0.0873
63 977 0.0873
63 172 0.0868
63 1520 0.0859
63 166 0.0857
63 851 0.0855
63 1090 0.0854
63 90 0.0853
63 238 0.0853
63 454 0.0853
63 1017 0.0853
63 289 0.0851
63 1432 0.0849
63 222 0.0848
63 1543 0.0848
63 225 0.0843
63 1216 0.0842
63 490 0.0839
63 600 0.0839
63 565 0.0837
63 31 0.0834
63 83 0.0834
63 341 0.0832
63 594 0.0832
63 915 0.0830
63 414 0.0828
63 1014 0.0826
63 293 0.0825
63 11 0.0822
63 824 0.0821
63 1483 0.0818
63 387 0.0816
63 969 0.0816
63 1369 0.0814
63 1505 0.0814
63 744 0.0813
63 550 0.0812
63 1420 0.0812
63 1534 0.0812
63 1113 0.0811
63 724 0.0808
63 1330 0.0808
63 1479 0.0808
63 557 0.0805
63 1529 0.0802
63 209 0.0800
63 415 0.0800
63 632 0.0800
63 820 0.0796
63 930 0.0796
63 485 0.0791
63 475 0.0788
63 738 0.0788
63 839 0.0788
63 131 0.0784
63 456 0.0784
63 794 0.0781
63 653 0.0777
63 669 0.0777
63 889 0.0775
63 901 0.0775
63 583 0.0772
63 767 0.0771
63 1451 0.0771
63 74 0.0770
63 177 0.0770
63 251 0.0770
63 346 0.0770
63 872 0.0770
63 1063 0.0770
63 1569 0.0770
63 1572 0.0770
63 71 0.0768
63 413 0.0768
63 1496 0.0768
63 1456 0.0767
63 509 0.0766
63 1019 0.0762
63 21 0.0759
63 182 0.0756
63 355 0.0756
63 656 0.0756
63 1052 0.0756
63 1246 0.0753
63 1395 0.0753
63 384 0.0750
63 1257 0.0750
63 70 0.0749
63 361 0.0749
63 645 0.0749
63 912 0.0749
63 1268 0.0749
63 628 0.0746
63 366 0.0744
63 1159 0.0744
63 862 0.0740
63 700 0.0740
63 521 0.0739
63 742 0.0739
63 504 0.0737
63 1477 0.0736
63 752 0.0733
63 837 0.0730
63 1414 0.0730
63 876 0.0728
63 589 0.0724
63 886 0.0722
63 97 0.0722
63 406 0.0721
63 629 0.0721
63 1048 0.0720
63 13 0.0718
63 597 0.0718
63 772 0.0718
63 849 0.0718
63 471 0.0717
63 1326 0.0716
63 896 0.0714
63 1030 0.0710
63 363 0.0707
63 449 0.0707
63 701 0.0707
63 1194 0.0704
63 239 0.0699
63 951 0.0697
63 294 0.0696
63 1125 0.0696
63 1377 0.0694
63 1419 0.0694
63 35 0.0686
63 497 0.0686
63 1235 0.0679
63 1525 0.0676
63 43 0.0667
63 50 0.0667
63 149 0.0667
63 517 0.0667
63 694 0.0667
63 94 0.0664
63 863 0.0659
63 3 0.0659
63 1223 0.0659
63 218 0.0658
63 1489 0.0655
63 1433 0.0651
63 1502 0.0647
63 617 0.0643
63 82 0.0643
63 635 0.0641
63 334 0.0636
63 124 0.0632
63 811 0.0632
63 329 0.0630
63 827 0.0629
63 903 0.0626
63 477 0.0625
63 627 0.0625
63 1128 0.0618
63 528 0.0617
63 538 0.0617
63 578 0.0617
63 652 0.0616
63 845 0.0616
63 1461 0.0615
63 806 0.0614
63 1324 0.0612
63 673 0.0612
63 115 0.0610
63 1072 0.0610
63 1439 0.0605
63 89 0.0603
63 223 0.0603
63 259 0.0603
63 1392 0.0603
63 1554 0.0603
63 1574 0.0603
63 100 0.0603
63 536 0.0603
63 1020 0.0601
63 882 0.0598
63 444 0.0596
63 732 0.0596
63 235 0.0594
63 12 0.0591
63 1511 0.0591
63 803 0.0590
63 1126 0.0590
63 264 0.0583
63 1112 0.0583
63 333 0.0582
63 14 0.0577
63 1361 0.0575
63 368 0.0571
63 439 0.0571
63 719 0.0571
63 1382 0.0571
63 592 0.0570
63 1278 0.0566
63 1276 0.0564
63 379 0.0557
63 1006 0.0557
63 1441 0.0556
63 164 0.0553
63 145 0.0552
63 1193 0.0551
63 1294 0.0551
63 1083 0.0548
63 302 0.0544
63 522 0.0544
63 1236 0.0544
63 1521 0.0541
63 250 0.0539
63 1287 0.0539
63 383 0.0539
63 1333 0.0535
63 1421 0.0535
63 423 0.0531
63 1255 0.0528
63 137 0.0526
63 22 0.0525
63 180 0.0525
63 663 0.0522
63 1313 0.0520
63 141 0.0516
63 723 0.0513
63 1055 0.0512
63 452 0.0509
63 614 0.0509
63 440 0.0508
63 763 0.0508
63 893 0.0507
63 1086 0.0505
63 473 0.0504
63 741 0.0498
63 773 0.0498
63 221 0.0496
63 1176 0.0495
63 982 0.0493
63 1054 0.0493
63 29 0.0492
63 713 0.0492
63 941 0.0492
63 304 0.0490
63 106 0.0490
63 559 0.0490
63 73 0.0485
63 135 0.0485
63 262 0.0485
63 377 0.0485
63 683 0.0485
63 122 0.0482
63 154 0.0482
63 150 0.0478
63 1526 0.0478
63 300 0.0475
63 1107 0.0475
63 86 0.0471
63 96 0.0471
63 162 0.0471
63 580 0.0471
63 980 0.0471
63 1084 0.0470
63 793 0.0468
63 916 0.0468
63 129 0.0465
63 196 0.0465
63 296 0.0462
63 636 0.0462
63 270 0.0459
63 1562 0.0459
63 126 0.0456
63 184 0.0456
63 345 0.0456
63 479 0.0456
63 905 0.0453
63 921 0.0453
63 1000 0.0451
63 165 0.0450
63 441 0.0450
63 740 0.0450
63 774 0.0450
63 1515 0.0450
63 34 0.0447
63 1183 0.0447
63 733 0.0442
63 1407 0.0442
63 53 0.0441
63 1163 0.0439
63 1224 0.0439
63 1426 0.0439
63 163 0.0436
63 244 0.0436
63 424 0.0435
63 659 0.0434
63 446 0.0434
63 705 0.0434
63 1066 0.0434
63 1135 0.0434
63 1450 0.0434
63 540 0.0431
63 553 0.0431
63 1449 0.0429
63 179 0.0427
63 830 0.0427
63 519 0.0426
63 537 0.0426
63 771 0.0425
63 120 0.0424
63 835 0.0424
63 1466 0.0423
63 339 0.0422
63 468 0.0422
63 541 0.0419
63 1142 0.0418
63 510 0.0418
63 374 0.0417
63 1365 0.0417
63 1301 0.0416
63 229 0.0415
63 20 0.0413
63 1290 0.0413
63 658 0.0409
63 267 0.0408
63 487 0.0408
63 1300 0.0408
63 342 0.0406
63 1122 0.0406
63 1120 0.0404
63 1480 0.0403
63 995 0.0402
63 1473 0.0402
63 1499 0.0400
63 729 0.0399
63 322 0.0398
63 87 0.0396
63 418 0.0396
63 1178 0.0394
63 257 0.0392
63 1171 0.0389
63 436 0.0385
63 1172 0.0385
63 1289 0.0383
63 1457 0.0383
63 26 0.0381
63 508 0.0381
63 595 0.0381
63 1099 0.0379
63 971 0.0379
63 349 0.0378
63 144 0.0375
63 430 0.0375
63 650 0.0375
63 986 0.0371
63 201 0.0370
63 1032 0.0370
63 1264 0.0370
63 799 0.0369
63 17 0.0367
63 348 0.0367
63 98 0.0365
63 798 0.0365
63 48 0.0364
63 1263 0.0364
63 935 0.0358
63 1373 0.0355
63 942 0.0354
63 918 0.0352
63 1196 0.0352
63 612 0.0351
63 1227 0.0351
63 1339 0.0351
63 813 0.0349
63 1153 0.0348
63 1528 0.0348
63 891 0.0347
63 1008 0.0347
63 1381 0.0346
63 1455 0.0346
63 572 0.0343
63 91 0.0341
63 790 0.0341
63 1045 0.0341
63 1140 0.0339
63 715 0.0338
63 947 0.0338
63 1390 0.0338
63 498 0.0337
63 75 0.0334
63 450 0.0334
63 466 0.0333
63 335 0.0332
63 243 0.0330
63 1579 0.0327
63 945 0.0324
63 1230 0.0324
63 136 0.0323
63 836 0.0322
63 46 0.0319
63 702 0.0319
63 679 0.0316
63 779 0.0316
63 765 0.0314
63 77 0.0313
63 778 0.0312
63 186 0.0311
63 442 0.0309
63 190 0.0308
63 249 0.0308
63 567 0.0308
63 593 0.0307
63 707 0.0307
63 962 0.0307
63 994 0.0306
63 1202 0.0304
63 1470 0.0302
63 1275 0.0299
63 105 0.0298
63 751 0.0298
63 807 0.0298
63 573 0.0296
63 1169 0.0292
63 1510 0.0290
63 520 0.0289
63 1095 0.0285
63 1487 0.0282
63 925 0.0281
63 1378 0.0281
63 1410 0.0281
63 59 0.0277
63 1158 0.0273
63 253 0.0272
63 1302 0.0270
63 5 0.0267
63 99 0.0267
63 1284 0.0267
63 1465 0.0263
63 57 0.0263
63 1411 0.0263
63 1116 0.0260
63 1061 0.0259
63 266 0.0256
63 686 0.0254
63 1288 0.0253
63 1205 0.0250
63 395 0.0249
63 909 0.0248
63 1306 0.0244
63 895 0.0243
63 283 0.0241
63 230 0.0239
63 549 0.0239
63 1501 0.0238
63 1542 0.0236
63 749 0.0229
63 240 0.0225
63 1486 0.0220
63 785 0.0217
63 1442 0.0214
63 1111 0.0213
63 373 0.0212
63 755 0.0207
63 1389 0.0204
63 204 0.0203
63 1127 0.0201
63 1444 0.0200
63 1346 0.0185
63 547 0.0183
63 976 0.0172
63 855 0.0167
63 902 0.0166
63 960 0.0149
63 1394 0.0149
63 1347 0.0123
63 1320 0.0115
63 1190 0.0087
64 1276 0.4656
64 507 0.4041
64 489 0.3904
64 1051 0.3835
64 673 0.3785
64 745 0.3780
64 847 0.3780
64 1394 0.3689
64 692 0.3665
64 76 0.3563
64 21 0.3356
64 201 0.3269
64 403 0.3198
64 1183 0.3162
64 1495 0.3150
64 299 0.3094
64 1501 0.2948
64 1274 0.2933
64 375 0.2887
64 823 0.2747
64 200 0.2722
64 1215 0.2611
64 320 0.2540
64 58 0.2518
64 858 0.2416
64 119 0.2261
64 739 0.2243
64 781 0.2189
64 1260 0.2182
64 307 0.1975
64 311 0.1925
64 280 0.1873
64 1317 0.1853
64 215 0.1849
64 1138 0.1768
64 192 0.1728
64 1403 0.1726
64 262 0.1715
64 1210 0.1688
64 196 0.1644
64 478 0.1474
64 536 0.1421
64 33 0.1361
64 278 0.1361
64 1209 0.1361
64 1297 0.1361
64 728 0.1270
64 1196 0.1245
64 155 0.1226
64 818 0.1162
64 85 0.1147
64 932 0.1132
64 124 0.1118
64 263 0.1118
64 528 0.1091
64 671 0.1048
64 341 0.0981
64 720 0.0953
64 841 0.0945
64 906 0.0921
64 558 0.0911
64 117 0.0898
64 660 0.0891
64 1130 0.0877
64 1007 0.0861
64 574 0.0857
64 1291 0.0857
64 526 0.0851
64 1360 0.0851
64 549 0.0845
64 315 0.0839
64 942 0.0835
64 1293 0.0833
64 1547 0.0833
64 951 0.0822
64 327 0.0796
64 193 0.0781
64 785 0.0767
64 1154 0.0762
64 1117 0.0758
64 1097 0.0750
64 1561 0.0750
64 293 0.0729
64 815 0.0722
64 938 0.0722
64 1300 0.0722
64 1338 0.0718
64 1484 0.0704
64 974 0.0700
64 1068 0.0700
64 432 0.0697
64 1087 0.0690
64 436 0.0680
64 425 0.0677
64 509 0.0677
64 1344 0.0677
64 1423 0.0677
64 944 0.0671
64 376 0.0668
64 840 0.0662
64 379 0.0657
64 700 0.0654
64 1083 0.0645
64 1089 0.0625
64 447 0.0623
64 813 0.0618
64 1463 0.0618
64 891 0.0613
64 312 0.0593
64 426 0.0589
64 335 0.0587
64 243 0.0583
64 1054 0.0581
64 1049 0.0574
64 1492 0.0570
64 853 0.0564
64 731 0.0559
64 1035 0.0552
64 879 0.0547
64 567 0.0544
64 99 0.0472
64 114 0.0469
64 1465 0.0465
64 1425 0.0462
64 266 0.0453
64 971 0.0446
64 61 0.0433
64 1119 0.0423
64 245 0.0418
64 240 0.0397
64 437 0.0366
64 566 0.0309
